flight_no,scheduled_departure,scheduled_arrival,fuel_infra_fee,dep_airport_code,dep_terminal,arr_airport_code,arr_terminal,airline_code,aircraft_model
9C6101,19:50:00,23:05:00,50.0,SHA,T1,TFU,T2,9C,A321
9C6102,08:30:00,11:05:00,50.0,TFU,T2,SHA,T1,9C,A320
9C6111,12:00:00,14:00:00,50.0,SWA,T1,NKG,T1,9C,A320
9C6112,15:00:00,17:10:00,50.0,NKG,T1,SWA,T1,9C,A320
9C6115,10:40:00,13:50:00,50.0,SJW,T2,BHY,T1,9C,A321
9C6116,18:50:00,20:15:00,50.0,SJW,T2,DLC,T1,9C,A321
9C6121,08:00:00,09:55:00,50.0,LHW,T3,KWE,T2,9C,A321
9C6122,11:05:00,13:15:00,50.0,KWE,T2,LHW,T3,9C,A321
9C6133,18:00:00,20:30:00,50.0,LHW,T3,HFE,T1,9C,A321
9C6134,14:35:00,17:10:00,50.0,HFE,T1,LHW,T3,9C,A320
9C6153,22:55:00,02:05:00,50.0,PVG,T2,CKG,T3,9C,A320
9C6154,05:40:00,08:05:00,50.0,CKG,T3,PVG,T2,9C,A320
9C6155,09:00:00,12:15:00,50.0,SJW,T2,ZUH,T1,9C,A321
9C6156,13:05:00,16:05:00,50.0,ZUH,T1,SJW,T2,9C,A320
9C6167,09:00:00,11:55:00,50.0,YTY,T1,INC,T1,9C,A321
9C6168,12:45:00,15:25:00,50.0,INC,T1,YTY,T1,9C,A320
9C6173,11:00:00,13:15:00,50.0,CZX,T1,SWA,T1,9C,A321
9C6174,22:40:00,00:50:00,50.0,CZX,T1,SHE,T3,9C,A321
9C6187,07:20:00,10:00:00,50.0,LHW,T3,NKG,T1,9C,A320
9C6188,11:05:00,14:00:00,50.0,NKG,T1,LHW,T3,9C,A320
9C6189,17:00:00,18:45:00,50.0,HRB,T2,OHE,T1,9C,A320
9C6190,22:10:00,01:10:00,50.0,HRB,T2,PVG,T2,9C,A321
9C6195,07:10:00,09:50:00,50.0,YTY,T1,CKG,T3,9C,A320
9C6196,10:55:00,13:05:00,50.0,CKG,T3,YTY,T1,9C,A320
9C6201,07:40:00,09:30:00,50.0,SJW,T2,INC,T1,9C,A321
9C6202,10:20:00,12:05:00,50.0,INC,T1,SJW,T2,9C,A321
9C6215,19:25:00,21:10:00,50.0,SHA,T1,JJN,T1,9C,A320
9C6216,21:55:00,23:40:00,50.0,JJN,T1,SHA,T1,9C,A321
9C6223,17:35:00,19:35:00,50.0,PVG,T2,SWA,T1,9C,A320
9C6224,13:15:00,15:20:00,50.0,SWA,T1,PVG,T2,9C,A320
9C6225,10:50:00,12:55:00,50.0,WDS,T1,NGB,T2,9C,A321
9C6226,16:50:00,18:30:00,50.0,WDS,T1,LHW,T3,9C,A321
9C6249,13:50:00,16:20:00,50.0,YTY,T1,CKG,T3,9C,A320
9C6250,17:50:00,20:15:00,50.0,CKG,T3,YTY,T1,9C,A320
9C6253,10:20:00,15:20:00,50.0,SJW,T2,YIN,T1,9C,A321
9C6254,16:05:00,20:35:00,50.0,YIN,T1,SJW,T2,9C,A320
9C6261,16:20:00,19:20:00,50.0,LYG,T1,CKG,T3,9C,A321
9C6262,23:40:00,01:25:00,50.0,LYG,T1,SHE,T3,9C,A320
9C6281,19:20:00,21:10:00,50.0,LHW,T3,CKG,T3,9C,A320
9C6282,22:25:00,00:25:00,50.0,CKG,T3,LHW,T3,9C,A320
9C6307,17:50:00,20:35:00,50.0,LHW,T3,NKG,T1,9C,A320
9C6308,21:35:00,00:30:00,50.0,NKG,T1,LHW,T3,9C,A320
9C6313,10:45:00,13:35:00,50.0,CGQ,T2,NGB,T2,9C,A321
9C6314,07:05:00,09:55:00,50.0,NGB,T2,CGQ,T2,9C,A320
9C6319,11:10:00,14:10:00,50.0,SJW,T2,JJN,T1,9C,A320
9C6320,15:00:00,17:45:00,50.0,JJN,T1,SJW,T2,9C,A321
9C6325,19:45:00,21:45:00,50.0,KHN,T2,TAO,T1,9C,A321
9C6326,22:45:00,00:30:00,50.0,TAO,T1,KHN,T2,9C,A320
9C6333,07:45:00,10:45:00,50.0,PVG,T2,TGO,T1,9C,A320
9C6334,11:30:00,14:30:00,50.0,TGO,T1,PVG,T2,9C,A320
9C6341,11:00:00,13:45:00,50.0,SHE,T3,HFE,T1,9C,A321
9C6359,15:25:00,17:20:00,50.0,SWA,T1,HGH,T3,9C,A320
9C6360,10:35:00,12:30:00,50.0,HGH,T3,SWA,T1,9C,A320
9C6361,18:00:00,20:55:00,50.0,LHW,T3,CZX,T1,9C,A320
9C6362,21:40:00,00:35:00,50.0,CZX,T1,LHW,T3,9C,A321
9C6369,21:00:00,22:55:00,50.0,NGB,T2,SWA,T1,9C,A321
9C6370,19:05:00,21:00:00,50.0,SWA,T1,NGB,T2,9C,A321
9C6381,12:55:00,17:30:00,50.0,XIY,T5,KHG,T2,9C,A320
9C6382,19:55:00,00:05:00,50.0,KHG,T2,XIY,T5,9C,A321
9C6391,08:25:00,10:25:00,50.0,PVG,T2,WEH,T1,9C,A320
9C6392,11:15:00,13:00:00,50.0,WEH,T1,PVG,T2,9C,A320
9C6401,09:05:00,11:50:00,50.0,SHA,T1,XIY,T5,9C,A321
9C6402,12:55:00,15:15:00,50.0,XIY,T5,SHA,T1,9C,A321
9C6403,18:20:00,20:50:00,50.0,SJW,T2,DYG,T2,9C,A321
9C6404,21:45:00,23:55:00,50.0,DYG,T1,SJW,T2,9C,A321
9C6409,06:45:00,09:40:00,50.0,PVG,T2,ZYI,T1,9C,A321
9C6410,10:35:00,13:00:00,50.0,ZYI,T1,PVG,T2,9C,A320
9C6411,16:55:00,20:00:00,50.0,CGO,T2,CGQ,T2,9C,A320
9C6412,21:05:00,00:05:00,50.0,CGQ,T2,CGO,T2,9C,A321
9C6415,07:50:00,11:05:00,50.0,NGB,T2,MIG,T1,9C,A320
9C6416,11:50:00,15:00:00,50.0,MIG,T1,NGB,T2,9C,A321
9C6421,06:55:00,10:35:00,50.0,SJW,T2,SYX,T1,9C,A321
9C6422,11:35:00,15:20:00,50.0,SYX,T2,SJW,T2,9C,A320
9C6425,16:40:00,18:55:00,50.0,HET,T1,HRB,T2,9C,A320
9C6426,23:25:00,01:20:00,50.0,HET,T1,LHW,T3,9C,A320
9C6433,08:00:00,10:30:00,50.0,XIY,T5,NGB,T2,9C,A320
9C6434,11:20:00,14:10:00,50.0,NGB,T2,XIY,T5,9C,A320
9C6437,15:30:00,18:00:00,50.0,XIY,T5,NGB,T2,9C,A320
9C6438,21:40:00,00:35:00,50.0,NGB,T2,XIY,T5,9C,A321
9C6445,14:45:00,17:50:00,50.0,PVG,T2,GYS,T1,9C,A320
9C6446,18:50:00,21:30:00,50.0,GYS,T1,PVG,T2,9C,A320
9C6449,06:00:00,10:00:00,50.0,PVG,T2,JHG,T1,9C,A321
9C6450,11:10:00,14:50:00,50.0,JHG,T1,PVG,T2,9C,A321
9C6459,07:50:00,11:00:00,50.0,XIY,T5,SWA,T1,9C,A320
9C6460,22:40:00,01:50:00,50.0,SWA,T1,XIY,T5,9C,A320
9C6461,10:50:00,15:15:00,50.0,XIY,T5,YIN,T1,9C,A320
9C6462,16:00:00,19:55:00,50.0,YIN,T1,XIY,T5,9C,A320
9C6465,08:10:00,11:20:00,50.0,SJW,T2,NNG,T2,9C,A321
9C6466,19:50:00,22:55:00,50.0,NNG,T2,SJW,T2,9C,A321
9C6471,08:30:00,10:35:00,50.0,SJW,T2,CGQ,T2,9C,A320
9C6472,21:10:00,23:20:00,50.0,CGQ,T2,SJW,T2,9C,A320
9C6475,18:00:00,20:10:00,50.0,SHA,T1,HNY,T1,9C,A320
9C6476,20:55:00,22:50:00,50.0,HNY,T1,SHA,T1,9C,A320
9C6481,10:00:00,11:50:00,50.0,DOY,T1,CGQ,T2,9C,A320
9C6482,22:25:00,01:15:00,50.0,DOY,T1,SZX,T3,9C,A321
9C6487,20:30:00,23:50:00,50.0,PVG,T2,LHW,T3,9C,A321
9C6488,08:00:00,10:55:00,50.0,LHW,T3,PVG,T2,9C,A321
9C6495,10:15:00,15:50:00,50.0,SHA,T1,URC,T2,9C,A320
9C6496,16:50:00,21:30:00,50.0,URC,T2,SHA,T1,9C,A320
9C6497,09:00:00,11:30:00,50.0,DOY,T1,FOC,T1,9C,A320
9C6498,15:30:00,17:00:00,50.0,DOY,T1,SHE,T3,9C,A320
9C6499,15:50:00,20:20:00,50.0,SHE,T3,JGN,T2,9C,A321
9C6500,21:05:00,00:55:00,50.0,JGN,T2,SHE,T3,9C,A320
9C6517,07:00:00,09:00:00,50.0,SHA,T1,SJW,T2,9C,A320
9C6518,16:10:00,18:10:00,50.0,SJW,T2,SHA,T1,9C,A320
9C6539,16:45:00,18:35:00,50.0,SJW,T2,TGO,T1,9C,A320
9C6540,21:50:00,01:00:00,50.0,SJW,T2,SZX,T3,9C,A321
9C6595,10:15:00,11:40:00,50.0,TNA,T1,DLC,T1,9C,A320
9C6596,16:50:00,18:10:00,50.0,DLC,T1,TNA,T1,9C,A320
9C6599,21:05:00,00:40:00,50.0,HRB,T2,KHN,T2,9C,A321
9C6600,16:35:00,19:55:00,50.0,KHN,T2,HRB,T2,9C,A320
9C6601,07:00:00,10:05:00,50.0,LHW,T3,HGH,T3,9C,A320
9C6602,11:10:00,14:20:00,50.0,HGH,T3,LHW,T3,9C,A320
9C6617,17:00:00,20:50:00,50.0,PVG,T2,LJG,T1,9C,A321
9C6618,21:35:00,01:10:00,50.0,LJG,T1,PVG,T2,9C,A321
9C6623,12:15:00,15:55:00,50.0,LHW,T3,HTN,T1,9C,A320
9C6624,21:15:00,23:50:00,50.0,LHW,T3,PVG,T2,9C,A320
9C6677,20:45:00,23:55:00,50.0,LHW,T3,AAT,T1,9C,A321
9C6678,14:20:00,16:10:00,50.0,LHW,T3,TFU,T2,9C,A320
9C6687,19:05:00,21:10:00,50.0,PVG,T2,DOY,T1,9C,A320
9C6688,21:55:00,23:50:00,50.0,DOY,T1,PVG,T2,9C,A320
9C6695,09:45:00,12:20:00,50.0,KHN,T2,INC,T1,9C,A321
9C6696,13:10:00,15:40:00,50.0,INC,T1,KHN,T2,9C,A320
9C6697,07:35:00,10:50:00,50.0,LHW,T3,FOC,T1,9C,A320
9C6698,11:45:00,15:30:00,50.0,FOC,T1,LHW,T3,9C,A320
9C6699,17:45:00,20:30:00,50.0,LHW,T3,KWL,T2,9C,A320
9C6700,21:15:00,23:50:00,50.0,KWL,T2,LHW,T3,9C,A321
9C6711,18:55:00,20:55:00,50.0,YTY,T1,DYG,T2,9C,A320
9C6712,21:40:00,23:35:00,50.0,DYG,T1,YTY,T1,9C,A320
9C6719,14:40:00,16:50:00,50.0,SHA,T1,CAN,T3,9C,A320
9C6720,17:55:00,20:25:00,50.0,CAN,T3,SHA,T1,9C,A321
9C6727,18:40:00,20:55:00,50.0,SZX,T3,NNY,T1,9C,A321
9C6728,21:20:00,23:40:00,50.0,NNY,T1,SZX,T3,9C,A321
9C6731,17:50:00,19:55:00,50.0,DLC,T1,HET,T1,9C,A320
9C6732,19:05:00,20:55:00,50.0,HET,T1,DLC,T1,9C,A320
9C6733,08:35:00,12:20:00,50.0,PVG,T2,LJG,T1,9C,A320
9C6734,13:10:00,16:40:00,50.0,LJG,T1,PVG,T2,9C,A320
9C6743,21:25:00,01:05:00,50.0,XMN,T4,LHW,T3,9C,A321
9C6744,16:40:00,20:10:00,50.0,LHW,T3,XMN,T4,9C,A321
9C6747,12:45:00,15:50:00,50.0,SHA,T1,TFU,T2,9C,A320
9C6748,15:30:00,18:10:00,50.0,TFU,T2,SHA,T1,9C,A320
9C6759,14:20:00,16:50:00,50.0,PVG,T2,SHE,T3,9C,A320
9C6760,17:50:00,20:35:00,50.0,SHE,T3,PVG,T2,9C,A320
9C6771,10:55:00,14:20:00,50.0,CGQ,T2,KHN,T2,9C,A320
9C6772,07:00:00,09:55:00,50.0,KHN,T2,CGQ,T2,9C,A320
9C6777,09:10:00,12:10:00,50.0,YTY,T1,NNG,T2,9C,A321
9C6778,16:25:00,18:05:00,50.0,YTY,T1,DLC,T1,9C,A320
9C6781,07:50:00,10:00:00,50.0,SHE,T3,HET,T1,9C,A320
9C6782,11:15:00,13:15:00,50.0,HET,T1,SHE,T3,9C,A320
9C6785,13:00:00,15:40:00,50.0,WUH,T2,WUA,T1,9C,A320
9C6786,16:30:00,18:55:00,50.0,WUA,T1,WUH,T2,9C,A320
9C6787,07:55:00,09:50:00,50.0,SJW,T2,LHW,T3,9C,A321
9C6788,08:00:00,09:50:00,50.0,LHW,T3,SJW,T2,9C,A321
9C6789,16:10:00,20:25:00,50.0,LHW,T3,KHG,T2,9C,A321
9C6791,20:35:00,23:55:00,50.0,CGQ,T2,KHN,T2,9C,A321
9C6792,17:20:00,20:35:00,50.0,KHN,T2,CGQ,T2,9C,A320
9C6799,14:10:00,16:55:00,50.0,NGB,T2,NNG,T2,9C,A320
9C6800,17:55:00,20:30:00,50.0,NNG,T2,NGB,T2,9C,A321
9C6807,09:50:00,12:15:00,50.0,LHW,T3,KMG,T1,9C,A321
9C6808,13:20:00,15:35:00,50.0,KMG,T1,LHW,T3,9C,A320
9C6809,06:50:00,10:40:00,50.0,SHE,T3,KWL,T2,9C,A320
9C6810,18:05:00,21:40:00,50.0,KWL,T2,SHE,T3,9C,A320
9C6813,19:30:00,22:00:00,50.0,DLC,T1,XIY,T5,9C,A321
9C6814,23:05:00,01:15:00,50.0,XIY,T5,DLC,T1,9C,A321
9C6831,14:20:00,16:00:00,50.0,DLC,T1,CZX,T1,9C,A320
9C6832,16:45:00,18:30:00,50.0,CZX,T1,DLC,T1,9C,A321
9C6833,16:40:00,20:10:00,50.0,SHA,T1,XNN,T3,9C,A320
9C6834,20:55:00,23:40:00,50.0,XNN,T3,SHA,T1,9C,A321
9C6835,08:05:00,09:55:00,50.0,KHN,T2,ZUH,T1,9C,A320
9C6836,10:55:00,12:40:00,50.0,ZUH,T1,KHN,T2,9C,A321
9C6837,07:00:00,10:25:00,50.0,LHW,T3,ZUH,T1,9C,A320
9C6838,11:15:00,14:45:00,50.0,ZUH,T1,LHW,T3,9C,A320
9C6845,08:00:00,12:15:00,50.0,LHW,T3,KHG,T2,9C,A321
9C6846,13:00:00,16:25:00,50.0,KHG,T2,LHW,T3,9C,A321
9C6853,17:55:00,20:25:00,50.0,DLC,T1,KHN,T2,9C,A321
9C6854,15:40:00,17:55:00,50.0,KHN,T2,DLC,T1,9C,A320
9C6858,15:35:00,19:00:00,50.0,LHW,T3,CGQ,T2,9C,A320
9C6873,14:10:00,16:20:00,50.0,SZX,T3,NGB,T2,9C,A320
9C6874,21:50:00,00:10:00,50.0,NGB,T2,SZX,T3,9C,A321
9C6887,19:05:00,21:10:00,50.0,SHE,T3,TYN,T2,9C,A320
9C6889,11:00:00,12:40:00,50.0,DLC,T1,TYN,T2,9C,A320
9C6890,13:30:00,15:10:00,50.0,TYN,T2,DLC,T1,9C,A321
9C6891,13:40:00,16:20:00,50.0,SHA,T1,CAN,T3,9C,A320
9C6892,09:00:00,11:30:00,50.0,CAN,T3,SHA,T1,9C,A320
9C6903,10:40:00,12:50:00,50.0,TSN,T2,KHN,T2,9C,A320
9C6904,07:30:00,09:40:00,50.0,KHN,T2,TSN,T2,9C,A321
9C6927,12:55:00,15:15:00,50.0,URC,T2,YTW,T1,9C,A321
9C6928,19:05:00,23:55:00,50.0,URC,T2,SHA,T1,9C,A321
9C6937,15:15:00,19:20:00,50.0,PVG,T2,DLU,T1,9C,A320
9C6938,20:10:00,23:55:00,50.0,DLU,T1,PVG,T2,9C,A320
9C6951,14:55:00,16:10:00,50.0,KMG,T1,LUM,T1,9C,A321
9C6952,16:55:00,18:15:00,50.0,LUM,T1,KMG,T1,9C,A320
9C7001,14:20:00,16:20:00,50.0,KHN,T2,XIY,T5,9C,A321
9C7002,06:05:00,08:10:00,50.0,XIY,T5,KHN,T2,9C,A321
9C7025,15:35:00,18:10:00,50.0,HDG,T1,XMN,T4,9C,A320
9C7045,08:35:00,11:40:00,50.0,LHW,T3,KRL,T2,9C,A320
9C7046,12:30:00,15:20:00,50.0,KRL,T2,LHW,T3,9C,A320
9C7067,10:00:00,12:00:00,50.0,DLC,T1,CGO,T2,9C,A320
9C7068,08:40:00,10:40:00,50.0,CGO,T2,DLC,T1,9C,A320
9C7069,18:55:00,21:05:00,50.0,DLC,T1,CGO,T2,9C,A320
9C7070,22:05:00,23:55:00,50.0,CGO,T2,DLC,T1,9C,A320
9C7079,09:30:00,12:00:00,50.0,YTY,T1,KWL,T2,9C,A321
9C7080,12:45:00,15:10:00,50.0,KWL,T2,YTY,T1,9C,A321
9C7087,15:10:00,18:25:00,50.0,LHW,T3,HGH,T3,9C,A320
9C7088,11:10:00,14:30:00,50.0,HGH,T3,LHW,T3,9C,A321
9C7091,17:15:00,18:40:00,50.0,SJW,T2,ZQZ,T2,9C,A320
9C7092,17:15:00,19:50:00,50.0,SJW,T2,PVG,T2,9C,A321
9C7099,09:50:00,12:10:00,50.0,SJW,T2,XNN,T3,9C,A320
9C7100,12:55:00,15:15:00,50.0,XNN,T3,SJW,T2,9C,A320
9C7109,16:20:00,19:35:00,50.0,LHW,T3,KRY,T1,9C,A321
9C7110,20:20:00,23:10:00,50.0,KRY,T1,LHW,T3,9C,A320
9C7115,13:45:00,17:35:00,50.0,PVG,T2,LJG,T1,9C,A321
9C7116,18:20:00,21:50:00,50.0,LJG,T1,PVG,T2,9C,A320
9C7117,07:05:00,10:00:00,50.0,SHA,T1,KWE,T2,9C,A320
9C7118,11:10:00,13:35:00,50.0,KWE,T2,SHA,T1,9C,A320
9C7125,07:15:00,11:00:00,50.0,LHW,T3,YIN,T1,9C,A321
9C7126,13:25:00,16:25:00,50.0,YIN,T1,LHW,T3,9C,A320
9C7135,10:40:00,13:10:00,50.0,LHW,T3,TSN,T2,9C,A320
9C7136,14:10:00,16:40:00,50.0,TSN,T2,LHW,T3,9C,A320
9C7137,13:00:00,18:10:00,50.0,CGO,T2,YIN,T1,9C,A320
9C7138,18:55:00,23:20:00,50.0,YIN,T1,CGO,T2,9C,A321
9C7151,07:30:00,12:40:00,50.0,CGO,T2,YIN,T1,9C,A321
9C7152,11:45:00,15:55:00,50.0,YIN,T1,CGO,T2,9C,A320
9C7161,12:05:00,15:05:00,50.0,PKX,T1,SWA,T1,9C,A321
9C7162,08:05:00,11:00:00,50.0,SWA,T1,PKX,T1,9C,A320
9C7163,18:20:00,21:15:00,50.0,SJW,T2,KWE,T2,9C,A320
9C7164,11:15:00,13:50:00,50.0,KWE,T2,SJW,T2,9C,A320
9C7171,07:10:00,09:30:00,50.0,LHW,T3,TNA,T1,9C,A321
9C7172,10:30:00,13:00:00,50.0,TNA,T1,LHW,T3,9C,A320
9C7179,11:10:00,13:50:00,50.0,SJW,T2,TFU,T2,9C,A320
9C7180,07:40:00,10:20:00,50.0,TFU,T2,SJW,T2,9C,A320
9C7203,15:20:00,18:20:00,50.0,SJW,T2,SWA,T1,9C,A321
9C7204,13:00:00,16:00:00,50.0,SWA,T1,SJW,T2,9C,A320
9C7237,14:40:00,17:35:00,50.0,SJW,T2,FOC,T1,9C,A321
9C7238,14:50:00,17:30:00,50.0,FOC,T1,SJW,T2,9C,A321
9C7251,17:55:00,19:55:00,50.0,YTY,T1,XMN,T4,9C,A320
9C7252,20:05:00,21:55:00,50.0,XMN,T4,YTY,T1,9C,A320
9C7263,12:20:00,16:25:00,50.0,LHW,T3,KHG,T2,9C,A320
9C7264,17:10:00,20:45:00,50.0,KHG,T2,LHW,T3,9C,A321
9C7275,07:30:00,10:05:00,50.0,PVG,T2,KWL,T2,9C,A321
9C7276,11:00:00,13:30:00,50.0,KWL,T2,PVG,T2,9C,A321
9C7277,09:50:00,12:15:00,50.0,SJW,T2,HLD,T1,9C,A320
9C7278,16:20:00,18:15:00,50.0,SJW,T2,SHA,T1,9C,A321
9C7325,18:05:00,20:45:00,50.0,TFU,T2,HGH,T3,9C,A320
9C7326,21:50:00,00:55:00,50.0,HGH,T3,TFU,T2,9C,A320
9C7329,12:00:00,14:45:00,50.0,TFU,T2,TAO,T1,9C,A321
9C7330,15:45:00,18:55:00,50.0,TAO,T1,TFU,T2,9C,A321
9C7331,18:05:00,20:40:00,50.0,TFU,T2,TAO,T1,9C,A321
9C7333,16:55:00,20:40:00,50.0,TFU,T2,URC,T2,9C,A321
9C7334,21:40:00,01:30:00,50.0,URC,T2,TFU,T2,9C,A321
9C7355,11:30:00,15:00:00,50.0,LHW,T3,KCA,T1,9C,A320
9C7356,16:25:00,19:35:00,50.0,KCA,T1,LHW,T3,9C,A321
9C7359,07:00:00,10:00:00,50.0,PVG,T2,YSQ,T1,9C,A321
9C7360,10:45:00,13:35:00,50.0,YSQ,T1,PVG,T2,9C,A320
9C7368,06:45:00,08:50:00,50.0,SWA,T1,SHA,T1,9C,A321
9C7369,08:15:00,12:50:00,50.0,TFU,T2,YIN,T1,9C,A321
9C7370,13:35:00,17:45:00,50.0,YIN,T1,TFU,T2,9C,A321
9C7371,11:05:00,13:55:00,50.0,LHW,T3,URC,T2,9C,A320
9C7372,18:50:00,21:45:00,50.0,LHW,T3,YTY,T1,9C,A321
9C7377,06:55:00,08:35:00,50.0,SHE,T3,TAO,T1,9C,A321
9C7378,09:50:00,11:30:00,50.0,TAO,T1,SHE,T3,9C,A320
9C7385,18:50:00,21:50:00,50.0,NGB,T2,SYX,T1,9C,A320
9C7386,20:45:00,23:35:00,50.0,SYX,T2,NGB,T2,9C,A321
9C7391,07:50:00,10:40:00,50.0,CAN,T3,SJW,T2,9C,A320
9C7392,11:35:00,14:50:00,50.0,SJW,T2,CAN,T3,9C,A320
9C7395,10:45:00,14:25:00,50.0,LHW,T3,AKU,T1,9C,A321
9C7396,16:50:00,20:00:00,50.0,AKU,T1,LHW,T3,9C,A320
9C7401,17:25:00,20:05:00,50.0,LHW,T3,KHN,T2,9C,A320
9C7402,21:05:00,23:45:00,50.0,KHN,T2,LHW,T3,9C,A320
9C7415,14:50:00,16:55:00,50.0,CSX,T2,SWA,T1,9C,A320
9C7416,21:00:00,23:40:00,50.0,CSX,T2,LHW,T3,9C,A320
9C7461,18:00:00,19:45:00,50.0,SWA,T1,HAK,T1,9C,A321
9C7507,16:20:00,19:05:00,50.0,TFU,T2,SWA,T1,9C,A320
9C7508,14:10:00,17:00:00,50.0,SWA,T1,TFU,T2,9C,A320
9C7511,11:45:00,13:55:00,50.0,CAN,T3,NGB,T2,9C,A320
9C7512,08:10:00,10:30:00,50.0,NGB,T2,CAN,T3,9C,A320
9C7517,10:30:00,12:55:00,50.0,PKX,T1,LHW,T3,9C,A321
9C7518,14:05:00,16:20:00,50.0,LHW,T3,PKX,T1,9C,A320
9C7519,09:35:00,12:05:00,50.0,SHA,T1,SZX,T3,9C,A320
9C7520,13:15:00,15:35:00,50.0,SZX,T3,SHA,T1,9C,A320
9C7535,16:30:00,18:50:00,50.0,TNA,T1,ENH,T1,9C,A320
9C7536,13:35:00,15:20:00,50.0,ENH,T1,TNA,T1,9C,A321
9C7553,09:30:00,11:35:00,50.0,YNZ,T2,FOC,T1,9C,A320
9C7554,15:10:00,16:50:00,50.0,YNZ,T2,DLC,T1,9C,A321
9C7555,23:00:00,01:30:00,50.0,SHA,T1,SZX,T3,9C,A320
9C7556,05:55:00,07:55:00,50.0,SZX,T3,SHA,T1,9C,A320
9C7579,12:40:00,15:30:00,50.0,CTU,T2,NGB,T2,9C,A320
9C7580,08:25:00,11:35:00,50.0,NGB,T2,CTU,T2,9C,A321
9C7593,07:25:00,09:40:00,50.0,SHE,T3,YTY,T1,9C,A320
9C7594,21:00:00,23:05:00,50.0,YTY,T1,SHE,T3,9C,A320
9C7595,10:30:00,13:10:00,50.0,YTY,T1,ZUH,T1,9C,A320
9C7596,14:00:00,16:30:00,50.0,ZUH,T1,YTY,T1,9C,A320
9C7603,14:30:00,16:55:00,50.0,YTY,T1,CGQ,T2,9C,A320
9C7604,17:45:00,20:20:00,50.0,CGQ,T2,YTY,T1,9C,A320
9C7607,17:10:00,21:10:00,50.0,PVG,T2,JHG,T1,9C,A321
9C7608,21:55:00,01:45:00,50.0,JHG,T1,PVG,T2,9C,A321
9C7609,06:50:00,08:50:00,50.0,SWA,T1,WUH,T2,9C,A320
9C7610,09:50:00,11:50:00,50.0,WUH,T2,SWA,T1,9C,A321
9C7611,09:50:00,11:35:00,50.0,NGB,T2,SWA,T1,9C,A320
9C7612,15:00:00,16:55:00,50.0,NGB,T2,DLC,T1,9C,A321
9C7617,17:00:00,18:55:00,50.0,TYN,T2,KHN,T2,9C,A320
9C7618,13:50:00,16:00:00,50.0,KHN,T2,TYN,T2,9C,A320
9C7621,16:25:00,18:30:00,50.0,CZX,T1,AKA,T1,9C,A320
9C7622,22:15:00,23:55:00,50.0,CZX,T1,DLC,T1,9C,A320
9C7635,06:35:00,08:55:00,50.0,PVG,T2,SHE,T3,9C,A320
9C7636,10:00:00,12:35:00,50.0,SHE,T3,PVG,T2,9C,A320
9C7649,06:55:00,10:00:00,50.0,DLC,T1,FOC,T1,9C,A320
9C7650,21:30:00,00:10:00,50.0,FOC,T1,DLC,T1,9C,A320
9C7651,09:55:00,15:20:00,50.0,HFE,T1,YIN,T1,9C,A320
9C7652,16:10:00,21:00:00,50.0,YIN,T1,HFE,T1,9C,A321
9C7665,10:35:00,13:20:00,50.0,SHE,T3,NGB,T2,9C,A320
9C7666,07:00:00,09:35:00,50.0,NGB,T2,SHE,T3,9C,A321
9C7681,10:20:00,12:30:00,50.0,SHA,T1,SWA,T1,9C,A320
9C7682,20:20:00,22:25:00,50.0,SWA,T1,SHA,T1,9C,A320
9C7683,22:35:00,00:45:00,50.0,SHA,T1,SWA,T1,9C,A320
9C7684,06:40:00,08:30:00,50.0,SWA,T1,SHA,T1,9C,A320
9C7685,09:20:00,12:25:00,50.0,SHA,T1,CTU,T2,9C,A320
9C7686,13:35:00,16:10:00,50.0,CTU,T2,SHA,T1,9C,A320
9C7747,12:15:00,15:20:00,50.0,LHW,T3,SHF,T1,9C,A321
9C7748,17:10:00,20:00:00,50.0,SHF,T1,LHW,T3,9C,A321
9C7749,17:05:00,18:55:00,50.0,CAN,T3,NGB,T2,9C,A320
9C7755,09:50:00,11:55:00,50.0,SHA,T1,TYN,T2,9C,A321
9C7756,19:40:00,21:40:00,50.0,TYN,T2,SHA,T1,9C,A320
9C7757,17:15:00,18:55:00,50.0,WEH,T1,NKG,T1,9C,A320
9C7758,22:30:00,00:05:00,50.0,WEH,T1,SHE,T3,9C,A320
9C8501,17:35:00,20:05:00,50.0,NGB,T2,KWL,T2,9C,A320
9C8502,20:50:00,23:05:00,50.0,KWL,T2,NGB,T2,9C,A321
9C8513,08:30:00,11:30:00,50.0,YTY,T1,LHW,T3,9C,A320
9C8514,08:15:00,11:00:00,50.0,LHW,T3,YTY,T1,9C,A321
9C8519,17:40:00,20:00:00,50.0,NGB,T2,TSN,T2,9C,A320
9C8523,07:05:00,09:35:00,50.0,PVG,T2,ENH,T1,9C,A321
9C8524,10:20:00,12:35:00,50.0,ENH,T1,PVG,T2,9C,A320
9C8537,07:40:00,10:00:00,50.0,SJW,T2,MIG,T1,9C,A320
9C8538,11:35:00,13:50:00,50.0,MIG,T1,SJW,T2,9C,A321
9C8546,15:50:00,18:35:00,50.0,NGB,T2,CGQ,T2,9C,A320
9C8547,18:50:00,21:05:00,50.0,SJW,T2,HGH,T3,9C,A320
9C8548,20:05:00,22:30:00,50.0,HGH,T3,SJW,T2,9C,A321
9C8553,07:35:00,10:55:00,50.0,SHE,T3,LHW,T3,9C,A321
9C8554,12:55:00,16:00:00,50.0,LHW,T3,SHE,T3,9C,A321
9C8555,12:55:00,14:55:00,50.0,SJW,T2,HGH,T3,9C,A320
9C8556,16:20:00,18:35:00,50.0,HGH,T3,SJW,T2,9C,A320
9C8605,14:25:00,17:35:00,50.0,NGB,T2,KMG,T1,9C,A320
9C8606,18:40:00,21:40:00,50.0,KMG,T1,NGB,T2,9C,A320
9C8611,16:15:00,18:20:00,50.0,SWA,T1,NKG,T1,9C,A320
9C8612,10:20:00,12:25:00,50.0,NKG,T1,SWA,T1,9C,A320
9C8613,06:30:00,08:40:00,50.0,SZX,T3,CKG,T3,9C,A320
9C8614,09:45:00,11:45:00,50.0,CKG,T3,SZX,T3,9C,A320
9C8627,17:00:00,19:40:00,50.0,SJW,T2,KWL,T2,9C,A320
9C8628,20:30:00,23:15:00,50.0,KWL,T2,SJW,T2,9C,A320
9C8631,14:45:00,17:10:00,50.0,NGB,T2,ZUH,T1,9C,A320
9C8632,18:00:00,20:15:00,50.0,ZUH,T1,NGB,T2,9C,A321
9C8633,10:55:00,13:00:00,50.0,SWA,T1,NKG,T1,9C,A320
9C8634,14:05:00,16:00:00,50.0,NKG,T1,SWA,T1,9C,A320
9C8661,16:55:00,19:00:00,50.0,SJW,T2,CGQ,T2,9C,A320
9C8662,12:45:00,15:00:00,50.0,CGQ,T2,SJW,T2,9C,A320
9C8671,10:05:00,12:40:00,50.0,HIA,T1,HRB,T2,9C,A320
9C8672,14:35:00,17:15:00,50.0,HIA,T1,SZX,T3,9C,A320
9C8673,16:20:00,18:30:00,50.0,SJW,T2,HRB,T2,9C,A320
9C8674,19:30:00,22:05:00,50.0,HRB,T2,SJW,T2,9C,A320
9C8677,08:05:00,10:10:00,50.0,SHA,T1,SWA,T1,9C,A320
9C8678,09:55:00,12:00:00,50.0,SWA,T1,SHA,T1,9C,A321
9C8679,19:05:00,22:00:00,50.0,CAN,T3,SJW,T2,9C,A321
9C8680,14:35:00,17:55:00,50.0,SJW,T2,CAN,T3,9C,A321
9C8683,08:40:00,11:45:00,50.0,NGB,T2,HRB,T2,9C,A320
9C8684,12:45:00,16:00:00,50.0,HRB,T2,NGB,T2,9C,A320
9C8697,17:45:00,21:15:00,50.0,PVG,T2,YZY,T1,9C,A320
9C8701,16:35:00,19:20:00,50.0,NGB,T2,KWE,T2,9C,A320
9C8702,14:20:00,16:45:00,50.0,KWE,T2,NGB,T2,9C,A321
9C8727,16:40:00,20:20:00,50.0,XMN,T4,CGQ,T2,9C,A320
9C8728,11:25:00,15:25:00,50.0,CGQ,T2,XMN,T4,9C,A320
9C8729,11:50:00,15:00:00,50.0,YTY,T1,KMG,T1,9C,A320
9C8730,16:05:00,19:05:00,50.0,KMG,T1,YTY,T1,9C,A321
9C8731,14:00:00,16:45:00,50.0,SHE,T3,NGB,T2,9C,A321
9C8732,17:20:00,19:55:00,50.0,NGB,T2,SHE,T3,9C,A320
9C8733,14:35:00,17:00:00,50.0,PVG,T2,TYN,T2,9C,A321
9C8734,17:55:00,20:25:00,50.0,TYN,T2,PVG,T2,9C,A321
9C8737,07:05:00,09:05:00,50.0,SHA,T1,DOY,T1,9C,A320
9C8738,09:50:00,11:40:00,50.0,DOY,T1,SHA,T1,9C,A320
9C8749,16:45:00,18:55:00,50.0,PVG,T2,TYN,T2,9C,A321
9C8751,18:35:00,19:55:00,50.0,JGS,T1,NGB,T2,9C,A320
9C8752,16:10:00,18:05:00,50.0,JGS,T1,CKG,T3,9C,A321
9C8753,06:25:00,09:05:00,50.0,SZX,T3,XIY,T5,9C,A320
9C8754,10:10:00,13:05:00,50.0,XIY,T5,SZX,T3,9C,A320
9C8763,14:05:00,15:40:00,50.0,YTY,T1,FOC,T1,9C,A320
9C8764,16:30:00,18:10:00,50.0,FOC,T1,YTY,T1,9C,A320
9C8775,14:15:00,16:45:00,50.0,SHA,T1,SZX,T3,9C,A321
9C8776,17:50:00,20:15:00,50.0,SZX,T3,SHA,T1,9C,A320
9C8779,07:25:00,10:55:00,50.0,PVG,T2,SYX,T1,9C,A320
9C8780,11:55:00,15:20:00,50.0,SYX,T2,PVG,T2,9C,A320
9C8785,13:00:00,14:55:00,50.0,YNZ,T2,FOC,T1,9C,A321
9C8786,18:45:00,20:45:00,50.0,YNZ,T2,SHE,T3,9C,A320
9C8803,19:15:00,21:10:00,50.0,SHA,T1,XMN,T4,9C,A321
9C8804,22:10:00,23:55:00,50.0,XMN,T4,SHA,T1,9C,A321
9C8805,07:45:00,09:40:00,50.0,PVG,T2,XMN,T4,9C,A321
9C8806,10:40:00,12:35:00,50.0,XMN,T4,PVG,T2,9C,A321
9C8809,07:20:00,09:55:00,50.0,PVG,T2,CGQ,T2,9C,A320
9C8810,11:00:00,13:45:00,50.0,CGQ,T2,PVG,T2,9C,A320
9C8815,07:15:00,09:05:00,50.0,SHA,T1,XMN,T4,9C,A321
9C8816,10:05:00,11:45:00,50.0,XMN,T4,SHA,T1,9C,A320
9C8819,07:50:00,10:50:00,50.0,SHA,T1,TFU,T2,9C,A320
9C8820,20:35:00,23:10:00,50.0,TFU,T2,SHA,T1,9C,A320
9C8825,09:30:00,12:00:00,50.0,SJW,T2,NGB,T2,9C,A320
9C8826,14:40:00,16:55:00,50.0,NGB,T2,SJW,T2,9C,A321
9C8829,16:25:00,18:15:00,50.0,CGD,T1,KMG,T1,9C,A320
9C8830,22:05:00,23:55:00,50.0,CGD,T1,SHA,T1,9C,A320
9C8831,06:45:00,09:45:00,50.0,SHE,T3,XIY,T5,9C,A320
9C8832,06:25:00,09:00:00,50.0,XIY,T5,SHE,T3,9C,A321
9C8835,07:15:00,09:40:00,50.0,SHA,T1,CAN,T3,9C,A321
9C8836,10:45:00,13:10:00,50.0,CAN,T3,SHA,T1,9C,A321
9C8837,11:55:00,13:50:00,50.0,SHA,T1,XMN,T4,9C,A321
9C8838,14:50:00,16:45:00,50.0,XMN,T4,SHA,T1,9C,A321
9C8843,08:00:00,09:55:00,50.0,PVG,T2,DLC,T1,9C,A321
9C8844,10:55:00,12:55:00,50.0,DLC,T1,PVG,T2,9C,A320
9C8845,10:50:00,14:40:00,50.0,XIY,T5,URC,T2,9C,A320
9C8846,15:55:00,19:25:00,50.0,URC,T2,XIY,T5,9C,A321
9C8847,13:40:00,17:00:00,50.0,PVG,T2,LHW,T3,9C,A321
9C8848,14:50:00,17:35:00,50.0,LHW,T3,PVG,T2,9C,A320
9C8853,19:10:00,21:00:00,50.0,PVG,T2,XMN,T4,9C,A320
9C8854,22:00:00,23:45:00,50.0,XMN,T4,PVG,T2,9C,A320
9C8855,12:50:00,15:25:00,50.0,SHA,T1,CAN,T3,9C,A320
9C8856,16:30:00,18:45:00,50.0,CAN,T3,SHA,T1,9C,A320
9C8859,07:10:00,09:55:00,50.0,PVG,T2,HRB,T2,9C,A321
9C8860,13:40:00,16:50:00,50.0,HRB,T1,PVG,T2,9C,A321
9C8865,12:10:00,17:40:00,50.0,SHA,T1,URC,T2,9C,A321
9C8866,18:40:00,23:20:00,50.0,URC,T2,SHA,T1,9C,A321
9C8867,18:05:00,20:50:00,50.0,PVG,T2,CKG,T2,9C,A321
9C8868,22:05:00,00:45:00,50.0,CKG,T3,PVG,T2,9C,A321
9C8869,16:00:00,19:00:00,50.0,PVG,T2,HRB,T1,9C,A320
9C8879,16:10:00,17:55:00,50.0,SJW,T2,DLC,T1,9C,A320
9C8880,08:35:00,10:10:00,50.0,DLC,T1,SJW,T2,9C,A320
9C8881,10:40:00,13:10:00,50.0,SHA,T1,SZX,T3,9C,A320
9C8882,14:15:00,16:30:00,50.0,SZX,T3,SHA,T1,9C,A321
9C8885,17:05:00,19:55:00,50.0,SHA,T1,KWE,T2,9C,A321
9C8886,20:55:00,23:30:00,50.0,KWE,T2,SHA,T1,9C,A321
9C8897,07:40:00,10:30:00,50.0,SHA,T1,CKG,T3,9C,A320
9C8898,11:35:00,13:55:00,50.0,CKG,T3,SHA,T1,9C,A321
9C8901,12:15:00,15:30:00,50.0,PVG,T2,MIG,T1,9C,A321
9C8902,16:15:00,19:00:00,50.0,MIG,T1,PVG,T2,9C,A320
9C8909,07:00:00,08:35:00,50.0,SHA,T1,JJN,T1,9C,A320
9C8910,09:20:00,10:50:00,50.0,JJN,T1,SHA,T1,9C,A320
9C8917,06:40:00,08:55:00,50.0,SHA,T1,SZX,T3,9C,A320
9C8918,10:10:00,12:35:00,50.0,SZX,T3,SHA,T1,9C,A320
9C8919,21:10:00,23:45:00,50.0,HGH,T3,SHE,T3,9C,A320
9C8920,17:00:00,19:50:00,50.0,SHE,T3,HGH,T3,9C,A320
9C8929,21:50:00,00:30:00,50.0,SHA,T1,CAN,T3,9C,A320
9C8930,06:45:00,09:10:00,50.0,CAN,T3,SHA,T1,9C,A321
9C8931,17:35:00,20:00:00,50.0,SHA,T1,CAN,T3,9C,A320
9C8932,21:10:00,23:25:00,50.0,CAN,T3,SHA,T1,9C,A320
9C8935,15:10:00,17:50:00,50.0,PVG,T2,CGQ,T2,9C,A320
9C8936,19:30:00,22:20:00,50.0,CGQ,T2,PVG,T2,9C,A320
9C8943,07:25:00,10:05:00,50.0,YTY,T1,HRB,T2,9C,A320
9C8944,11:15:00,14:15:00,50.0,HRB,T2,YTY,T1,9C,A321
9C8945,20:55:00,23:40:00,50.0,SHA,T1,XIY,T5,9C,A320
9C8946,06:00:00,08:10:00,50.0,XIY,T5,SHA,T1,9C,A320
9C8947,13:50:00,16:25:00,50.0,SHA,T1,XIY,T5,9C,A321
9C8948,17:30:00,19:55:00,50.0,XIY,T5,SHA,T1,9C,A320
9C8949,17:20:00,19:45:00,50.0,SHA,T1,SZX,T3,9C,A321
9C8950,20:50:00,23:20:00,50.0,SZX,T3,SHA,T1,9C,A321
9C8953,07:55:00,11:20:00,50.0,SHA,T1,KMG,T1,9C,A320
9C8954,12:45:00,16:00:00,50.0,KMG,T1,SHA,T1,9C,A320
9C8955,21:40:00,00:15:00,50.0,SHA,T1,SZX,T3,9C,A320
9C8956,07:15:00,09:35:00,50.0,SZX,T3,SHA,T1,9C,A320
9C8969,16:40:00,19:20:00,50.0,YTY,T1,KWE,T2,9C,A320
9C8970,20:55:00,23:25:00,50.0,KWE,T2,YTY,T1,9C,A320
9C8975,07:05:00,09:50:00,50.0,SJW,T2,XMN,T4,9C,A321
9C8976,10:50:00,13:40:00,50.0,XMN,T4,SJW,T2,9C,A320
9C8977,12:55:00,15:00:00,50.0,PVG,T2,DLC,T1,9C,A320
9C8978,17:00:00,19:05:00,50.0,DLC,T1,PVG,T2,9C,A321
9C8981,22:50:00,00:55:00,50.0,PVG,T2,DLC,T1,9C,A321
9C8982,22:15:00,00:25:00,50.0,DLC,T1,PVG,T2,9C,A321
9C8993,19:25:00,22:00:00,50.0,SJW,T2,CKG,T3,9C,A321
9C8994,23:05:00,01:10:00,50.0,CKG,T3,SJW,T2,9C,A321
9C8995,16:05:00,19:00:00,50.0,SHA,T1,CKG,T3,9C,A320
9C8996,20:15:00,22:40:00,50.0,CKG,T3,SHA,T1,9C,A320
9C8999,08:35:00,11:05:00,50.0,SJW,T2,CKG,T3,9C,A321
9C9000,12:10:00,14:20:00,50.0,CKG,T3,SJW,T2,9C,A321
CA1014,15:40:00,18:15:00,50.0,PEK,T1,PVG,T1,CA,A320
CA1082,01:05:00,03:25:00,50.0,PVG,T1,PEK,T1,CA,A320
CA1109,10:40:00,12:20:00,50.0,PEK,T2,XIL,T1,CA,A321
CA1110,13:00:00,14:25:00,50.0,XIL,T1,PEK,T2,CA,A320
CA1111,20:55:00,22:20:00,50.0,PEK,T2,HET,T1,CA,B738
CA1112,08:30:00,09:45:00,50.0,HET,T1,PEK,T2,CA,E190
CA1119,15:15:00,16:35:00,50.0,PEK,T3,CIH,T1,CA,E190
CA1120,17:15:00,18:45:00,50.0,CIH,T1,PEK,T3,CA,A321
CA1127,12:25:00,14:15:00,50.0,PEK,T2,YCU,T1,CA,B738
CA1128,15:15:00,17:15:00,50.0,YCU,T1,PEK,T2,CA,B738
CA1129,18:15:00,20:30:00,50.0,PEK,T3,HLD,T1,CA,B738
CA1130,21:15:00,23:25:00,50.0,HLD,T1,PEK,T3,CA,A321
CA1135,07:00:00,08:45:00,50.0,PEK,T3,HLH,T1,CA,B738
CA1136,09:30:00,11:25:00,50.0,HLH,T1,PEK,T3,CA,B738
CA1139,17:45:00,19:20:00,50.0,PEK,T2,YCU,T1,CA,B738
CA1140,20:05:00,21:45:00,50.0,YCU,T1,PEK,T3,CA,B737
CA1141,06:45:00,08:10:00,50.0,PEK,T2,DSN,T1,CA,B738
CA1142,08:55:00,10:25:00,50.0,DSN,T1,PEK,T2,CA,ARJ21
CA1143,08:15:00,09:40:00,50.0,PEK,T3,LLV,T1,CA,B738
CA1144,10:25:00,12:10:00,50.0,LLV,T1,PEK,T3,CA,A320
CA1145,07:00:00,08:15:00,50.0,PEK,T3,TYN,T1,CA,E190
CA1146,09:05:00,10:20:00,50.0,TYN,T1,PEK,T3,CA,A321
CA1147,09:00:00,10:40:00,50.0,PEK,T3,RLK,T1,CA,A319
CA1148,11:25:00,13:05:00,50.0,RLK,T1,PEK,T3,CA,A321
CA1149,16:15:00,17:45:00,50.0,PEK,T2,DSN,T1,CA,ARJ21
CA1150,18:30:00,20:00:00,50.0,DSN,T1,PEK,T2,CA,A320
CA1201,13:55:00,16:25:00,50.0,PEK,T3,XIY,T2,CA,B737
CA1202,17:30:00,20:15:00,50.0,XIY,T2,PEK,T3,CA,A320
CA1203,12:25:00,14:45:00,50.0,PEK,T3,XNN,T3,CA,A319
CA1204,16:00:00,18:30:00,50.0,XNN,T3,PEK,T3,CA,A320
CA1205,19:45:00,22:15:00,50.0,PEK,T3,XIY,T2,CA,B738
CA1206,08:30:00,10:55:00,50.0,XIY,T2,PEK,T3,CA,B737
CA1207,10:15:00,12:40:00,50.0,PEK,T3,LHW,T3,CA,A320
CA1208,13:45:00,16:00:00,50.0,LHW,T3,PEK,T3,CA,ARJ21
CA1209,09:55:00,12:15:00,50.0,PEK,T3,XIY,T2,CA,B738
CA1210,13:30:00,16:15:00,50.0,XIY,T2,PEK,T3,CA,A320
CA1211,11:25:00,15:45:00,50.0,PEK,T3,URC,T1,CA,A333
CA1212,16:55:00,20:45:00,50.0,URC,T1,PEK,T3,CA,A321
CA1213,06:45:00,08:40:00,50.0,PEK,T2,INC,T1,CA,B738
CA1214,09:45:00,11:40:00,50.0,INC,T1,PEK,T2,CA,A321
CA1215,06:40:00,12:25:00,50.0,PEK,T3,KHG,T2,CA,A333
CA1216,13:30:00,18:30:00,50.0,KHG,T2,PEK,T3,CA,B789
CA1219,14:45:00,16:40:00,50.0,PEK,T2,INC,T1,CA,A321
CA1220,17:30:00,19:30:00,50.0,INC,T1,PEK,T2,CA,A320
CA1221,16:30:00,18:50:00,50.0,PEK,T3,LHW,T3,CA,A320
CA1222,19:40:00,21:55:00,50.0,LHW,T3,PEK,T3,CA,A320
CA1226,11:35:00,14:00:00,50.0,XIY,T2,PEK,T3,CA,B737
CA1227,11:55:00,14:00:00,50.0,PEK,T2,INC,T1,CA,A320
CA1228,14:50:00,16:35:00,50.0,INC,T1,PEK,T2,CA,A321
CA1229,16:00:00,18:15:00,50.0,PEK,T3,XIY,T2,CA,A320
CA1231,07:15:00,09:45:00,50.0,PEK,T3,XIY,T2,CA,ARJ21
CA1232,11:00:00,13:25:00,50.0,XIY,T2,PEK,T3,CA,B737
CA1233,07:15:00,11:55:00,50.0,PEK,T3,KRY,T1,CA,A333
CA1234,12:40:00,16:35:00,50.0,KRY,T1,PEK,T3,CA,B738
CA1237,06:15:00,09:50:00,50.0,PEK,T3,HMI,T1,CA,A333
CA1238,11:00:00,13:55:00,50.0,HMI,T1,PEK,T3,CA,A320
CA1242,11:55:00,16:00:00,50.0,AAT,T1,PEK,T3,CA,B789
CA1245,12:40:00,18:55:00,50.0,PEK,T3,HTN,T1,CA,A333
CA1251,07:40:00,12:05:00,50.0,PEK,T3,URC,T1,CA,A333
CA1252,13:15:00,17:00:00,50.0,URC,T1,PEK,T3,CA,B738
CA1253,10:40:00,15:15:00,50.0,PEK,T3,URC,T1,CA,B789
CA1254,16:25:00,20:30:00,50.0,URC,T1,PEK,T3,CA,B738
CA1255,15:35:00,20:45:00,50.0,PEK,T3,YIN,T1,CA,A333
CA1256,21:25:00,01:35:00,50.0,YIN,T1,PEK,T2,CA,A333
CA1257,07:30:00,12:25:00,50.0,PEK,T2,KRL,T1,CA,B738
CA1258,13:10:00,17:15:00,50.0,KRL,T1,PEK,T2,CA,A333
CA1263,18:30:00,20:15:00,50.0,PEK,T2,INC,T1,CA,A320
CA1264,21:05:00,22:55:00,50.0,INC,T1,PEK,T2,CA,B738
CA1267,06:20:00,08:40:00,50.0,PEK,T3,XNN,T3,CA,B738
CA1268,09:25:00,11:45:00,50.0,XNN,T3,PEK,T3,CA,ARJ21
CA1269,17:10:00,19:10:00,50.0,PEK,T3,ENY,T1,CA,A321
CA1270,20:00:00,21:55:00,50.0,ENY,T1,PEK,T3,CA,B737
CA1271,11:40:00,14:15:00,50.0,PEK,T3,LHW,T3,CA,A320
CA1272,15:30:00,18:00:00,50.0,LHW,T3,PEK,T3,CA,A320
CA1273,13:40:00,16:05:00,50.0,PEK,T3,LHW,T3,CA,A320
CA1274,17:00:00,19:30:00,50.0,LHW,T3,PEK,T3,CA,A320
CA1277,19:45:00,22:15:00,50.0,PEK,T3,LHW,T3,CA,B737
CA1278,08:15:00,10:25:00,50.0,LHW,T3,PEK,T3,CA,B737
CA1279,07:00:00,08:50:00,50.0,PEK,T3,ENY,T1,CA,B737
CA1280,09:35:00,11:20:00,50.0,ENY,T1,PEK,T2,CA,A320
CA1283,16:15:00,18:30:00,50.0,PEK,T3,HZG,T1,CA,B738
CA1284,19:15:00,21:30:00,50.0,HZG,T1,PEK,T3,CA,B738
CA1285,11:40:00,15:10:00,50.0,PEK,T3,DNH,T1,CA,A333
CA1286,16:00:00,19:15:00,50.0,DNH,T1,PEK,T3,CA,A321
CA1289,09:00:00,11:15:00,50.0,PEK,T3,XIY,T2,CA,B738
CA1290,12:30:00,14:45:00,50.0,XIY,T2,PEK,T3,CA,A321
CA1291,15:30:00,19:50:00,50.0,PEK,T3,URC,T1,CA,A320
CA1292,21:10:00,00:55:00,50.0,URC,T1,PEK,T3,CA,A321
CA1293,14:40:00,18:40:00,50.0,PEK,T3,URC,T1,CA,A333
CA1295,20:15:00,00:30:00,50.0,PEK,T3,URC,T1,CA,A333
CA1296,10:45:00,14:30:00,50.0,URC,T1,PEK,T3,CA,A321
CA1297,17:45:00,18:40:00,50.0,AKU,T1,TWC,T1,CA,A320
CA1298,19:25:00,20:15:00,50.0,TWC,T1,AKU,T1,CA,A319
CA1299,12:55:00,14:30:00,50.0,PEK,T3,UYN,T1,CA,A319
CA1300,15:15:00,17:00:00,50.0,UYN,T1,PEK,T3,CA,A320
CA1301,15:00:00,18:20:00,50.0,PEK,T3,CAN,T3,CA,A320
CA1302,19:40:00,22:55:00,50.0,CAN,T3,PEK,T3,CA,A333
CA1303,12:55:00,16:25:00,50.0,PEK,T3,SZX,T3,CA,A333
CA1304,18:00:00,21:30:00,50.0,SZX,T3,PEK,T3,CA,B789
CA1305,18:00:00,21:35:00,50.0,PEK,T3,SZX,T3,CA,A333
CA1306,08:55:00,12:10:00,50.0,SZX,T3,PEK,T3,CA,A320
CA1307,20:15:00,23:35:00,50.0,PEK,T3,SZX,T3,CA,A321
CA1308,10:30:00,13:45:00,50.0,SZX,T3,PEK,T3,CA,A321
CA1309,18:15:00,21:35:00,50.0,PEK,T3,CAN,T3,CA,B789
CA1311,09:15:00,12:40:00,50.0,PEK,T3,NNG,T2,CA,A333
CA1312,13:40:00,17:15:00,50.0,NNG,T2,PEK,T3,CA,A320
CA1313,10:40:00,14:25:00,50.0,PEK,T3,SZX,T3,CA,B789
CA1314,16:00:00,19:15:00,50.0,SZX,T3,PEK,T3,CA,B738
CA1315,10:55:00,14:25:00,50.0,PEK,T3,CAN,T3,CA,B789
CA1316,15:40:00,19:00:00,50.0,CAN,T3,PEK,T3,CA,A321
CA1318,14:40:00,18:00:00,50.0,CAN,T3,PEK,T3,CA,A333
CA1321,09:00:00,12:20:00,50.0,PEK,T3,CAN,T3,CA,B738
CA1322,13:40:00,16:45:00,50.0,CAN,T3,PEK,T3,CA,A320
CA1323,14:10:00,17:40:00,50.0,PEK,T3,ZUH,T1,CA,A320
CA1324,18:30:00,22:00:00,50.0,ZUH,T1,PEK,T3,CA,A320
CA1325,17:30:00,20:10:00,50.0,PEK,T3,CSX,T1,CA,A319
CA1326,21:20:00,23:50:00,50.0,CSX,T1,PEK,T3,CA,A320
CA1328,18:40:00,21:55:00,50.0,CAN,T3,PEK,T3,CA,A321
CA1329,21:00:00,00:20:00,50.0,PEK,T3,CAN,T3,CA,A333
CA1330,10:30:00,13:45:00,50.0,CAN,T3,PEK,T3,CA,A321
CA1331,08:00:00,11:25:00,50.0,PEK,T3,SZX,T3,CA,B789
CA1332,13:00:00,16:15:00,50.0,SZX,T3,PEK,T3,CA,A320
CA1333,17:30:00,21:05:00,50.0,PEK,T3,SZX,T3,CA,A321
CA1337,16:15:00,19:40:00,50.0,PEK,T3,SZX,T3,CA,B738
CA1338,21:00:00,00:25:00,50.0,SZX,T3,PEK,T3,CA,A333
CA1339,11:55:00,15:20:00,50.0,PEK,T3,CAN,T3,CA,A321
CA1340,16:40:00,20:00:00,50.0,CAN,T3,PEK,T3,CA,A320
CA1341,11:55:00,15:40:00,50.0,PEK,T3,SZX,T3,CA,A333
CA1342,17:00:00,20:45:00,50.0,SZX,T3,PEK,T3,CA,A321
CA1343,06:45:00,09:20:00,50.0,PEK,T3,CSX,T1,CA,A321
CA1344,10:30:00,12:55:00,50.0,CSX,T1,PEK,T3,CA,B738
CA1347,10:40:00,13:55:00,50.0,PEK,T3,SWA,T1,CA,A333
CA1348,15:00:00,18:15:00,50.0,SWA,T1,PEK,T3,CA,A333
CA1349,20:00:00,22:30:00,50.0,PEK,T3,CSX,T1,CA,B738
CA1350,08:30:00,10:55:00,50.0,CSX,T1,PEK,T3,CA,A321
CA1351,08:00:00,11:20:00,50.0,PEK,T3,CAN,T3,CA,A333
CA1352,12:40:00,16:00:00,50.0,CAN,T3,PEK,T3,CA,A321
CA1358,20:00:00,23:15:00,50.0,SZX,T3,PEK,T3,CA,A321
CA1359,07:00:00,10:25:00,50.0,PEK,T3,CAN,T3,CA,B738
CA1360,11:40:00,14:55:00,50.0,CAN,T3,PEK,T3,CA,B738
CA1361,08:15:00,12:10:00,50.0,PEK,T3,HAK,T1,CA,A333
CA1362,13:15:00,16:55:00,50.0,HAK,T1,PEK,T3,CA,B738
CA1363,15:10:00,17:55:00,50.0,PEK,T3,CSX,T1,CA,B738
CA1364,19:10:00,21:40:00,50.0,CSX,T1,PEK,T3,CA,B737
CA1365,16:00:00,19:25:00,50.0,PEK,T3,CAN,T3,CA,B789
CA1366,20:40:00,23:55:00,50.0,CAN,T3,PEK,T3,CA,A333
CA1367,09:00:00,12:35:00,50.0,PEK,T3,SZX,T3,CA,A321
CA1368,14:00:00,17:15:00,50.0,SZX,T3,PEK,T3,CA,B738
CA1369,07:30:00,11:40:00,50.0,PEK,T3,SYX,T2,CA,A320
CA1370,12:55:00,16:55:00,50.0,SYX,T2,PEK,T3,CA,B789
CA1373,12:55:00,15:45:00,50.0,PEK,T3,CSX,T1,CA,A321
CA1374,16:45:00,19:15:00,50.0,CSX,T1,PEK,T3,CA,A320
CA1375,08:30:00,11:55:00,50.0,PEK,T3,SZX,T3,CA,B789
CA1376,13:30:00,16:55:00,50.0,SZX,T3,PEK,T3,CA,A333
CA1377,15:15:00,19:25:00,50.0,PEK,T3,SYX,T2,CA,A333
CA1378,20:40:00,00:40:00,50.0,SYX,T2,PEK,T3,CA,B738
CA1379,19:15:00,22:35:00,50.0,PEK,T3,CAN,T3,CA,A321
CA1380,09:15:00,12:30:00,50.0,CAN,T3,PEK,T3,CA,B738
CA1381,13:30:00,16:55:00,50.0,CAN,T3,HET,T1,CA,A333
CA1382,18:25:00,22:05:00,50.0,HET,T1,CAN,T3,CA,A321
CA1383,10:00:00,13:25:00,50.0,PEK,T3,SZX,T3,CA,B789
CA1384,15:00:00,18:15:00,50.0,SZX,T3,PEK,T3,CA,A320
CA1385,20:15:00,23:30:00,50.0,PEK,T3,CAN,T3,CA,A333
CA1386,06:25:00,09:35:00,50.0,CAN,T3,PEK,T3,CA,A321
CA1389,08:30:00,11:20:00,50.0,PEK,T3,CSX,T1,CA,A320
CA1390,12:20:00,14:50:00,50.0,CSX,T1,PEK,T3,CA,B737
CA1391,13:00:00,16:20:00,50.0,PEK,T3,CAN,T3,CA,A333
CA1392,17:40:00,20:55:00,50.0,CAN,T3,PEK,T3,CA,A321
CA1393,06:30:00,10:10:00,50.0,PEK,T3,SZX,T3,CA,A321
CA1394,11:25:00,14:55:00,50.0,SZX,T3,PEK,T3,CA,A320
CA1397,14:00:00,17:25:00,50.0,PEK,T3,SZX,T3,CA,A321
CA1398,19:00:00,22:25:00,50.0,SZX,T3,PEK,T3,CA,B738
CA1399,10:00:00,12:40:00,50.0,PEK,T3,CSX,T1,CA,A321
CA1400,14:00:00,16:25:00,50.0,CSX,T1,PEK,T3,CA,A320
CA1401,16:00:00,19:00:00,50.0,PEK,T3,CTU,T2,CA,A320
CA1402,20:30:00,23:10:00,50.0,CTU,T2,PEK,T3,CA,B738
CA1403,06:40:00,10:20:00,50.0,PEK,T3,KMG,T1,CA,A321
CA1404,11:35:00,15:15:00,50.0,KMG,T1,PEK,T3,CA,B738
CA1405,07:30:00,10:30:00,50.0,PEK,T3,CTU,T2,CA,A321
CA1406,11:45:00,14:25:00,50.0,CTU,T2,PEK,T3,CA,B738
CA1407,16:45:00,19:40:00,50.0,PEK,T3,CTU,T2,CA,ARJ21
CA1408,21:00:00,23:40:00,50.0,CTU,T2,PEK,T3,CA,B738
CA1409,15:55:00,18:50:00,50.0,PEK,T3,CKG,T3,CA,A320
CA1410,20:20:00,22:45:00,50.0,CKG,T3,PEK,T3,CA,A320
CA1411,15:00:00,18:00:00,50.0,PEK,T3,CKG,T3,CA,B738
CA1412,19:15:00,21:40:00,50.0,CKG,T3,PEK,T3,CA,B737
CA1413,15:15:00,18:50:00,50.0,PEK,T3,KMG,T1,CA,A333
CA1415,09:30:00,12:30:00,50.0,PEK,T3,CTU,T2,CA,A333
CA1416,13:45:00,16:30:00,50.0,CTU,T2,PEK,T3,CA,ARJ21
CA1417,12:35:00,15:35:00,50.0,PEK,T3,TFU,T2,CA,A333
CA1418,16:40:00,19:25:00,50.0,TFU,T2,PEK,T3,CA,B738
CA1421,08:30:00,11:25:00,50.0,PEK,T3,CTU,T2,CA,A320
CA1422,12:45:00,15:25:00,50.0,CTU,T2,PEK,T3,CA,A320
CA1423,14:25:00,18:55:00,50.0,PEK,T2,JHG,T1,CA,B738
CA1424,19:40:00,23:40:00,50.0,JHG,T1,PEK,T3,CA,B738
CA1425,17:45:00,20:45:00,50.0,PEK,T3,CTU,T2,CA,B738
CA1426,22:00:00,00:45:00,50.0,CTU,T2,PEK,T3,CA,A320
CA1429,08:45:00,11:45:00,50.0,PEK,T3,CKG,T3,CA,A321
CA1430,13:00:00,15:30:00,50.0,CKG,T3,PEK,T3,CA,A321
CA1433,09:25:00,12:55:00,50.0,PEK,T3,KWE,T3,CA,A321
CA1434,13:55:00,16:55:00,50.0,KWE,T3,PEK,T3,CA,A333
CA1435,17:00:00,19:55:00,50.0,PEK,T3,CKG,T3,CA,B737
CA1436,21:25:00,23:45:00,50.0,CKG,T3,PEK,T3,CA,B737
CA1437,07:00:00,10:05:00,50.0,PEK,T3,CKG,T3,CA,A333
CA1438,16:00:00,18:30:00,50.0,CKG,T3,PEK,T3,CA,A321
CA1439,13:55:00,16:40:00,50.0,PEK,T3,CKG,T3,CA,B738
CA1441,06:30:00,10:20:00,50.0,PEK,T2,DLU,T1,CA,B738
CA1442,19:30:00,22:55:00,50.0,DLU,T1,PEK,T2,CA,A320
CA1445,10:25:00,14:15:00,50.0,PEK,T3,KMG,T1,CA,A321
CA1446,15:30:00,19:30:00,50.0,KMG,T1,PEK,T3,CA,A333
CA1447,17:30:00,21:15:00,50.0,PEK,T3,KMG,T1,CA,A333
CA1448,22:20:00,01:55:00,50.0,KMG,T1,PEK,T3,CA,A321
CA1449,19:00:00,21:45:00,50.0,PEK,T3,CKG,T3,CA,A321
CA1450,10:00:00,12:30:00,50.0,CKG,T3,PEK,T3,CA,B738
CA1453,07:30:00,10:10:00,50.0,PEK,T2,MIG,T2,CA,A320
CA1454,10:55:00,13:25:00,50.0,MIG,T2,PEK,T3,CA,B737
CA1455,18:30:00,21:00:00,50.0,PEK,T2,MIG,T2,CA,B738
CA1457,15:00:00,17:40:00,50.0,PEK,T3,GYS,T1,CA,B737
CA1458,18:25:00,20:55:00,50.0,GYS,T1,PEK,T3,CA,B737
CA1459,16:45:00,20:30:00,50.0,PEK,T2,LJG,T1,CA,B738
CA1460,21:15:00,00:55:00,50.0,LJG,T1,PEK,T2,CA,B738
CA1461,07:00:00,10:30:00,50.0,PEK,T3,KWE,T3,CA,A333
CA1462,11:45:00,14:40:00,50.0,KWE,T3,PEK,T3,CA,B737
CA1463,16:00:00,19:25:00,50.0,PEK,T3,KWE,T3,CA,A321
CA1469,07:00:00,10:50:00,50.0,PEK,T2,LJG,T1,CA,A320
CA1470,11:45:00,15:30:00,50.0,LJG,T1,PEK,T3,CA,A321
CA1475,07:45:00,11:35:00,50.0,PEK,T3,KMG,T1,CA,A321
CA1476,12:50:00,16:30:00,50.0,KMG,T1,PEK,T3,CA,B738
CA1483,12:40:00,15:50:00,50.0,PEK,T2,LZO,T1,CA,A321
CA1484,17:05:00,20:00:00,50.0,LZO,T1,PEK,T2,CA,B738
CA1485,11:40:00,15:50:00,50.0,PEK,T2,PZI,T1,CA,A320
CA1486,17:00:00,20:45:00,50.0,PZI,T1,PEK,T3,CA,B789
CA1491,08:15:00,11:25:00,50.0,PEK,T3,WMT,T1,CA,A321
CA1492,12:10:00,14:50:00,50.0,WMT,T1,PEK,T3,CA,B738
CA1495,16:15:00,19:15:00,50.0,PEK,T2,YBP,T1,CA,B738
CA1496,20:00:00,22:40:00,50.0,YBP,T1,PEK,T3,CA,A320
CA1497,14:20:00,17:45:00,50.0,PEK,T3,XIC,T1,CA,A321
CA1498,18:40:00,21:40:00,50.0,XIC,T1,PEK,T3,CA,A321
CA1499,14:25:00,18:30:00,50.0,PEK,T2,DLU,T1,CA,A333
CA1500,09:55:00,13:25:00,50.0,DLU,T1,PEK,T2,CA,B738
CA1501,08:30:00,10:55:00,50.0,PEK,T3,SHA,T2,CA,A320
CA1502,12:25:00,14:40:00,50.0,SHA,T2,PEK,T3,CA,B738
CA1505,09:15:00,11:55:00,50.0,PEK,T3,FOC,T1,CA,B738
CA1506,13:05:00,16:00:00,50.0,FOC,T1,PEK,T3,CA,B738
CA1507,07:30:00,10:00:00,50.0,PEK,T3,SHA,T2,CA,B738
CA1508,11:30:00,13:45:00,50.0,SHA,T2,PEK,T3,CA,A321
CA1509,17:45:00,20:05:00,50.0,PEK,T3,SHA,T2,CA,A321
CA1510,21:30:00,23:55:00,50.0,SHA,T2,PEK,T3,CA,B738
CA1511,12:25:00,14:50:00,50.0,PEK,T3,KHN,T2,CA,A320
CA1512,16:10:00,18:30:00,50.0,KHN,T2,PEK,T3,CA,A319
CA1513,15:05:00,17:05:00,50.0,PEK,T3,NTG,T1,CA,A320
CA1514,18:10:00,20:30:00,50.0,NTG,T1,PEK,T3,CA,A320
CA1515,16:00:00,18:10:00,50.0,PEK,T3,SHA,T2,CA,A321
CA1516,19:25:00,21:40:00,50.0,SHA,T2,PEK,T3,CA,A320
CA1517,13:30:00,16:00:00,50.0,PEK,T3,SHA,T2,CA,A319
CA1518,17:30:00,20:15:00,50.0,SHA,T2,PEK,T3,CA,A320
CA1519,09:30:00,11:55:00,50.0,PEK,T3,SHA,T2,CA,B738
CA1520,13:30:00,16:00:00,50.0,SHA,T2,PEK,T3,CA,B737
CA1521,14:30:00,17:00:00,50.0,PEK,T3,SHA,T2,CA,B738
CA1522,18:30:00,21:15:00,50.0,SHA,T2,PEK,T3,CA,B738
CA1523,10:40:00,13:15:00,50.0,PEK,T3,SHA,T2,CA,A320
CA1524,14:45:00,17:15:00,50.0,SHA,T2,PEK,T3,CA,A320
CA1525,20:20:00,21:45:00,50.0,PEK,T3,TAO,T1,CA,ARJ21
CA1532,13:55:00,16:15:00,50.0,SHA,T2,PEK,T3,CA,B738
CA1533,12:25:00,14:45:00,50.0,PEK,T3,SHA,T2,CA,B738
CA1534,16:35:00,19:15:00,50.0,SHA,T2,PEK,T3,CA,A319
CA1537,08:30:00,10:55:00,50.0,PEK,T3,KHN,T2,CA,B738
CA1538,11:55:00,14:25:00,50.0,KHN,T2,PEK,T3,CA,A319
CA1539,19:15:00,21:45:00,50.0,PEK,T3,WNZ,T2,CA,A320
CA1540,08:05:00,10:40:00,50.0,WNZ,T2,PEK,T3,CA,A319
CA1541,13:25:00,15:55:00,50.0,PEK,T3,NGB,T2,CA,B738
CA1542,17:30:00,20:15:00,50.0,NGB,T2,PEK,T3,CA,A321
CA1543,17:15:00,20:00:00,50.0,WNZ,T2,PEK,T3,CA,A320
CA1544,16:05:00,18:45:00,50.0,PEK,T3,WNZ,T2,CA,A320
CA1545,08:15:00,09:30:00,50.0,PEK,T3,YNT,T2,CA,A319
CA1546,10:20:00,11:40:00,50.0,YNT,T2,PEK,T3,CA,A319
CA1549,16:30:00,19:00:00,50.0,PEK,T3,SHA,T2,CA,A321
CA1550,20:25:00,22:50:00,50.0,SHA,T2,PEK,T3,CA,A320
CA1553,15:15:00,18:00:00,50.0,WNZ,T2,PEK,T3,CA,A319
CA1554,11:40:00,14:15:00,50.0,PEK,T3,WNZ,T2,CA,B737
CA1557,11:25:00,13:50:00,50.0,PEK,T3,SHA,T2,CA,A320
CA1558,15:25:00,17:45:00,50.0,SHA,T2,PEK,T3,CA,B737
CA1559,12:25:00,13:45:00,50.0,PEK,T3,YNT,T2,CA,A321
CA1560,14:35:00,16:00:00,50.0,YNT,T2,PEK,T3,CA,ARJ21
CA1561,14:15:00,16:05:00,50.0,PEK,T3,NKG,T1,CA,A320
CA1562,17:10:00,19:15:00,50.0,NKG,T1,PEK,T3,CA,A321
CA1563,19:30:00,21:50:00,50.0,PEK,T3,SHA,T2,CA,A321
CA1564,07:55:00,10:10:00,50.0,SHA,T2,PEK,T3,CA,B738
CA1565,18:30:00,20:55:00,50.0,PEK,T3,SHA,T2,CA,A320
CA1566,22:30:00,00:55:00,50.0,SHA,T2,PEK,T3,CA,A320
CA1567,09:00:00,11:25:00,50.0,PEK,T3,WNZ,T2,CA,A321
CA1568,12:40:00,15:25:00,50.0,WNZ,T2,PEK,T3,CA,B738
CA1571,18:15:00,19:35:00,50.0,PEK,T3,TAO,T1,CA,A321
CA1572,20:35:00,22:15:00,50.0,TAO,T1,PEK,T3,CA,A320
CA1574,19:45:00,22:25:00,50.0,WNZ,T2,PEK,T3,CA,B738
CA1575,09:00:00,10:30:00,50.0,PEK,T3,TAO,T1,CA,A320
CA1576,11:30:00,13:10:00,50.0,TAO,T1,PEK,T3,CA,A321
CA1577,17:10:00,19:30:00,50.0,PEK,T3,KHN,T2,CA,A320
CA1578,20:20:00,22:40:00,50.0,KHN,T2,PEK,T3,CA,A320
CA1581,18:30:00,20:50:00,50.0,PEK,T3,KHN,T2,CA,A320
CA1587,07:00:00,08:30:00,50.0,PEK,T2,WEH,T1,CA,A321
CA1588,09:15:00,10:40:00,50.0,WEH,T1,PEK,T2,CA,A319
CA1589,20:30:00,22:40:00,50.0,PEK,T3,SHA,T2,CA,A321
CA1590,08:55:00,11:10:00,50.0,SHA,T2,PEK,T3,CA,A321
CA1591,07:15:00,09:05:00,50.0,PEK,T2,YNZ,T1,CA,A321
CA1592,09:50:00,11:35:00,50.0,YNZ,T1,PEK,T2,CA,A321
CA1593,20:25:00,21:50:00,50.0,PEK,T3,YNT,T2,CA,B737
CA1594,22:40:00,23:55:00,50.0,YNT,T2,PEK,T3,CA,B737
CA1597,20:30:00,22:00:00,50.0,PEK,T2,WEH,T1,CA,A320
CA1598,22:50:00,00:15:00,50.0,WEH,T1,PEK,T2,CA,A320
CA1601,21:00:00,22:30:00,50.0,PEK,T3,SHE,T3,CA,B737
CA1602,09:05:00,10:40:00,50.0,SHE,T3,PEK,T3,CA,B738
CA1603,10:15:00,11:40:00,50.0,HRB,T2,JSJ,T1,CA,A320
CA1604,15:05:00,17:10:00,50.0,HRB,T2,PEK,T3,CA,B738
CA1605,09:45:00,11:00:00,50.0,PEK,T3,DLC,T1,CA,B738
CA1606,12:15:00,13:40:00,50.0,DLC,T1,PEK,T3,CA,B738
CA1607,14:30:00,16:30:00,50.0,PEK,T3,HRB,T2,CA,B738
CA1608,17:45:00,19:45:00,50.0,HRB,T2,PEK,T3,CA,A319
CA1609,07:15:00,09:10:00,50.0,PEK,T3,CGQ,T2,CA,A321
CA1610,10:00:00,11:55:00,50.0,CGQ,T2,PEK,T3,CA,A320
CA1611,17:25:00,19:30:00,50.0,PEK,T3,HRB,T2,CA,A320
CA1612,20:45:00,22:45:00,50.0,HRB,T2,PEK,T3,CA,ARJ21
CA1615,19:05:00,21:05:00,50.0,PEK,T3,YNJ,T1,CA,B737
CA1616,17:45:00,20:15:00,50.0,YNJ,T1,PEK,T3,CA,B738
CA1621,06:45:00,08:45:00,50.0,PEK,T3,HRB,T2,CA,B738
CA1623,11:55:00,14:15:00,50.0,PEK,T3,HRB,T2,CA,A320
CA1624,15:25:00,17:30:00,50.0,HRB,T2,PEK,T3,CA,B738
CA1627,09:55:00,12:00:00,50.0,PEK,T3,CGQ,T2,CA,ARJ21
CA1628,13:05:00,15:15:00,50.0,CGQ,T2,PEK,T3,CA,B737
CA1635,18:45:00,20:20:00,50.0,PEK,T3,SHE,T3,CA,ARJ21
CA1636,21:20:00,23:05:00,50.0,SHE,T3,PEK,T3,CA,A320
CA1639,20:15:00,22:10:00,50.0,PEK,T3,HRB,T2,CA,B737
CA1640,08:30:00,10:35:00,50.0,HRB,T2,PEK,T3,CA,A320
CA1641,19:15:00,21:15:00,50.0,PEK,T3,HRB,T2,CA,A319
CA1642,22:20:00,00:25:00,50.0,HRB,T2,PEK,T3,CA,B738
CA1643,08:15:00,10:15:00,50.0,PEK,T3,HRB,T2,CA,B738
CA1644,11:25:00,13:35:00,50.0,HRB,T2,PEK,T3,CA,A319
CA1647,19:30:00,21:15:00,50.0,PEK,T3,CGQ,T2,CA,A320
CA1648,22:05:00,23:55:00,50.0,CGQ,T2,PEK,T3,CA,B737
CA1649,12:55:00,14:55:00,50.0,PEK,T3,CGQ,T2,CA,ARJ21
CA1650,16:15:00,18:15:00,50.0,CGQ,T2,PEK,T3,CA,B738
CA1651,08:20:00,10:00:00,50.0,PEK,T3,SHE,T3,CA,B738
CA1652,11:00:00,12:40:00,50.0,SHE,T3,PEK,T3,CA,B737
CA1687,12:40:00,15:00:00,50.0,PEK,T2,DQA,T1,CA,A321
CA1688,16:45:00,18:55:00,50.0,DQA,T1,PEK,T2,CA,A320
CA1690,15:05:00,17:10:00,50.0,HRB,T2,PEK,T3,CA,B737
CA1691,06:20:00,08:30:00,50.0,PEK,T3,JMU,T1,CA,A321
CA1692,09:15:00,11:40:00,50.0,JMU,T1,PEK,T3,CA,B738
CA1697,07:15:00,09:20:00,50.0,PEK,T2,DQA,T1,CA,A319
CA1698,10:35:00,12:40:00,50.0,DQA,T1,PEK,T2,CA,B738
CA1701,07:00:00,09:20:00,50.0,HGH,T4,PEK,T3,CA,A320
CA1703,08:00:00,10:10:00,50.0,HGH,T4,PEK,T3,CA,B737
CA1704,07:30:00,09:45:00,50.0,PEK,T3,HGH,T4,CA,A321
CA1705,09:00:00,11:20:00,50.0,HGH,T4,PEK,T3,CA,ARJ21
CA1706,08:30:00,10:45:00,50.0,PEK,T3,HGH,T4,CA,B738
CA1707,10:00:00,12:15:00,50.0,HGH,T4,PEK,T3,CA,A320
CA1708,09:30:00,11:45:00,50.0,PEK,T3,HGH,T4,CA,B738
CA1709,11:00:00,13:20:00,50.0,HGH,T4,PEK,T3,CA,A319
CA1710,10:25:00,12:45:00,50.0,PEK,T3,HGH,T4,CA,A321
CA1711,12:00:00,14:20:00,50.0,HGH,T4,PEK,T3,CA,A321
CA1712,11:30:00,13:45:00,50.0,PEK,T3,HGH,T4,CA,A319
CA1713,13:00:00,15:25:00,50.0,HGH,T4,PEK,T3,CA,A321
CA1714,12:25:00,14:45:00,50.0,PEK,T3,HGH,T4,CA,A321
CA1715,14:00:00,16:25:00,50.0,HGH,T4,PEK,T3,CA,A319
CA1716,13:30:00,15:55:00,50.0,PEK,T3,HGH,T4,CA,A321
CA1717,15:00:00,17:20:00,50.0,HGH,T4,PEK,T3,CA,B737
CA1718,14:25:00,16:45:00,50.0,PEK,T3,HGH,T4,CA,A319
CA1719,16:00:00,18:25:00,50.0,HGH,T4,PEK,T3,CA,B738
CA1720,15:30:00,18:00:00,50.0,PEK,T3,HGH,T4,CA,B737
CA1721,17:00:00,19:25:00,50.0,HGH,T4,PEK,T3,CA,ARJ21
CA1722,16:30:00,18:45:00,50.0,PEK,T3,HGH,T4,CA,B738
CA1723,18:00:00,20:30:00,50.0,HGH,T4,PEK,T3,CA,A319
CA1724,17:30:00,19:45:00,50.0,PEK,T3,HGH,T4,CA,A319
CA1725,19:00:00,21:10:00,50.0,HGH,T4,PEK,T3,CA,A320
CA1726,18:30:00,20:45:00,50.0,PEK,T3,HGH,T4,CA,B737
CA1727,20:00:00,22:25:00,50.0,HGH,T4,PEK,T3,CA,B738
CA1729,21:00:00,23:30:00,50.0,HGH,T4,PEK,T3,CA,A321
CA1730,20:30:00,23:00:00,50.0,PEK,T3,HGH,T4,CA,A321
CA1732,21:35:00,00:05:00,50.0,PEK,T3,HGH,T4,CA,ARJ21
CA1733,14:10:00,16:30:00,50.0,HGH,T4,SZX,T3,CA,B738
CA1734,17:50:00,20:05:00,50.0,SZX,T3,HGH,T4,CA,A320
CA1735,19:00:00,21:10:00,50.0,HGH,T4,SZX,T3,CA,A320
CA1736,22:15:00,00:15:00,50.0,SZX,T3,HGH,T4,CA,A320
CA1737,07:30:00,09:40:00,50.0,HGH,T4,SZX,T3,CA,A320
CA1738,10:55:00,12:55:00,50.0,SZX,T3,HGH,T4,CA,A320
CA1739,17:00:00,20:00:00,50.0,HGH,T4,CTU,T2,CA,A333
CA1740,21:25:00,00:10:00,50.0,CTU,T2,HGH,T4,CA,B738
CA1741,07:40:00,10:40:00,50.0,HGH,T4,CTU,T2,CA,A321
CA1742,11:55:00,14:25:00,50.0,CTU,T2,HGH,T4,CA,B738
CA1743,16:00:00,19:15:00,50.0,HGH,T4,CTU,T2,CA,A320
CA1744,20:30:00,23:15:00,50.0,CTU,T2,HGH,T4,CA,A321
CA1745,13:00:00,16:15:00,50.0,HGH,T4,CTU,T2,CA,B738
CA1746,17:30:00,20:15:00,50.0,CTU,T2,HGH,T4,CA,B738
CA1747,08:55:00,11:55:00,50.0,HGH,T4,CTU,T2,CA,A333
CA1748,13:15:00,15:45:00,50.0,CTU,T2,HGH,T4,CA,A320
CA1749,15:00:00,18:10:00,50.0,HGH,T4,CTU,T2,CA,A333
CA1750,19:40:00,22:40:00,50.0,CTU,T2,HGH,T4,CA,B738
CA1751,07:35:00,10:35:00,50.0,HGH,T4,KMG,T1,CA,B738
CA1752,11:50:00,15:00:00,50.0,KMG,T1,HGH,T4,CA,B738
CA1753,16:10:00,19:15:00,50.0,HGH,T4,KMG,T1,CA,A321
CA1754,20:45:00,23:55:00,50.0,KMG,T1,HGH,T4,CA,B789
CA1759,07:30:00,09:55:00,50.0,HGH,T4,CKG,T3,CA,A319
CA1760,11:25:00,13:55:00,50.0,CKG,T3,HGH,T4,CA,B738
CA1761,16:15:00,19:00:00,50.0,HGH,T4,CKG,T3,CA,B738
CA1762,20:20:00,22:45:00,50.0,CKG,T3,HGH,T4,CA,B737
CA1771,08:30:00,11:00:00,50.0,HGH,T4,TSN,T2,CA,B738
CA1772,20:00:00,22:05:00,50.0,TSN,T2,HGH,T4,CA,B738
CA1773,06:30:00,09:25:00,50.0,HGH,T4,GYS,T1,CA,A320
CA1774,11:15:00,13:55:00,50.0,GYS,T1,HGH,T4,CA,B738
CA1779,08:30:00,11:20:00,50.0,HGH,T4,KWE,T3,CA,A319
CA1780,19:55:00,22:25:00,50.0,KWE,T3,HGH,T4,CA,A320
CA1781,10:55:00,15:15:00,50.0,YCU,T1,URC,T1,CA,B738
CA1782,16:15:00,20:05:00,50.0,URC,T1,YCU,T1,CA,A321
CA1783,06:35:00,09:10:00,50.0,HGH,T4,ZHA,T1,CA,A321
CA1784,10:55:00,13:15:00,50.0,ZHA,T1,HGH,T4,CA,B738
CA1787,09:10:00,11:05:00,50.0,WEH,T1,HRB,T2,CA,A321
CA1788,15:00:00,17:00:00,50.0,WEH,T1,HGH,T4,CA,ARJ21
CA1789,07:15:00,09:20:00,50.0,HGH,T4,CAN,T3,CA,B737
CA1790,10:35:00,12:45:00,50.0,CAN,T3,HGH,T4,CA,ARJ21
CA1793,14:05:00,16:15:00,50.0,HGH,T4,CAN,T3,CA,B738
CA1794,17:30:00,19:55:00,50.0,CAN,T3,HGH,T4,CA,B738
CA1795,15:15:00,17:40:00,50.0,HGH,T4,CAN,T3,CA,A320
CA1796,18:55:00,21:00:00,50.0,CAN,T3,HGH,T4,CA,A320
CA1797,21:20:00,23:20:00,50.0,HGH,T4,CAN,T3,CA,B737
CA1798,09:10:00,11:45:00,50.0,CAN,T3,HGH,T4,CA,A320
CA1801,20:20:00,23:10:00,50.0,PEK,T3,XMN,T4,CA,ARJ21
CA1802,07:30:00,10:25:00,50.0,XMN,T4,PEK,T3,CA,A320
CA1805,08:00:00,10:40:00,50.0,PEK,T3,JGS,T1,CA,B737
CA1807,18:00:00,20:45:00,50.0,PEK,T3,FOC,T1,CA,A320
CA1808,08:35:00,11:15:00,50.0,FOC,T1,PEK,T3,CA,B738
CA1809,09:30:00,12:25:00,50.0,PEK,T3,XMN,T4,CA,A321
CA1810,13:35:00,16:30:00,50.0,XMN,T4,PEK,T3,CA,B738
CA1811,17:35:00,20:35:00,50.0,PEK,T3,XMN,T4,CA,B738
CA1813,07:55:00,09:45:00,50.0,PEK,T3,HFE,T1,CA,A321
CA1814,10:35:00,12:25:00,50.0,HFE,T1,PEK,T3,CA,A320
CA1815,16:30:00,19:30:00,50.0,PEK,T3,XMN,T4,CA,B738
CA1817,08:10:00,10:20:00,50.0,PEK,T3,NKG,T1,CA,A321
CA1818,11:20:00,13:20:00,50.0,NKG,T1,PEK,T3,CA,B738
CA1819,21:00:00,22:45:00,50.0,PEK,T3,NKG,T1,CA,A321
CA1820,08:45:00,10:35:00,50.0,NKG,T1,PEK,T3,CA,B737
CA1829,16:20:00,18:40:00,50.0,CAN,T3,SHA,T2,CA,B738
CA1830,19:55:00,22:20:00,50.0,SHA,T2,CAN,T3,CA,B738
CA1831,06:30:00,09:25:00,50.0,PEK,T3,XMN,T4,CA,A320
CA1832,10:40:00,13:45:00,50.0,XMN,T4,PEK,T3,CA,B789
CA1833,11:25:00,14:30:00,50.0,PEK,T3,XMN,T4,CA,A321
CA1834,15:40:00,19:00:00,50.0,XMN,T4,PEK,T3,CA,A321
CA1837,09:00:00,11:20:00,50.0,CAN,T3,SHA,T2,CA,A319
CA1838,12:35:00,15:05:00,50.0,SHA,T2,CAN,T3,CA,B738
CA1841,06:30:00,08:15:00,50.0,PEK,T2,YTY,T1,CA,A320
CA1842,09:00:00,10:40:00,50.0,YTY,T1,PEK,T2,CA,A321
CA1843,13:15:00,15:20:00,50.0,PEK,T3,HFE,T1,CA,A321
CA1844,16:40:00,18:55:00,50.0,HFE,T1,PEK,T3,CA,B738
CA1845,20:30:00,22:25:00,50.0,PEK,T3,HFE,T1,CA,B737
CA1848,13:40:00,15:40:00,50.0,NKG,T1,PEK,T3,CA,A319
CA1851,07:15:00,09:45:00,50.0,PEK,T3,HYN,T1,CA,A320
CA1852,10:30:00,13:10:00,50.0,HYN,T1,PEK,T3,CA,B737
CA1853,21:05:00,23:25:00,50.0,PEK,T3,NGB,T2,CA,A320
CA1854,09:25:00,11:50:00,50.0,NGB,T2,PEK,T3,CA,B737
CA1859,18:30:00,21:15:00,50.0,PEK,T3,FOC,T1,CA,A320
CA1865,17:05:00,19:40:00,50.0,PVG,T2,CAN,T3,CA,A320
CA1866,20:55:00,23:20:00,50.0,CAN,T3,PVG,T2,CA,B737
CA1867,12:40:00,14:45:00,50.0,PEK,T3,FUG,T1,CA,B738
CA1868,15:55:00,18:00:00,50.0,FUG,T1,PEK,T3,CA,B738
CA1871,14:25:00,17:30:00,50.0,PEK,T3,XMN,T4,CA,B789
CA1872,18:45:00,21:55:00,50.0,XMN,T4,PEK,T3,CA,A333
CA1873,15:15:00,17:40:00,50.0,PEK,T3,LIJ,T1,CA,A321
CA1874,18:35:00,20:55:00,50.0,LIJ,T1,PEK,T3,CA,B737
CA1879,08:15:00,10:25:00,50.0,PEK,T3,YIW,T1,CA,A320
CA1880,11:10:00,13:30:00,50.0,YIW,T1,PEK,T3,CA,B738
CA1881,19:05:00,21:35:00,50.0,PEK,T3,HYN,T1,CA,B738
CA1883,20:30:00,22:50:00,50.0,PEK,T3,PVG,T2,CA,A321
CA1884,16:20:00,19:00:00,50.0,PVG,T2,PEK,T3,CA,A321
CA1885,09:15:00,11:15:00,50.0,PEK,T3,JNH,T1,CA,A319
CA1886,12:00:00,14:15:00,50.0,JNH,T1,PEK,T3,CA,A320
CA1887,17:30:00,19:40:00,50.0,PEK,T3,JDZ,T1,CA,A321
CA1888,20:25:00,22:45:00,50.0,JDZ,T1,PEK,T3,CA,A320
CA1891,13:20:00,15:45:00,50.0,PEK,T3,JUZ,T1,CA,A321
CA1892,16:30:00,18:55:00,50.0,JUZ,T1,PEK,T3,CA,B738
CA1893,07:30:00,10:00:00,50.0,PVG,T2,SZX,T3,CA,A319
CA1894,11:15:00,13:50:00,50.0,SZX,T3,PVG,T2,CA,A320
CA1895,07:55:00,10:15:00,50.0,PEK,T2,SQD,T1,CA,B738
CA1896,11:00:00,13:20:00,50.0,SQD,T1,PEK,T2,CA,A320
CA1897,12:15:00,14:00:00,50.0,PEK,T3,LYG,T1,CA,B738
CA1898,14:45:00,16:35:00,50.0,LYG,T1,PEK,T3,CA,A320
CA1899,08:15:00,10:05:00,50.0,PEK,T3,NTG,T1,CA,A321
CA1900,10:50:00,12:40:00,50.0,NTG,T1,PEK,T3,CA,A320
CA1901,09:15:00,13:35:00,50.0,PEK,T3,URC,T1,CA,B738
CA1902,14:45:00,18:30:00,50.0,URC,T1,PEK,T3,CA,A333
CA1905,08:30:00,12:00:00,50.0,PEK,T3,ZUH,T1,CA,A333
CA1906,12:50:00,16:05:00,50.0,ZUH,T1,PEK,T3,CA,A321
CA1907,18:35:00,22:00:00,50.0,PEK,T3,ZUH,T1,CA,A321
CA1908,07:30:00,10:35:00,50.0,ZUH,T1,PEK,T3,CA,B738
CA1911,16:15:00,19:45:00,50.0,PEK,T2,BHY,T1,CA,A321
CA1913,14:35:00,16:15:00,50.0,PEK,T3,CGO,T2,CA,B738
CA1914,17:15:00,19:15:00,50.0,CGO,T2,PEK,T3,CA,A320
CA1915,21:05:00,22:50:00,50.0,PEK,T3,CGO,T2,CA,B737
CA1916,09:05:00,10:40:00,50.0,CGO,T2,PEK,T3,CA,A321
CA1917,06:45:00,10:00:00,50.0,PEK,T3,HUZ,T1,CA,A320
CA1918,10:45:00,13:50:00,50.0,HUZ,T1,PEK,T3,CA,A321
CA1919,17:15:00,21:00:00,50.0,PEK,T3,HAK,T1,CA,A320
CA1920,09:05:00,12:45:00,50.0,HAK,T1,PEK,T3,CA,B789
CA1921,16:45:00,19:15:00,50.0,PEK,T2,HNY,T1,CA,B738
CA1923,09:00:00,11:15:00,50.0,PEK,T3,WDS,T1,CA,A321
CA1925,07:25:00,11:05:00,50.0,PEK,T3,ZHA,T1,CA,A333
CA1926,11:50:00,15:25:00,50.0,ZHA,T1,PEK,T3,CA,B738
CA1927,19:00:00,21:45:00,50.0,PEK,T3,CSX,T1,CA,A320
CA1929,17:45:00,19:55:00,50.0,PEK,T2,YIH,T1,CA,B737
CA1930,20:40:00,22:55:00,50.0,YIH,T1,PEK,T2,CA,B738
CA1931,19:30:00,23:05:00,50.0,PEK,T3,NNG,T2,CA,B738
CA1932,08:00:00,11:25:00,50.0,NNG,T2,PEK,T3,CA,A321
CA1933,15:15:00,18:45:00,50.0,PEK,T3,NNG,T2,CA,B738
CA1934,19:35:00,22:55:00,50.0,NNG,T2,PEK,T3,CA,B738
CA1935,11:10:00,14:50:00,50.0,PEK,T3,NNG,T2,CA,B738
CA1936,15:40:00,19:00:00,50.0,NNG,T2,PEK,T3,CA,A333
CA1937,17:30:00,20:30:00,50.0,PEK,T3,KWL,T2,CA,A321
CA1938,21:15:00,00:15:00,50.0,KWL,T2,PEK,T3,CA,B738
CA1939,08:00:00,11:15:00,50.0,PEK,T3,KWL,T1,CA,A320
CA1951,08:55:00,12:10:00,50.0,PEK,T3,LZH,T1,CA,A321
CA1955,09:55:00,12:45:00,50.0,PEK,T3,WGN,T1,CA,A321
CA1956,13:30:00,16:15:00,50.0,WGN,T1,PEK,T2,CA,A320
CA1971,16:15:00,18:40:00,50.0,PEK,T3,CSX,T1,CA,B738
CA1972,19:55:00,22:25:00,50.0,CSX,T1,PEK,T2,CA,A321
CA2501,13:45:00,17:35:00,50.0,TFU,T2,KRY,T1,CA,A321
CA2502,18:25:00,22:05:00,50.0,KRY,T1,TFU,T2,CA,B789
CA2503,15:20:00,19:55:00,50.0,TFU,T2,HTN,T1,CA,B738
CA2504,20:45:00,00:55:00,50.0,HTN,T1,TFU,T2,CA,B738
CA2505,12:55:00,17:10:00,50.0,TFU,T2,URC,T1,CA,A321
CA2506,06:50:00,11:00:00,50.0,URC,T1,TFU,T2,CA,A333
CA2507,18:10:00,22:00:00,50.0,TFU,T2,KRL,T1,CA,A333
CA2508,08:00:00,11:40:00,50.0,KRL,T1,TFU,T2,CA,A321
CA2509,06:50:00,11:30:00,50.0,TFU,T2,HTN,T1,CA,B738
CA2510,12:20:00,16:30:00,50.0,HTN,T1,TFU,T2,CA,A321
CA2515,16:25:00,20:50:00,50.0,TFU,T2,YIN,T1,CA,B738
CA2516,21:50:00,01:50:00,50.0,YIN,T1,TFU,T2,CA,A321
CA2521,07:05:00,10:55:00,50.0,TFU,T2,KRL,T1,CA,A320
CA2522,11:45:00,15:25:00,50.0,KRL,T1,TFU,T2,CA,B789
CA2525,07:05:00,11:50:00,50.0,TFU,T2,KHG,T2,CA,A333
CA2526,12:40:00,17:00:00,50.0,KHG,T2,TFU,T2,CA,A321
CA2527,14:40:00,18:50:00,50.0,TFU,T2,AKU,T1,CA,A320
CA2528,19:40:00,23:30:00,50.0,AKU,T1,TFU,T2,CA,A333
CA2529,15:40:00,19:20:00,50.0,TFU,T2,URC,T1,CA,B738
CA2531,14:20:00,16:55:00,50.0,TFU,T2,LXA,T3,CA,A320
CA2532,17:45:00,20:10:00,50.0,LXA,T3,TFU,T2,CA,ARJ21
CA2533,07:35:00,09:40:00,50.0,TFU,T2,LZY,T1,CA,ARJ21
CA2534,10:30:00,12:30:00,50.0,LZY,T1,TFU,T2,CA,A321
CA2535,11:10:00,13:30:00,50.0,AHJ,T1,LXA,T3,CA,B737
CA2536,13:50:00,14:55:00,50.0,AHJ,T1,TFU,T2,CA,ARJ21
CA2537,07:20:00,09:50:00,50.0,TFU,T2,LXA,T3,CA,A321
CA2538,10:50:00,13:10:00,50.0,LXA,T3,TFU,T2,CA,B738
CA2539,06:35:00,08:50:00,50.0,TFU,T2,LZY,T1,CA,A321
CA2540,11:40:00,13:30:00,50.0,LZY,T1,TFU,T2,CA,A320
CA2541,21:30:00,23:10:00,50.0,TFU,T2,KMG,T1,CA,B737
CA2542,09:05:00,10:30:00,50.0,KMG,T1,TFU,T2,CA,B738
CA2545,13:50:00,15:20:00,50.0,TFU,T2,KMG,T1,CA,A319
CA2546,16:25:00,17:45:00,50.0,KMG,T1,TFU,T2,CA,A320
CA2549,08:30:00,10:20:00,50.0,TFU,T2,LUM,T1,CA,A321
CA2550,11:05:00,12:45:00,50.0,LUM,T1,TFU,T2,CA,A319
CA2551,07:25:00,08:55:00,50.0,TFU,T2,DLU,T1,CA,B738
CA2552,11:05:00,12:40:00,50.0,DLU,T1,TFU,T2,CA,A319
CA2555,13:35:00,15:05:00,50.0,TFU,T2,DLU,T1,CA,B738
CA2556,16:25:00,17:50:00,50.0,DLU,T1,TFU,T2,CA,A320
CA2557,15:55:00,17:50:00,50.0,TFU,T2,JHG,T1,CA,B738
CA2558,18:40:00,20:35:00,50.0,JHG,T1,TFU,T2,CA,B737
CA2559,15:35:00,16:50:00,50.0,TFU,T2,KWE,T3,CA,ARJ21
CA2560,17:55:00,19:00:00,50.0,KWE,T3,TFU,T2,CA,A319
CA2561,07:25:00,08:40:00,50.0,TFU,T2,DCY,T1,CA,A320
CA2562,09:30:00,10:40:00,50.0,DCY,T1,TFU,T2,CA,A320
CA2563,07:50:00,09:00:00,50.0,TFU,T2,XIC,T1,CA,ARJ21
CA2564,09:50:00,10:50:00,50.0,XIC,T1,TFU,T2,CA,B738
CA2567,13:40:00,15:00:00,50.0,TFU,T2,LJG,T1,CA,B737
CA2568,15:50:00,17:20:00,50.0,LJG,T1,TFU,T2,CA,A321
CA2569,18:50:00,20:20:00,50.0,TFU,T2,LJG,T1,CA,A320
CA2581,17:35:00,19:25:00,50.0,TFU,T2,LHW,T3,CA,B737
CA2582,20:25:00,22:20:00,50.0,LHW,T3,TFU,T2,CA,B738
CA2593,07:40:00,09:15:00,50.0,TFU,T2,XNN,T3,CA,B737
CA2594,10:10:00,11:50:00,50.0,XNN,T3,TFU,T2,CA,B738
CA2595,10:45:00,12:40:00,50.0,TFU,T2,INC,T1,CA,A319
CA2596,13:30:00,15:45:00,50.0,INC,T1,TFU,T2,CA,B738
CA2599,18:25:00,19:55:00,50.0,TFU,T2,XNN,T3,CA,A319
CA2600,20:45:00,22:25:00,50.0,XNN,T3,TFU,T2,CA,B737
CA2601,09:00:00,11:35:00,50.0,TFU,T2,NTG,T1,CA,B737
CA2602,12:25:00,15:20:00,50.0,NTG,T1,TFU,T2,CA,B738
CA2603,17:45:00,20:30:00,50.0,TFU,T2,NTG,T1,CA,A320
CA2605,16:30:00,19:10:00,50.0,TFU,T2,LYG,T1,CA,A321
CA2609,08:15:00,10:55:00,50.0,TFU,T2,YNT,T2,CA,B737
CA2610,12:00:00,14:55:00,50.0,YNT,T2,TFU,T2,CA,A321
CA2611,16:15:00,18:55:00,50.0,TFU,T2,TAO,T1,CA,A319
CA2612,20:05:00,23:15:00,50.0,TAO,T1,TFU,T2,CA,A333
CA2615,17:15:00,19:20:00,50.0,TFU,T2,KHN,T2,CA,B738
CA2616,20:15:00,22:45:00,50.0,KHN,T2,TFU,T2,CA,A320
CA2617,20:25:00,22:55:00,50.0,TFU,T2,NKG,T1,CA,A320
CA2618,09:10:00,11:50:00,50.0,NKG,T1,TFU,T2,CA,A321
CA2619,11:35:00,13:10:00,50.0,WUH,T3,JUZ,T1,CA,B738
CA2620,16:55:00,19:15:00,50.0,WUH,T3,TFU,T2,CA,A320
CA2621,11:35:00,14:15:00,50.0,TFU,T2,YNT,T2,CA,A320
CA2622,15:05:00,18:15:00,50.0,YNT,T2,TFU,T2,CA,A333
CA2627,07:35:00,10:00:00,50.0,TFU,T2,CZX,T1,CA,ARJ21
CA2628,11:00:00,13:45:00,50.0,CZX,T1,TFU,T2,CA,A321
CA2629,09:30:00,11:30:00,50.0,TFU,T2,HFE,T1,CA,A319
CA2630,12:20:00,15:00:00,50.0,HFE,T1,TFU,T2,CA,A320
CA2633,17:35:00,20:00:00,50.0,TFU,T2,CZX,T1,CA,B737
CA2634,20:50:00,23:30:00,50.0,CZX,T1,TFU,T2,CA,A320
CA2639,17:35:00,19:50:00,50.0,TFU,T2,TNA,T1,CA,A320
CA2640,21:00:00,23:40:00,50.0,TNA,T1,TFU,T2,CA,A320
CA2641,09:50:00,12:20:00,50.0,TFU,T2,KHN,T2,CA,ARJ21
CA2642,13:10:00,15:40:00,50.0,KHN,T2,TFU,T2,CA,B738
CA2649,11:55:00,14:25:00,50.0,TFU,T2,WUS,T1,CA,A319
CA2650,15:15:00,17:45:00,50.0,WUS,T1,TFU,T2,CA,A321
CA2653,08:45:00,10:40:00,50.0,TFU,T2,CSX,T1,CA,A319
CA2654,11:50:00,13:45:00,50.0,CSX,T1,TFU,T2,CA,A321
CA2657,17:25:00,19:45:00,50.0,TFU,T2,ZHA,T1,CA,ARJ21
CA2659,18:15:00,20:30:00,50.0,TFU,T2,HUZ,T1,CA,A320
CA2660,21:20:00,23:35:00,50.0,HUZ,T1,TFU,T2,CA,A320
CA2662,11:35:00,13:45:00,50.0,ZHA,T1,TFU,T2,CA,A321
CA2663,15:15:00,17:50:00,50.0,TFU,T2,SWA,T1,CA,B737
CA2664,19:00:00,21:40:00,50.0,SWA,T1,TFU,T2,CA,A321
CA2665,14:00:00,16:00:00,50.0,TFU,T2,BHY,T1,CA,B737
CA2666,17:00:00,19:05:00,50.0,BHY,T1,TFU,T2,CA,A319
CA2667,11:45:00,13:45:00,50.0,TFU,T2,NNG,T2,CA,B737
CA2668,14:55:00,16:45:00,50.0,NNG,T2,TFU,T2,CA,B738
CA2671,07:55:00,10:05:00,50.0,TFU,T2,BHY,T1,CA,A320
CA2672,10:55:00,13:00:00,50.0,BHY,T1,TFU,T2,CA,A321
CA2673,17:40:00,20:25:00,50.0,TFU,T2,NGB,T2,CA,A321
CA2674,13:35:00,16:35:00,50.0,NGB,T2,TFU,T2,CA,B789
CA2677,07:20:00,09:45:00,50.0,TFU,T2,ZUH,T1,CA,ARJ21
CA2678,10:55:00,13:35:00,50.0,ZUH,T1,TFU,T2,CA,ARJ21
CA2681,08:50:00,10:50:00,50.0,TFU,T2,HNY,T1,CA,B738
CA2682,11:45:00,14:00:00,50.0,HNY,T1,TFU,T2,CA,B737
CA2689,17:55:00,19:45:00,50.0,TFU,T2,NNG,T2,CA,A321
CA2693,17:25:00,19:45:00,50.0,TFU,T2,ZUH,T1,CA,A319
CA2694,20:35:00,23:00:00,50.0,ZUH,T1,TFU,T2,CA,A321
CA2695,09:55:00,11:50:00,50.0,TFU,T2,CGO,T2,CA,B737
CA2696,12:50:00,15:10:00,50.0,CGO,T2,TFU,T2,CA,A321
CA2701,15:30:00,17:10:00,50.0,TFU,T2,YCU,T1,CA,A320
CA2702,18:00:00,19:55:00,50.0,YCU,T1,TFU,T2,CA,B738
CA2703,18:35:00,20:40:00,50.0,TFU,T2,TYN,T1,CA,B737
CA2704,21:35:00,00:05:00,50.0,TYN,T1,TFU,T2,CA,A321
CA2705,14:50:00,16:55:00,50.0,TFU,T2,DSN,T1,CA,A320
CA2706,17:45:00,20:05:00,50.0,DSN,T1,TFU,T2,CA,B737
CA2707,16:05:00,18:25:00,50.0,TFU,T2,SJW,T1,CA,B738
CA2708,19:30:00,22:15:00,50.0,SJW,T1,TFU,T2,CA,A321
CA2711,16:20:00,19:35:00,50.0,TFU,T2,SHE,T3,CA,A333
CA2712,20:35:00,00:45:00,50.0,SHE,T3,TFU,T2,CA,B738
CA2713,07:45:00,11:30:00,50.0,TFU,T2,CGQ,T2,CA,A320
CA2714,12:30:00,16:55:00,50.0,CGQ,T2,TFU,T2,CA,A320
CA2718,14:50:00,17:35:00,50.0,DOY,T1,TFU,T2,CA,A320
CA2719,19:05:00,22:50:00,50.0,TFU,T2,CGQ,T2,CA,B789
CA2721,12:55:00,16:40:00,50.0,TFU,T2,CGQ,T2,CA,A321
CA2722,17:35:00,22:05:00,50.0,CGQ,T2,TFU,T2,CA,A321
CA2731,08:40:00,10:45:00,50.0,TFU,T2,TYN,T1,CA,B738
CA2732,11:35:00,13:55:00,50.0,TYN,T1,TFU,T2,CA,A321
CA2733,08:35:00,10:50:00,50.0,TFU,T2,SJW,T1,CA,A320
CA2734,11:40:00,14:15:00,50.0,SJW,T1,TFU,T2,CA,B738
CA2735,16:25:00,20:15:00,50.0,TFU,T2,HRB,T2,CA,B789
CA2736,09:50:00,14:30:00,50.0,HRB,T2,TFU,T2,CA,B738
CA2737,14:40:00,16:30:00,50.0,TFU,T2,KWL,T2,CA,B738
CA2738,17:20:00,19:05:00,50.0,KWL,T2,TFU,T2,CA,A320
CA2739,07:00:00,10:50:00,50.0,TFU,T2,HRB,T2,CA,B738
CA2740,11:50:00,16:25:00,50.0,HRB,T2,TFU,T2,CA,A321
CA2741,07:35:00,11:00:00,50.0,TFU,T2,SHE,T3,CA,A321
CA2742,12:05:00,16:15:00,50.0,SHE,T3,TFU,T2,CA,B789
CA2747,07:50:00,10:35:00,50.0,TFU,T2,LYI,T2,CA,B737
CA2748,11:25:00,14:20:00,50.0,LYI,T2,TFU,T2,CA,B738
CA2751,07:00:00,11:20:00,50.0,TFU,T2,YIN,T1,CA,A333
CA2752,12:20:00,16:20:00,50.0,YIN,T1,TFU,T2,CA,B738
CA2753,15:25:00,18:10:00,50.0,TFU,T2,JUZ,T1,CA,B738
CA2754,19:00:00,21:50:00,50.0,JUZ,T1,TFU,T2,CA,A319
CA2757,17:20:00,19:55:00,50.0,TFU,T2,SWA,T1,CA,B738
CA2761,07:50:00,10:10:00,50.0,TFU,T2,TNA,T1,CA,A320
CA2762,11:25:00,14:10:00,50.0,TNA,T1,TFU,T2,CA,A320
CA2763,11:40:00,14:15:00,50.0,TFU,T2,LXA,T3,CA,B738
CA2764,15:05:00,17:20:00,50.0,LXA,T3,TFU,T2,CA,B738
CA2765,12:50:00,15:30:00,50.0,TFU,T2,JJN,T1,CA,B738
CA2766,16:20:00,19:20:00,50.0,JJN,T1,TFU,T2,CA,A333
CA2767,16:55:00,19:30:00,50.0,TFU,T2,YIW,T1,CA,A320
CA2768,20:20:00,22:55:00,50.0,YIW,T1,TFU,T2,CA,A320
CA2773,18:50:00,20:55:00,50.0,TFU,T2,CGO,T2,CA,A320
CA2775,18:10:00,21:00:00,50.0,TFU,T2,HMI,T1,CA,B738
CA2787,07:45:00,10:35:00,50.0,TFU,T2,XMN,T4,CA,A321
CA2788,11:35:00,14:25:00,50.0,XMN,T4,TFU,T2,CA,B738
CA2791,15:15:00,17:40:00,50.0,TFU,T2,TNA,T1,CA,B738
CA2792,18:45:00,21:25:00,50.0,TNA,T1,TFU,T2,CA,B737
CA2801,07:20:00,10:35:00,50.0,TSN,T2,CAN,T3,CA,B738
CA2802,11:45:00,14:55:00,50.0,CAN,T3,TSN,T2,CA,A320
CA2803,14:55:00,18:15:00,50.0,TSN,T2,CAN,T3,CA,B738
CA2804,19:20:00,22:35:00,50.0,CAN,T3,TSN,T2,CA,B738
CA2805,18:00:00,21:20:00,50.0,TSN,T2,CAN,T3,CA,B789
CA2811,14:30:00,17:55:00,50.0,TSN,T2,SZX,T3,CA,A321
CA2812,19:25:00,22:50:00,50.0,SZX,T3,TSN,T2,CA,B738
CA2813,07:20:00,10:50:00,50.0,TSN,T2,SZX,T3,CA,B738
CA2814,11:55:00,15:15:00,50.0,SZX,T3,TSN,T2,CA,B738
CA2817,18:30:00,21:50:00,50.0,TSN,T2,SZX,T3,CA,B738
CA2819,12:30:00,15:40:00,50.0,TSN,T2,SZX,T3,CA,A321
CA2820,16:45:00,19:55:00,50.0,SZX,T3,TSN,T2,CA,A333
CA2821,14:55:00,17:05:00,50.0,TSN,T2,SHA,T2,CA,A321
CA2822,18:25:00,21:00:00,50.0,SHA,T2,TSN,T2,CA,B738
CA2823,16:30:00,18:35:00,50.0,TSN,T2,SHA,T2,CA,A321
CA2824,19:40:00,22:00:00,50.0,SHA,T2,TSN,T2,CA,A320
CA2825,07:40:00,09:45:00,50.0,TSN,T2,SHA,T2,CA,B737
CA2826,10:50:00,12:55:00,50.0,SHA,T2,TSN,T2,CA,A321
CA2831,16:30:00,18:50:00,50.0,TSN,T2,PVG,T2,CA,A320
CA2835,15:55:00,18:05:00,50.0,TSN,T2,HGH,T4,CA,B737
CA2836,19:10:00,21:30:00,50.0,HGH,T4,TSN,T2,CA,B738
CA2837,06:55:00,09:50:00,50.0,TSN,T2,XMN,T4,CA,B737
CA2838,11:05:00,13:55:00,50.0,XMN,T4,TSN,T2,CA,A320
CA2839,08:15:00,10:45:00,50.0,TSN,T2,PVG,T2,CA,B738
CA2840,11:55:00,14:15:00,50.0,PVG,T2,TSN,T2,CA,A321
CA2841,15:45:00,17:50:00,50.0,TSN,T2,WUH,T3,CA,A320
CA2842,18:50:00,20:55:00,50.0,WUH,T3,TSN,T2,CA,ARJ21
CA2845,08:20:00,10:35:00,50.0,TSN,T2,HGH,T4,CA,B738
CA2846,12:00:00,13:55:00,50.0,HGH,T4,TSN,T2,CA,B738
CA2847,10:00:00,12:10:00,50.0,TSN,T2,HGH,T4,CA,B738
CA2848,13:15:00,15:30:00,50.0,HGH,T4,TSN,T2,CA,B738
CA2861,07:50:00,10:40:00,50.0,TSN,T2,CKG,T3,CA,A320
CA2862,12:00:00,14:40:00,50.0,CKG,T3,TSN,T2,CA,A320
CA2865,08:55:00,12:40:00,50.0,TSN,T2,KWE,T3,CA,A321
CA2866,13:50:00,16:55:00,50.0,KWE,T3,TSN,T2,CA,A320
CA2867,15:40:00,19:20:00,50.0,TSN,T2,KMG,T1,CA,A333
CA2868,20:25:00,23:50:00,50.0,KMG,T1,TSN,T2,CA,A320
CA2872,14:05:00,17:30:00,50.0,KMG,T1,TSN,T2,CA,A321
CA2875,07:15:00,09:20:00,50.0,TSN,T2,XIY,T2,CA,A320
CA2876,10:25:00,12:25:00,50.0,XIY,T2,TSN,T2,CA,A321
CA2885,16:15:00,18:50:00,50.0,TSN,T2,CSX,T1,CA,B738
CA2887,07:50:00,11:20:00,50.0,TSN,T2,ZUH,T1,CA,A321
CA2888,12:20:00,15:30:00,50.0,ZUH,T1,TSN,T2,CA,A321
CA2889,14:55:00,18:35:00,50.0,TSN,T2,ZUH,T1,CA,A333
CA2890,19:45:00,23:00:00,50.0,ZUH,T1,TSN,T2,CA,B738
CA2891,07:15:00,09:55:00,50.0,TSN,T2,LHW,T3,CA,B738
CA2892,11:00:00,13:30:00,50.0,LHW,T3,TSN,T2,CA,A319
CA2893,17:30:00,19:35:00,50.0,TSN,T2,XIY,T2,CA,B738
CA2905,16:35:00,20:15:00,50.0,TSN,T2,NNG,T2,CA,A333
CA2906,21:20:00,00:45:00,50.0,NNG,T2,TSN,T2,CA,B738
CA2915,12:30:00,14:40:00,50.0,TSN,T2,XIY,T2,CA,B737
CA2916,15:45:00,17:50:00,50.0,XIY,T2,TSN,T2,CA,A321
CA2919,07:00:00,08:00:00,50.0,TSN,T2,DLC,T1,CA,A320
CA2920,09:05:00,10:00:00,50.0,DLC,T1,TSN,T2,CA,B737
CA2931,13:50:00,15:00:00,50.0,TSN,T2,DLC,T1,CA,B738
CA2932,16:05:00,17:20:00,50.0,DLC,T1,TSN,T2,CA,A320
CA2937,08:00:00,09:40:00,50.0,TSN,T2,CGQ,T2,CA,A320
CA2938,11:05:00,12:55:00,50.0,CGQ,T2,TSN,T2,CA,A320
CA2951,07:30:00,10:35:00,50.0,TSN,T2,TFU,T2,CA,A321
CA2952,11:40:00,14:30:00,50.0,TFU,T2,TSN,T2,CA,B737
CA2953,09:30:00,12:35:00,50.0,TSN,T2,TFU,T2,CA,A320
CA2954,13:45:00,16:30:00,50.0,TFU,T2,TSN,T2,CA,B738
CA2955,13:00:00,15:50:00,50.0,TSN,T2,TFU,T2,CA,B738
CA2956,17:10:00,19:35:00,50.0,TFU,T2,TSN,T2,CA,A320
CA2957,16:00:00,19:10:00,50.0,TSN,T2,TFU,T2,CA,A321
CA2961,08:30:00,11:40:00,50.0,TSN,T2,CTU,T2,CA,A333
CA2962,12:45:00,15:30:00,50.0,CTU,T2,TSN,T2,CA,A320
CA2963,15:00:00,18:10:00,50.0,TSN,T2,CTU,T2,CA,B738
CA2964,19:15:00,21:55:00,50.0,CTU,T2,TSN,T2,CA,B738
CA2969,19:30:00,22:30:00,50.0,TSN,T2,CTU,T2,CA,A320
CA2970,09:15:00,11:55:00,50.0,CTU,T2,TSN,T2,CA,B737
CA2975,11:00:00,13:50:00,50.0,TSN,T2,KWL,T2,CA,A319
CA2976,14:40:00,17:20:00,50.0,KWL,T2,TSN,T2,CA,A321
CA3099,02:05:00,04:55:00,50.0,CTU,T1,PVG,T1,CA,B738
CA3121,02:00:00,04:30:00,50.0,CAN,T1,PEK,T1,CA,A320
CA3133,01:10:00,04:00:00,50.0,PVG,T1,PEK,T1,CA,B738
CA3203,18:45:00,21:25:00,50.0,PVG,T2,TEN,T1,CA,ARJ21
CA3204,22:10:00,00:25:00,50.0,TEN,T1,PVG,T2,CA,B737
CA3208,18:25:00,20:45:00,50.0,CAN,T3,PVG,T2,CA,A321
CA3209,10:30:00,12:40:00,50.0,YKH,T1,PVG,T2,CA,A320
CA3210,16:50:00,19:45:00,50.0,PVG,T2,CIF,T1,CA,B738
CA3211,08:10:00,12:15:00,50.0,PVG,T2,JHG,T1,CA,A333
CA3213,10:30:00,13:00:00,50.0,HSC,T1,PVG,T2,CA,A320
CA3214,07:35:00,09:45:00,50.0,PVG,T2,YKH,T1,CA,B738
CA3215,12:55:00,16:10:00,50.0,SHA,T2,TFU,T2,CA,A333
CA3216,23:15:00,01:10:00,50.0,SHA,T2,CSX,T2,CA,B737
CA3217,07:00:00,08:55:00,50.0,CSX,T2,SHA,T2,CA,A320
CA3218,08:10:00,11:25:00,50.0,PVG,T2,TFU,T2,CA,A321
CA3219,15:35:00,18:25:00,50.0,WUX,T2,TFU,T2,CA,B738
CA3220,10:20:00,13:25:00,50.0,SHA,T2,TFU,T2,CA,B738
CA3221,10:05:00,13:25:00,50.0,PVG,T2,KMG,T1,CA,A333
CA3222,14:30:00,17:40:00,50.0,KMG,T1,PVG,T2,CA,B789
CA3223,18:15:00,20:05:00,50.0,SHA,T2,XMN,T4,CA,B737
CA3224,21:10:00,23:05:00,50.0,XMN,T4,PVG,T2,CA,B738
CA3225,19:35:00,21:10:00,50.0,PVG,T2,TAO,T1,CA,A321
CA3228,20:30:00,23:05:00,50.0,CIF,T1,PVG,T2,CA,A319
CA3229,07:50:00,11:15:00,50.0,SHA,T2,KMG,T1,CA,A321
CA3230,12:20:00,15:25:00,50.0,KMG,T1,SHA,T2,CA,A320
CA3231,14:55:00,16:50:00,50.0,SHA,T2,CSX,T2,CA,A319
CA3232,17:50:00,20:00:00,50.0,CSX,T2,SHA,T2,CA,ARJ21
CA3233,16:15:00,19:25:00,50.0,SHA,T2,SYX,T1,CA,A333
CA3234,12:40:00,15:55:00,50.0,SHA,T2,SYX,T1,CA,B789
CA3235,16:55:00,20:10:00,50.0,SYX,T1,SHA,T2,CA,B738
CA3236,18:30:00,20:45:00,50.0,SHA,T2,TYN,T2,CA,A321
CA3237,11:40:00,14:10:00,50.0,PVG,T2,DYG,T1,CA,B738
CA3238,16:05:00,18:35:00,50.0,SHA,T2,ZUH,T1,CA,A320
CA3239,06:35:00,09:20:00,50.0,PVG,T2,ZUH,T1,CA,B737
CA3240,15:10:00,17:55:00,50.0,PVG,T2,XIY,T3,CA,A319
CA3241,21:35:00,23:40:00,50.0,DYG,T1,PVG,T2,CA,B737
CA3242,16:05:00,19:10:00,50.0,PVG,T2,NNG,T2,CA,A333
CA3245,09:20:00,12:30:00,50.0,SHA,T2,SYX,T1,CA,A333
CA3246,13:35:00,16:50:00,50.0,SYX,T1,SHA,T2,CA,A333
CA3248,07:40:00,10:20:00,50.0,PVG,T2,CGQ,T2,CA,B737
CA3249,09:45:00,11:50:00,50.0,TYN,T2,SHA,T2,CA,A321
CA3250,21:40:00,23:05:00,50.0,WNZ,T2,PVG,T2,CA,B738
CA3251,13:55:00,16:45:00,50.0,PVG,T2,KWE,T3,CA,A321
CA3252,18:00:00,20:45:00,50.0,KWE,T3,PVG,T2,CA,A320
CA3253,10:50:00,13:40:00,50.0,SHA,T2,KWE,T3,CA,A321
CA3254,15:25:00,18:00:00,50.0,KWE,T3,SHA,T2,CA,A321
CA3255,10:55:00,13:25:00,50.0,SHA,T2,XIY,T3,CA,B738
CA3256,14:40:00,17:10:00,50.0,XIY,T3,SHA,T2,CA,A320
CA3257,07:35:00,10:20:00,50.0,SHA,T2,XIY,T3,CA,A320
CA3258,11:30:00,13:55:00,50.0,XIY,T3,SHA,T2,CA,B738
CA3261,07:50:00,11:05:00,50.0,SHA,T2,NNG,T2,CA,B789
CA3262,12:05:00,14:50:00,50.0,NNG,T2,SHA,T2,CA,A320
CA3263,10:50:00,12:45:00,50.0,DLC,T1,PVG,T2,CA,A320
CA3264,21:35:00,23:40:00,50.0,DLC,T1,PVG,T2,CA,B738
CA3265,08:00:00,11:40:00,50.0,PVG,T2,LJG,T1,CA,A321
CA3266,12:25:00,15:55:00,50.0,LJG,T1,PVG,T2,CA,A321
CA3267,07:40:00,09:45:00,50.0,PVG,T2,CSX,T2,CA,A321
CA3268,10:45:00,12:45:00,50.0,CSX,T2,PVG,T2,CA,B738
CA3269,21:00:00,23:30:00,50.0,SHA,T2,XIY,T3,CA,A320
CA3270,07:35:00,09:45:00,50.0,XIY,T3,SHA,T2,CA,B737
CA3271,06:40:00,08:55:00,50.0,SHA,T2,TYN,T2,CA,B737
CA3272,10:05:00,15:25:00,50.0,SHA,T2,URC,T1,CA,A333
CA3273,16:25:00,21:10:00,50.0,URC,T1,SHA,T2,CA,A333
CA3274,10:20:00,12:55:00,50.0,KWL,T2,PVG,T2,CA,A321
CA3275,17:00:00,19:15:00,50.0,SHA,T2,SZX,T3,CA,A321
CA3276,20:30:00,22:35:00,50.0,SZX,T3,SHA,T2,CA,A319
CA3277,18:05:00,20:25:00,50.0,SHA,T2,CAN,T3,CA,B737
CA3278,21:30:00,23:50:00,50.0,CAN,T3,SHA,T2,CA,B738
CA3279,21:45:00,00:15:00,50.0,SHA,T2,CAN,T3,CA,A321
CA3280,06:40:00,08:55:00,50.0,CAN,T3,SHA,T2,CA,B738
CA3281,10:50:00,13:10:00,50.0,CAN,T3,SHA,T2,CA,A320
CA3282,10:40:00,13:00:00,50.0,SHA,T2,CAN,T3,CA,B738
CA3283,14:15:00,16:35:00,50.0,CAN,T3,SHA,T2,CA,B738
CA3287,07:40:00,10:05:00,50.0,SHA,T2,SZX,T3,CA,A320
CA3288,11:20:00,13:35:00,50.0,SZX,T3,SHA,T2,CA,B738
CA3289,09:45:00,12:05:00,50.0,SHA,T2,SZX,T3,CA,A319
CA3290,13:20:00,15:30:00,50.0,SZX,T3,SHA,T2,CA,A320
CA3291,14:35:00,16:50:00,50.0,SHA,T2,SZX,T3,CA,ARJ21
CA3292,18:05:00,20:20:00,50.0,SZX,T3,SHA,T2,CA,B737
CA3293,17:50:00,20:10:00,50.0,SHA,T2,SZX,T3,CA,B737
CA3294,21:25:00,23:35:00,50.0,SZX,T3,SHA,T2,CA,B738
CA3295,21:25:00,23:50:00,50.0,SHA,T2,SZX,T3,CA,B738
CA3296,07:30:00,09:50:00,50.0,SZX,T3,SHA,T2,CA,A320
CA3298,16:50:00,18:40:00,50.0,CGO,T2,PVG,T2,CA,A320
CA3299,06:40:00,09:05:00,50.0,PVG,T2,DYG,T1,CA,A321
CA3307,14:00:00,16:10:00,50.0,SZX,T3,HGH,T3,CA,A320
CA3308,17:30:00,19:50:00,50.0,HGH,T3,SZX,T3,CA,B737
CA3309,21:20:00,23:30:00,50.0,PEK,T3,WUX,T2,CA,B738
CA3310,21:55:00,00:05:00,50.0,WUX,T2,PEK,T3,CA,B737
CA3311,12:00:00,14:25:00,50.0,SZX,T3,SHA,T2,CA,B738
CA3312,15:35:00,18:05:00,50.0,SHA,T2,SZX,T3,CA,B738
CA3313,14:50:00,17:20:00,50.0,SZX,T3,PVG,T2,CA,B738
CA3314,18:30:00,21:30:00,50.0,PVG,T2,SZX,T3,CA,B738
CA3317,08:30:00,11:10:00,50.0,TFU,T2,YTY,T1,CA,A320
CA3318,12:35:00,15:15:00,50.0,YTY,T1,TFU,T2,CA,B737
CA3319,15:30:00,17:05:00,50.0,YCU,T1,WUH,T3,CA,A320
CA3320,13:15:00,14:40:00,50.0,WUH,T3,YCU,T1,CA,A319
CA3321,09:05:00,11:20:00,50.0,HFE,T1,MIG,T2,CA,B738
CA3322,12:10:00,14:20:00,50.0,MIG,T2,HFE,T1,CA,A321
CA3323,14:10:00,16:45:00,50.0,WUX,T2,KWE,T3,CA,A320
CA3324,17:45:00,20:10:00,50.0,KWE,T3,WUX,T2,CA,B738
CA3325,11:40:00,14:05:00,50.0,CAN,T3,NKG,T2,CA,A319
CA3326,15:10:00,17:35:00,50.0,NKG,T2,CAN,T3,CA,A321
CA3327,15:25:00,17:40:00,50.0,NKG,T2,CGQ,T2,CA,B738
CA3328,18:45:00,21:30:00,50.0,CGQ,T2,NKG,T2,CA,B738
CA3329,13:40:00,16:55:00,50.0,SZX,T3,TAO,T1,CA,A333
CA3330,17:55:00,21:15:00,50.0,TAO,T1,SZX,T3,CA,B738
CA3333,15:25:00,17:55:00,50.0,SZX,T3,PVG,T2,CA,B738
CA3334,19:00:00,21:40:00,50.0,PVG,T2,SZX,T3,CA,A320
CA3335,07:45:00,11:05:00,50.0,SZX,T3,TAO,T1,CA,A320
CA3336,12:25:00,15:45:00,50.0,TAO,T1,SZX,T3,CA,A333
CA3337,09:35:00,11:40:00,50.0,SZX,T3,HGH,T3,CA,B738
CA3338,12:55:00,15:15:00,50.0,HGH,T3,SZX,T3,CA,A321
CA3339,09:25:00,11:45:00,50.0,CAN,T3,YTY,T1,CA,A320
CA3340,12:30:00,14:50:00,50.0,YTY,T1,CAN,T3,CA,A319
CA3341,20:45:00,23:10:00,50.0,CGO,T2,CAN,T3,CA,A320
CA3342,08:05:00,10:15:00,50.0,CAN,T3,CGO,T2,CA,A320
CA3345,11:55:00,14:10:00,50.0,SZX,T3,HFE,T1,CA,A320
CA3346,15:15:00,17:40:00,50.0,HFE,T1,SZX,T3,CA,B737
CA3347,23:00:00,00:25:00,50.0,SZX,T3,ZHA,T1,CA,ARJ21
CA3349,07:05:00,09:40:00,50.0,JJN,T1,YBP,T1,CA,A320
CA3350,10:25:00,13:00:00,50.0,YBP,T1,JJN,T1,CA,A319
CA3353,07:45:00,11:10:00,50.0,SZX,T3,INC,T1,CA,A321
CA3354,12:10:00,15:25:00,50.0,INC,T1,SZX,T3,CA,A333
CA3355,21:50:00,23:45:00,50.0,YCU,T1,NKG,T2,CA,B738
CA3356,19:05:00,20:55:00,50.0,NKG,T2,YCU,T1,CA,B738
CA3357,20:35:00,23:20:00,50.0,SZX,T3,XIY,T2,CA,A319
CA3358,08:35:00,11:25:00,50.0,XIY,T2,SZX,T3,CA,A321
CA3359,09:50:00,11:50:00,50.0,NTG,T3,TSN,T2,CA,B738
CA3360,15:35:00,17:20:00,50.0,NTG,T3,JJN,T1,CA,B738
CA3367,12:05:00,14:40:00,50.0,NTG,T3,ZUH,T1,CA,ARJ21
CA3368,15:30:00,17:50:00,50.0,ZUH,T1,NTG,T3,CA,A320
CA3370,09:35:00,11:55:00,50.0,NKG,T2,SZX,T3,CA,B737
CA3372,18:55:00,21:15:00,50.0,NTG,T3,PEK,T3,CA,B737
CA3373,12:45:00,14:45:00,50.0,KHN,T2,CKG,T3,CA,A321
CA3374,16:05:00,18:00:00,50.0,CKG,T3,KHN,T2,CA,A321
CA3375,15:10:00,17:45:00,50.0,WUX,T2,NNG,T2,CA,A321
CA3377,20:25:00,22:50:00,50.0,CAN,T3,WUX,T2,CA,A320
CA3378,08:00:00,10:30:00,50.0,WUX,T2,CAN,T3,CA,A320
CA3379,19:30:00,21:50:00,50.0,SZX,T3,SHA,T2,CA,A321
CA3380,09:05:00,11:40:00,50.0,SHA,T2,SZX,T3,CA,A320
CA3381,16:10:00,18:35:00,50.0,CAN,T3,WUX,T1,CA,B737
CA3382,19:55:00,22:40:00,50.0,WUX,T2,CAN,T3,CA,B738
CA3385,14:40:00,16:25:00,50.0,SZX,T3,SYX,T2,CA,B737
CA3386,17:30:00,19:20:00,50.0,SYX,T2,SZX,T3,CA,A320
CA3387,21:10:00,23:45:00,50.0,CAN,T3,WUX,T2,CA,A320
CA3388,07:10:00,09:40:00,50.0,WUX,T2,CAN,T3,CA,A321
CA3389,18:25:00,20:45:00,50.0,XIY,T2,NTG,T3,CA,A320
CA3390,15:00:00,17:20:00,50.0,NTG,T3,XIY,T2,CA,B737
CA3391,08:00:00,10:25:00,50.0,WUX,T2,ZUH,T1,CA,A319
CA3392,11:15:00,13:15:00,50.0,ZUH,T1,WUX,T2,CA,ARJ21
CA3393,21:35:00,23:05:00,50.0,CAN,T3,HAK,T1,CA,A320
CA3394,06:40:00,08:05:00,50.0,HAK,T1,CAN,T3,CA,ARJ21
CA3395,10:40:00,12:55:00,50.0,WUX,T2,SHE,T3,CA,A320
CA3396,07:15:00,09:45:00,50.0,SHE,T3,WUX,T2,CA,B737
CA3399,13:55:00,16:15:00,50.0,CAN,T3,NKG,T2,CA,A321
CA3400,17:40:00,20:05:00,50.0,NKG,T2,CAN,T3,CA,B738
CA3401,07:30:00,11:00:00,50.0,SZX,T3,PEK,T3,CA,A321
CA3402,12:15:00,15:50:00,50.0,PEK,T3,SZX,T3,CA,A321
CA3403,10:00:00,13:25:00,50.0,SZX,T3,PEK,T3,CA,B738
CA3404,14:30:00,18:05:00,50.0,PEK,T3,SZX,T3,CA,A321
CA3405,12:20:00,15:45:00,50.0,SZX,T3,PEK,T3,CA,A333
CA3406,17:00:00,20:35:00,50.0,PEK,T3,SZX,T3,CA,B738
CA3407,14:20:00,17:45:00,50.0,SZX,T3,PEK,T3,CA,B738
CA3408,19:00:00,22:35:00,50.0,PEK,T3,SZX,T3,CA,A320
CA3409,16:15:00,19:45:00,50.0,SZX,T3,PEK,T3,CA,B738
CA3410,21:00:00,00:30:00,50.0,PEK,T3,SZX,T3,CA,A333
CA3411,15:40:00,18:15:00,50.0,YIC,T1,PEK,T3,CA,A319
CA3412,10:20:00,12:05:00,50.0,YIC,T1,SZX,T3,CA,ARJ21
CA3413,20:45:00,00:15:00,50.0,SZX,T3,PEK,T3,CA,A321
CA3414,07:30:00,11:15:00,50.0,PEK,T3,SZX,T3,CA,A333
CA3417,09:05:00,11:20:00,50.0,SZX,T3,NTG,T3,CA,A320
CA3418,21:40:00,00:15:00,50.0,NTG,T3,SZX,T3,CA,B738
CA3421,10:50:00,13:15:00,50.0,SZX,T3,NTG,T3,CA,A320
CA3422,14:35:00,17:10:00,50.0,NTG,T1,SZX,T3,CA,A320
CA3423,18:00:00,20:40:00,50.0,CAN,T3,XIY,T2,CA,A320
CA3424,21:45:00,00:35:00,50.0,XIY,T2,CAN,T3,CA,A320
CA3427,07:30:00,10:05:00,50.0,NKG,T2,ZUH,T1,CA,A320
CA3428,11:00:00,13:15:00,50.0,ZUH,T1,NKG,T2,CA,B738
CA3429,20:50:00,23:15:00,50.0,SZX,T3,NKG,T2,CA,B737
CA3430,07:15:00,09:50:00,50.0,NKG,T2,SZX,T3,CA,B738
CA3431,21:00:00,23:20:00,50.0,SZX,T3,NTG,T3,CA,A320
CA3432,08:30:00,11:00:00,50.0,NTG,T3,SZX,T3,CA,B737
CA3433,17:05:00,19:55:00,50.0,SZX,T3,SJW,T2,CA,A321
CA3434,20:55:00,00:10:00,50.0,SJW,T2,SZX,T3,CA,A321
CA3440,12:15:00,14:55:00,50.0,TFU,T2,NTG,T3,CA,B738
CA3441,09:40:00,12:45:00,50.0,CAN,T3,INC,T1,CA,A321
CA3442,13:35:00,16:55:00,50.0,INC,T1,CAN,T3,CA,B738
CA3443,07:20:00,09:00:00,50.0,SZX,T3,SYX,T2,CA,B738
CA3444,22:05:00,23:40:00,50.0,SYX,T2,SZX,T3,CA,A320
CA3445,12:05:00,14:40:00,50.0,SZX,T3,BZX,T1,CA,A321
CA3447,07:05:00,10:05:00,50.0,SZX,T3,SJW,T2,CA,A320
CA3448,11:15:00,14:30:00,50.0,SJW,T2,SZX,T3,CA,A321
CA3451,21:55:00,23:50:00,50.0,YCU,T1,WUX,T2,CA,B738
CA3452,19:20:00,21:10:00,50.0,WUX,T2,YCU,T1,CA,A320
CA3453,14:00:00,16:00:00,50.0,PEK,T3,WUX,T2,CA,A320
CA3454,18:10:00,20:15:00,50.0,WUX,T2,PEK,T3,CA,B738
CA3455,09:25:00,11:15:00,50.0,JJN,T1,ZHA,T1,CA,A321
CA3456,14:45:00,16:20:00,50.0,JJN,T1,NKG,T2,CA,B738
CA3457,07:00:00,09:35:00,50.0,CAN,T3,LYI,T2,CA,A320
CA3458,10:20:00,12:50:00,50.0,LYI,T2,CAN,T3,CA,A321
CA3459,18:40:00,21:15:00,50.0,NTG,T3,CKG,T3,CA,A321
CA3460,22:20:00,00:40:00,50.0,CKG,T3,NTG,T3,CA,A319
CA3463,21:15:00,23:50:00,50.0,CAN,T3,NTG,T3,CA,A320
CA3464,08:20:00,10:40:00,50.0,NTG,T3,CAN,T3,CA,A319
CA3465,15:40:00,18:45:00,50.0,YCU,T1,HAK,T1,CA,B738
CA3466,19:45:00,22:40:00,50.0,HAK,T1,YCU,T1,CA,B738
CA3467,09:15:00,12:35:00,50.0,NNG,T2,PEK,T3,CA,A333
CA3468,13:40:00,17:15:00,50.0,PEK,T3,NNG,T2,CA,A320
CA3471,07:50:00,10:40:00,50.0,NTG,T3,KWE,T3,CA,A319
CA3472,11:40:00,14:10:00,50.0,KWE,T3,NTG,T3,CA,A321
CA3473,13:10:00,15:50:00,50.0,WNZ,T2,SYX,T2,CA,A320
CA3474,20:55:00,23:50:00,50.0,WNZ,T2,SHE,T3,CA,A320
CA3475,07:45:00,10:20:00,50.0,SZX,T3,PVG,T2,CA,B738
CA3476,11:25:00,14:00:00,50.0,PVG,T2,SZX,T3,CA,A320
CA3477,22:10:00,23:50:00,50.0,SZX,T3,KHN,T2,CA,A320
CA3478,21:55:00,23:40:00,50.0,KHN,T2,SZX,T3,CA,A321
CA3479,08:10:00,10:50:00,50.0,SZX,T3,LYI,T2,CA,B738
CA3480,12:00:00,14:45:00,50.0,LYI,T2,SZX,T3,CA,A321
CA3481,10:00:00,11:55:00,50.0,SZX,T3,WNZ,T2,CA,A319
CA3482,18:45:00,20:35:00,50.0,WNZ,T2,SZX,T3,CA,B738
CA3483,13:55:00,16:30:00,50.0,SZX,T3,PVG,T2,CA,B737
CA3484,17:45:00,20:20:00,50.0,PVG,T2,SZX,T3,CA,B738
CA3485,21:15:00,23:45:00,50.0,SZX,T3,WUX,T2,CA,A320
CA3486,08:35:00,11:05:00,50.0,WUX,T2,SZX,T3,CA,B738
CA3487,07:00:00,08:35:00,50.0,JJN,T1,HSN,T1,CA,B738
CA3488,09:20:00,11:05:00,50.0,HSN,T1,JJN,T1,CA,A320
CA3489,06:55:00,08:50:00,50.0,KHN,T2,CKG,T3,CA,A321
CA3490,09:55:00,11:45:00,50.0,CKG,T3,KHN,T2,CA,B738
CA3491,20:50:00,23:40:00,50.0,SZX,T3,LYI,T2,CA,B737
CA3492,08:10:00,11:05:00,50.0,LYI,T2,SZX,T3,CA,A319
CA3495,14:50:00,18:05:00,50.0,SZX,T3,INC,T1,CA,A333
CA3496,18:55:00,22:25:00,50.0,INC,T1,SZX,T3,CA,A320
CA3499,16:15:00,17:40:00,50.0,CAN,T3,HAK,T1,CA,A320
CA3500,18:40:00,20:05:00,50.0,HAK,T1,CAN,T3,CA,E190
CA3501,08:05:00,10:30:00,50.0,SZX,T3,SHA,T2,CA,A320
CA3502,11:45:00,14:10:00,50.0,SHA,T2,SZX,T3,CA,B738
CA3503,07:20:00,09:30:00,50.0,SZX,T3,CZX,T1,CA,A321
CA3504,10:15:00,12:35:00,50.0,CZX,T1,SZX,T3,CA,A319
CA3505,19:25:00,21:45:00,50.0,SZX,T3,CZX,T1,CA,A320
CA3506,22:35:00,01:00:00,50.0,CZX,T1,SZX,T3,CA,A320
CA3507,07:35:00,09:45:00,50.0,SZX,T3,XFN,T2,CA,A319
CA3508,10:50:00,13:00:00,50.0,XFN,T2,SZX,T3,CA,B737
CA3509,20:20:00,23:10:00,50.0,CAN,T3,XIY,T2,CA,A320
CA3510,07:50:00,10:35:00,50.0,XIY,T2,CAN,T3,CA,B737
CA3511,07:00:00,09:40:00,50.0,SZX,T3,XIY,T2,CA,B738
CA3512,10:45:00,13:40:00,50.0,XIY,T2,SZX,T3,CA,A320
CA3517,19:50:00,22:05:00,50.0,SZX,T3,XFN,T2,CA,A321
CA3518,22:50:00,00:55:00,50.0,XFN,T2,SZX,T3,CA,A319
CA3519,07:05:00,09:15:00,50.0,SZX,T3,JUH,T1,CA,A320
CA3520,10:10:00,12:15:00,50.0,JUH,T1,SZX,T3,CA,A320
CA3521,09:55:00,12:40:00,50.0,CAN,T3,XIY,T2,CA,B738
CA3522,14:00:00,16:45:00,50.0,XIY,T2,CAN,T3,CA,A321
CA3525,08:40:00,11:00:00,50.0,SZX,T3,NGB,T2,CA,B737
CA3526,11:55:00,14:05:00,50.0,NGB,T2,SZX,T3,CA,A320
CA3527,20:55:00,22:40:00,50.0,NNG,T2,CKG,T3,CA,B737
CA3528,08:25:00,10:10:00,50.0,CKG,T3,NNG,T2,CA,B737
CA3529,18:55:00,21:00:00,50.0,SZX,T3,YIH,T2,CA,B737
CA3530,21:55:00,23:50:00,50.0,YIH,T2,SZX,T3,CA,A320
CA3533,12:50:00,15:50:00,50.0,CGO,T2,HAK,T1,CA,A333
CA3534,16:50:00,19:45:00,50.0,HAK,T1,CGO,T2,CA,A321
CA3535,07:25:00,10:50:00,50.0,SZX,T3,XNN,T3,CA,A321
CA3536,11:40:00,15:10:00,50.0,XNN,T3,SZX,T3,CA,A321
CA3537,21:30:00,23:30:00,50.0,SZX,T3,WNZ,T2,CA,A320
CA3538,06:50:00,08:45:00,50.0,WNZ,T2,SZX,T3,CA,A320
CA3539,07:55:00,11:05:00,50.0,SZX,T3,YNT,T2,CA,A333
CA3540,11:55:00,15:20:00,50.0,YNT,T2,SZX,T3,CA,A333
CA3541,15:20:00,17:50:00,50.0,CAN,T3,PVG,T2,CA,A320
CA3542,19:25:00,22:10:00,50.0,PVG,T2,CAN,T3,CA,A320
CA3543,17:50:00,20:30:00,50.0,CAN,T3,LYI,T1,CA,A319
CA3544,21:40:00,00:25:00,50.0,LYI,T2,CAN,T3,CA,A320
CA3545,17:00:00,19:55:00,50.0,WUX,T2,CTU,T2,CA,A320
CA3546,21:00:00,23:35:00,50.0,CTU,T2,WUX,T2,CA,B737
CA3547,22:00:00,23:55:00,50.0,SZX,T3,WNZ,T2,CA,A321
CA3548,09:30:00,11:20:00,50.0,WNZ,T2,SZX,T3,CA,A321
CA3551,21:25:00,22:45:00,50.0,SZX,T3,HAK,T1,CA,E190
CA3552,09:35:00,10:55:00,50.0,HAK,T1,SZX,T3,CA,A320
CA3555,07:45:00,10:20:00,50.0,SZX,T3,KMG,T1,CA,B737
CA3556,11:25:00,13:35:00,50.0,KMG,T1,SZX,T3,CA,A320
CA3557,09:35:00,11:50:00,50.0,SZX,T3,KMG,T1,CA,A320
CA3558,12:55:00,15:05:00,50.0,KMG,T1,SZX,T3,CA,A321
CA3559,07:05:00,10:15:00,50.0,CAN,T3,PEK,T3,CA,A321
CA3560,11:25:00,14:55:00,50.0,PEK,T3,CAN,T3,CA,A320
CA3563,14:30:00,17:15:00,50.0,SZX,T3,CTU,T2,CA,A321
CA3564,18:30:00,21:00:00,50.0,CTU,T2,SZX,T3,CA,A319
CA3565,11:05:00,13:25:00,50.0,SZX,T3,KMG,T1,CA,B737
CA3566,14:45:00,16:55:00,50.0,KMG,T1,SZX,T3,CA,A321
CA3567,16:10:00,18:40:00,50.0,SZX,T3,KMG,T1,CA,A320
CA3568,19:45:00,22:05:00,50.0,KMG,T1,SZX,T3,CA,B737
CA3569,08:45:00,11:40:00,50.0,PEK,T3,TFU,T2,CA,A321
CA3570,20:40:00,23:15:00,50.0,TFU,T2,PEK,T3,CA,B738
CA3571,16:10:00,19:00:00,50.0,SZX,T3,LJG,T1,CA,A321
CA3572,19:55:00,22:30:00,50.0,LJG,T1,SZX,T3,CA,A321
CA3573,10:20:00,13:10:00,50.0,SZX,T3,XIY,T2,CA,A319
CA3574,14:35:00,17:35:00,50.0,XIY,T2,SZX,T3,CA,B738
CA3575,19:35:00,22:55:00,50.0,SZX,T3,PEK,T3,CA,A320
CA3576,09:20:00,12:50:00,50.0,PEK,T3,SZX,T3,CA,B738
CA3577,14:35:00,17:55:00,50.0,SZX,T3,TSN,T2,CA,A321
CA3578,19:00:00,22:15:00,50.0,TSN,T2,SZX,T3,CA,A333
CA3579,14:00:00,17:00:00,50.0,SZX,T3,XIY,T2,CA,B738
CA3580,18:15:00,21:05:00,50.0,XIY,T2,SZX,T3,CA,A321
CA3581,18:15:00,21:05:00,50.0,SZX,T3,XIY,T2,CA,A319
CA3582,22:10:00,01:05:00,50.0,XIY,T2,SZX,T3,CA,B738
CA3583,18:10:00,20:35:00,50.0,CAN,T3,YTY,T1,CA,B738
CA3584,21:20:00,23:45:00,50.0,YTY,T1,CAN,T3,CA,A320
CA3585,19:05:00,21:25:00,50.0,SZX,T3,YBP,T1,CA,A321
CA3586,22:10:00,00:25:00,50.0,YBP,T1,SZX,T3,CA,B738
CA3587,07:25:00,09:55:00,50.0,SZX,T3,WUX,T2,CA,A321
CA3588,11:00:00,13:30:00,50.0,WUX,T2,SZX,T3,CA,B738
CA3589,08:40:00,11:25:00,50.0,SZX,T3,WUX,T2,CA,A319
CA3590,14:25:00,17:05:00,50.0,WUX,T2,SZX,T3,CA,B738
CA3591,11:35:00,14:05:00,50.0,SZX,T3,WUX,T1,CA,A320
CA3592,15:35:00,18:25:00,50.0,WUX,T2,SZX,T3,CA,B737
CA3593,12:10:00,14:40:00,50.0,SZX,T3,WUX,T2,CA,A321
CA3594,22:25:00,00:50:00,50.0,WUX,T2,SZX,T3,CA,A321
CA3595,17:30:00,20:55:00,50.0,SZX,T3,PEK,T3,CA,A321
CA3596,19:30:00,23:00:00,50.0,PEK,T3,SZX,T3,CA,B738
CA3597,17:00:00,19:30:00,50.0,SZX,T3,WUX,T2,CA,B737
CA3598,20:40:00,23:10:00,50.0,WUX,T2,SZX,T3,CA,A321
CA3599,10:45:00,16:30:00,50.0,SZX,T3,URC,T2,CA,A333
CA3600,17:50:00,23:20:00,50.0,URC,T2,SZX,T3,CA,A333
CA3601,14:00:00,15:40:00,50.0,LYI,T2,SHE,T3,CA,A319
CA3602,16:40:00,18:40:00,50.0,SHE,T3,LYI,T2,CA,B738
CA3603,11:15:00,14:40:00,50.0,SZX,T3,HET,T1,CA,A333
CA3604,15:40:00,19:00:00,50.0,HET,T1,SZX,T3,CA,A321
CA3605,18:05:00,20:15:00,50.0,CAN,T3,HGH,T3,CA,B738
CA3606,21:20:00,23:40:00,50.0,HGH,T3,CAN,T3,CA,A321
CA3607,15:15:00,17:35:00,50.0,KHN,T2,TSN,T2,CA,A320
CA3608,18:35:00,20:55:00,50.0,TSN,T2,KHN,T2,CA,ARJ21
CA3609,07:50:00,10:35:00,50.0,SZX,T3,CGO,T2,CA,B737
CA3610,12:10:00,14:40:00,50.0,CGO,T2,SZX,T3,CA,A320
CA3611,08:55:00,11:55:00,50.0,SZX,T3,TYN,T1,CA,A321
CA3612,13:00:00,16:00:00,50.0,TYN,T1,SZX,T3,CA,A321
CA3613,10:45:00,12:40:00,50.0,CAN,T3,WNZ,T2,CA,B738
CA3614,13:55:00,16:00:00,50.0,WNZ,T2,CAN,T3,CA,A321
CA3615,12:30:00,15:05:00,50.0,SZX,T3,CGO,T2,CA,A320
CA3616,16:10:00,18:50:00,50.0,CGO,T2,SZX,T3,CA,B738
CA3617,10:55:00,12:55:00,50.0,PEK,T3,WUX,T2,CA,A320
CA3618,07:40:00,09:45:00,50.0,WUX,T2,PEK,T3,CA,A320
CA3619,19:05:00,21:15:00,50.0,SZX,T3,HYN,T1,CA,A320
CA3620,22:05:00,00:05:00,50.0,HYN,T1,SZX,T3,CA,B738
CA3623,11:00:00,15:00:00,50.0,SZX,T3,SHE,T3,CA,B738
CA3624,16:35:00,21:15:00,50.0,SHE,T3,SZX,T3,CA,A321
CA3625,15:35:00,19:30:00,50.0,SZX,T3,SHE,T3,CA,B738
CA3626,20:45:00,00:50:00,50.0,SHE,T3,SZX,T3,CA,B789
CA3628,09:15:00,13:30:00,50.0,SHE,T3,SZX,T3,CA,A321
CA3629,07:55:00,12:15:00,50.0,SZX,T3,CGQ,T2,CA,B738
CA3630,13:30:00,18:00:00,50.0,CGQ,T2,SZX,T3,CA,A333
CA3631,13:35:00,15:25:00,50.0,NTG,T3,XMN,T4,CA,A319
CA3632,19:30:00,21:50:00,50.0,NTG,T3,SHE,T3,CA,A320
CA3635,12:50:00,15:20:00,50.0,SZX,T3,SHA,T2,CA,B738
CA3636,16:35:00,19:10:00,50.0,SHA,T2,SZX,T3,CA,B738
CA3637,16:25:00,19:05:00,50.0,SZX,T3,PVG,T2,CA,A320
CA3638,20:10:00,22:45:00,50.0,PVG,T2,SZX,T3,CA,B737
CA3639,21:05:00,23:55:00,50.0,SZX,T3,YCU,T1,CA,B738
CA3640,07:05:00,09:50:00,50.0,YCU,T1,SZX,T3,CA,A320
CA3645,21:15:00,23:25:00,50.0,YNT,T2,HRB,T2,CA,ARJ21
CA3646,09:10:00,11:10:00,50.0,HRB,T2,YNT,T2,CA,ARJ21
CA3647,13:05:00,16:05:00,50.0,SZX,T3,TYN,T1,CA,B738
CA3648,16:55:00,20:00:00,50.0,TYN,T1,SZX,T3,CA,A333
CA3649,08:15:00,10:45:00,50.0,NNG,T2,NKG,T2,CA,A320
CA3650,12:05:00,15:10:00,50.0,NKG,T2,NNG,T2,CA,A321
CA3651,18:45:00,21:15:00,50.0,SZX,T3,NKG,T2,CA,B737
CA3652,21:00:00,23:35:00,50.0,NKG,T2,SZX,T3,CA,B737
CA3653,13:30:00,16:10:00,50.0,YCU,T1,NNG,T2,CA,A320
CA3654,17:15:00,19:40:00,50.0,NNG,T2,YCU,T1,CA,A321
CA3655,06:45:00,09:10:00,50.0,CAN,T3,WUX,T2,CA,A321
CA3656,21:15:00,23:40:00,50.0,WUX,T2,CAN,T3,CA,B737
CA3657,08:40:00,10:50:00,50.0,CAN,T3,WUX,T2,CA,B738
CA3658,11:40:00,14:15:00,50.0,WUX,T2,CAN,T3,CA,B738
CA3659,10:15:00,13:25:00,50.0,SZX,T3,LHW,T3,CA,B789
CA3660,14:15:00,17:35:00,50.0,LHW,T3,SZX,T3,CA,A333
CA3663,11:40:00,14:25:00,50.0,WUX,T2,TFU,T2,CA,A321
CA3664,08:15:00,10:50:00,50.0,TFU,T2,WUX,T2,CA,A321
CA3665,15:50:00,17:30:00,50.0,SZX,T3,SYX,T2,CA,ARJ21
CA3666,18:40:00,20:25:00,50.0,SYX,T2,SZX,T3,CA,A319
CA3669,14:20:00,16:20:00,50.0,NNG,T2,FOC,T1,CA,A321
CA3670,17:15:00,19:30:00,50.0,FOC,T1,NNG,T2,CA,A321
CA3671,11:25:00,13:50:00,50.0,YTY,T1,CGQ,T2,CA,A320
CA3672,19:00:00,21:45:00,50.0,YTY,T1,CAN,T3,CA,A319
CA3673,15:50:00,18:10:00,50.0,XIY,T2,YTY,T1,CA,A320
CA3674,19:40:00,22:05:00,50.0,YTY,T1,XIY,T2,CA,A321
CA3677,12:15:00,15:25:00,50.0,YCU,T1,SYX,T2,CA,A320
CA3678,16:25:00,19:25:00,50.0,SYX,T2,YCU,T1,CA,A333
CA3679,09:15:00,11:40:00,50.0,SZX,T3,NKG,T2,CA,B738
CA3680,12:40:00,15:10:00,50.0,NKG,T2,SZX,T3,CA,B738
CA3681,15:55:00,17:55:00,50.0,CGO,T2,WNZ,T2,CA,B738
CA3682,12:45:00,14:50:00,50.0,WNZ,T2,CGO,T2,CA,ARJ21
CA3683,07:50:00,10:35:00,50.0,SZX,T3,CTU,T2,CA,A320
CA3684,11:50:00,14:15:00,50.0,CTU,T2,SZX,T3,CA,A320
CA3685,08:30:00,11:15:00,50.0,SZX,T3,CTU,T2,CA,B737
CA3686,12:30:00,14:55:00,50.0,CTU,T2,SZX,T3,CA,A319
CA3687,18:30:00,21:10:00,50.0,WUX,T2,CKG,T3,CA,A320
CA3688,14:50:00,17:10:00,50.0,CKG,T3,WUX,T2,CA,B738
CA3689,15:30:00,17:50:00,50.0,CAN,T3,TFU,T2,CA,A320
CA3691,11:45:00,14:10:00,50.0,SZX,T3,NKG,T2,CA,A321
CA3692,15:35:00,18:15:00,50.0,NKG,T2,SZX,T3,CA,A320
CA3693,11:50:00,14:10:00,50.0,CAN,T3,WUX,T2,CA,B738
CA3694,15:50:00,18:15:00,50.0,WUX,T2,CAN,T3,CA,A321
CA3695,16:20:00,18:30:00,50.0,SZX,T3,NKG,T2,CA,A320
CA3696,19:30:00,22:05:00,50.0,NKG,T2,SZX,T3,CA,B737
CA3697,11:20:00,13:45:00,50.0,SZX,T3,CKG,T3,CA,A321
CA3698,15:50:00,18:05:00,50.0,CKG,T3,SZX,T3,CA,ARJ21
CA3699,07:10:00,09:25:00,50.0,CAN,T3,NKG,T2,CA,B738
CA3700,10:25:00,12:45:00,50.0,NKG,T2,CAN,T3,CA,A321
CA3701,16:50:00,19:10:00,50.0,SZX,T3,CKG,T3,CA,ARJ21
CA3702,20:15:00,22:40:00,50.0,CKG,T3,SZX,T3,CA,B737
CA3703,16:35:00,19:10:00,50.0,SZX,T3,CTU,T2,CA,A319
CA3704,20:30:00,22:50:00,50.0,CTU,T2,SZX,T3,CA,A320
CA3705,12:00:00,14:35:00,50.0,SZX,T3,CTU,T2,CA,B738
CA3706,16:00:00,18:30:00,50.0,CTU,T2,SZX,T3,CA,A321
CA3707,19:00:00,21:15:00,50.0,SZX,T3,CKG,T3,CA,A320
CA3708,22:20:00,00:35:00,50.0,CKG,T3,SZX,T3,CA,B738
CA3709,21:05:00,23:25:00,50.0,SZX,T3,CKG,T3,CA,A319
CA3710,08:15:00,10:35:00,50.0,CKG,T3,SZX,T3,CA,A321
CA3713,14:15:00,17:00:00,50.0,SHE,T3,HFE,T1,CA,A320
CA3714,10:40:00,13:15:00,50.0,HFE,T1,SHE,T3,CA,A320
CA3715,09:40:00,12:35:00,50.0,WNZ,T2,YBP,T1,CA,B737
CA3716,13:25:00,16:10:00,50.0,YBP,T1,WNZ,T2,CA,A319
CA3717,08:45:00,10:45:00,50.0,CAN,T3,HFE,T1,CA,A321
CA3718,11:55:00,13:55:00,50.0,HFE,T1,CAN,T3,CA,A321
CA3719,16:20:00,19:05:00,50.0,NNG,T2,NKG,T2,CA,B737
CA3720,20:10:00,23:05:00,50.0,NKG,T2,NNG,T2,CA,A320
CA3721,15:25:00,18:35:00,50.0,SZX,T3,TAO,T1,CA,A321
CA3722,19:35:00,22:50:00,50.0,TAO,T1,SZX,T3,CA,A320
CA3723,09:25:00,11:55:00,50.0,SZX,T3,PVG,T2,CA,A321
CA3724,13:20:00,15:50:00,50.0,PVG,T2,SZX,T3,CA,A321
CA3725,21:20:00,23:40:00,50.0,XIY,T2,WUX,T2,CA,B738
CA3726,18:00:00,20:15:00,50.0,WUX,T2,XIY,T2,CA,A321
CA3727,14:10:00,15:55:00,50.0,WUH,T3,TYN,T1,CA,A319
CA3728,19:45:00,22:00:00,50.0,WUH,T3,NNG,T2,CA,A321
CA3731,09:05:00,11:25:00,50.0,CAN,T3,NKG,T2,CA,B738
CA3732,12:30:00,14:50:00,50.0,NKG,T2,CAN,T3,CA,ARJ21
CA3733,13:10:00,15:25:00,50.0,HFE,T1,CGQ,T2,CA,B737
CA3734,20:40:00,23:20:00,50.0,HFE,T1,NNG,T2,CA,A320
CA3735,07:40:00,10:40:00,50.0,NNG,T2,NTG,T3,CA,A320
CA3736,11:40:00,14:25:00,50.0,NTG,T3,NNG,T2,CA,A319
CA3737,14:40:00,16:50:00,50.0,CGO,T2,SHE,T3,CA,A319
CA3738,21:30:00,00:10:00,50.0,CGO,T2,NNG,T2,CA,B738
CA3740,09:30:00,12:05:00,50.0,CTU,T2,SZX,T3,CA,A319
CA3741,08:20:00,10:40:00,50.0,CAN,T3,CTU,T2,CA,B737
CA3742,11:45:00,13:55:00,50.0,CTU,T2,CAN,T3,CA,B738
CA3747,14:35:00,17:00:00,50.0,SZX,T3,NKG,T2,CA,B738
CA3748,18:35:00,21:25:00,50.0,NKG,T2,SZX,T3,CA,B738
CA3751,19:50:00,22:35:00,50.0,WUX,T2,TFU,T2,CA,A320
CA3752,16:25:00,19:00:00,50.0,TFU,T2,WUX,T2,CA,B737
CA3753,21:15:00,23:35:00,50.0,CAN,T3,NKG,T2,CA,A321
CA3754,07:25:00,09:50:00,50.0,NKG,T2,CAN,T3,CA,A321
CA3755,13:20:00,15:10:00,50.0,NNG,T2,TFU,T2,CA,B738
CA3756,10:10:00,11:55:00,50.0,TFU,T2,NNG,T2,CA,A320
CA3757,07:05:00,09:40:00,50.0,WUX,T2,CKG,T3,CA,ARJ21
CA3758,10:45:00,13:05:00,50.0,CKG,T3,WUX,T2,CA,B737
CA3761,15:00:00,17:15:00,50.0,SZX,T3,HGH,T3,CA,B737
CA3762,18:30:00,20:50:00,50.0,HGH,T3,SZX,T3,CA,A320
CA3763,18:05:00,20:40:00,50.0,SZX,T3,PVG,T2,CA,A321
CA3764,21:45:00,00:20:00,50.0,PVG,T2,SZX,T3,CA,B737
CA3765,07:10:00,09:15:00,50.0,SZX,T3,HGH,T3,CA,B738
CA3766,10:30:00,12:50:00,50.0,HGH,T3,SZX,T3,CA,A319
CA3767,07:10:00,09:45:00,50.0,NKG,T2,INC,T1,CA,A321
CA3768,10:35:00,12:50:00,50.0,INC,T1,NKG,T2,CA,ARJ21
CA3773,17:20:00,19:55:00,50.0,NKG,T2,TFU,T2,CA,A320
CA3774,21:00:00,23:25:00,50.0,TFU,T2,NKG,T2,CA,B738
CA3775,16:35:00,18:45:00,50.0,SZX,T3,HGH,T3,CA,A321
CA3776,20:00:00,22:25:00,50.0,HGH,T3,SZX,T3,CA,A319
CA3777,06:55:00,09:15:00,50.0,XIY,T2,WUX,T2,CA,B738
CA3778,10:25:00,12:40:00,50.0,WUX,T2,XIY,T2,CA,A321
CA3785,08:20:00,11:10:00,50.0,SZX,T3,YCU,T1,CA,B738
CA3786,12:20:00,14:50:00,50.0,YCU,T1,SZX,T3,CA,A320
CA3787,20:25:00,23:10:00,50.0,NKG,T2,TFU,T2,CA,A320
CA3788,16:40:00,19:15:00,50.0,TFU,T2,NKG,T2,CA,A320
CA3791,11:35:00,13:15:00,50.0,CZX,T1,DLC,T1,CA,A319
CA3792,17:15:00,20:05:00,50.0,CZX,T1,NNG,T2,CA,A321
CA3795,15:35:00,18:45:00,50.0,CAN,T3,TAO,T1,CA,B738
CA3797,09:50:00,13:10:00,50.0,SZX,T3,TAO,T1,CA,A333
CA3798,14:40:00,18:00:00,50.0,TAO,T1,SZX,T3,CA,B738
CA3799,17:25:00,20:00:00,50.0,SZX,T3,PVG,T2,CA,A320
CA3800,21:10:00,23:50:00,50.0,PVG,T2,SZX,T3,CA,A320
CA3801,07:20:00,10:25:00,50.0,CAN,T3,TAO,T1,CA,B738
CA3802,11:25:00,14:50:00,50.0,TAO,T1,CAN,T3,CA,A321
CA3803,11:25:00,15:15:00,50.0,SZX,T3,DLC,T1,CA,A333
CA3804,16:15:00,19:40:00,50.0,DLC,T1,SZX,T3,CA,A321
CA3805,13:20:00,15:50:00,50.0,SZX,T3,YTY,T1,CA,A320
CA3806,13:40:00,16:15:00,50.0,YTY,T1,SZX,T3,CA,A320
CA3807,15:45:00,18:20:00,50.0,SZX,T3,SHA,T2,CA,A320
CA3808,19:50:00,22:20:00,50.0,SHA,T2,SZX,T3,CA,A320
CA3811,06:45:00,09:50:00,50.0,SZX,T3,TAO,T1,CA,A321
CA3812,10:55:00,14:10:00,50.0,TAO,T1,SZX,T3,CA,B738
CA3813,08:25:00,10:55:00,50.0,SZX,T3,PVG,T2,CA,B737
CA3814,12:10:00,14:35:00,50.0,PVG,T2,SZX,T3,CA,B738
CA3815,20:45:00,23:20:00,50.0,SZX,T3,YTY,T1,CA,B737
CA3816,07:00:00,09:25:00,50.0,YTY,T1,SZX,T3,CA,B738
CA3817,13:00:00,15:30:00,50.0,HFE,T1,YBP,T1,CA,B737
CA3818,16:20:00,18:40:00,50.0,YBP,T1,HFE,T1,CA,B738
CA3824,19:05:00,20:55:00,50.0,KHN,T2,YCU,T1,CA,A321
CA3825,22:45:00,00:15:00,50.0,SZX,T3,HAK,T1,CA,A320
CA3826,06:55:00,08:30:00,50.0,HAK,T1,SZX,T3,CA,ARJ21
CA3829,10:55:00,13:15:00,50.0,CAN,T3,TFU,T2,CA,A321
CA3830,21:45:00,00:05:00,50.0,TFU,T2,CAN,T3,CA,A320
CA3831,13:55:00,15:35:00,50.0,TFU,T2,LHW,T3,CA,A319
CA3832,16:45:00,18:30:00,50.0,LHW,T3,TFU,T2,CA,B737
CA3835,13:40:00,15:30:00,50.0,NTG,T3,DLC,T1,CA,A319
CA3836,16:40:00,18:35:00,50.0,DLC,T1,NTG,T3,CA,A319
CA3841,14:50:00,17:50:00,50.0,HRB,T2,CZX,T1,CA,B738
CA3842,11:10:00,13:50:00,50.0,CZX,T1,HRB,T2,CA,A320
CA3845,17:40:00,21:00:00,50.0,NTG,T3,SYX,T2,CA,B738
CA3846,14:25:00,16:35:00,50.0,NTG,T3,SHE,T3,CA,A320
CA3847,15:40:00,18:15:00,50.0,SZX,T3,WUX,T2,CA,ARJ21
CA3848,19:20:00,21:50:00,50.0,WUX,T2,SZX,T3,CA,A320
CA3851,11:45:00,14:00:00,50.0,SZX,T3,HGH,T3,CA,A320
CA3852,15:30:00,17:50:00,50.0,HGH,T3,SZX,T3,CA,B738
CA3853,19:20:00,21:50:00,50.0,SZX,T3,WUX,T2,CA,B738
CA3854,07:20:00,09:55:00,50.0,WUX,T2,SZX,T3,CA,A321
CA3855,07:15:00,08:55:00,50.0,NTG,T1,DLC,T1,CA,A321
CA3857,09:00:00,11:05:00,50.0,YCU,T1,HGH,T3,CA,B738
CA3858,12:10:00,14:20:00,50.0,HGH,T3,YCU,T1,CA,ARJ21
CA3863,19:10:00,22:25:00,50.0,SZX,T3,TAO,T1,CA,A333
CA3864,08:10:00,11:20:00,50.0,TAO,T1,SZX,T3,CA,A320
CA3867,13:10:00,15:55:00,50.0,SZX,T3,TNA,T1,CA,B738
CA3868,17:00:00,20:15:00,50.0,TNA,T1,SZX,T3,CA,A321
CA3869,21:50:00,00:05:00,50.0,SZX,T3,HFE,T1,CA,ARJ21
CA3870,07:05:00,09:30:00,50.0,HFE,T1,SZX,T3,CA,B738
CA3873,14:10:00,17:00:00,50.0,SZX,T3,TNA,T1,CA,A320
CA3874,18:00:00,20:55:00,50.0,TNA,T1,SZX,T3,CA,B737
CA3877,13:50:00,16:15:00,50.0,CAN,T3,WUX,T2,CA,A321
CA3878,17:35:00,20:05:00,50.0,WUX,T2,CAN,T3,CA,B738
CA3879,18:20:00,21:05:00,50.0,SZX,T3,TNA,T1,CA,A320
CA3880,22:10:00,01:10:00,50.0,TNA,T1,SZX,T3,CA,A333
CA3883,08:30:00,10:35:00,50.0,SZX,T3,HFE,T1,CA,A320
CA3884,11:45:00,13:45:00,50.0,HFE,T1,SZX,T3,CA,A321
CA3885,08:35:00,10:35:00,50.0,SZX,T3,KWE,T3,CA,B737
CA3886,11:35:00,13:35:00,50.0,KWE,T3,SZX,T3,CA,B738
CA3887,06:55:00,09:35:00,50.0,PEK,T3,JJN,T1,CA,A321
CA3888,20:35:00,23:30:00,50.0,JJN,T1,PEK,T3,CA,ARJ21
CA3893,14:00:00,15:55:00,50.0,CAN,T3,WNZ,T2,CA,A319
CA3894,16:55:00,19:10:00,50.0,WNZ,T2,CAN,T3,CA,A321
CA3895,07:55:00,09:55:00,50.0,PEK,T3,XFN,T2,CA,A319
CA3896,10:55:00,12:55:00,50.0,XFN,T2,PEK,T3,CA,B738
CA3897,07:25:00,10:15:00,50.0,CAN,T3,TNA,T1,CA,ARJ21
CA3898,11:15:00,13:45:00,50.0,TNA,T1,CAN,T3,CA,B738
CA3899,15:50:00,18:35:00,50.0,CAN,T3,TNA,T1,CA,A320
CA3900,19:55:00,22:40:00,50.0,TNA,T1,CAN,T3,CA,B738
CA3904,18:05:00,19:50:00,50.0,GYS,T1,DLU,T1,CA,A320
CA3905,09:20:00,11:25:00,50.0,CTU,T2,LXA,T3,CA,ARJ21
CA3906,12:45:00,14:25:00,50.0,LXA,T3,CTU,T2,CA,A320
CA3908,14:10:00,17:55:00,50.0,HGH,T3,DLU,T1,CA,B738
CA3909,12:50:00,15:30:00,50.0,KMG,T1,YCU,T1,CA,B738
CA3910,16:30:00,19:10:00,50.0,YCU,T1,KMG,T1,CA,A319
CA3911,09:50:00,12:20:00,50.0,RKZ,T1,CTU,T2,CA,A321
CA3912,06:10:00,08:50:00,50.0,CTU,T2,RKZ,T1,CA,A320
CA3915,06:25:00,08:55:00,50.0,XIY,T3,HGH,T3,CA,B737
CA3921,07:20:00,09:55:00,50.0,XIY,T3,BPX,T1,CA,B738
CA3922,10:40:00,12:35:00,50.0,BPX,T1,XIY,T3,CA,A321
CA3923,07:20:00,09:50:00,50.0,XIY,T3,LZY,T1,CA,A321
CA3924,10:30:00,12:50:00,50.0,LZY,T1,XIY,T3,CA,A320
CA3925,09:00:00,11:05:00,50.0,CTU,T2,TNA,T1,CA,A321
CA3926,19:05:00,21:50:00,50.0,TNA,T1,CTU,T2,CA,A320
CA3927,09:55:00,11:40:00,50.0,LZY,T1,CTU,T2,CA,A321
CA3928,07:15:00,08:55:00,50.0,CTU,T2,LZY,T1,CA,A320
CA3929,08:00:00,09:50:00,50.0,LXA,T3,NGQ,T1,CA,B737
CA3930,10:30:00,12:30:00,50.0,NGQ,T1,LXA,T3,CA,A321
CA3931,16:10:00,17:50:00,50.0,YIH,T1,XUZ,T2,CA,B738
CA3932,21:10:00,00:20:00,50.0,YIH,T1,LXA,T3,CA,B738
CA3933,06:40:00,09:05:00,50.0,CTU,T2,SYX,T1,CA,A320
CA3934,10:15:00,12:50:00,50.0,SYX,T1,CTU,T2,CA,A320
CA3937,15:05:00,17:55:00,50.0,CKG,T3,LXA,T3,CA,A319
CA3938,21:45:00,00:20:00,50.0,LXA,T3,CKG,T3,CA,A321
CA3939,09:45:00,13:35:00,50.0,LXA,T3,PEK,T3,CA,A320
CA3940,14:55:00,19:10:00,50.0,PEK,T3,LXA,T3,CA,A333
CA3941,13:00:00,15:10:00,50.0,LXA,T3,GYS,T1,CA,A319
CA3943,15:50:00,17:50:00,50.0,TFU,T2,DLU,T1,CA,B737
CA3944,22:30:00,00:05:00,50.0,DLU,T1,TFU,T2,CA,A320
CA3945,13:40:00,15:00:00,50.0,XNN,T3,GOQ,T1,CA,B737
CA3946,18:00:00,19:40:00,50.0,XNN,T3,CTU,T2,CA,B738
CA3947,09:50:00,12:15:00,50.0,LXA,T3,CKG,T3,CA,B738
CA3948,13:10:00,15:50:00,50.0,CKG,T3,LXA,T3,CA,A320
CA3949,10:40:00,13:45:00,50.0,LXA,T3,XIY,T3,CA,B738
CA3951,07:00:00,08:15:00,50.0,LXA,T3,BPX,T1,CA,A319
CA3952,08:55:00,10:10:00,50.0,BPX,T1,LXA,T3,CA,B737
CA3953,10:15:00,12:55:00,50.0,MIG,T1,SZX,T3,CA,B737
CA3954,17:50:00,20:30:00,50.0,MIG,T1,LXA,T3,CA,B738
CA3955,11:00:00,14:00:00,50.0,CTU,T2,LYI,T2,CA,B789
CA3956,16:50:00,19:50:00,50.0,LYI,T2,CTU,T2,CA,A321
CA3957,07:35:00,09:00:00,50.0,LXA,T3,BPX,T1,CA,E190
CA3958,10:20:00,11:40:00,50.0,BPX,T1,LXA,T3,CA,B738
CA3959,13:50:00,16:05:00,50.0,MIG,T1,NNG,T1,CA,A319
CA3960,17:00:00,19:00:00,50.0,NNG,T1,MIG,T1,CA,A321
CA3961,07:20:00,09:15:00,50.0,LXA,T3,NGQ,T1,CA,B738
CA3962,10:00:00,11:55:00,50.0,NGQ,T1,LXA,T3,CA,B738
CA3963,10:00:00,12:50:00,50.0,CTU,T2,SHA,T2,CA,A319
CA3964,16:45:00,19:50:00,50.0,SHA,T2,CTU,T2,CA,B789
CA3965,15:55:00,18:25:00,50.0,LXA,T3,KMG,T1,CA,B738
CA3966,16:55:00,20:00:00,50.0,KMG,T1,LXA,T3,CA,A333
CA3967,09:35:00,11:40:00,50.0,LXA,T3,CTU,T2,CA,B737
CA3968,18:15:00,20:25:00,50.0,CTU,T2,LXA,T3,CA,A320
CA3969,09:05:00,11:15:00,50.0,CTU,T2,ZUH,T1,CA,B738
CA3970,12:05:00,14:20:00,50.0,ZUH,T1,CTU,T2,CA,A319
CA3971,14:20:00,16:55:00,50.0,LZO,T1,HGH,T3,CA,A321
CA3972,10:05:00,13:10:00,50.0,HGH,T3,LZO,T1,CA,A321
CA3973,09:30:00,11:40:00,50.0,CTU,T2,SJW,T2,CA,A321
CA3974,12:30:00,14:50:00,50.0,SJW,T2,CTU,T2,CA,A320
CA3977,14:00:00,16:35:00,50.0,CTU,T2,SZX,T3,CA,B737
CA3978,17:50:00,20:20:00,50.0,SZX,T3,CTU,T2,CA,A320
CA3979,08:15:00,10:10:00,50.0,CKG,T3,BPX,T1,CA,A320
CA3980,10:50:00,12:40:00,50.0,BPX,T1,CKG,T3,CA,B737
CA3981,16:05:00,17:50:00,50.0,XIY,T3,TNA,T1,CA,A321
CA3982,12:30:00,14:20:00,50.0,TNA,T1,XIY,T3,CA,B737
CA3983,15:50:00,17:10:00,50.0,XNN,T3,GOQ,T1,CA,A320
CA3984,20:00:00,21:40:00,50.0,XNN,T3,CKG,T3,CA,B737
CA3985,09:15:00,10:35:00,50.0,CTU,T2,DLU,T1,CA,B737
CA3986,20:40:00,22:10:00,50.0,DLU,T1,CTU,T2,CA,B738
CA3989,15:50:00,18:05:00,50.0,XNN,T3,TNA,T1,CA,A321
CA3990,17:30:00,20:00:00,50.0,XNN,T3,LXA,T3,CA,A319
CA3991,08:15:00,09:20:00,50.0,CTU,T2,LJG,T1,CA,A319
CA3992,21:30:00,23:05:00,50.0,LJG,T1,CTU,T2,CA,A320
CA3993,13:40:00,16:15:00,50.0,CTU,T2,SYX,T1,CA,A320
CA3994,17:15:00,19:50:00,50.0,SYX,T1,CTU,T2,CA,B738
CA3995,13:30:00,16:15:00,50.0,TYN,T1,HRB,T2,CA,B738
CA3996,21:50:00,00:10:00,50.0,TYN,T1,CTU,T2,CA,B737
CA3997,06:25:00,08:40:00,50.0,CTU,T2,LXA,T3,CA,ARJ21
CA3998,18:45:00,20:45:00,50.0,LXA,T3,CTU,T2,CA,A320
CA3999,09:15:00,10:55:00,50.0,CTU,T2,LZY,T1,CA,A320
CA4000,11:45:00,13:25:00,50.0,LZY,T1,CTU,T2,CA,A321
CA4001,16:20:00,18:55:00,50.0,CKG,T3,TSN,T2,CA,B738
CA4006,17:15:00,20:10:00,50.0,HET,T1,CKG,T3,CA,B738
CA4011,07:05:00,11:00:00,50.0,CKG,T3,HRB,T2,CA,B738
CA4012,12:00:00,16:20:00,50.0,HRB,T2,CKG,T3,CA,B789
CA4013,09:30:00,11:55:00,50.0,YCU,T1,SHE,T3,CA,A321
CA4014,16:35:00,18:15:00,50.0,YCU,T1,CKG,T3,CA,A320
CA4015,07:40:00,11:10:00,50.0,CKG,T3,CGQ,T2,CA,A321
CA4016,12:00:00,15:50:00,50.0,CGQ,T2,CKG,T3,CA,A333
CA4031,16:15:00,18:05:00,50.0,CTU,T2,WUH,T3,CA,A321
CA4032,19:15:00,21:15:00,50.0,WUH,T3,CTU,T2,CA,B738
CA4035,08:25:00,11:05:00,50.0,CTU,T2,SYX,T2,CA,B738
CA4036,12:15:00,14:55:00,50.0,SYX,T2,CTU,T2,CA,A321
CA4037,14:45:00,16:40:00,50.0,CTU,T2,CGO,T2,CA,A320
CA4038,17:45:00,19:55:00,50.0,CGO,T2,CTU,T2,CA,A321
CA4043,18:20:00,20:20:00,50.0,CTU,T2,WUH,T3,CA,A321
CA4044,21:25:00,23:15:00,50.0,WUH,T3,CTU,T2,CA,A321
CA4046,11:15:00,14:10:00,50.0,TSN,T2,CTU,T2,CA,B737
CA4049,06:45:00,08:35:00,50.0,CTU,T2,CGO,T2,CA,B738
CA4050,09:35:00,11:40:00,50.0,CGO,T2,CTU,T2,CA,B738
CA4061,07:05:00,11:05:00,50.0,KMG,T1,SHE,T3,CA,A333
CA4062,12:10:00,16:45:00,50.0,SHE,T3,KMG,T1,CA,A321
CA4069,09:50:00,11:50:00,50.0,KWE,T3,YCU,T1,CA,A321
CA4070,12:50:00,15:05:00,50.0,YCU,T1,KWE,T3,CA,B738
CA4101,09:00:00,11:40:00,50.0,CTU,T2,PEK,T3,CA,B738
CA4102,12:55:00,16:00:00,50.0,PEK,T3,CTU,T2,CA,A321
CA4103,14:30:00,17:15:00,50.0,CTU,T2,PEK,T3,CA,A319
CA4104,18:30:00,21:30:00,50.0,PEK,T3,CTU,T2,CA,B789
CA4105,16:00:00,18:45:00,50.0,CTU,T2,PEK,T3,CA,B737
CA4106,20:30:00,23:30:00,50.0,PEK,T3,CTU,T2,CA,B789
CA4107,10:00:00,12:40:00,50.0,CTU,T2,PEK,T3,CA,A320
CA4108,14:00:00,17:15:00,50.0,PEK,T3,CTU,T2,CA,A321
CA4109,15:00:00,18:00:00,50.0,CTU,T2,PEK,T3,CA,B789
CA4110,19:30:00,22:30:00,50.0,PEK,T3,CTU,T2,CA,B789
CA4113,08:00:00,10:40:00,50.0,CTU,T2,PEK,T3,CA,A321
CA4114,11:55:00,14:55:00,50.0,PEK,T3,CTU,T2,CA,B738
CA4115,11:00:00,13:40:00,50.0,CTU,T2,PEK,T3,CA,A320
CA4116,15:00:00,17:50:00,50.0,PEK,T3,CTU,T2,CA,B737
CA4117,17:00:00,20:00:00,50.0,CTU,T2,PEK,T3,CA,A321
CA4118,21:55:00,00:55:00,50.0,PEK,T3,CTU,T2,CA,B738
CA4119,07:00:00,09:40:00,50.0,CTU,T2,PEK,T3,CA,B738
CA4120,10:55:00,13:55:00,50.0,PEK,T3,CTU,T2,CA,A321
CA4123,12:40:00,17:10:00,50.0,PEK,T3,LXA,T3,CA,A320
CA4124,18:05:00,22:15:00,50.0,LXA,T3,PEK,T3,CA,A321
CA4125,07:45:00,12:15:00,50.0,PEK,T3,LXA,T3,CA,B738
CA4126,13:20:00,17:15:00,50.0,LXA,T3,PEK,T3,CA,A321
CA4127,06:30:00,10:50:00,50.0,PEK,T3,LZY,T1,CA,B738
CA4128,09:35:00,13:25:00,50.0,LZY,T1,PEK,T3,CA,A320
CA4131,08:00:00,10:25:00,50.0,CKG,T3,PEK,T3,CA,B738
CA4132,11:55:00,14:50:00,50.0,PEK,T3,CKG,T3,CA,A320
CA4135,11:30:00,13:55:00,50.0,CKG,T3,PEK,T3,CA,B737
CA4136,20:30:00,23:10:00,50.0,PEK,T3,CKG,T3,CA,B738
CA4137,09:00:00,11:25:00,50.0,CKG,T3,PEK,T3,CA,A320
CA4138,12:55:00,15:45:00,50.0,PEK,T3,CKG,T3,CA,B737
CA4141,13:55:00,16:30:00,50.0,CKG,T3,PEK,T3,CA,A320
CA4142,18:15:00,21:00:00,50.0,PEK,T3,CKG,T3,CA,B737
CA4143,14:55:00,17:30:00,50.0,CKG,T3,PEK,T3,CA,A320
CA4144,19:30:00,22:20:00,50.0,PEK,T3,CKG,T3,CA,A321
CA4147,17:30:00,20:30:00,50.0,CKG,T3,PEK,T3,CA,B738
CA4148,10:55:00,13:50:00,50.0,PEK,T3,CKG,T3,CA,A320
CA4161,06:55:00,09:50:00,50.0,KWE,T3,PEK,T3,CA,A321
CA4162,10:55:00,14:25:00,50.0,PEK,T3,KWE,T3,CA,B738
CA4163,09:00:00,11:50:00,50.0,KWE,T3,PEK,T3,CA,A320
CA4164,12:55:00,16:35:00,50.0,PEK,T3,KWE,T3,CA,A320
CA4165,16:50:00,20:15:00,50.0,KWE,T3,PEK,T3,CA,A321
CA4172,11:40:00,15:45:00,50.0,PEK,T3,KMG,T1,CA,A321
CA4173,17:05:00,21:00:00,50.0,KMG,T1,PEK,T3,CA,A321
CA4181,18:00:00,21:00:00,50.0,CTU,T2,PEK,T3,CA,A321
CA4182,07:00:00,09:55:00,50.0,PEK,T3,CTU,T2,CA,A320
CA4183,19:00:00,21:40:00,50.0,CTU,T2,PEK,T3,CA,B737
CA4184,09:00:00,11:55:00,50.0,PEK,T3,CTU,T2,CA,ARJ21
CA4185,20:00:00,22:40:00,50.0,CTU,T2,PEK,T3,CA,B737
CA4186,10:00:00,12:55:00,50.0,PEK,T3,CTU,T2,CA,B737
CA4201,07:15:00,10:45:00,50.0,CTU,T2,URC,T1,CA,A333
CA4202,11:55:00,15:25:00,50.0,URC,T1,CTU,T2,CA,B738
CA4203,17:15:00,19:00:00,50.0,CTU,T2,INC,T1,CA,A321
CA4204,20:00:00,22:00:00,50.0,INC,T1,CTU,T2,CA,B738
CA4207,07:15:00,08:35:00,50.0,CTU,T2,LHW,T3,CA,B737
CA4208,09:25:00,10:50:00,50.0,LHW,T3,CTU,T2,CA,A319
CA4209,17:30:00,21:00:00,50.0,CTU,T2,URC,T1,CA,B789
CA4210,22:10:00,01:40:00,50.0,URC,T1,CTU,T2,CA,A321
CA4211,14:10:00,15:35:00,50.0,CTU,T2,XNN,T3,CA,A320
CA4212,16:20:00,17:50:00,50.0,XNN,T3,CTU,T2,CA,B738
CA4216,12:25:00,15:30:00,50.0,TAO,T1,CTU,T2,CA,A321
CA4217,10:05:00,12:40:00,50.0,CTU,T2,HGH,T4,CA,B737
CA4218,14:00:00,17:00:00,50.0,HGH,T4,CTU,T2,CA,A321
CA4223,17:50:00,20:45:00,50.0,KWE,T3,PVG,T2,CA,A320
CA4224,21:50:00,00:45:00,50.0,PVG,T2,KWE,T3,CA,A321
CA4225,16:25:00,18:25:00,50.0,CTU,T2,FUG,T1,CA,B738
CA4226,12:00:00,14:20:00,50.0,FUG,T1,CTU,T2,CA,A320
CA4227,09:50:00,12:25:00,50.0,CTU,T2,YTY,T1,CA,A321
CA4228,13:15:00,15:55:00,50.0,YTY,T1,CTU,T2,CA,A321
CA4229,16:05:00,18:45:00,50.0,CTU,T2,FOC,T1,CA,A321
CA4230,19:55:00,23:15:00,50.0,FOC,T1,CTU,T2,CA,A333
CA4231,18:55:00,21:05:00,50.0,CTU,T2,HFE,T1,CA,A321
CA4232,21:55:00,00:20:00,50.0,HFE,T1,CTU,T2,CA,A321
CA4233,07:00:00,09:15:00,50.0,CTU,T2,HFE,T1,CA,B738
CA4234,10:05:00,12:25:00,50.0,HFE,T1,CTU,T2,CA,A320
CA4235,09:15:00,11:55:00,50.0,CTU,T2,FOC,T1,CA,A321
CA4236,13:05:00,16:20:00,50.0,FOC,T1,CTU,T2,CA,A321
CA4237,07:05:00,09:35:00,50.0,CTU,T2,SHA,T2,CA,A320
CA4238,10:40:00,14:00:00,50.0,SHA,T2,CTU,T2,CA,B738
CA4239,09:40:00,12:15:00,50.0,BZX,T1,PVG,T2,CA,A319
CA4240,17:00:00,18:00:00,50.0,BZX,T1,CTU,T2,CA,B737
CA4255,08:45:00,13:00:00,50.0,CKG,T3,URC,T1,CA,B738
CA4256,14:05:00,18:00:00,50.0,URC,T1,CKG,T3,CA,A320
CA4267,10:25:00,12:20:00,50.0,CKG,T3,INC,T1,CA,A321
CA4268,13:10:00,15:10:00,50.0,INC,T1,CKG,T3,CA,A320
CA4269,22:05:00,23:55:00,50.0,CKG,T3,INC,T1,CA,B738
CA4270,07:20:00,09:20:00,50.0,INC,T1,CKG,T3,CA,B738
CA4281,16:15:00,18:55:00,50.0,CTU,T2,XMN,T4,CA,B738
CA4293,17:30:00,20:10:00,50.0,CTU,T2,TAO,T1,CA,ARJ21
CA4294,21:20:00,00:30:00,50.0,TAO,T1,CTU,T2,CA,B738
CA4297,10:40:00,13:15:00,50.0,CTU,T2,HAK,T1,CA,B738
CA4298,14:20:00,16:45:00,50.0,HAK,T1,CTU,T2,CA,B738
CA4301,13:00:00,15:20:00,50.0,CTU,T2,CAN,T3,CA,A320
CA4302,16:35:00,18:55:00,50.0,CAN,T3,CTU,T2,CA,B738
CA4303,15:30:00,17:50:00,50.0,CTU,T2,CAN,T3,CA,A320
CA4304,19:30:00,22:00:00,50.0,CAN,T3,CTU,T2,CA,B738
CA4305,08:30:00,10:35:00,50.0,CTU,T2,CAN,T3,CA,A320
CA4306,12:15:00,14:45:00,50.0,CAN,T3,CTU,T2,CA,A321
CA4309,18:30:00,21:05:00,50.0,TFU,T2,CAN,T3,CA,A321
CA4310,07:55:00,10:15:00,50.0,CAN,T3,TFU,T2,CA,A321
CA4311,14:55:00,17:35:00,50.0,CTU,T2,SZX,T3,CA,A319
CA4312,18:55:00,21:30:00,50.0,SZX,T3,CTU,T2,CA,A321
CA4313,13:30:00,16:00:00,50.0,CTU,T2,SZX,T3,CA,B738
CA4314,17:25:00,20:15:00,50.0,SZX,T3,CTU,T2,CA,A320
CA4315,14:15:00,16:35:00,50.0,CTU,T2,HAK,T1,CA,A320
CA4316,17:40:00,20:05:00,50.0,HAK,T1,CTU,T2,CA,A320
CA4317,12:00:00,14:35:00,50.0,CTU,T2,CAN,T3,CA,B737
CA4318,16:00:00,18:25:00,50.0,CAN,T3,CTU,T2,CA,B738
CA4319,09:30:00,11:50:00,50.0,TFU,T2,CAN,T3,CA,A319
CA4320,14:00:00,16:30:00,50.0,CAN,T3,TFU,T2,CA,ARJ21
CA4323,16:30:00,19:05:00,50.0,CTU,T2,SZX,T3,CA,B737
CA4325,08:55:00,11:35:00,50.0,CTU,T2,SZX,T3,CA,A319
CA4326,12:55:00,15:25:00,50.0,SZX,T3,CTU,T2,CA,A319
CA4327,08:30:00,10:55:00,50.0,CAN,T3,CTU,T2,CA,B738
CA4328,19:30:00,22:15:00,50.0,CTU,T2,CAN,T3,CA,A320
CA4329,11:30:00,14:00:00,50.0,TFU,T2,SZX,T3,CA,A320
CA4330,08:05:00,10:25:00,50.0,SZX,T3,TFU,T2,CA,B738
CA4333,14:00:00,16:30:00,50.0,TFU,T2,CAN,T3,CA,A320
CA4334,18:00:00,20:25:00,50.0,CAN,T3,TFU,T2,CA,A321
CA4335,17:30:00,20:05:00,50.0,CTU,T2,SZX,T1,CA,A320
CA4336,21:30:00,23:55:00,50.0,SZX,T3,CTU,T2,CA,A320
CA4337,07:30:00,10:00:00,50.0,CTU,T2,SZX,T3,CA,B738
CA4338,11:15:00,13:45:00,50.0,SZX,T3,CTU,T2,CA,B738
CA4339,21:00:00,23:25:00,50.0,CTU,T2,SZX,T3,CA,B737
CA4340,07:10:00,09:45:00,50.0,SZX,T3,CTU,T2,CA,ARJ21
CA4341,16:50:00,18:50:00,50.0,CKG,T3,CAN,T3,CA,A321
CA4342,19:55:00,22:15:00,50.0,CAN,T3,CKG,T3,CA,B738
CA4343,07:10:00,09:20:00,50.0,CKG,T3,SZX,T3,CA,B737
CA4344,10:35:00,12:45:00,50.0,SZX,T3,CKG,T3,CA,B738
CA4345,17:15:00,19:15:00,50.0,CKG,T3,SZX,T3,CA,B738
CA4346,20:40:00,22:55:00,50.0,SZX,T3,CKG,T3,CA,B738
CA4349,14:30:00,16:35:00,50.0,CKG,T3,CAN,T3,CA,B738
CA4350,17:40:00,19:50:00,50.0,CAN,T3,CKG,T3,CA,A321
CA4351,06:30:00,08:50:00,50.0,CAN,T3,LZO,T1,CA,B738
CA4352,09:50:00,12:05:00,50.0,LZO,T1,CAN,T3,CA,A319
CA4353,21:15:00,23:20:00,50.0,CKG,T3,CAN,T3,CA,B737
CA4359,19:30:00,21:40:00,50.0,CKG,T3,ZHA,T1,CA,B738
CA4360,22:35:00,01:00:00,50.0,ZHA,T1,CKG,T3,CA,A321
CA4361,07:55:00,10:05:00,50.0,CKG,T3,CAN,T3,CA,A320
CA4362,11:10:00,13:20:00,50.0,CAN,T3,CKG,T3,CA,A321
CA4367,21:10:00,23:30:00,50.0,CKG,T3,SZX,T3,CA,A320
CA4368,07:45:00,10:00:00,50.0,SZX,T3,CKG,T3,CA,A321
CA4369,18:40:00,23:55:00,50.0,URC,T1,CAN,T3,CA,B789
CA4370,08:10:00,13:50:00,50.0,CAN,T3,URC,T1,CA,A321
CA4371,08:00:00,10:05:00,50.0,CKG,T3,ZUH,T1,CA,A320
CA4372,17:25:00,20:00:00,50.0,ZUH,T1,CKG,T3,CA,A321
CA4379,19:10:00,21:15:00,50.0,CKG,T3,HAK,T1,CA,A321
CA4380,22:20:00,00:55:00,50.0,HAK,T1,CKG,T3,CA,A321
CA4381,18:55:00,20:55:00,50.0,CKG,T3,WUH,T3,CA,A320
CA4382,21:55:00,23:55:00,50.0,WUH,T3,CKG,T3,CA,B737
CA4391,12:10:00,14:05:00,50.0,CTU,T2,CSX,T1,CA,ARJ21
CA4392,15:05:00,17:05:00,50.0,CSX,T1,CTU,T2,CA,B738
CA4393,20:00:00,21:50:00,50.0,CTU,T2,CSX,T1,CA,B738
CA4394,09:10:00,10:55:00,50.0,CSX,T1,CTU,T2,CA,B737
CA4397,08:00:00,09:50:00,50.0,CTU,T2,WUH,T3,CA,A320
CA4398,10:50:00,12:55:00,50.0,WUH,T3,CTU,T2,CA,B738
CA4399,09:55:00,12:00:00,50.0,CTU,T2,CSX,T1,CA,B737
CA4400,13:05:00,15:00:00,50.0,CSX,T1,CTU,T2,CA,A321
CA4401,07:45:00,10:10:00,50.0,CTU,T2,LXA,T3,CA,A321
CA4402,11:15:00,13:15:00,50.0,LXA,T3,CTU,T2,CA,B737
CA4403,14:50:00,17:10:00,50.0,CTU,T2,LXA,T3,CA,B738
CA4404,18:30:00,20:35:00,50.0,LXA,T3,CTU,T2,CA,A319
CA4405,15:35:00,17:50:00,50.0,CTU,T2,LXA,T3,CA,B738
CA4406,18:55:00,21:00:00,50.0,LXA,T3,CTU,T2,CA,A319
CA4407,06:25:00,08:10:00,50.0,CTU,T2,BPX,T1,CA,B737
CA4408,08:55:00,10:20:00,50.0,BPX,T1,CTU,T2,CA,A320
CA4409,08:15:00,09:40:00,50.0,CTU,T2,BPX,T1,CA,A320
CA4410,10:25:00,11:40:00,50.0,BPX,T1,CTU,T2,CA,ARJ21
CA4411,18:55:00,20:35:00,50.0,CTU,T2,KMG,T1,CA,A319
CA4412,22:00:00,23:45:00,50.0,KMG,T1,CTU,T2,CA,B738
CA4413,10:50:00,12:20:00,50.0,CTU,T2,KMG,T1,CA,B737
CA4414,13:25:00,15:00:00,50.0,KMG,T1,CTU,T2,CA,A320
CA4417,20:30:00,22:10:00,50.0,CTU,T2,KMG,T1,CA,B737
CA4418,17:50:00,19:25:00,50.0,KMG,T1,CTU,T2,CA,A321
CA4423,08:55:00,11:00:00,50.0,CTU,T2,LZY,T1,CA,A320
CA4424,12:00:00,14:00:00,50.0,LZY,T1,CTU,T2,CA,A321
CA4435,09:15:00,11:20:00,50.0,CTU,T2,LGZ,T1,CA,A319
CA4436,12:05:00,14:15:00,50.0,LGZ,T1,CTU,T2,CA,A320
CA4447,12:45:00,15:00:00,50.0,CTU,T2,LXA,T3,CA,ARJ21
CA4448,15:55:00,18:00:00,50.0,LXA,T3,CTU,T2,CA,B737
CA4461,11:25:00,12:40:00,50.0,CTU,T2,PZI,T1,CA,A320
CA4462,13:25:00,14:40:00,50.0,PZI,T1,CTU,T2,CA,B738
CA4485,13:40:00,15:30:00,50.0,CKG,T3,DLU,T1,CA,B737
CA4486,15:55:00,18:00:00,50.0,DLU,T1,CKG,T3,CA,B738
CA4501,16:45:00,19:30:00,50.0,CTU,T2,SHA,T2,CA,A320
CA4502,20:45:00,00:05:00,50.0,SHA,T2,CTU,T2,CA,A321
CA4504,11:25:00,14:40:00,50.0,PVG,T2,CTU,T2,CA,A320
CA4505,13:30:00,15:55:00,50.0,CTU,T2,NKG,T1,CA,A321
CA4506,16:55:00,19:25:00,50.0,NKG,T1,CTU,T2,CA,A321
CA4507,09:15:00,12:05:00,50.0,CTU,T2,PVG,T2,CA,A320
CA4508,13:10:00,16:30:00,50.0,PVG,T2,CTU,T2,CA,A333
CA4509,14:55:00,17:55:00,50.0,CTU,T2,PVG,T2,CA,B738
CA4510,19:30:00,23:00:00,50.0,PVG,T2,CTU,T2,CA,A321
CA4511,06:55:00,09:35:00,50.0,CTU,T2,TAO,T1,CA,B738
CA4512,10:50:00,13:50:00,50.0,TAO,T1,CTU,T2,CA,B738
CA4513,16:10:00,19:10:00,50.0,TFU,T2,PVG,T2,CA,A333
CA4514,13:30:00,16:50:00,50.0,PVG,T2,TFU,T2,CA,A333
CA4515,07:55:00,10:40:00,50.0,CTU,T2,SHA,T2,CA,B737
CA4516,12:00:00,15:15:00,50.0,SHA,T2,CTU,T2,CA,B738
CA4518,14:05:00,17:20:00,50.0,PVG,T2,CTU,T2,CA,A321
CA4519,07:00:00,09:40:00,50.0,CTU,T2,HGH,T4,CA,A321
CA4520,10:55:00,13:50:00,50.0,HGH,T4,CTU,T2,CA,A320
CA4523,17:50:00,20:15:00,50.0,CTU,T2,NKG,T1,CA,A319
CA4524,21:30:00,00:05:00,50.0,NKG,T1,CTU,T2,CA,A321
CA4525,09:00:00,11:30:00,50.0,CTU,T2,NKG,T1,CA,A321
CA4526,13:00:00,15:35:00,50.0,NKG,T1,CTU,T2,CA,A320
CA4527,21:00:00,23:30:00,50.0,CTU,T2,NKG,T1,CA,ARJ21
CA4528,07:00:00,09:35:00,50.0,NKG,T1,CTU,T2,CA,B738
CA4529,09:45:00,12:35:00,50.0,CTU,T2,NGB,T2,CA,B738
CA4530,21:15:00,00:15:00,50.0,NGB,T2,CTU,T2,CA,B789
CA4531,15:30:00,17:35:00,50.0,CTU,T2,KHN,T2,CA,B737
CA4532,18:45:00,21:05:00,50.0,KHN,T2,CTU,T2,CA,A320
CA4533,18:30:00,21:15:00,50.0,CTU,T2,HGH,T4,CA,A320
CA4534,22:30:00,01:30:00,50.0,HGH,T4,CTU,T2,CA,A321
CA4535,17:00:00,19:50:00,50.0,TFU,T2,PVG,T2,CA,A319
CA4537,07:20:00,10:10:00,50.0,TFU,T2,PVG,T2,CA,A319
CA4538,11:25:00,14:40:00,50.0,PVG,T2,TFU,T2,CA,A321
CA4539,11:55:00,14:45:00,50.0,CTU,T2,XMN,T4,CA,A321
CA4540,15:45:00,18:50:00,50.0,XMN,T4,CTU,T2,CA,A333
CA4541,17:30:00,20:00:00,50.0,CKG,T3,SHA,T2,CA,B737
CA4542,21:20:00,00:15:00,50.0,SHA,T2,CKG,T3,CA,A320
CA4543,08:05:00,10:30:00,50.0,CKG,T3,SHA,T2,CA,A319
CA4544,11:45:00,14:40:00,50.0,SHA,T2,CKG,T3,CA,B737
CA4545,07:10:00,09:20:00,50.0,CKG,T3,NKG,T1,CA,B738
CA4546,10:20:00,12:45:00,50.0,NKG,T1,CKG,T3,CA,B737
CA4547,11:25:00,13:30:00,50.0,TSN,T2,TNH,T1,CA,A320
CA4548,17:25:00,20:35:00,50.0,TSN,T2,CAN,T3,CA,A333
CA4549,07:40:00,10:15:00,50.0,CKG,T3,NGB,T2,CA,B737
CA4550,11:05:00,13:50:00,50.0,NGB,T2,CKG,T3,CA,B738
CA4553,07:30:00,10:05:00,50.0,CKG,T3,HGH,T4,CA,A321
CA4554,11:20:00,13:50:00,50.0,HGH,T4,CKG,T3,CA,B738
CA4555,15:55:00,18:45:00,50.0,CKG,T3,PVG,T2,CA,A319
CA4556,20:00:00,23:05:00,50.0,PVG,T2,CKG,T3,CA,A321
CA4557,16:55:00,19:25:00,50.0,CKG,T3,NKG,T1,CA,B737
CA4559,10:45:00,12:50:00,50.0,CKG,T3,NKG,T1,CA,A321
CA4560,13:55:00,16:10:00,50.0,NKG,T1,CKG,T3,CA,A319
CA4561,07:00:00,08:50:00,50.0,CKG,T3,KHN,T2,CA,A320
CA4562,09:45:00,11:45:00,50.0,KHN,T2,CKG,T3,CA,A321
CA4563,08:00:00,09:55:00,50.0,CKG,T3,HFE,T1,CA,B737
CA4564,10:55:00,13:00:00,50.0,HFE,T1,CKG,T3,CA,A319
CA4567,16:15:00,18:40:00,50.0,CKG,T3,XMN,T4,CA,A320
CA4568,19:50:00,22:50:00,50.0,XMN,T4,CKG,T3,CA,B738
CA4569,18:05:00,20:30:00,50.0,CKG,T3,FOC,T1,CA,A320
CA4570,21:25:00,00:15:00,50.0,FOC,T1,CKG,T3,CA,B737
CA4573,17:15:00,19:35:00,50.0,CKG,T3,HGH,T4,CA,A320
CA4574,20:40:00,23:00:00,50.0,HGH,T4,CKG,T3,CA,A319
CA4575,08:35:00,11:00:00,50.0,CKG,T3,PVG,T2,CA,A319
CA4576,12:05:00,14:55:00,50.0,PVG,T2,CKG,T3,CA,A321
CA4577,15:40:00,18:05:00,50.0,CKG,T3,HGH,T4,CA,A320
CA4578,19:20:00,22:00:00,50.0,HGH,T4,CKG,T3,CA,A320
CA4591,19:15:00,21:55:00,50.0,TFU,T2,PVG,T2,CA,B738
CA4592,09:30:00,12:45:00,50.0,PVG,T2,TFU,T2,CA,B738
CA4593,07:10:00,09:40:00,50.0,CAN,T3,YCU,T1,CA,A321
CA4594,10:25:00,12:55:00,50.0,YCU,T1,CAN,T3,CA,B738
CA4597,16:00:00,18:45:00,50.0,CTU,T2,HGH,T4,CA,ARJ21
CA4598,20:00:00,23:00:00,50.0,HGH,T4,CTU,T2,CA,A333
CA4601,10:40:00,14:15:00,50.0,PEK,T3,ZUH,T1,CA,B738
CA4602,15:35:00,19:00:00,50.0,ZUH,T1,PEK,T3,CA,A321
CA4603,20:20:00,23:45:00,50.0,PEK,T3,ZUH,T1,CA,A321
CA4604,20:00:00,23:00:00,50.0,ZUH,T1,PEK,T3,CA,B789
CA4605,06:55:00,10:25:00,50.0,PEK,T3,ZUH,T1,CA,A333
CA4606,09:00:00,12:15:00,50.0,ZUH,T1,PEK,T3,CA,B789
CA4607,17:25:00,19:15:00,50.0,TNA,T1,PVG,T2,CA,A321
CA4608,20:20:00,22:10:00,50.0,PVG,T2,TNA,T1,CA,A319
CA4609,08:55:00,11:45:00,50.0,TNA,T1,CAN,T3,CA,B737
CA4610,12:50:00,15:30:00,50.0,CAN,T3,TNA,T1,CA,ARJ21
CA4611,17:40:00,22:45:00,50.0,HGH,T3,URC,T2,CA,A333
CA4612,11:20:00,16:10:00,50.0,URC,T2,HGH,T3,CA,A333
CA4613,16:05:00,19:05:00,50.0,TNA,T1,CAN,T3,CA,A333
CA4614,20:10:00,22:55:00,50.0,CAN,T3,TNA,T1,CA,B738
CA4615,17:30:00,20:15:00,50.0,TNA,T1,CAN,T3,CA,B738
CA4616,21:20:00,00:10:00,50.0,CAN,T3,TNA,T1,CA,B738
CA4619,13:35:00,16:20:00,50.0,XMN,T4,TFU,T2,CA,A321
CA4620,17:25:00,20:15:00,50.0,TFU,T2,XMN,T4,CA,B737
CA4623,12:15:00,14:55:00,50.0,TNA,T1,ZUH,T1,CA,A321
CA4624,15:50:00,18:40:00,50.0,ZUH,T1,TNA,T1,CA,A320
CA4625,10:25:00,12:20:00,50.0,WNZ,T2,ZUH,T1,CA,A321
CA4626,16:00:00,18:15:00,50.0,WNZ,T2,TNA,T1,CA,B737
CA4627,13:25:00,15:15:00,50.0,TNA,T1,KHN,T2,CA,A320
CA4628,18:40:00,20:20:00,50.0,ZUH,T1,KHN,T1,CA,B738
CA4629,09:05:00,10:55:00,50.0,XMN,T4,KWE,T3,CA,A320
CA4630,20:50:00,23:00:00,50.0,KWE,T3,XMN,T4,CA,B738
CA4631,15:30:00,19:00:00,50.0,PEK,T3,ZUH,T1,CA,A320
CA4632,11:05:00,14:25:00,50.0,ZUH,T1,PEK,T3,CA,A333
CA4633,09:30:00,11:35:00,50.0,HGH,T3,DLC,T1,CA,B738
CA4634,12:40:00,14:55:00,50.0,DLC,T1,HGH,T3,CA,B737
CA4635,08:10:00,09:40:00,50.0,TNA,T1,SHA,T2,CA,A319
CA4636,10:45:00,12:25:00,50.0,SHA,T2,TNA,T1,CA,A320
CA4637,19:30:00,21:15:00,50.0,XMN,T4,PVG,T2,CA,B737
CA4638,22:20:00,00:20:00,50.0,PVG,T2,XMN,T4,CA,B738
CA4639,09:30:00,12:25:00,50.0,XMN,T4,PEK,T3,CA,A320
CA4640,06:55:00,09:45:00,50.0,PEK,T3,XMN,T4,CA,A321
CA4641,15:00:00,18:00:00,50.0,XMN,T4,PEK,T3,CA,A333
CA4642,13:30:00,16:30:00,50.0,PEK,T3,XMN,T4,CA,A321
CA4643,17:30:00,20:30:00,50.0,XMN,T4,PEK,T3,CA,A333
CA4644,21:40:00,00:30:00,50.0,PEK,T3,XMN,T4,CA,B738
CA4645,19:30:00,22:30:00,50.0,XMN,T4,PEK,T3,CA,A320
CA4646,19:00:00,21:50:00,50.0,PEK,T3,XMN,T4,CA,A321
CA4648,15:50:00,17:00:00,50.0,WUS,T1,XMN,T4,CA,A320
CA4649,07:55:00,11:00:00,50.0,XMN,T4,XIY,T2,CA,A333
CA4650,12:05:00,15:10:00,50.0,XIY,T2,XMN,T4,CA,A333
CA4651,08:30:00,11:25:00,50.0,XMN,T4,PEK,T3,CA,B737
CA4652,10:25:00,13:15:00,50.0,PEK,T3,XMN,T4,CA,B737
CA4653,09:55:00,13:00:00,50.0,PEK,T3,FOC,T1,CA,A321
CA4654,14:15:00,17:30:00,50.0,FOC,T1,PEK,T3,CA,A333
CA4657,09:45:00,11:20:00,50.0,WUH,T2,TYN,T1,CA,B738
CA4658,15:00:00,16:45:00,50.0,WUH,T2,XMN,T4,CA,ARJ21
CA4661,14:25:00,16:40:00,50.0,CGQ,T2,TNA,T1,CA,A321
CA4662,11:40:00,13:35:00,50.0,TNA,T1,CGQ,T2,CA,A321
CA4668,10:20:00,12:20:00,50.0,XUZ,T2,XMN,T4,CA,B738
CA4669,12:35:00,15:20:00,50.0,PEK,T3,FOC,T1,CA,B737
CA4670,16:10:00,19:15:00,50.0,FOC,T1,PEK,T3,CA,A333
CA4671,19:00:00,23:50:00,50.0,NKG,T1,URC,T2,CA,A333
CA4672,12:40:00,14:25:00,50.0,NKG,T1,XMN,T4,CA,A321
CA4679,07:10:00,08:45:00,50.0,TAO,T1,PEK,T3,CA,B738
CA4680,09:50:00,11:20:00,50.0,PEK,T3,TAO,T1,CA,ARJ21
CA4681,13:25:00,16:25:00,50.0,PEK,T3,FOC,T1,CA,A333
CA4682,17:40:00,20:35:00,50.0,FOC,T1,PEK,T3,CA,B737
CA4683,19:50:00,21:30:00,50.0,YNT,T2,PEK,T3,CA,A319
CA4684,22:10:00,23:25:00,50.0,PEK,T3,YNT,T2,CA,ARJ21
CA4685,18:00:00,19:30:00,50.0,TAO,T1,PEK,T3,CA,B738
CA4686,21:15:00,22:45:00,50.0,PEK,T3,TAO,T1,CA,A321
CA4687,07:20:00,08:55:00,50.0,XMN,T4,CSX,T1,CA,B738
CA4688,09:55:00,11:30:00,50.0,CSX,T1,XMN,T4,CA,B738
CA4689,10:20:00,12:00:00,50.0,TAO,T1,SHA,T2,CA,B737
CA4690,13:15:00,15:00:00,50.0,SHA,T2,TAO,T1,CA,A319
CA4691,08:00:00,10:00:00,50.0,XMN,T4,PVG,T2,CA,A321
CA4692,11:05:00,13:00:00,50.0,PVG,T2,XMN,T4,CA,B737
CA4693,19:40:00,21:20:00,50.0,TAO,T1,SHA,T2,CA,A320
CA4694,22:25:00,00:10:00,50.0,SHA,T2,TAO,T1,CA,ARJ21
CA4695,11:30:00,13:10:00,50.0,TAO,T1,SHA,T2,CA,A320
CA4696,15:20:00,17:00:00,50.0,SHA,T2,TAO,T1,CA,B738
CA4697,15:10:00,16:50:00,50.0,TAO,T1,SHA,T2,CA,A321
CA4698,17:55:00,19:25:00,50.0,SHA,T2,TAO,T1,CA,A320
CA4699,09:55:00,11:30:00,50.0,WUS,T1,CAN,T3,CA,A320
CA4700,15:05:00,16:55:00,50.0,WUS,T1,TAO,T1,CA,ARJ21
CA4701,11:30:00,13:00:00,50.0,TAO,T1,SHE,T3,CA,B738
CA4702,18:55:00,20:40:00,50.0,SHE,T3,TAO,T1,CA,A320
CA4703,15:55:00,17:30:00,50.0,NGB,T2,TAO,T1,CA,A321
CA4704,13:15:00,14:55:00,50.0,TAO,T1,NGB,T2,CA,A321
CA4705,13:25:00,15:10:00,50.0,TAO,T1,SHE,T3,CA,A320
CA4706,19:05:00,23:40:00,50.0,TAO,T1,URC,T2,CA,A321
CA4709,07:05:00,08:50:00,50.0,TAO,T1,SHE,T3,CA,B738
CA4710,21:15:00,23:00:00,50.0,SHE,T3,TAO,T1,CA,A320
CA4711,18:20:00,20:05:00,50.0,TAO,T1,PVG,T2,CA,B738
CA4712,21:10:00,22:40:00,50.0,PVG,T2,TAO,T1,CA,B737
CA4713,15:05:00,17:50:00,50.0,PEK,T3,FOC,T1,CA,A321
CA4714,18:55:00,21:50:00,50.0,FOC,T1,PEK,T3,CA,A321
CA4715,07:00:00,08:00:00,50.0,TAO,T1,DLC,T1,CA,A320
CA4716,09:05:00,09:55:00,50.0,DLC,T1,TAO,T1,CA,A320
CA4717,13:50:00,16:20:00,50.0,TAO,T1,HRB,T2,CA,A321
CA4718,17:20:00,19:15:00,50.0,HRB,T2,TAO,T1,CA,B737
CA4719,08:45:00,11:50:00,50.0,TAO,T1,SZX,T3,CA,A333
CA4720,12:55:00,16:05:00,50.0,SZX,T3,TAO,T1,CA,B789
CA4721,17:10:00,19:05:00,50.0,TAO,T1,HRB,T2,CA,B737
CA4724,10:15:00,12:20:00,50.0,HRB,T2,TAO,T1,CA,A320
CA4727,08:45:00,10:25:00,50.0,TAO,T1,PVG,T2,CA,B738
CA4728,12:15:00,13:50:00,50.0,PVG,T2,TAO,T1,CA,A321
CA4731,10:20:00,14:50:00,50.0,CGO,T2,KRL,T2,CA,A321
CA4732,15:35:00,19:30:00,50.0,KRL,T1,CGO,T2,CA,A320
CA4733,10:05:00,12:25:00,50.0,HGH,T3,KWL,T2,CA,A321
CA4734,13:10:00,15:15:00,50.0,KWL,T2,HGH,T3,CA,A320
CA4737,14:35:00,16:15:00,50.0,TAO,T1,SHA,T2,CA,B737
CA4738,10:15:00,11:55:00,50.0,SHA,T2,TAO,T1,CA,A321
CA4739,07:30:00,09:10:00,50.0,TAO,T1,SHA,T2,CA,A320
CA4740,17:20:00,18:50:00,50.0,SHA,T2,TAO,T1,CA,B738
CA4741,21:25:00,23:25:00,50.0,XIY,T2,KWE,T3,CA,A321
CA4742,22:10:00,00:20:00,50.0,XIY,T2,TAO,T1,CA,A320
CA4743,12:15:00,15:10:00,50.0,KWE,T3,TAO,T1,CA,B738
CA4744,07:55:00,11:15:00,50.0,TAO,T1,KWE,T3,CA,A321
CA4745,16:25:00,20:10:00,50.0,TAO,T1,KMG,T1,CA,A333
CA4746,21:15:00,00:35:00,50.0,KMG,T1,TAO,T1,CA,A333
CA4747,09:50:00,12:40:00,50.0,NKG,T1,KMG,T1,CA,A320
CA4748,17:35:00,18:55:00,50.0,NKG,T1,TAO,T1,CA,A319
CA4750,09:10:00,11:35:00,50.0,CKG,T3,TAO,T1,CA,A320
CA4751,15:00:00,18:15:00,50.0,TAO,T1,CAN,T3,CA,A320
CA4752,20:15:00,23:25:00,50.0,CAN,T3,TAO,T1,CA,B738
CA4753,08:15:00,10:45:00,50.0,TAO,T1,CSX,T1,CA,B738
CA4754,11:45:00,14:10:00,50.0,CSX,T1,TAO,T1,CA,A321
CA4757,15:40:00,18:05:00,50.0,JUZ,T1,NNG,T2,CA,B738
CA4758,22:10:00,00:20:00,50.0,JUZ,T1,TAO,T1,CA,B738
CA4759,09:25:00,11:05:00,50.0,KHN,T2,ZUH,T1,CA,B737
CA4760,14:35:00,16:35:00,50.0,KHN,T2,TAO,T1,CA,B738
CA4761,13:40:00,17:50:00,50.0,XIY,T2,AKU,T2,CA,A320
CA4763,15:45:00,17:25:00,50.0,WDS,T1,KWE,T3,CA,B737
CA4767,12:45:00,14:00:00,50.0,YNT,T2,PEK,T3,CA,A320
CA4768,19:15:00,20:30:00,50.0,PEK,T3,YNT,T2,CA,B738
CA4769,21:25:00,23:05:00,50.0,YNT,T2,SHE,T3,CA,A319
CA4770,21:00:00,22:25:00,50.0,SHE,T3,YNT,T2,CA,A320
CA4771,19:10:00,21:10:00,50.0,YNT,T2,HGH,T3,CA,A321
CA4772,22:15:00,00:10:00,50.0,HGH,T3,YNT,T2,CA,A321
CA4773,13:40:00,15:55:00,50.0,YNT,T2,WUH,T2,CA,A320
CA4774,16:55:00,18:55:00,50.0,WUH,T2,YNT,T1,CA,B738
CA4775,17:55:00,18:55:00,50.0,TAO,T1,DLC,T1,CA,B738
CA4776,20:00:00,21:05:00,50.0,DLC,T1,TAO,T1,CA,A321
CA4777,06:55:00,09:00:00,50.0,TAO,T1,CGQ,T2,CA,A320
CA4778,09:50:00,11:45:00,50.0,CGQ,T2,TAO,T1,CA,A320
CA4781,13:10:00,16:10:00,50.0,TAO,T1,CKG,T3,CA,B789
CA4782,10:55:00,13:30:00,50.0,CKG,T3,TAO,T1,CA,A320
CA4785,14:05:00,16:15:00,50.0,TSN,T2,CGQ,T2,CA,A321
CA4786,20:15:00,23:35:00,50.0,TSN,T2,ZUH,T1,CA,B789
CA4788,14:00:00,17:30:00,50.0,SHE,T3,XMN,T4,CA,B738
CA4789,10:45:00,13:30:00,50.0,TNA,T1,KWE,T3,CA,A320
CA4790,14:40:00,17:15:00,50.0,KWE,T3,TNA,T1,CA,A321
CA4791,16:55:00,18:20:00,50.0,DLC,T1,TNA,T1,CA,A320
CA4792,15:50:00,17:00:00,50.0,TNA,T1,DLC,T1,CA,A319
CA4793,11:50:00,14:10:00,50.0,TNA,T1,XMN,T4,CA,B737
CA4794,14:00:00,16:20:00,50.0,XMN,T4,TNA,T1,CA,B738
CA4795,18:00:00,20:20:00,50.0,HRB,T2,TNA,T1,CA,ARJ21
CA4796,11:05:00,13:25:00,50.0,XMN,T4,TNA,T1,CA,A320
CA4797,16:30:00,18:50:00,50.0,DYG,T1,TNA,T1,CA,A320
CA4798,12:20:00,14:40:00,50.0,TNA,T1,DYG,T2,CA,A320
CA4799,15:40:00,18:40:00,50.0,TAO,T1,SZX,T3,CA,A321
CA4800,19:50:00,23:05:00,50.0,SZX,T3,TAO,T1,CA,A320
CA4802,15:40:00,18:10:00,50.0,XIY,T2,TAO,T1,CA,A321
CA4805,10:40:00,11:50:00,50.0,INC,T1,XNN,T3,CA,A320
CA4806,14:30:00,16:25:00,50.0,INC,T1,TNA,T1,CA,B738
CA4809,13:55:00,16:10:00,50.0,TNA,T1,MIG,T2,CA,A320
CA4810,20:55:00,23:10:00,50.0,MIG,T2,TNA,T1,CA,B737
CA4812,15:10:00,17:35:00,50.0,XMN,T4,TAO,T1,CA,A320
CA4813,18:10:00,20:35:00,50.0,TAO,T1,CSX,T1,CA,A321
CA4814,21:35:00,00:15:00,50.0,CSX,T1,TAO,T1,CA,B737
CA4815,13:00:00,14:50:00,50.0,CGQ,T2,TAO,T1,CA,A321
CA4816,09:55:00,12:05:00,50.0,TAO,T1,CGQ,T2,CA,A320
CA4817,22:10:00,23:55:00,50.0,HSN,T1,XMN,T4,CA,A321
CA4818,09:00:00,10:30:00,50.0,HSN,T1,TAO,T1,CA,A320
CA4819,15:20:00,17:45:00,50.0,CZX,T1,KWE,T3,CA,A321
CA4820,09:55:00,10:55:00,50.0,CZX,T1,TAO,T1,CA,E190
CA4821,07:10:00,09:55:00,50.0,TNA,T1,NNG,T2,CA,A319
CA4822,10:55:00,13:55:00,50.0,NNG,T2,TNA,T1,CA,B738
CA4823,10:00:00,12:25:00,50.0,TNA,T1,CKG,T3,CA,A321
CA4824,07:00:00,09:10:00,50.0,CKG,T3,TNA,T1,CA,ARJ21
CA4827,16:10:00,19:05:00,50.0,TAO,T1,LHW,T3,CA,A321
CA4828,19:55:00,22:40:00,50.0,LHW,T3,TAO,T1,CA,A320
CA4830,17:15:00,19:40:00,50.0,CKG,T3,TAO,T1,CA,A320
CA4833,11:10:00,14:15:00,50.0,TAO,T1,CKG,T3,CA,A333
CA4834,15:20:00,18:05:00,50.0,CKG,T3,TAO,T1,CA,A321
CA4835,19:00:00,21:20:00,50.0,TNA,T1,CKG,T3,CA,A321
CA4837,15:10:00,18:05:00,50.0,TAO,T1,CKG,T3,CA,A321
CA4841,09:30:00,12:20:00,50.0,TNA,T1,TFU,T2,CA,B738
CA4842,16:50:00,18:55:00,50.0,TNA,T1,HRB,T2,CA,A321
CA4843,14:00:00,15:45:00,50.0,TNA,T1,WUH,T2,CA,A320
CA4845,17:35:00,20:35:00,50.0,TAO,T1,TFU,T2,CA,B738
CA4846,21:40:00,00:10:00,50.0,TFU,T2,TAO,T1,CA,B738
CA4850,14:15:00,16:15:00,50.0,WUS,T1,TNA,T1,CA,B738
CA4851,11:25:00,14:20:00,50.0,TNA,T1,SZX,T3,CA,A319
CA4852,15:25:00,18:10:00,50.0,SZX,T3,TNA,T1,CA,A319
CA4855,11:00:00,13:10:00,50.0,TAO,T1,WUH,T2,CA,A319
CA4856,14:45:00,17:05:00,50.0,WUH,T2,TAO,T1,CA,A321
CA4857,11:50:00,13:15:00,50.0,KWL,T2,HAK,T1,CA,B738
CA4858,16:25:00,19:20:00,50.0,KWL,T2,TNA,T1,CA,B738
CA4859,09:45:00,12:25:00,50.0,NGB,T2,HAK,T1,CA,A319
CA4860,16:55:00,18:30:00,50.0,NGB,T2,TAO,T1,CA,A319
CA4861,06:40:00,08:00:00,50.0,XMN,T4,HGH,T3,CA,A319
CA4862,09:05:00,10:45:00,50.0,HGH,T3,XMN,T4,CA,B737
CA4863,20:05:00,21:40:00,50.0,XMN,T4,HGH,T3,CA,B738
CA4864,22:45:00,00:45:00,50.0,HGH,T3,XMN,T4,CA,B738
CA4869,16:05:00,17:35:00,50.0,FOC,T1,ZUH,T1,CA,A319
CA4870,21:05:00,23:20:00,50.0,FOC,T1,TAO,T1,CA,A321
CA4871,09:50:00,11:20:00,50.0,XIY,T2,LNL,T1,CA,B738
CA4872,12:30:00,13:45:00,50.0,LNL,T1,XIY,T2,CA,ARJ21
CA4875,13:20:00,15:30:00,50.0,TAO,T1,XIY,T2,CA,A321
CA4876,16:35:00,18:40:00,50.0,XIY,T2,TAO,T1,CA,ARJ21
CA4877,16:20:00,18:55:00,50.0,XMN,T4,CKG,T3,CA,ARJ21
CA4878,08:20:00,10:55:00,50.0,CKG,T3,XMN,T4,CA,A320
CA4879,07:15:00,10:00:00,50.0,XMN,T4,KMG,T1,CA,B737
CA4880,11:20:00,14:05:00,50.0,KMG,T1,XMN,T4,CA,A320
CA4881,07:00:00,09:10:00,50.0,TAO,T1,HET,T1,CA,A321
CA4882,10:00:00,12:00:00,50.0,HET,T1,TAO,T1,CA,A320
CA4883,14:30:00,16:30:00,50.0,KWL,T2,CGO,T2,CA,A321
CA4884,20:15:00,21:55:00,50.0,KWL,T2,XMN,T4,CA,A321
CA4885,12:20:00,14:40:00,50.0,TYN,T1,CGQ,T2,CA,A320
CA4886,15:40:00,18:40:00,50.0,CGQ,T2,TYN,T1,CA,A333
CA4887,11:40:00,13:45:00,50.0,ZUH,T1,HGH,T3,CA,A320
CA4888,14:50:00,17:10:00,50.0,HGH,T3,ZUH,T1,CA,A319
CA4889,11:40:00,13:35:00,50.0,CGO,T2,NGB,T2,CA,A320
CA4890,14:45:00,16:45:00,50.0,NGB,T2,CGO,T2,CA,B737
CA4891,16:00:00,17:55:00,50.0,TYN,T1,SHE,T3,CA,B738
CA4892,09:20:00,11:45:00,50.0,TYN,T1,KWE,T3,CA,B738
CA4893,07:30:00,09:55:00,50.0,ZUH,T1,SHA,T2,CA,A321
CA4894,11:15:00,13:50:00,50.0,SHA,T2,ZUH,T1,CA,B738
CA4895,16:55:00,19:25:00,50.0,ZUH,T1,SHA,T2,CA,B738
CA4896,20:35:00,22:55:00,50.0,SHA,T2,ZUH,T1,CA,A321
CA4897,18:05:00,20:25:00,50.0,ZUH,T1,SHA,T2,CA,B737
CA4898,21:35:00,23:55:00,50.0,SHA,T2,ZUH,T1,CA,A320
CA4899,18:25:00,20:35:00,50.0,CKG,T3,NKG,T1,CA,A321
CA4900,21:40:00,00:05:00,50.0,NKG,T1,CKG,T3,CA,ARJ21
CA4901,07:55:00,09:40:00,50.0,TAO,T1,HGH,T3,CA,B738
CA4902,20:20:00,22:15:00,50.0,HGH,T3,TAO,T1,CA,B738
CA4903,11:30:00,13:40:00,50.0,CGO,T2,SHE,T3,CA,B738
CA4904,14:45:00,17:15:00,50.0,SHE,T3,CGO,T2,CA,B737
CA4905,11:55:00,16:25:00,50.0,URC,T2,TAO,T1,CA,A333
CA4906,13:45:00,19:00:00,50.0,TAO,T1,URC,T2,CA,B789
CA4907,18:45:00,23:10:00,50.0,TNA,T1,URC,T2,CA,B738
CA4908,12:35:00,14:40:00,50.0,TNA,T1,FOC,T1,CA,A320
CA4909,18:30:00,20:10:00,50.0,TAO,T1,HGH,T3,CA,A321
CA4910,21:15:00,23:15:00,50.0,HGH,T3,TAO,T1,CA,A319
CA4911,19:30:00,21:05:00,50.0,YNT,T2,PEK,T3,CA,A321
CA4912,20:05:00,21:30:00,50.0,PEK,T3,YNT,T2,CA,B738
CA4915,16:00:00,17:50:00,50.0,YNT,T2,SHA,T2,CA,A320
CA4916,18:55:00,20:35:00,50.0,SHA,T2,YNT,T2,CA,B737
CA4917,07:25:00,10:40:00,50.0,YNT,T2,CAN,T3,CA,B738
CA4918,12:00:00,15:10:00,50.0,CAN,T3,YNT,T2,CA,B789
CA4919,12:10:00,15:30:00,50.0,YNT,T2,SZX,T3,CA,A333
CA4920,20:40:00,22:05:00,50.0,YNT,T2,SHE,T3,CA,ARJ21
CA4923,11:55:00,13:55:00,50.0,TAO,T1,HGH,T3,CA,A320
CA4924,15:10:00,17:05:00,50.0,HGH,T3,TAO,T1,CA,A320
CA4925,21:30:00,00:10:00,50.0,YNT,T2,XMN,T4,CA,B737
CA4926,12:30:00,15:15:00,50.0,XMN,T4,YNT,T2,CA,B738
CA4927,11:00:00,13:00:00,50.0,WUH,T2,ZUH,T1,CA,A320
CA4928,14:00:00,15:55:00,50.0,ZUH,T1,WUH,T2,CA,A319
CA4929,09:30:00,11:05:00,50.0,TAO,T1,HGH,T3,CA,B738
CA4930,12:10:00,14:10:00,50.0,HGH,T3,TAO,T1,CA,B737
CA4933,12:10:00,13:10:00,50.0,DLC,T1,TAO,T1,CA,B737
CA4934,10:15:00,11:10:00,50.0,TAO,T1,DLC,T1,CA,A320
CA4935,08:50:00,11:55:00,50.0,TAO,T1,TFU,T2,CA,A321
CA4936,13:40:00,16:15:00,50.0,TFU,T2,TAO,T1,CA,A320
CA4937,14:50:00,17:50:00,50.0,TAO,T1,TFU,T2,CA,B738
CA4938,18:55:00,21:30:00,50.0,TFU,T2,TAO,T1,CA,A321
CA4939,07:40:00,10:35:00,50.0,TAO,T1,CTU,T2,CA,B738
CA4940,11:45:00,14:25:00,50.0,CTU,T2,TAO,T1,CA,B737
CA4941,11:25:00,13:35:00,50.0,TYN,T1,HGH,T3,CA,A321
CA4942,18:00:00,22:00:00,50.0,TYN,T1,URC,T2,CA,A320
CA4943,11:50:00,14:00:00,50.0,YNT,T2,CGQ,T2,CA,A320
CA4944,16:25:00,18:15:00,50.0,CGQ,T2,YNT,T1,CA,A321
CA4948,09:20:00,14:05:00,50.0,KHG,T2,TNA,T1,CA,B738
CA4949,12:05:00,14:35:00,50.0,YNT,T2,CSX,T1,CA,B738
CA4950,15:35:00,18:00:00,50.0,CSX,T1,YNT,T2,CA,A320
CA4951,10:05:00,14:10:00,50.0,URC,T2,TNA,T1,CA,A333
CA4952,20:35:00,00:45:00,50.0,TNA,T1,URC,T2,CA,A333
CA4953,13:15:00,15:50:00,50.0,TNA,T1,TFU,T2,CA,A319
CA4954,16:55:00,19:10:00,50.0,TFU,T2,TNA,T1,CA,A321
CA4955,08:00:00,10:35:00,50.0,TNA,T1,TFU,T2,CA,B737
CA4956,12:00:00,14:45:00,50.0,TFU,T2,TNA,T1,CA,ARJ21
CA4957,07:10:00,09:05:00,50.0,TNA,T1,CGQ,T2,CA,B738
CA4958,09:55:00,12:10:00,50.0,CGQ,T2,TNA,T1,CA,B738
CA4959,17:30:00,19:55:00,50.0,TNA,T1,CTU,T2,CA,B738
CA4960,21:10:00,23:25:00,50.0,CTU,T2,TNA,T1,CA,A320
CA4963,10:10:00,13:50:00,50.0,XIY,T2,KRL,T2,CA,A321
CA4964,14:45:00,18:10:00,50.0,KRL,T2,XIY,T2,CA,A320
CA4967,19:45:00,20:55:00,50.0,DLC,T1,TNA,T1,CA,E190
CA4968,11:30:00,13:40:00,50.0,CKG,T3,TNA,T1,CA,A320
CA4970,13:30:00,15:45:00,50.0,CKG,T3,TNA,T1,CA,A321
CA4971,08:45:00,12:10:00,50.0,TNA,T1,KMG,T1,CA,B738
CA4972,13:15:00,16:10:00,50.0,KMG,T1,TNA,T1,CA,A321
CA4973,17:00:00,18:45:00,50.0,HET,T1,TNA,T1,CA,A319
CA4974,10:30:00,12:55:00,50.0,XMN,T4,TNA,T1,CA,B737
CA4975,10:40:00,13:15:00,50.0,TNA,T1,TFU,T2,CA,A321
CA4976,14:20:00,16:45:00,50.0,TFU,T2,TNA,T1,CA,A320
CA4977,09:45:00,11:20:00,50.0,HSN,T1,JJN,T1,CA,A320
CA4978,14:20:00,16:25:00,50.0,HSN,T1,TNA,T1,CA,B737
CA4981,14:40:00,17:30:00,50.0,NNG,T2,TNA,T1,CA,B737
CA4982,10:20:00,13:25:00,50.0,TNA,T1,NNG,T2,CA,A333
CA4983,14:50:00,17:35:00,50.0,TNA,T1,KWE,T3,CA,A321
CA4984,18:35:00,21:20:00,50.0,KWE,T3,TNA,T1,CA,B738
CA4985,13:20:00,14:30:00,50.0,DLC,T1,TNA,T1,CA,ARJ21
CA4986,11:00:00,12:15:00,50.0,TNA,T1,DLC,T1,CA,E190
CA4987,13:25:00,15:45:00,50.0,XMN,T4,CGO,T2,CA,A321
CA4989,07:20:00,08:50:00,50.0,YNT,T2,PEK,T3,CA,B738
CA4990,09:55:00,11:10:00,50.0,PEK,T3,YNT,T2,CA,B737
CA4991,07:10:00,09:00:00,50.0,YNT,T2,SHA,T2,CA,B738
CA4992,10:10:00,11:55:00,50.0,SHA,T2,YNT,T2,CA,A320
CA4993,15:00:00,18:00:00,50.0,INC,T1,URC,T2,CA,A320
CA4994,22:40:00,00:35:00,50.0,INC,T1,TNA,T1,CA,A319
CA4995,14:25:00,16:50:00,50.0,TNA,T1,LHW,T3,CA,A321
CA4996,11:15:00,13:25:00,50.0,LHW,T3,TNA,T1,CA,A321
CA4999,09:55:00,12:05:00,50.0,NKG,T1,KWL,T2,CA,B738
CA5000,15:55:00,17:25:00,50.0,NKG,T1,YNT,T2,CA,A321
CA5331,14:10:00,16:25:00,50.0,LXA,T3,LHW,T3,CA,B738
CA5332,17:20:00,20:05:00,50.0,LHW,T3,LXA,T3,CA,B738
CA5335,10:10:00,12:35:00,50.0,YBP,T1,HGH,T3,CA,B737
CA5336,17:40:00,20:20:00,50.0,YBP,T1,LXA,T3,CA,A320
CA5337,16:00:00,18:10:00,50.0,GYS,T1,NKG,T1,CA,A319
CA5338,14:30:00,16:55:00,50.0,GYS,T1,LXA,T3,CA,A321
CA5341,12:40:00,15:25:00,50.0,LXA,T3,XIY,T3,CA,B738
CA5343,15:10:00,16:20:00,50.0,XNN,T3,YUS,T1,CA,ARJ21
CA5344,17:00:00,18:10:00,50.0,YUS,T1,XNN,T3,CA,A320
CA5345,14:00:00,16:30:00,50.0,LJG,T1,YCU,T1,CA,B737
CA5346,21:00:00,23:15:00,50.0,LJG,T1,LXA,T3,CA,ARJ21
CA5347,18:10:00,21:05:00,50.0,LXA,T3,KWE,T3,CA,B737
CA5348,21:55:00,00:45:00,50.0,KWE,T3,LXA,T3,CA,A321
CA5349,16:50:00,19:00:00,50.0,BZX,T1,CSX,T1,CA,B738
CA5350,19:50:00,22:30:00,50.0,BZX,T1,LXA,T3,CA,A321
CA5351,10:05:00,11:30:00,50.0,CTU,T2,KMG,T1,CA,A321
CA5352,21:20:00,23:00:00,50.0,KMG,T1,CTU,T2,CA,B737
CA5353,08:30:00,11:00:00,50.0,CKG,T3,LZY,T1,CA,A319
CA5354,12:00:00,14:05:00,50.0,LZY,T1,CKG,T3,CA,B738
CA5355,11:00:00,13:50:00,50.0,CTU,T2,SQJ,T1,CA,A319
CA5356,20:10:00,22:30:00,50.0,CTU,T2,LXA,T3,CA,B738
CA5357,18:15:00,21:05:00,50.0,CTU,T2,XMN,T4,CA,A320
CA5358,22:05:00,00:55:00,50.0,XMN,T4,CTU,T2,CA,ARJ21
CA5363,07:20:00,09:05:00,50.0,XMN,T4,CSX,T1,CA,B738
CA5364,22:10:00,00:20:00,50.0,CSX,T1,XMN,T4,CA,A320
CA5365,16:40:00,18:40:00,50.0,LXA,T3,LJG,T1,CA,B738
CA5366,10:10:00,11:55:00,50.0,LJG,T1,LXA,T3,CA,A321
CA5367,15:50:00,17:55:00,50.0,NAO,T3,YTY,T1,CA,B738
CA5368,18:45:00,21:15:00,50.0,YTY,T1,NAO,T3,CA,A320
CA5371,14:00:00,16:00:00,50.0,XNN,T3,SJW,T2,CA,B737
CA5372,19:50:00,22:05:00,50.0,XNN,T3,LXA,T3,CA,A319
CA5373,13:50:00,15:30:00,50.0,CTU,T2,NNG,T1,CA,B737
CA5374,16:50:00,19:05:00,50.0,NNG,T1,CTU,T2,CA,A319
CA5377,16:10:00,18:20:00,50.0,CKG,T3,SYM,T1,CA,B738
CA5379,10:15:00,11:50:00,50.0,CTU,T2,YCU,T1,CA,B737
CA5380,22:10:00,00:15:00,50.0,YCU,T1,CTU,T2,CA,A320
CA5381,12:10:00,14:30:00,50.0,XIY,T3,NTG,T3,CA,B738
CA5382,16:30:00,18:50:00,50.0,NTG,T3,XIY,T3,CA,ARJ21
CA5389,14:00:00,16:20:00,50.0,JHG,T1,SZX,T3,CA,B738
CA5554,10:30:00,12:45:00,50.0,LZY,T1,TFU,T2,CA,A320
CA5572,17:00:00,19:05:00,50.0,XNN,T3,CTU,T2,CA,B737
CA5575,07:30:00,09:40:00,50.0,MIG,T1,LZY,T1,CA,B738
CA5576,10:20:00,12:10:00,50.0,LZY,T1,MIG,T1,CA,A320
CA5577,09:40:00,11:00:00,50.0,BPX,T1,CTU,T2,CA,A320
CA5578,08:25:00,09:40:00,50.0,CTU,T2,BPX,T1,CA,A320
CA5581,07:30:00,10:00:00,50.0,CTU,T2,CAN,T3,CA,A319
CA5582,11:15:00,13:30:00,50.0,CAN,T3,CTU,T2,CA,B737
CA5583,07:30:00,09:30:00,50.0,LXA,T3,NGQ,T1,CA,A320
CA5584,10:15:00,12:00:00,50.0,NGQ,T1,LXA,T3,CA,A321
CA5590,09:45:00,12:15:00,50.0,RKZ,T1,CKG,T3,CA,A321
CA5701,08:20:00,12:15:00,50.0,KMG,T1,PEK,T3,CA,A320
CA5702,13:25:00,17:15:00,50.0,PEK,T3,KMG,T1,CA,A321
CA5703,19:00:00,21:05:00,50.0,KMG,T1,CAN,T3,CA,B737
CA5704,22:10:00,00:30:00,50.0,CAN,T3,KMG,T1,CA,A320
CA5705,06:45:00,09:10:00,50.0,KMG,T1,HUZ,T1,CA,A321
CA5706,10:30:00,13:05:00,50.0,HUZ,T1,KMG,T1,CA,B737
CA5707,09:20:00,12:15:00,50.0,KMG,T1,NKG,T1,CA,B738
CA5708,13:15:00,16:10:00,50.0,NKG,T1,KMG,T1,CA,B738
CA5709,21:30:00,00:30:00,50.0,KMG,T1,NTG,T3,CA,A320
CA5710,07:00:00,09:50:00,50.0,NTG,T3,KMG,T1,CA,B738
CA5713,18:00:00,20:55:00,50.0,KMG,T1,NTG,T3,CA,A321
CA5714,21:45:00,00:40:00,50.0,NTG,T3,KMG,T1,CA,A321
CA5717,09:10:00,11:25:00,50.0,KMG,T1,XIY,T2,CA,A319
CA5718,12:35:00,14:55:00,50.0,XIY,T2,KMG,T1,CA,A320
CA5719,15:20:00,17:50:00,50.0,TYN,T1,KWE,T3,CA,A321
CA5720,18:55:00,21:30:00,50.0,KWE,T3,TYN,T1,CA,B738
CA5721,08:25:00,10:25:00,50.0,KMG,T1,CAN,T3,CA,B738
CA5722,11:30:00,13:50:00,50.0,CAN,T3,KMG,T1,CA,B738
CA5725,19:25:00,21:45:00,50.0,KMG,T1,HUZ,T1,CA,ARJ21
CA5726,22:30:00,01:00:00,50.0,HUZ,T1,KMG,T1,CA,ARJ21
CA5727,17:15:00,20:00:00,50.0,KMG,T1,CGO,T2,CA,A320
CA5728,21:10:00,00:05:00,50.0,CGO,T2,KMG,T1,CA,A319
CA5729,17:45:00,20:10:00,50.0,KMG,T1,XIY,T2,CA,B738
CA5730,21:20:00,23:40:00,50.0,XIY,T2,KMG,T1,CA,B738
CA5733,08:45:00,12:05:00,50.0,KMG,T1,TNA,T1,CA,A320
CA5734,13:15:00,16:30:00,50.0,TNA,T1,KMG,T1,CA,A333
CA5735,08:35:00,11:05:00,50.0,KMG,T1,WUH,T2,CA,A320
CA5736,12:15:00,14:35:00,50.0,WUH,T2,KMG,T1,CA,ARJ21
CA5739,11:15:00,12:45:00,50.0,XFN,T2,TYN,T1,CA,B738
CA5740,16:50:00,19:00:00,50.0,XFN,T2,KMG,T1,CA,A320
CA5743,11:50:00,14:50:00,50.0,KMG,T1,TNA,T1,CA,A321
CA5744,15:50:00,19:00:00,50.0,TNA,T1,KMG,T1,CA,A321
CA5745,08:10:00,10:25:00,50.0,KMG,T1,XIY,T2,CA,A319
CA5746,11:35:00,13:50:00,50.0,XIY,T2,KMG,T1,CA,B738
CA5749,17:40:00,19:25:00,50.0,JHG,T1,TFU,T2,CA,A321
CA5750,15:05:00,17:00:00,50.0,TFU,T2,JHG,T1,CA,A321
CA5751,09:00:00,11:40:00,50.0,KMG,T1,CGO,T2,CA,A321
CA5752,12:40:00,15:20:00,50.0,CGO,T2,KMG,T1,CA,B737
CA5753,16:30:00,18:25:00,50.0,CSX,T1,YCU,T1,CA,B738
CA5754,19:15:00,21:10:00,50.0,YCU,T1,CSX,T1,CA,B738
CA5755,08:20:00,11:20:00,50.0,KMG,T1,YTY,T1,CA,B738
CA5756,12:05:00,15:05:00,50.0,YTY,T1,KMG,T1,CA,A333
CA5759,20:30:00,21:45:00,50.0,JHG,T1,LJG,T1,CA,A319
CA5760,22:25:00,23:30:00,50.0,LJG,T1,JHG,T1,CA,A321
CA5762,12:50:00,15:45:00,50.0,CZX,T1,KMG,T1,CA,B737
CA5763,09:30:00,11:30:00,50.0,TFU,T2,TCZ,T1,CA,B737
CA5764,12:10:00,13:45:00,50.0,TCZ,T1,TFU,T2,CA,B737
CA5765,09:00:00,10:30:00,50.0,TFU,T2,LJG,T1,CA,A321
CA5766,11:40:00,13:00:00,50.0,LJG,T1,TFU,T2,CA,B738
CA5767,16:50:00,19:45:00,50.0,KMG,T1,XMN,T4,CA,B738
CA5769,18:20:00,21:00:00,50.0,YTY,T1,TFU,T2,CA,B738
CA5770,14:45:00,17:30:00,50.0,TFU,T2,YTY,T1,CA,A320
CA5771,09:10:00,12:00:00,50.0,KMG,T1,XMN,T4,CA,B737
CA5772,13:05:00,15:50:00,50.0,XMN,T4,KMG,T1,CA,B738
CA5774,12:50:00,16:10:00,50.0,NTG,T3,KMG,T1,CA,A321
CA5775,09:05:00,10:20:00,50.0,KMG,T1,TCZ,T1,CA,ARJ21
CA5776,18:40:00,20:00:00,50.0,TCZ,T1,KMG,T1,CA,ARJ21
CA5777,10:55:00,13:50:00,50.0,KMG,T1,YTY,T1,CA,B738
CA5778,14:50:00,17:45:00,50.0,YTY,T1,KMG,T1,CA,B737
CA5779,20:55:00,22:20:00,50.0,KMG,T1,LUM,T1,CA,B737
CA5780,23:25:00,00:35:00,50.0,LUM,T1,KMG,T1,CA,A320
CA5781,06:50:00,08:50:00,50.0,KMG,T1,XIY,T2,CA,B738
CA5782,09:55:00,11:55:00,50.0,XIY,T2,KMG,T1,CA,B738
CA5783,14:55:00,17:35:00,50.0,KMG,T1,XMN,T4,CA,A320
CA5784,18:55:00,22:00:00,50.0,XMN,T4,KMG,T1,CA,B789
CA5785,15:10:00,18:25:00,50.0,KMG,T1,TNA,T1,CA,A321
CA5786,19:35:00,22:55:00,50.0,TNA,T1,KMG,T1,CA,B738
CA5787,14:20:00,17:10:00,50.0,KMG,T1,NKG,T1,CA,A320
CA5788,18:15:00,21:00:00,50.0,NKG,T1,KMG,T1,CA,B738
CA5789,08:40:00,12:00:00,50.0,KMG,T1,PVG,T2,CA,A333
CA5791,11:05:00,12:50:00,50.0,SHS,T1,TNA,T1,CA,A320
CA5792,16:30:00,18:20:00,50.0,SHS,T1,KMG,T1,CA,A319
CA5793,15:00:00,18:10:00,50.0,KMG,T1,PVG,T2,CA,A320
CA5794,19:15:00,22:50:00,50.0,PVG,T2,KMG,T1,CA,A333
CA5795,11:10:00,13:00:00,50.0,CSX,T1,YTY,T1,CA,B738
CA5796,14:00:00,15:55:00,50.0,YTY,T1,CSX,T1,CA,A320
CA5797,10:25:00,12:20:00,50.0,CSX,T1,LYI,T2,CA,A320
CA5798,13:05:00,14:55:00,50.0,LYI,T2,CSX,T1,CA,A320
CA5799,16:00:00,19:00:00,50.0,KMG,T1,NKG,T1,CA,A321
CA5800,20:05:00,23:00:00,50.0,NKG,T1,KMG,T1,CA,B738
CA5805,09:55:00,12:20:00,50.0,CKG,T3,TCZ,T1,CA,A321
CA5806,13:55:00,16:05:00,50.0,TCZ,T1,CKG,T3,CA,A319
CA5808,17:45:00,19:45:00,50.0,CSX,T1,TYN,T1,CA,B737
CA5811,12:25:00,14:15:00,50.0,YCU,T1,TAO,T1,CA,A321
CA5812,17:50:00,20:15:00,50.0,YCU,T1,KMG,T1,CA,A320
CA5813,09:00:00,11:05:00,50.0,TYN,T1,CKG,T3,CA,A319
CA5814,12:10:00,14:15:00,50.0,CKG,T3,TYN,T1,CA,A321
CA5815,16:50:00,19:55:00,50.0,KMG,T1,SJW,T1,CA,B738
CA5816,21:00:00,00:10:00,50.0,SJW,T1,KMG,T1,CA,B789
CA5819,09:40:00,12:10:00,50.0,KMG,T1,WUH,T2,CA,A320
CA5820,13:15:00,15:40:00,50.0,WUH,T2,KMG,T1,CA,A320
CA5829,19:00:00,20:20:00,50.0,KMG,T1,LUM,T1,CA,B737
CA5830,21:10:00,22:20:00,50.0,LUM,T1,KMG,T1,CA,B738
CA5833,07:00:00,10:05:00,50.0,LUM,T1,CGO,T2,CA,A333
CA5834,10:55:00,14:00:00,50.0,CGO,T2,LUM,T1,CA,A321
CA779,17:15:00,21:25:00,50.0,CKG,T3,URC,T1,CA,A333
CA782,10:15:00,14:10:00,50.0,URC,T1,PEK,T3,CA,B789
CA7901,17:05:00,19:10:00,50.0,SZX,T3,HFE,T1,CA,B738
CA7902,20:00:00,22:15:00,50.0,HFE,T1,SZX,T3,CA,A321
CA7903,20:05:00,22:20:00,50.0,SZX,T3,HFE,T1,CA,B737
CA7904,23:15:00,01:35:00,50.0,HFE,T1,SZX,T3,CA,B738
CA7905,17:25:00,20:20:00,50.0,CAN,T3,TNA,T1,CA,A321
CA7907,07:45:00,09:50:00,50.0,CAN,T3,HFE,T1,CA,A319
CA7908,17:50:00,20:10:00,50.0,HFE,T1,CAN,T3,CA,A321
CA7909,22:05:00,01:05:00,50.0,PEK,T3,JJN,T1,CA,A321
CA7910,18:10:00,21:00:00,50.0,JJN,T1,PEK,T3,CA,ARJ21
CA7911,15:45:00,18:40:00,50.0,NTG,T3,TFU,T2,CA,A320
CA7912,19:45:00,22:25:00,50.0,TFU,T2,NTG,T3,CA,B737
CA7919,08:20:00,10:25:00,50.0,SZX,T3,HGH,T3,CA,B738
CA7920,11:35:00,13:50:00,50.0,HGH,T3,SZX,T3,CA,A320
CA7921,06:20:00,08:35:00,50.0,SZX,T3,NKG,T2,CA,A321
CA7923,13:50:00,16:10:00,50.0,CAN,T3,NTG,T3,CA,B738
CA7924,16:55:00,19:20:00,50.0,NTG,T3,CAN,T3,CA,A320
CA7925,23:15:00,01:25:00,50.0,SZX,T3,HGH,T3,CA,B737
CA7926,06:20:00,08:30:00,50.0,HGH,T3,SZX,T3,CA,A319
CA7927,15:25:00,17:05:00,50.0,LYI,T2,WNZ,T2,CA,A321
CA7928,20:30:00,22:40:00,50.0,LYI,T2,HRB,T2,CA,A321
CA7929,12:00:00,14:35:00,50.0,NTG,T3,CKG,T3,CA,B737
CA7930,08:20:00,10:45:00,50.0,CKG,T3,NTG,T3,CA,A320
CA7935,16:05:00,18:25:00,50.0,NNG,T2,HFE,T1,CA,A319
CA7936,19:35:00,22:05:00,50.0,HFE,T1,NNG,T2,CA,A320
CA7939,09:10:00,12:00:00,50.0,SZX,T3,TNA,T1,CA,A319
CA7940,13:00:00,15:55:00,50.0,TNA,T1,SZX,T3,CA,B738
CA7943,13:20:00,15:10:00,50.0,YTY,T1,JJN,T1,CA,A321
CA7944,18:45:00,20:50:00,50.0,YTY,T1,SHE,T3,CA,A320
CA7945,08:45:00,14:40:00,50.0,SZX,T3,URC,T2,CA,A333
CA7946,15:55:00,21:00:00,50.0,URC,T2,SZX,T3,CA,A333
CA7949,08:25:00,11:00:00,50.0,SZX,T3,CKG,T3,CA,A321
CA7950,12:05:00,14:05:00,50.0,CKG,T3,SZX,T3,CA,A319
CA7957,14:45:00,17:20:00,50.0,CAN,T3,CZX,T1,CA,A319
CA7958,18:40:00,21:10:00,50.0,CZX,T1,CAN,T3,CA,A320
CA7959,08:50:00,10:50:00,50.0,SZX,T3,WUH,T3,CA,B738
CA7960,12:00:00,14:10:00,50.0,WUH,T3,SZX,T3,CA,ARJ21
CA7961,20:20:00,22:50:00,50.0,YCU,T1,WNZ,T2,CA,B738
CA7962,17:05:00,19:30:00,50.0,WNZ,T2,YCU,T1,CA,B738
CA7965,09:20:00,12:10:00,50.0,HRB,T2,YTY,T1,CA,A321
CA7966,19:05:00,21:40:00,50.0,YTY,T1,HRB,T2,CA,A319
CA7967,12:15:00,13:55:00,50.0,LYI,T2,NGB,T2,CA,B738
CA7968,17:40:00,20:00:00,50.0,LYI,T2,HRB,T2,CA,B738
CA7969,07:20:00,09:30:00,50.0,SZX,T3,HFE,T1,CA,B738
CA7970,10:20:00,12:45:00,50.0,HFE,T1,SZX,T3,CA,B738
CA7971,15:15:00,20:00:00,50.0,HRB,T2,SZX,T3,CA,A321
CA7972,09:25:00,13:50:00,50.0,SZX,T3,HRB,T2,CA,B738
CA8101,15:55:00,18:15:00,50.0,HET,T1,SHE,T3,CA,A320
CA8105,07:55:00,10:00:00,50.0,HET,T1,XIY,T2,CA,A321
CA8106,11:05:00,12:50:00,50.0,XIY,T2,HET,T1,CA,A321
CA8107,11:05:00,13:00:00,50.0,HET,T1,TGO,T1,CA,ARJ21
CA8108,13:50:00,15:55:00,50.0,TGO,T1,HET,T1,CA,A320
CA8119,09:50:00,12:15:00,50.0,HET,T1,WUH,T3,CA,A321
CA8120,13:15:00,15:20:00,50.0,WUH,T3,HET,T1,CA,A320
CA8127,14:55:00,16:35:00,50.0,HET,T1,CIF,T1,CA,A319
CA8128,17:25:00,19:05:00,50.0,CIF,T1,HET,T1,CA,B738
CA8130,13:35:00,15:10:00,50.0,CIF,T1,HET,T1,CA,A320
CA8133,08:30:00,10:20:00,50.0,HET,T1,TGO,T1,CA,B738
CA8134,11:10:00,13:05:00,50.0,TGO,T1,HET,T1,CA,A320
CA8139,07:20:00,08:55:00,50.0,HET,T1,TSN,T2,CA,A320
CA814,11:55:00,14:15:00,50.0,XIY,T2,PEK,T3,CA,B737
CA8140,15:55:00,17:35:00,50.0,TSN,T2,HET,T1,CA,B738
CA8151,13:00:00,14:50:00,50.0,INC,T1,TFU,T2,CA,A320
CA8152,19:00:00,20:30:00,50.0,INC,T1,HET,T1,CA,A320
CA8156,12:10:00,13:30:00,50.0,XIL,T1,HET,T1,CA,A321
CA8157,14:40:00,17:00:00,50.0,HET,T1,CGQ,T2,CA,A320
CA8158,18:00:00,20:20:00,50.0,CGQ,T2,HET,T1,CA,A321
CA8159,09:35:00,11:55:00,50.0,HET,T1,CGQ,T2,CA,A319
CA8160,12:50:00,15:05:00,50.0,CGQ,T2,HET,T1,CA,A320
CA8163,12:55:00,14:50:00,50.0,HET,T1,HLH,T1,CA,B738
CA8164,15:50:00,17:50:00,50.0,HLH,T1,HET,T1,CA,A319
CA8165,17:20:00,19:15:00,50.0,HET,T1,HLH,T1,CA,A321
CA8166,20:00:00,22:00:00,50.0,HLH,T1,HET,T1,CA,A320
CA8167,08:00:00,10:10:00,50.0,HET,T1,HLH,T1,CA,B737
CA8171,07:40:00,09:20:00,50.0,HET,T1,CIF,T1,CA,B737
CA8172,10:20:00,12:00:00,50.0,CIF,T1,HET,T1,CA,B737
CA8177,19:00:00,20:15:00,50.0,HET,T1,XIL,T1,CA,A319
CA8178,08:45:00,10:00:00,50.0,XIL,T1,HET,T1,CA,A319
CA8179,17:55:00,20:00:00,50.0,HET,T1,SHE,T3,CA,A321
CA8180,15:00:00,16:55:00,50.0,SHE,T3,HET,T1,CA,A320
CA8181,13:15:00,14:45:00,50.0,XIL,T1,SHE,T3,CA,A321
CA8182,18:30:00,19:50:00,50.0,XIL,T1,HET,T1,CA,A321
CA8191,10:30:00,12:20:00,50.0,TSN,T2,DSN,T1,CA,A321
CA8192,13:05:00,14:55:00,50.0,DSN,T1,TSN,T2,CA,A320
CA8201,08:00:00,10:00:00,50.0,WUH,T3,PEK,T3,CA,A320
CA8202,08:10:00,10:25:00,50.0,PEK,T3,WUH,T3,CA,B738
CA8203,09:15:00,11:20:00,50.0,WUH,T3,PEK,T3,CA,B738
CA8204,10:00:00,12:15:00,50.0,PEK,T3,WUH,T3,CA,A320
CA8205,11:30:00,13:30:00,50.0,WUH,T3,PEK,T3,CA,A320
CA8206,11:05:00,13:20:00,50.0,PEK,T3,WUH,T3,CA,A319
CA8207,13:30:00,16:00:00,50.0,WUH,T3,PEK,T3,CA,B738
CA8208,13:15:00,15:30:00,50.0,PEK,T3,WUH,T3,CA,A321
CA8209,15:30:00,18:00:00,50.0,WUH,T3,PEK,T3,CA,A319
CA8210,14:35:00,16:50:00,50.0,PEK,T3,WUH,T3,CA,B737
CA8211,17:50:00,20:00:00,50.0,WUH,T3,PEK,T3,CA,B738
CA8212,17:45:00,20:00:00,50.0,PEK,T3,WUH,T3,CA,A321
CA8213,19:55:00,22:00:00,50.0,WUH,T3,PEK,T3,CA,A320
CA8214,19:45:00,22:00:00,50.0,PEK,T3,WUH,T3,CA,B738
CA8215,21:15:00,23:15:00,50.0,WUH,T3,PEK,T3,CA,B738
CA8216,21:05:00,23:20:00,50.0,PEK,T3,WUH,T3,CA,A321
CA8223,10:15:00,12:10:00,50.0,LFQ,T1,PEK,T3,CA,B737
CA8224,21:20:00,23:05:00,50.0,LFQ,T1,WUH,T3,CA,B737
CA8225,14:00:00,16:00:00,50.0,WUH,T3,TSN,T2,CA,A320
CA8226,17:00:00,19:00:00,50.0,TSN,T2,WUH,T3,CA,A320
CA8227,19:40:00,21:30:00,50.0,WUH,T3,XMN,T4,CA,A320
CA8228,22:35:00,00:10:00,50.0,XMN,T4,WUH,T3,CA,A320
CA8229,20:15:00,22:20:00,50.0,WUH,T3,SWA,T1,CA,A320
CA8230,15:00:00,16:50:00,50.0,SWA,T1,WUH,T3,CA,A321
CA8233,07:45:00,10:05:00,50.0,WUH,T3,SZX,T3,CA,B737
CA8234,11:10:00,13:05:00,50.0,SZX,T3,WUH,T3,CA,A321
CA8239,19:40:00,21:35:00,50.0,WUH,T3,ZUH,T1,CA,A320
CA8240,22:25:00,00:05:00,50.0,ZUH,T1,WUH,T3,CA,A321
CA8241,17:00:00,19:15:00,50.0,WUH,T3,TAO,T1,CA,B737
CA8242,20:15:00,22:10:00,50.0,TAO,T1,WUH,T3,CA,A321
CA8243,19:10:00,20:50:00,50.0,WUH,T3,KWE,T3,CA,A319
CA8244,21:50:00,23:55:00,50.0,KWE,T3,WUH,T3,CA,A320
CA8247,08:05:00,10:45:00,50.0,WUH,T3,SHE,T3,CA,A320
CA8248,11:45:00,14:30:00,50.0,SHE,T3,WUH,T3,CA,ARJ21
CA8255,08:05:00,10:10:00,50.0,WUH,T3,HET,T1,CA,A320
CA8256,11:00:00,13:00:00,50.0,HET,T1,WUH,T3,CA,A320
CA8257,14:05:00,16:05:00,50.0,WUH,T3,HUZ,T1,CA,A320
CA8258,16:50:00,18:40:00,50.0,HUZ,T1,WUH,T3,CA,ARJ21
CA8261,07:40:00,09:50:00,50.0,WUH,T3,CTU,T2,CA,A320
CA8262,10:55:00,12:45:00,50.0,CTU,T2,WUH,T3,CA,B738
CA8265,13:45:00,16:00:00,50.0,WUH,T3,CTU,T2,CA,A320
CA8266,17:05:00,18:50:00,50.0,CTU,T2,WUH,T3,CA,B737
CA8269,18:00:00,20:05:00,50.0,WUH,T3,CTU,T2,CA,B738
CA8270,21:15:00,23:00:00,50.0,CTU,T2,WUH,T3,CA,A320
CA8275,14:20:00,16:20:00,50.0,WUH,T3,BAV,T1,CA,A320
CA8276,17:05:00,19:15:00,50.0,BAV,T1,WUH,T3,CA,B738
CA8283,12:25:00,14:55:00,50.0,WUH,T3,XNN,T3,CA,A320
CA8284,15:45:00,18:10:00,50.0,XNN,T3,WUH,T3,CA,B737
CA8285,08:50:00,12:05:00,50.0,WUH,T3,CGQ,T2,CA,A333
CA8286,13:05:00,16:25:00,50.0,CGQ,T2,WUH,T3,CA,A321
CA8291,08:00:00,10:00:00,50.0,WUH,T3,TFU,T2,CA,A320
CA8292,11:05:00,13:00:00,50.0,TFU,T2,WUH,T3,CA,A320
CA8293,14:00:00,15:55:00,50.0,WUH,T3,TFU,T2,CA,A321
CA8294,17:05:00,18:40:00,50.0,TFU,T2,WUH,T3,CA,A319
CA8295,19:55:00,22:00:00,50.0,WUH,T3,TFU,T2,CA,B738
CA8296,09:35:00,11:25:00,50.0,TFU,T2,WUH,T3,CA,A320
CA8297,17:25:00,19:00:00,50.0,WUH,T3,NGB,T2,CA,A321
CA8298,20:55:00,23:00:00,50.0,NGB,T2,WUH,T3,CA,A320
CA8301,07:00:00,09:55:00,50.0,PVG,T2,HRB,T2,CA,A320
CA8302,10:55:00,13:55:00,50.0,HRB,T1,PVG,T2,CA,A321
CA8303,06:45:00,09:55:00,50.0,PVG,T2,KWE,T3,CA,B738
CA8304,10:55:00,13:30:00,50.0,KWE,T3,PVG,T2,CA,A321
CA8305,09:00:00,11:30:00,50.0,WNZ,T2,ZHA,T1,CA,B737
CA8306,12:20:00,14:30:00,50.0,ZHA,T1,WNZ,T2,CA,B738
CA8309,07:05:00,09:30:00,50.0,PVG,T2,HUZ,T1,CA,A319
CA8310,10:15:00,12:25:00,50.0,HUZ,T1,PVG,T2,CA,A319
CA8313,14:30:00,17:50:00,50.0,PKX,T1,NNG,T2,CA,A320
CA8314,18:40:00,21:55:00,50.0,NNG,T2,PKX,T1,CA,A321
CA8315,17:25:00,20:00:00,50.0,PVG,T2,SHE,T1,CA,A321
CA8316,21:00:00,23:40:00,50.0,SHE,T3,PVG,T2,CA,B738
CA8321,10:40:00,12:50:00,50.0,PKX,T1,PVG,T2,CA,ARJ21
CA8322,06:55:00,09:25:00,50.0,PVG,T2,PKX,T1,CA,A320
CA8325,08:30:00,11:00:00,50.0,PVG,T2,XIY,T2,CA,A320
CA8326,12:30:00,14:50:00,50.0,XIY,T2,PVG,T2,CA,A321
CA8327,08:20:00,10:25:00,50.0,PVG,T2,CAN,T3,CA,B738
CA8328,11:45:00,14:10:00,50.0,CAN,T3,PVG,T2,CA,B737
CA8329,15:30:00,18:40:00,50.0,PVG,T2,JMU,T1,CA,A333
CA8331,13:15:00,15:20:00,50.0,PEK,T3,PVG,T2,CA,B738
CA8332,09:40:00,11:55:00,50.0,PVG,T2,PEK,T3,CA,B738
CA8333,17:30:00,18:40:00,50.0,HET,T1,XIL,T1,CA,ARJ21
CA8334,21:25:00,23:45:00,50.0,HET,T1,PVG,T2,CA,B737
CA8337,18:15:00,20:10:00,50.0,HGH,T4,SWA,T1,CA,A321
CA8338,20:55:00,22:55:00,50.0,SWA,T1,HGH,T4,CA,A320
CA8341,22:00:00,23:45:00,50.0,PKX,T1,PVG,T2,CA,A320
CA8342,18:50:00,20:55:00,50.0,PVG,T2,PKX,T1,CA,A320
CA8343,15:15:00,17:55:00,50.0,PVG,T2,XIY,T2,CA,B738
CA8344,19:10:00,22:00:00,50.0,XIY,T2,PVG,T2,CA,B738
CA8345,10:35:00,12:20:00,50.0,HET,T1,HLH,T1,CA,B737
CA8346,15:45:00,18:10:00,50.0,HET,T1,HGH,T4,CA,A321
CA8347,16:05:00,18:20:00,50.0,PVG,T2,CAN,T3,CA,A321
CA8349,08:15:00,10:35:00,50.0,HGH,T4,CAN,T3,CA,A321
CA8350,12:00:00,14:15:00,50.0,CAN,T3,HGH,T4,CA,B738
CA8351,08:55:00,11:10:00,50.0,HGH,T4,ZUH,T1,CA,A320
CA8352,12:00:00,13:55:00,50.0,ZUH,T1,HGH,T4,CA,A320
CA8359,07:40:00,10:10:00,50.0,HGH,T4,DSN,T1,CA,B738
CA8360,11:30:00,13:50:00,50.0,DSN,T1,HGH,T4,CA,B737
CA8362,12:00:00,14:20:00,50.0,JUZ,T1,PKX,T1,CA,B738
CA8365,18:45:00,21:00:00,50.0,PKX,T1,YIW,T1,CA,ARJ21
CA8366,21:45:00,23:40:00,50.0,YIW,T1,PKX,T1,CA,A319
CA8367,07:55:00,10:20:00,50.0,HGH,T4,PKX,T1,CA,B738
CA8368,21:45:00,00:10:00,50.0,PKX,T1,HGH,T4,CA,A320
CA8375,18:45:00,21:15:00,50.0,PKX,T1,LHW,T3,CA,B738
CA8376,09:00:00,11:20:00,50.0,LHW,T3,PKX,T1,CA,A321
CA8377,08:10:00,10:40:00,50.0,WNZ,T2,PKX,T1,CA,A321
CA8378,12:15:00,14:45:00,50.0,PKX,T1,WNZ,T2,CA,A320
CA8379,10:55:00,13:20:00,50.0,PKX,T1,KHN,T2,CA,B737
CA8380,14:10:00,16:20:00,50.0,KHN,T2,PKX,T1,CA,B738
CA8387,18:20:00,20:40:00,50.0,PKX,T1,NGB,T2,CA,A319
CA8388,08:20:00,10:40:00,50.0,NGB,T2,PKX,T1,CA,B737
CA8389,12:55:00,15:55:00,50.0,PKX,T1,KWL,T2,CA,B738
CA8390,16:40:00,19:35:00,50.0,KWL,T2,PKX,T1,CA,A320
CA8391,17:55:00,19:20:00,50.0,PKX,T1,WEH,T1,CA,B738
CA8392,20:05:00,21:35:00,50.0,WEH,T1,PKX,T1,CA,A319
CA8393,15:50:00,19:05:00,50.0,CAN,T3,PKX,T1,CA,A333
CA8397,07:40:00,09:45:00,50.0,PKX,T1,KHN,T2,CA,B738
CA8398,10:45:00,13:00:00,50.0,KHN,T2,PKX,T1,CA,A321
CA8503,09:45:00,12:15:00,50.0,HGH,T4,XIY,T2,CA,A319
CA8504,20:50:00,23:45:00,50.0,XIY,T2,HGH,T4,CA,ARJ21
CA8509,17:10:00,20:15:00,50.0,HGH,T4,XNN,T3,CA,A321
CA8517,09:35:00,13:05:00,50.0,HGH,T4,LJG,T1,CA,A333
CA8518,14:00:00,17:10:00,50.0,LJG,T1,HGH,T4,CA,A320
CA8521,16:55:00,20:05:00,50.0,WNZ,T2,TFU,T2,CA,A320
CA8522,21:15:00,23:55:00,50.0,TFU,T2,WNZ,T2,CA,B738
CA8529,17:05:00,19:45:00,50.0,WNZ,T2,XIY,T2,CA,A320
CA8530,13:20:00,16:00:00,50.0,XIY,T2,WNZ,T2,CA,B737
CA8531,16:30:00,19:00:00,50.0,WNZ,T2,TSN,T2,CA,A321
CA8532,12:00:00,14:20:00,50.0,TSN,T2,WNZ,T2,CA,A321
CA8533,15:30:00,17:55:00,50.0,HGH,T4,XIY,T2,CA,A320
CA8534,19:05:00,21:40:00,50.0,XIY,T2,HGH,T4,CA,A320
CA8537,14:55:00,18:35:00,50.0,PVG,T2,KMG,T1,CA,B738
CA8538,19:40:00,22:45:00,50.0,KMG,T1,PVG,T2,CA,A321
CA8539,09:10:00,12:30:00,50.0,HGH,T4,XNN,T3,CA,B738
CA8540,13:40:00,16:50:00,50.0,XNN,T3,HGH,T4,CA,A321
CA8541,07:35:00,10:40:00,50.0,PVG,T2,TFU,T2,CA,A333
CA8542,11:45:00,14:45:00,50.0,TFU,T2,PVG,T2,CA,B738
CA8543,08:55:00,11:50:00,50.0,PVG,T2,CKG,T3,CA,A321
CA8544,13:10:00,15:30:00,50.0,CKG,T3,PVG,T2,CA,B738
CA8549,15:20:00,18:50:00,50.0,WNZ,T2,LHW,T3,CA,A321
CA8550,19:40:00,22:55:00,50.0,LHW,T3,WNZ,T2,CA,B738
CA8551,08:30:00,10:45:00,50.0,WNZ,T2,CAN,T3,CA,B737
CA8552,11:55:00,13:50:00,50.0,CAN,T3,WNZ,T2,CA,ARJ21
CA8553,08:00:00,10:35:00,50.0,WNZ,T2,CKG,T3,CA,B737
CA8554,11:50:00,14:25:00,50.0,CKG,T3,WNZ,T2,CA,B738
CA8557,08:15:00,11:25:00,50.0,PVG,T2,CTU,T2,CA,A321
CA8558,12:40:00,15:45:00,50.0,CTU,T2,PVG,T2,CA,B738
CA8560,13:00:00,16:20:00,50.0,LJG,T1,PVG,T2,CA,A333
CA8563,13:15:00,15:45:00,50.0,XNN,T3,URC,T1,CA,A320
CA8564,16:50:00,19:20:00,50.0,URC,T1,XNN,T1,CA,A320
CA8565,20:30:00,23:05:00,50.0,PVG,T2,CAN,T3,CA,B737
CA8566,07:40:00,09:55:00,50.0,CAN,T3,PVG,T2,CA,A321
CA8567,09:25:00,11:00:00,50.0,PVG,T2,WNZ,T2,CA,A321
CA8568,18:45:00,20:05:00,50.0,WNZ,T2,PVG,T2,CA,A319
CA8571,16:00:00,18:50:00,50.0,WNZ,T2,KWE,T3,CA,A320
CA8572,12:20:00,14:55:00,50.0,KWE,T3,WNZ,T2,CA,A321
CA8573,15:50:00,19:00:00,50.0,PVG,T2,HAK,T1,CA,A321
CA8574,20:00:00,22:45:00,50.0,HAK,T1,PVG,T2,CA,B738
CA8577,14:50:00,17:30:00,50.0,WNZ,T2,XIY,T2,CA,A319
CA8578,18:35:00,21:20:00,50.0,XIY,T2,WNZ,T2,CA,A320
CA8579,16:05:00,18:20:00,50.0,PVG,T2,SZX,T3,CA,B738
CA8580,19:35:00,22:05:00,50.0,SZX,T3,PVG,T2,CA,A320
CA8581,09:25:00,12:00:00,50.0,PVG,T2,CAN,T3,CA,A321
CA8582,13:10:00,15:40:00,50.0,CAN,T3,PVG,T2,CA,B737
CA8587,17:45:00,20:50:00,50.0,PVG,T2,DQA,T1,CA,A321
CA8589,07:45:00,09:45:00,50.0,HGH,T4,YNT,T2,CA,B737
CA8590,10:45:00,12:40:00,50.0,YNT,T2,HGH,T4,CA,B737
CA8591,15:30:00,18:55:00,50.0,PVG,T2,CTU,T2,CA,A333
CA8592,20:15:00,22:40:00,50.0,CTU,T2,PVG,T2,CA,A321
CA8593,16:35:00,19:40:00,50.0,PVG,T2,CTU,T2,CA,A333
CA8595,12:00:00,14:45:00,50.0,WNZ,T2,NAO,T1,CA,B737
CA8596,15:40:00,17:55:00,50.0,NAO,T1,WNZ,T2,CA,A320
CA8597,15:50:00,18:40:00,50.0,WNZ,T2,TYN,T1,CA,B737
CA8601,14:00:00,15:50:00,50.0,PKX,T1,NTG,T1,CA,B738
CA8602,16:35:00,18:30:00,50.0,NTG,T1,PKX,T1,CA,B737
CA8606,15:55:00,18:10:00,50.0,BZX,T1,PKX,T1,CA,A321
CA8607,12:55:00,15:00:00,50.0,PKX,T1,WUA,T1,CA,A321
CA8608,15:45:00,17:35:00,50.0,WUA,T1,PKX,T1,CA,B737
CA8609,13:55:00,16:30:00,50.0,PKX,T1,DYG,T1,CA,B738
CA8610,17:15:00,19:40:00,50.0,DYG,T1,PKX,T1,CA,B737
CA8611,21:05:00,23:35:00,50.0,PKX,T1,CSX,T1,CA,A319
CA8612,10:15:00,12:40:00,50.0,CSX,T1,PKX,T1,CA,B737
CA8613,12:40:00,14:15:00,50.0,PKX,T1,YNZ,T1,CA,B738
CA8614,15:10:00,17:00:00,50.0,YNZ,T1,PKX,T1,CA,A321
CA8617,10:55:00,14:15:00,50.0,PKX,T1,SWA,T1,CA,A321
CA8618,06:55:00,09:50:00,50.0,SWA,T1,PKX,T1,CA,B737
CA8621,06:45:00,08:00:00,50.0,PKX,T1,XIL,T1,CA,A319
CA8622,08:45:00,09:55:00,50.0,XIL,T1,PKX,T1,CA,A321
CA8629,17:00:00,20:25:00,50.0,PKX,T1,ZUH,T1,CA,B738
CA8633,13:20:00,15:50:00,50.0,PKX,T1,MIG,T2,CA,B737
CA8641,13:45:00,15:10:00,50.0,PKX,T1,WEH,T1,CA,ARJ21
CA8642,15:55:00,17:25:00,50.0,WEH,T1,PKX,T1,CA,A320
CA8643,20:15:00,21:55:00,50.0,PKX,T1,YTY,T1,CA,B738
CA8644,22:40:00,00:25:00,50.0,YTY,T1,PKX,T1,CA,A320
CA8647,17:25:00,21:05:00,50.0,PKX,T1,KMG,T1,CA,A320
CA8649,11:55:00,15:25:00,50.0,PKX,T1,BHY,T1,CA,A321
CA8650,16:10:00,19:45:00,50.0,BHY,T1,PKX,T1,CA,A321
CA8659,15:00:00,17:00:00,50.0,PKX,T1,NDG,T1,CA,B738
CA8660,17:45:00,19:55:00,50.0,NDG,T1,PKX,T1,CA,A319
CA8661,07:40:00,09:50:00,50.0,PKX,T1,JDZ,T1,CA,B738
CA8662,10:35:00,12:45:00,50.0,JDZ,T1,PKX,T1,CA,A320
CA8663,10:55:00,13:15:00,50.0,PKX,T1,YIH,T1,CA,B738
CA8664,14:00:00,16:15:00,50.0,YIH,T1,PKX,T1,CA,B737
CA8669,19:40:00,21:30:00,50.0,PKX,T1,SHE,T3,CA,A319
CA867,18:30:00,22:15:00,50.0,PEK,T3,SZX,T3,CA,B738
CA8670,09:30:00,11:15:00,50.0,SHE,T3,PKX,T1,CA,A320
CA8675,16:55:00,20:00:00,50.0,KWE,T3,PKX,T1,CA,A321
CA8676,21:20:00,00:30:00,50.0,PKX,T1,KWE,T3,CA,A333
CA8677,14:55:00,17:40:00,50.0,CKG,T3,PKX,T1,CA,B738
CA8678,19:00:00,21:50:00,50.0,PKX,T1,CKG,T3,CA,A321
CA8681,17:15:00,19:25:00,50.0,PKX,T1,JMU,T1,CA,A320
CA8682,20:10:00,22:40:00,50.0,JMU,T1,PKX,T1,CA,B737
CA8689,11:40:00,13:25:00,50.0,PKX,T1,TGO,T1,CA,A320
CA8690,14:10:00,15:55:00,50.0,TGO,T1,PKX,T1,CA,A320
CA8691,08:25:00,11:25:00,50.0,CAN,T3,PKX,T1,CA,A333
CA8692,13:55:00,17:25:00,50.0,PKX,T1,CAN,T3,CA,A333
CA8693,08:15:00,11:25:00,50.0,SZX,T3,PKX,T1,CA,A333
CA8694,15:00:00,18:25:00,50.0,PKX,T1,SZX,T3,CA,A321
CA8701,13:25:00,15:40:00,50.0,CGQ,T2,TNA,T1,CA,A320
CA8702,10:30:00,12:35:00,50.0,TNA,T1,CGQ,T2,CA,B737
CA8703,15:20:00,17:50:00,50.0,TNA,T1,KWL,T2,CA,B738
CA8704,18:35:00,21:15:00,50.0,KWL,T1,TNA,T1,CA,A320
CA8705,07:30:00,09:40:00,50.0,TNA,T1,HRB,T2,CA,A319
CA8706,10:40:00,13:00:00,50.0,HRB,T2,TNA,T1,CA,A321
CA8707,14:40:00,16:55:00,50.0,HRB,T2,TNA,T1,CA,A321
CA8708,11:35:00,13:40:00,50.0,TNA,T1,HRB,T2,CA,A321
CA8709,12:50:00,14:35:00,50.0,TNA,T1,XIY,T2,CA,B738
CA8710,14:50:00,17:00:00,50.0,XIY,T2,TNA,T1,CA,A321
CA8719,08:15:00,10:25:00,50.0,TNA,T1,CSX,T1,CA,A320
CA8720,11:25:00,13:30:00,50.0,CSX,T1,TNA,T1,CA,A321
CA8725,07:25:00,08:50:00,50.0,TNA,T1,DLC,T1,CA,A320
CA8726,21:55:00,23:15:00,50.0,DLC,T1,TNA,T1,CA,A320
CA8771,11:30:00,14:45:00,50.0,TNA,T1,HAK,T1,CA,B738
CA8772,15:45:00,18:50:00,50.0,HAK,T1,TNA,T1,CA,A320
CA8776,13:20:00,16:50:00,50.0,SYX,T2,TNA,T1,CA,A333
CA8777,06:40:00,09:40:00,50.0,TNA,T1,KMG,T1,CA,B738
CA8778,10:45:00,13:50:00,50.0,KMG,T1,TNA,T1,CA,A333
CA8785,15:00:00,17:25:00,50.0,TNA,T1,CKG,T3,CA,B738
CA8786,18:30:00,20:50:00,50.0,CKG,T3,TNA,T1,CA,A321
CA8793,16:20:00,17:20:00,50.0,TAO,T1,DLC,T1,CA,ARJ21
CA8794,18:20:00,19:25:00,50.0,DLC,T1,TAO,T1,CA,E190
CA8795,18:10:00,21:15:00,50.0,TAO,T1,CKG,T3,CA,A321
CA8815,06:55:00,08:35:00,50.0,URC,T2,KHG,T2,CA,B738
CA8902,20:00:00,21:10:00,50.0,PEK,T3,DLC,T1,CA,B737
CA8903,09:00:00,10:20:00,50.0,DLC,T1,PEK,T3,CA,B738
CA8928,21:25:00,00:15:00,50.0,CTU,T2,DLC,T1,CA,ARJ21
CA8937,10:45:00,12:50:00,50.0,WDS,T1,KMG,T1,CA,A319
CA8938,13:55:00,16:20:00,50.0,KMG,T1,WDS,T1,CA,A321
CA9002,16:50:00,17:45:00,50.0,ENY,T1,XIY,T3,CA,A320
CA9003,18:45:00,20:35:00,50.0,TFU,T2,JHG,T1,CA,A320
CA9004,21:25:00,23:15:00,50.0,JHG,T1,TFU,T2,CA,B737
CA9005,16:45:00,18:10:00,50.0,ENY,T1,CGO,T2,CA,A320
CA9006,21:15:00,22:50:00,50.0,ENY,T1,CKG,T3,CA,B737
CA9007,21:15:00,22:30:00,50.0,HET,T1,CIF,T1,CA,A320
CA9008,22:05:00,00:35:00,50.0,HET,T1,TFU,T2,CA,A321
CA9009,07:05:00,09:35:00,50.0,TFU,T2,LIJ,T1,CA,B737
CA9011,13:30:00,15:45:00,50.0,CKG,T3,JUZ,T1,CA,A320
CA9012,16:50:00,19:10:00,50.0,JUZ,T1,CKG,T3,CA,A320
CA9013,09:20:00,11:25:00,50.0,ENY,T1,SHE,T3,CA,B738
CA9014,16:00:00,17:30:00,50.0,ENY,T1,CKG,T3,CA,A320
CA9016,16:20:00,17:35:00,50.0,HDG,T1,HET,T1,CA,E190
CA9019,10:20:00,11:40:00,50.0,LZH,T1,BAR,T1,CA,ARJ21
CA9020,14:20:00,15:40:00,50.0,LZH,T1,CKG,T3,CA,A319
CA9021,09:40:00,12:10:00,50.0,LHW,T3,HMI,T1,CA,A319
CA9022,23:05:00,01:00:00,50.0,LHW,T3,CKG,T3,CA,B738
CA9023,14:40:00,15:30:00,50.0,QSZ,T1,KHG,T1,CA,A320
CA9024,09:35:00,11:10:00,50.0,QSZ,T1,KRL,T1,CA,A320
CA9026,15:35:00,16:45:00,50.0,UYN,T1,XIY,T3,CA,ARJ21
CA9027,09:10:00,10:20:00,50.0,CIH,T1,TSN,T2,CA,B737
CA9028,13:25:00,15:15:00,50.0,CIH,T1,CKG,T3,CA,A321
CA9029,10:30:00,11:55:00,50.0,JUH,T1,JJN,T1,CA,B738
CA9031,07:15:00,09:40:00,50.0,BAV,T1,HGH,T3,CA,A321
CA9032,10:50:00,13:35:00,50.0,HGH,T3,BAV,T1,CA,A321
CA9033,22:10:00,00:25:00,50.0,DLC,T1,JUZ,T1,CA,A321
CA9034,19:00:00,21:10:00,50.0,JUZ,T1,DLC,T1,CA,A321
CA9035,10:05:00,10:55:00,50.0,JGN,T2,DNH,T1,CA,A320
CA9037,16:05:00,18:15:00,50.0,XIY,T3,JUZ,T1,CA,A321
CA9038,22:00:00,00:30:00,50.0,JUZ,T1,XIY,T3,CA,A320
CA9040,21:05:00,23:05:00,50.0,DSN,T1,CKG,T3,CA,A321
CA9041,08:45:00,10:45:00,50.0,SHS,T1,TSN,T2,CA,B738
CA9042,14:25:00,15:45:00,50.0,SHS,T1,KWE,T2,CA,B737
CA9045,09:15:00,12:10:00,50.0,CIH,T1,HAK,T1,CA,B738
CA9046,16:50:00,17:55:00,50.0,CIH,T1,HET,T1,CA,E190
CA9048,14:40:00,17:20:00,50.0,WEF,T1,CKG,T3,CA,B737
CA9049,20:40:00,21:50:00,50.0,KCA,T1,KHG,T1,CA,ARJ21
CA9050,22:30:00,23:15:00,50.0,KCA,T1,YIN,T1,CA,A319
CA9051,08:40:00,10:10:00,50.0,HZG,T1,INC,T1,CA,A321
CA9052,12:55:00,14:20:00,50.0,HZG,T1,KWE,T2,CA,A319
CA9055,16:50:00,18:30:00,50.0,XIL,T1,TNA,T1,CA,B737
CA9056,22:45:00,23:45:00,50.0,XIL,T1,HET,T1,CA,B738
CA9057,19:00:00,21:05:00,50.0,KWE,T2,JUZ,T1,CA,A321
CA9058,15:30:00,17:50:00,50.0,JUZ,T1,KWE,T2,CA,A319
CA9059,18:05:00,19:45:00,50.0,LYG,T1,WUH,T2,CA,A319
CA9065,15:40:00,18:05:00,50.0,JUZ,T1,HAK,T1,CA,A319
CA9068,15:10:00,17:10:00,50.0,NDG,T1,TSN,T2,CA,B738
CA9069,08:55:00,11:00:00,50.0,CIF,T1,NKG,T1,CA,A321
CA9070,12:10:00,14:10:00,50.0,NKG,T1,CIF,T1,CA,A320
CA9071,07:10:00,09:45:00,50.0,JUZ,T1,KMG,T1,CA,B738
CA9072,12:25:00,14:50:00,50.0,KMG,T1,JUZ,T1,CA,A321
CA9075,09:05:00,10:25:00,50.0,HDG,T1,DLC,T1,CA,B737
CA9076,13:40:00,15:35:00,50.0,HDG,T1,CKG,T3,CA,A320
CA9077,18:25:00,20:40:00,50.0,CKG,T3,YNZ,T1,CA,A319
CA9078,21:25:00,23:55:00,50.0,YNZ,T1,CKG,T3,CA,A319
CA9079,17:35:00,18:30:00,50.0,WEF,T1,DLC,T1,CA,E190
CA9081,10:10:00,11:55:00,50.0,CIH,T1,DLC,T1,CA,A321
CA9082,15:20:00,17:15:00,50.0,CIH,T1,TFU,T2,CA,A320
CA9083,14:55:00,15:50:00,50.0,KRY,T1,YIN,T1,CA,B738
CA9084,11:10:00,12:25:00,50.0,KRY,T1,KRL,T1,CA,A319
CA9085,17:15:00,18:00:00,50.0,DOY,T1,TSN,T2,CA,ARJ21
CA9086,19:05:00,20:10:00,50.0,TSN,T2,DOY,T1,CA,B738
CA9087,17:20:00,18:35:00,50.0,JNG,T1,DLC,T1,CA,B737
CA9088,21:40:00,23:55:00,50.0,JNG,T1,TFU,T2,CA,B737
CA9089,10:20:00,12:25:00,50.0,CKG,T3,BAV,T1,CA,A320
CA9090,07:00:00,09:10:00,50.0,BAV,T1,CKG,T3,CA,B738
CA9092,20:20:00,21:55:00,50.0,LFQ,T1,CKG,T3,CA,B738
CA9093,09:25:00,11:05:00,50.0,DSN,T1,CIF,T1,CA,B738
CA9099,17:50:00,19:55:00,50.0,CKG,T3,XUZ,T2,CA,B738
CA9100,20:40:00,22:55:00,50.0,XUZ,T2,CKG,T3,CA,A321
CA9101,13:30:00,15:35:00,50.0,CKG,T3,XUZ,T2,CA,A320
CA9102,15:30:00,17:45:00,50.0,XUZ,T2,CKG,T3,CA,B737
CA9103,09:50:00,10:55:00,50.0,SJW,T2,CDE,T1,CA,B738
CA9104,13:40:00,16:10:00,50.0,SJW,T2,TFU,T2,CA,A320
CA9105,18:40:00,21:10:00,50.0,BAV,T1,CSX,T2,CA,A319
CA9106,22:20:00,00:45:00,50.0,CSX,T2,BAV,T1,CA,B737
CA9108,15:35:00,17:00:00,50.0,CIF,T1,HET,T1,CA,A320
CA9109,08:50:00,11:20:00,50.0,UYN,T1,HRB,T2,CA,A320
CA9110,12:20:00,15:15:00,50.0,HRB,T2,UYN,T1,CA,A321
CA9111,07:00:00,09:10:00,50.0,CKG,T3,XUZ,T2,CA,B737
CA9112,09:55:00,12:20:00,50.0,XUZ,T2,CKG,T3,CA,B738
CA9113,17:25:00,19:15:00,50.0,XIL,T1,HRB,T2,CA,B738
CA9114,22:50:00,00:10:00,50.0,XIL,T1,BAV,T1,CA,A319
CA9118,12:25:00,13:35:00,50.0,TEN,T1,CKG,T3,CA,E190
CA9119,17:25:00,19:20:00,50.0,YIN,T1,HMI,T1,CA,A320
CA9120,16:25:00,18:00:00,50.0,YIN,T1,KHG,T1,CA,A320
CA9121,21:55:00,23:25:00,50.0,XUZ,T2,HSN,T1,CA,B738
CA9122,15:30:00,17:00:00,50.0,HSN,T1,XUZ,T2,CA,B738
CA9123,17:15:00,18:35:00,50.0,CSX,T2,MXZ,T1,CA,B738
CA9127,15:55:00,17:25:00,50.0,HSN,T1,LYG,T1,CA,A321
CA9128,17:30:00,18:55:00,50.0,LYG,T1,HSN,T1,CA,ARJ21
CA9131,15:15:00,17:30:00,50.0,CKG,T3,YTY,T1,CA,B738
CA9132,21:45:00,00:15:00,50.0,YTY,T1,CKG,T3,CA,ARJ21
CA9133,11:55:00,14:05:00,50.0,SJW,T2,NDG,T1,CA,B738
CA9134,13:30:00,16:00:00,50.0,SJW,T2,TFU,T2,CA,A320
CA9135,09:55:00,11:40:00,50.0,WUA,T1,CIF,T1,CA,A320
CA9140,13:30:00,14:40:00,50.0,TYN,T2,BAV,T1,CA,A319
CA9141,10:40:00,12:05:00,50.0,CGO,T2,DOY,T1,CA,A321
CA9142,15:10:00,17:00:00,50.0,CGO,T2,JUZ,T1,CA,B738
CA9143,17:15:00,19:00:00,50.0,WMT,T1,ZHA,T1,CA,A320
CA9144,23:45:00,00:45:00,50.0,WMT,T1,CKG,T3,CA,A320
CA9145,18:05:00,20:15:00,50.0,CKG,T3,KOW,T1,CA,B738
CA9146,20:40:00,22:50:00,50.0,KOW,T1,CKG,T3,CA,A320
CA9147,14:40:00,16:10:00,50.0,BAV,T1,CGO,T2,CA,A320
CA9148,22:10:00,23:45:00,50.0,CGO,T2,BAV,T1,CA,B737
CA9149,08:55:00,10:25:00,50.0,CKG,T3,SHS,T1,CA,A319
CA9150,14:05:00,16:05:00,50.0,HYN,T1,SHS,T1,CA,B738
CA918,16:20:00,18:35:00,50.0,HLD,T1,PEK,T3,CA,B737
CA9801,06:55:00,09:25:00,50.0,HGH,T4,CGQ,T2,CA,A320
CA9802,10:25:00,13:50:00,50.0,CGQ,T2,HGH,T4,CA,A333
CA9803,16:40:00,18:40:00,50.0,HGH,T4,SWA,T1,CA,A320
CA9805,14:55:00,17:25:00,50.0,HGH,T4,ZHA,T1,CA,A321
CA9806,18:45:00,21:05:00,50.0,ZHA,T1,HGH,T4,CA,A321
CA9809,15:05:00,17:45:00,50.0,HGH,T4,HAK,T1,CA,B738
