flight_no,weekday
FM1035,1
FM1035,2
FM1035,3
FM1035,4
FM1035,5
FM1035,6
FM1035,7
FM1037,1
FM1037,2
FM1037,3
FM1037,4
FM1037,5
FM1037,6
FM1037,7
FM1050,1
FM1050,2
FM1050,3
FM1050,4
FM1050,5
FM1050,6
FM1050,7
FM1078,2
FM1078,4
FM1078,6
FM1152,1
FM1152,3
FM1152,5
FM1152,7
FM1158,1
FM1158,2
FM1158,3
FM1158,4
FM1158,5
FM1158,6
FM1158,7
FM1168,1
FM1168,2
FM1168,3
FM1168,4
FM1168,5
FM1168,6
FM1168,7
FM1189,1
FM1189,2
FM1189,3
FM1189,4
FM1189,5
FM1189,6
FM1189,7
FM1198,1
FM1198,2
FM1198,3
FM1198,4
FM1198,5
FM1198,6
FM1198,7
FM1240,1
FM1240,2
FM1240,3
FM1240,4
FM1240,5
FM1240,6
FM1240,7
FM1260,1
FM1260,2
FM1260,4
FM1260,5
FM1260,6
FM1332,1
FM1332,2
FM1332,3
FM1332,4
FM1332,5
FM1332,6
FM1332,7
FM1334,1
FM1334,3
FM1334,5
FM1334,7
FM1339,2
FM1339,4
FM1339,6
FM1356,3
FM1356,4
FM1356,5
FM1356,6
FM1356,7
FM1417,1
FM1417,2
FM1417,3
FM1417,4
FM1417,5
FM1417,6
FM1417,7
FM1456,1
FM1456,2
FM1456,3
FM1456,4
FM1456,5
FM1456,6
FM1456,7
FM1458,2
FM1458,3
FM1458,5
FM1458,6
FM1458,7
FM1472,1
FM1472,2
FM1472,3
FM1472,4
FM1472,5
FM1472,6
FM1472,7
FM1479,1
FM1479,2
FM1479,3
FM1479,4
FM1479,5
FM1479,6
FM1479,7
FM1489,1
FM1489,2
FM1489,3
FM1489,4
FM1489,5
FM1489,6
FM1489,7
FM1496,1
FM1496,3
FM1496,5
FM1496,7
FM1521,1
FM1521,2
FM1521,3
FM1521,4
FM1521,5
FM1521,6
FM1521,7
FM1553,1
FM1553,2
FM1553,3
FM1553,4
FM1553,5
FM1553,6
FM1553,7
FM1591,1
FM1591,3
FM1591,5
FM1591,7
FM1616,2
FM1616,4
FM1616,6
FM1625,1
FM1625,2
FM1625,3
FM1625,4
FM1625,5
FM1625,6
FM1625,7
FM1653,1
FM1653,3
FM1653,5
FM1653,7
FM1685,1
FM1685,2
FM1685,3
FM1685,4
FM1685,5
FM1685,6
FM1685,7
FM1732,2
FM1732,4
FM1732,6
FM1771,2
FM1771,4
FM1771,6
FM1774,1
FM1774,4
FM1824,1
FM1824,3
FM1824,5
FM1824,7
FM1869,1
FM1869,3
FM1891,1
FM1891,2
FM1891,3
FM1891,4
FM1891,5
FM1891,6
FM1891,7
FM1894,1
FM1894,2
FM1894,3
FM1894,4
FM1894,5
FM1894,6
FM1894,7
FM1919,2
FM1919,4
FM1919,6
FM1926,1
FM1926,2
FM1926,3
FM1926,4
FM1926,5
FM1926,6
FM1926,7
FM1927,2
FM1927,4
FM1927,6
FM1999,1
FM1999,2
FM1999,3
FM1999,4
FM1999,5
FM1999,6
FM1999,7
FM2007,4
FM2007,5
FM2016,1
FM2016,2
FM2016,3
FM2016,4
FM2016,5
FM2016,6
FM2016,7
FM2039,1
FM2039,2
FM2039,3
FM2039,4
FM2039,5
FM2039,6
FM2039,7
FM2069,2
FM2069,4
FM2069,6
FM2082,2
FM2082,4
FM2082,6
FM2118,1
FM2118,3
FM2118,5
FM2118,7
FM2140,1
FM2140,2
FM2140,3
FM2140,4
FM2140,5
FM2140,6
FM2140,7
FM2152,1
FM2152,2
FM2152,3
FM2152,4
FM2152,5
FM2152,6
FM2152,7
FM2199,2
FM2199,5
FM2215,1
FM2215,2
FM2215,3
FM2215,4
FM2215,5
FM2215,6
FM2215,7
FM2251,1
FM2251,2
FM2251,3
FM2251,4
FM2251,5
FM2251,6
FM2251,7
FM2269,1
FM2269,2
FM2269,3
FM2269,4
FM2269,5
FM2269,6
FM2269,7
FM2288,1
FM2288,3
FM2288,4
FM2288,5
FM2296,1
FM2296,3
FM2296,5
FM2296,7
FM2307,2
FM2307,4
FM2307,6
FM2309,1
FM2309,2
FM2309,3
FM2309,4
FM2309,5
FM2309,6
FM2309,7
FM2312,1
FM2312,2
FM2312,3
FM2312,4
FM2312,5
FM2312,6
FM2312,7
FM2337,1
FM2337,2
FM2337,3
FM2337,4
FM2337,5
FM2337,6
FM2337,7
FM2340,1
FM2340,2
FM2340,3
FM2340,4
FM2340,5
FM2340,6
FM2340,7
FM2376,1
FM2376,2
FM2376,3
FM2376,4
FM2376,5
FM2376,6
FM2376,7
FM2382,1
FM2382,2
FM2382,3
FM2382,4
FM2382,5
FM2382,6
FM2382,7
FM2438,1
FM2438,2
FM2438,3
FM2438,4
FM2438,5
FM2438,6
FM2438,7
FM2444,1
FM2444,2
FM2444,3
FM2444,4
FM2444,5
FM2444,6
FM2444,7
FM2445,1
FM2445,2
FM2445,3
FM2445,4
FM2445,5
FM2445,6
FM2445,7
FM2447,1
FM2447,2
FM2447,3
FM2447,4
FM2447,5
FM2447,6
FM2447,7
FM2474,1
FM2474,2
FM2474,3
FM2474,4
FM2474,5
FM2474,6
FM2474,7
FM2509,1
FM2509,2
FM2509,3
FM2509,4
FM2509,5
FM2509,6
FM2509,7
FM2539,1
FM2539,2
FM2539,3
FM2539,4
FM2539,5
FM2539,6
FM2539,7
FM2554,1
FM2554,3
FM2554,5
FM2554,7
FM2567,1
FM2567,2
FM2567,3
FM2567,4
FM2567,5
FM2567,6
FM2567,7
FM2574,1
FM2574,2
FM2574,3
FM2574,4
FM2574,5
FM2574,6
FM2574,7
FM2582,1
FM2582,3
FM2582,5
FM2582,7
FM2586,1
FM2586,2
FM2586,3
FM2586,4
FM2586,5
FM2586,6
FM2586,7
FM2590,2
FM2590,4
FM2590,6
FM2618,1
FM2618,3
FM2618,5
FM2618,7
FM2639,1
FM2639,2
FM2639,3
FM2639,4
FM2639,5
FM2639,6
FM2639,7
FM2649,2
FM2649,4
FM2649,6
FM2678,1
FM2678,3
FM2678,5
FM2678,7
FM2687,1
FM2687,2
FM2687,3
FM2687,4
FM2687,5
FM2687,6
FM2687,7
FM2692,1
FM2692,2
FM2692,3
FM2692,4
FM2692,5
FM2692,6
FM2692,7
FM2731,1
FM2731,2
FM2731,3
FM2731,4
FM2731,5
FM2731,6
FM2731,7
FM2753,1
FM2753,3
FM2753,5
FM2753,7
FM2759,1
FM2759,2
FM2759,3
FM2759,4
FM2759,5
FM2759,6
FM2759,7
FM2766,1
FM2766,2
FM2766,3
FM2766,4
FM2766,5
FM2766,6
FM2766,7
FM2856,1
FM2856,2
FM2856,3
FM2856,5
FM2865,1
FM2865,2
FM2865,3
FM2865,4
FM2865,5
FM2865,6
FM2865,7
FM2925,1
FM2925,2
FM2925,3
FM2925,4
FM2925,5
FM2925,6
FM2925,7
FM2939,2
FM2939,4
FM2939,6
FM2944,2
FM2944,4
FM2944,6
FM2962,1
FM2962,3
FM2962,5
FM2962,7
FM3002,1
FM3002,2
FM3002,3
FM3002,4
FM3002,5
FM3002,6
FM3002,7
FM3008,1
FM3008,2
FM3008,3
FM3008,4
FM3008,5
FM3008,6
FM3008,7
FM3013,2
FM3013,4
FM3013,6
FM3022,1
FM3022,3
FM3022,5
FM3022,7
FM3034,1
FM3034,3
FM3034,5
FM3061,1
FM3061,3
FM3061,5
FM3061,7
FM3096,1
FM3096,3
FM3096,5
FM3096,7
FM3132,1
FM3132,2
FM3132,3
FM3132,4
FM3132,5
FM3132,6
FM3132,7
FM3139,1
FM3139,3
FM3139,5
FM3139,7
FM3149,1
FM3149,3
FM3149,5
FM3149,7
FM3163,1
FM3163,3
FM3163,5
FM3163,7
FM3176,1
FM3176,2
FM3176,3
FM3176,4
FM3176,5
FM3176,6
FM3176,7
FM3199,1
FM3199,2
FM3199,3
FM3199,4
FM3199,5
FM3199,6
FM3199,7
FM3217,1
FM3217,2
FM3217,3
FM3217,4
FM3217,5
FM3217,6
FM3217,7
FM3223,1
FM3223,2
FM3223,3
FM3223,4
FM3223,5
FM3223,6
FM3223,7
FM3247,1
FM3247,2
FM3247,3
FM3247,4
FM3247,5
FM3247,6
FM3247,7
FM3255,1
FM3255,2
FM3255,3
FM3255,4
FM3255,5
FM3255,6
FM3255,7
FM3290,1
FM3290,2
FM3290,3
FM3290,4
FM3290,5
FM3290,6
FM3290,7
FM3298,1
FM3298,3
FM3298,5
FM3298,7
FM3333,1
FM3333,2
FM3333,3
FM3333,4
FM3333,5
FM3333,6
FM3333,7
FM3351,2
FM3351,4
FM3351,6
FM3410,1
FM3410,3
FM3410,5
FM3410,7
FM3447,1
FM3447,2
FM3447,3
FM3447,4
FM3447,5
FM3447,6
FM3447,7
FM3484,1
FM3484,2
FM3484,3
FM3484,4
FM3484,5
FM3484,6
FM3484,7
FM3492,1
FM3492,2
FM3492,3
FM3492,4
FM3492,5
FM3492,6
FM3492,7
FM3509,1
FM3509,2
FM3509,3
FM3509,4
FM3509,5
FM3509,6
FM3509,7
FM3517,1
FM3517,2
FM3517,3
FM3517,4
FM3517,5
FM3517,6
FM3517,7
FM3537,1
FM3537,2
FM3537,3
FM3537,4
FM3537,5
FM3537,6
FM3537,7
FM3570,1
FM3570,2
FM3570,3
FM3570,4
FM3570,5
FM3570,6
FM3570,7
FM3595,1
FM3595,2
FM3595,3
FM3595,4
FM3595,5
FM3595,6
FM3595,7
FM3596,1
FM3596,2
FM3596,3
FM3596,4
FM3596,5
FM3596,6
FM3596,7
FM3611,1
FM3611,2
FM3611,3
FM3611,4
FM3611,5
FM3611,6
FM3611,7
FM3649,1
FM3649,4
FM3649,6
FM3649,7
FM3664,1
FM3664,3
FM3664,5
FM3664,7
FM3688,3
FM3688,5
FM3693,1
FM3693,2
FM3693,3
FM3693,4
FM3693,5
FM3693,6
FM3693,7
FM3694,2
FM3694,7
FM3727,1
FM3727,2
FM3727,3
FM3727,4
FM3727,5
FM3727,6
FM3727,7
FM3728,1
FM3728,2
FM3728,3
FM3728,4
FM3728,5
FM3728,6
FM3728,7
FM3743,1
FM3743,2
FM3743,3
FM3743,4
FM3743,5
FM3743,6
FM3743,7
FM3744,1
FM3744,2
FM3744,3
FM3744,4
FM3744,5
FM3744,6
FM3744,7
FM3746,2
FM3746,4
FM3746,6
FM3753,1
FM3753,2
FM3753,3
FM3753,4
FM3753,5
FM3753,6
FM3753,7
FM3770,1
FM3770,2
FM3770,3
FM3770,4
FM3770,5
FM3770,6
FM3770,7
FM3786,2
FM3786,4
FM3786,6
FM3844,1
FM3844,2
FM3844,3
FM3844,4
FM3844,5
FM3844,6
FM3844,7
FM3870,1
FM3870,2
FM3870,3
FM3870,4
FM3870,5
FM3870,6
FM3870,7
FM3892,1
FM3892,2
FM3892,3
FM3892,4
FM3892,5
FM3892,6
FM3892,7
FM3916,1
FM3916,3
FM3916,5
FM3916,7
FM3924,1
FM3924,2
FM3924,3
FM3924,4
FM3924,5
FM3924,6
FM3924,7
FM3943,1
FM3943,2
FM3943,3
FM3943,4
FM3943,5
FM3943,6
FM3943,7
FM3973,1
FM3973,2
FM3973,3
FM3973,4
FM3973,5
FM3973,6
FM3973,7
FM3976,1
FM3976,2
FM3976,3
FM3976,4
FM3976,5
FM3976,6
FM3976,7
FM3981,1
FM3981,3
FM3981,5
FM3981,7
FM4042,2
FM4042,4
FM4042,6
FM4050,1
FM4050,2
FM4050,3
FM4050,4
FM4050,5
FM4050,6
FM4050,7
FM4087,2
FM4087,4
FM4087,6
FM4100,1
FM4100,3
FM4100,5
FM4100,7
FM4122,1
FM4122,2
FM4122,3
FM4122,4
FM4122,5
FM4122,6
FM4122,7
FM4128,1
FM4128,2
FM4128,3
FM4128,4
FM4128,5
FM4128,6
FM4128,7
FM4155,1
FM4155,2
FM4155,3
FM4155,4
FM4155,5
FM4155,6
FM4155,7
FM4205,1
FM4205,3
FM4205,5
FM4205,7
FM4229,1
FM4229,3
FM4229,5
FM4229,7
FM4260,2
FM4260,4
FM4260,6
FM4263,1
FM4263,2
FM4263,3
FM4263,4
FM4263,5
FM4263,6
FM4263,7
FM4299,2
FM4299,4
FM4299,6
FM4301,1
FM4301,3
FM4301,5
FM4301,7
FM4304,1
FM4304,3
FM4304,5
FM4304,7
FM4310,1
FM4310,2
FM4310,5
FM4310,7
FM4315,1
FM4315,2
FM4315,3
FM4315,4
FM4315,5
FM4315,6
FM4315,7
FM4318,1
FM4318,2
FM4318,3
FM4318,4
FM4318,5
FM4318,6
FM4318,7
FM4331,1
FM4331,2
FM4331,3
FM4331,4
FM4331,5
FM4331,6
FM4331,7
FM4343,2
FM4343,4
FM4343,6
FM4400,1
FM4400,2
FM4400,3
FM4400,4
FM4400,5
FM4400,6
FM4400,7
FM4441,1
FM4441,2
FM4441,3
FM4441,4
FM4441,5
FM4441,6
FM4441,7
FM4442,1
FM4442,2
FM4442,3
FM4442,4
FM4442,5
FM4442,6
FM4442,7
FM4456,1
FM4456,2
FM4456,3
FM4456,4
FM4456,5
FM4456,6
FM4456,7
FM4473,1
FM4473,2
FM4473,3
FM4473,4
FM4473,5
FM4473,6
FM4473,7
FM4561,1
FM4561,2
FM4561,3
FM4561,4
FM4561,5
FM4561,6
FM4561,7
FM4585,1
FM4585,2
FM4585,3
FM4585,4
FM4585,5
FM4585,6
FM4585,7
FM4589,1
FM4589,3
FM4589,5
FM4589,7
FM4608,1
FM4608,3
FM4608,5
FM4608,7
FM4615,1
FM4615,3
FM4615,5
FM4615,7
FM4623,2
FM4623,4
FM4623,6
FM4636,1
FM4636,2
FM4636,3
FM4636,4
FM4636,5
FM4636,6
FM4636,7
FM4665,1
FM4665,2
FM4665,3
FM4665,4
FM4665,5
FM4665,6
FM4665,7
FM4720,1
FM4720,2
FM4720,3
FM4720,4
FM4720,5
FM4720,6
FM4720,7
FM4729,1
FM4729,2
FM4729,3
FM4729,4
FM4729,5
FM4729,6
FM4729,7
FM4794,1
FM4794,2
FM4794,3
FM4794,4
FM4794,5
FM4794,6
FM4794,7
FM4808,1
FM4808,5
FM4808,6
FM4808,7
FM4851,1
FM4851,2
FM4851,3
FM4851,4
FM4851,5
FM4851,6
FM4851,7
FM4872,2
FM4872,4
FM4872,6
FM4893,1
FM4893,2
FM4893,3
FM4893,4
FM4893,5
FM4893,6
FM4893,7
FM4941,1
FM4941,2
FM4941,3
FM4941,4
FM4941,5
FM4941,6
FM4941,7
FM4957,1
FM4957,2
FM4957,3
FM4957,4
FM4957,5
FM4957,6
FM4957,7
FM4974,1
FM4974,2
FM4974,3
FM4974,4
FM4974,5
FM4974,6
FM4974,7
FM4984,1
FM4984,2
FM4984,3
FM4984,4
FM4984,5
FM4984,6
FM4984,7
FM4988,1
FM4988,2
FM4988,3
FM4988,4
FM4988,5
FM4988,6
FM4988,7
FM5067,1
FM5067,2
FM5067,3
FM5067,4
FM5067,5
FM5067,6
FM5067,7
FM5078,1
FM5078,2
FM5078,3
FM5078,4
FM5078,5
FM5078,6
FM5078,7
FM5099,1
FM5099,3
FM5099,5
FM5099,7
FM5107,1
FM5107,2
FM5107,3
FM5107,4
FM5107,5
FM5107,6
FM5107,7
FM5154,1
FM5154,3
FM5154,5
FM5154,7
FM5160,2
FM5160,4
FM5160,6
FM5162,1
FM5162,2
FM5162,3
FM5162,4
FM5162,5
FM5162,6
FM5162,7
FM5177,1
FM5177,2
FM5177,3
FM5177,4
FM5177,5
FM5177,6
FM5177,7
FM5244,1
FM5244,2
FM5244,3
FM5244,4
FM5244,5
FM5244,6
FM5244,7
FM5251,1
FM5251,2
FM5251,3
FM5251,4
FM5251,5
FM5251,6
FM5251,7
FM5266,1
FM5266,5
FM5266,6
FM5266,7
FM5324,1
FM5324,3
FM5324,5
FM5324,7
FM5367,1
FM5367,3
FM5367,5
FM5367,7
FM5370,1
FM5370,2
FM5370,3
FM5370,4
FM5370,5
FM5370,6
FM5370,7
FM5388,1
FM5388,2
FM5388,3
FM5388,4
FM5388,5
FM5388,6
FM5388,7
FM5405,1
FM5405,2
FM5405,3
FM5405,4
FM5405,5
FM5405,6
FM5405,7
FM5457,1
FM5457,2
FM5457,3
FM5457,4
FM5457,5
FM5457,6
FM5457,7
FM5462,1
FM5462,4
FM5462,6
FM5462,7
FM5496,1
FM5496,2
FM5496,3
FM5496,4
FM5496,5
FM5496,6
FM5496,7
FM5498,1
FM5498,2
FM5498,3
FM5498,4
FM5498,5
FM5498,6
FM5498,7
FM5574,1
FM5574,2
FM5574,3
FM5574,4
FM5574,5
FM5574,6
FM5574,7
FM5602,1
FM5602,2
FM5602,3
FM5602,4
FM5602,5
FM5602,6
FM5602,7
FM5645,1
FM5645,2
FM5645,3
FM5645,4
FM5645,5
FM5645,6
FM5645,7
FM5691,1
FM5691,2
FM5691,3
FM5691,4
FM5691,5
FM5691,6
FM5691,7
FM5693,1
FM5693,3
FM5693,5
FM5693,7
FM5728,1
FM5728,2
FM5728,3
FM5728,4
FM5728,5
FM5728,6
FM5728,7
FM5743,1
FM5743,2
FM5743,3
FM5743,4
FM5743,5
FM5743,6
FM5743,7
FM5744,1
FM5744,2
FM5744,3
FM5744,4
FM5744,5
FM5744,6
FM5744,7
FM5769,1
FM5769,2
FM5769,3
FM5769,4
FM5769,5
FM5769,6
FM5769,7
FM5777,1
FM5777,2
FM5777,3
FM5777,4
FM5777,5
FM5777,6
FM5777,7
FM5782,1
FM5782,3
FM5782,5
FM5782,7
FM5787,1
FM5787,2
FM5787,3
FM5787,4
FM5787,5
FM5787,6
FM5787,7
FM5820,1
FM5820,3
FM5820,5
FM5820,7
FM5822,1
FM5822,2
FM5822,3
FM5822,4
FM5822,5
FM5822,6
FM5822,7
FM5841,1
FM5841,3
FM5841,5
FM5841,7
FM5854,1
FM5854,3
FM5854,4
FM5854,5
FM5863,1
FM5863,2
FM5863,3
FM5863,4
FM5863,5
FM5863,6
FM5863,7
FM5882,1
FM5882,3
FM5882,5
FM5882,7
FM5886,2
FM5886,4
FM5886,6
FM5891,2
FM5891,4
FM5891,6
FM5908,1
FM5908,2
FM5908,3
FM5908,4
FM5908,5
FM5908,6
FM5908,7
FM5910,1
FM5910,2
FM5910,3
FM5910,4
FM5910,5
FM5910,6
FM5910,7
FM5915,1
FM5915,3
FM5915,5
FM5915,7
FM5916,1
FM5916,2
FM5916,3
FM5916,4
FM5916,5
FM5916,6
FM5916,7
FM5961,1
FM5961,2
FM5961,3
FM5961,4
FM5961,5
FM5961,6
FM5961,7
FM6056,1
FM6056,3
FM6056,5
FM6056,7
FM6095,1
FM6095,2
FM6095,3
FM6095,4
FM6095,5
FM6095,6
FM6095,7
FM6140,1
FM6140,3
FM6140,5
FM6140,7
FM6149,1
FM6149,3
FM6149,5
FM6149,7
FM6183,1
FM6183,3
FM6183,5
FM6183,7
FM6209,1
FM6209,2
FM6209,3
FM6209,4
FM6209,5
FM6209,6
FM6209,7
FM6260,1
FM6260,2
FM6260,3
FM6260,4
FM6260,5
FM6260,6
FM6260,7
FM6294,1
FM6294,2
FM6294,3
FM6294,4
FM6294,5
FM6294,6
FM6294,7
FM6312,1
FM6312,3
FM6312,5
FM6312,7
FM6325,1
FM6325,3
FM6325,5
FM6325,7
FM6364,1
FM6364,2
FM6364,3
FM6364,4
FM6364,5
FM6364,6
FM6364,7
FM6385,1
FM6385,2
FM6385,3
FM6385,4
FM6385,5
FM6385,6
FM6385,7
FM6386,1
FM6386,2
FM6386,3
FM6386,4
FM6386,5
FM6386,6
FM6386,7
FM6408,1
FM6408,2
FM6408,3
FM6408,4
FM6408,5
FM6408,6
FM6408,7
FM6429,1
FM6429,2
FM6429,3
FM6429,4
FM6429,5
FM6429,6
FM6429,7
FM6456,2
FM6456,4
FM6456,6
FM6470,2
FM6470,4
FM6470,6
FM6510,2
FM6510,4
FM6510,6
FM6516,1
FM6516,3
FM6516,5
FM6516,7
FM6527,1
FM6527,2
FM6527,3
FM6527,4
FM6527,5
FM6527,6
FM6527,7
FM6546,1
FM6546,2
FM6546,3
FM6546,4
FM6546,5
FM6546,6
FM6546,7
FM6548,1
FM6548,2
FM6548,3
FM6548,4
FM6548,5
FM6548,6
FM6548,7
FM6560,2
FM6560,4
FM6560,6
FM6607,1
FM6607,3
FM6607,5
FM6607,7
FM6628,1
FM6628,2
FM6628,3
FM6628,4
FM6628,5
FM6628,6
FM6628,7
FM6645,1
FM6645,2
FM6645,3
FM6645,4
FM6645,5
FM6645,6
FM6645,7
FM6664,1
FM6664,2
FM6664,3
FM6664,4
FM6664,5
FM6664,6
FM6664,7
FM6672,1
FM6672,2
FM6672,3
FM6672,4
FM6672,5
FM6672,6
FM6672,7
FM6708,2
FM6708,4
FM6708,6
FM6726,1
FM6726,2
FM6726,3
FM6726,4
FM6726,5
FM6726,6
FM6726,7
FM6753,1
FM6753,3
FM6753,5
FM6753,7
FM6766,1
FM6766,2
FM6766,3
FM6766,4
FM6766,5
FM6766,6
FM6766,7
FM6805,1
FM6805,2
FM6805,3
FM6805,4
FM6805,5
FM6805,6
FM6805,7
FM6842,1
FM6842,7
FM6885,1
FM6885,6
FM6885,7
FM6962,1
FM6962,2
FM6962,3
FM6962,4
FM6962,5
FM6962,6
FM6962,7
FM7041,1
FM7041,2
FM7041,3
FM7041,4
FM7041,5
FM7041,6
FM7041,7
FM7044,1
FM7044,2
FM7044,3
FM7044,4
FM7044,5
FM7044,6
FM7044,7
FM7050,1
FM7050,2
FM7050,3
FM7050,4
FM7050,5
FM7050,6
FM7050,7
FM7062,1
FM7062,3
FM7062,5
FM7062,7
FM7063,2
FM7063,4
FM7063,6
FM7100,1
FM7100,3
FM7100,5
FM7100,7
FM7104,1
FM7104,3
FM7104,5
FM7104,7
FM7116,2
FM7116,4
FM7116,6
FM7153,1
FM7153,2
FM7153,3
FM7153,4
FM7153,5
FM7153,6
FM7153,7
FM7187,2
FM7187,4
FM7187,6
FM7205,2
FM7205,4
FM7205,6
FM7207,2
FM7207,4
FM7207,6
FM7208,1
FM7208,2
FM7208,3
FM7208,4
FM7208,5
FM7208,6
FM7208,7
FM7228,1
FM7228,3
FM7228,5
FM7228,7
FM7237,1
FM7237,2
FM7237,3
FM7237,4
FM7237,5
FM7237,6
FM7237,7
FM7250,1
FM7250,2
FM7250,3
FM7250,4
FM7250,5
FM7250,6
FM7250,7
FM7278,1
FM7278,2
FM7278,3
FM7278,4
FM7278,5
FM7278,6
FM7278,7
FM7316,1
FM7316,2
FM7316,3
FM7316,4
FM7316,5
FM7316,6
FM7316,7
FM7328,1
FM7328,3
FM7328,5
FM7328,7
FM7343,1
FM7343,2
FM7343,3
FM7343,4
FM7343,5
FM7343,6
FM7343,7
FM7407,1
FM7407,3
FM7407,5
FM7407,7
FM7426,1
FM7426,2
FM7426,3
FM7426,4
FM7426,5
FM7426,6
FM7426,7
FM7432,2
FM7432,4
FM7432,6
FM7439,1
FM7439,2
FM7439,3
FM7439,4
FM7439,5
FM7439,6
FM7439,7
FM7499,3
FM7499,4
FM7499,5
FM7499,6
FM7500,1
FM7500,2
FM7500,3
FM7500,4
FM7500,5
FM7500,6
FM7500,7
FM7523,1
FM7523,2
FM7523,3
FM7523,4
FM7523,5
FM7523,6
FM7523,7
FM7541,1
FM7541,2
FM7541,3
FM7541,4
FM7541,5
FM7541,6
FM7541,7
FM7545,1
FM7545,3
FM7545,5
FM7545,6
FM7553,1
FM7553,2
FM7553,3
FM7553,4
FM7553,5
FM7553,6
FM7553,7
FM7556,1
FM7556,3
FM7556,5
FM7556,7
FM7560,1
FM7560,2
FM7560,3
FM7560,4
FM7560,5
FM7560,6
FM7560,7
FM7583,1
FM7583,3
FM7583,5
FM7583,7
FM7614,1
FM7614,2
FM7614,3
FM7614,4
FM7614,5
FM7614,6
FM7614,7
FM7641,1
FM7641,2
FM7641,3
FM7641,4
FM7641,5
FM7641,6
FM7641,7
FM7668,1
FM7668,2
FM7668,3
FM7668,4
FM7668,5
FM7668,6
FM7668,7
FM7689,1
FM7689,2
FM7689,3
FM7689,4
FM7689,5
FM7689,6
FM7689,7
FM7707,1
FM7707,4
FM7707,5
FM7722,1
FM7722,2
FM7722,3
FM7722,4
FM7722,5
FM7722,6
FM7722,7
FM7727,1
FM7727,2
FM7727,3
FM7727,4
FM7727,5
FM7727,6
FM7727,7
FM7731,1
FM7731,2
FM7731,3
FM7731,4
FM7731,5
FM7731,6
FM7731,7
FM7750,1
FM7750,3
FM7750,5
FM7750,7
FM7753,1
FM7753,2
FM7753,3
FM7753,4
FM7753,5
FM7753,6
FM7753,7
FM7788,1
FM7788,3
FM7788,5
FM7788,7
FM7794,1
FM7794,2
FM7794,3
FM7794,4
FM7794,5
FM7794,6
FM7794,7
FM7837,1
FM7837,3
FM7837,5
FM7837,7
FM7867,1
FM7867,2
FM7867,3
FM7867,4
FM7867,5
FM7867,6
FM7867,7
FM7887,1
FM7887,2
FM7887,3
FM7887,4
FM7887,5
FM7887,6
FM7887,7
FM7904,1
FM7904,2
FM7904,3
FM7904,4
FM7904,5
FM7904,6
FM7904,7
FM7906,1
FM7906,2
FM7906,3
FM7906,4
FM7906,5
FM7906,6
FM7906,7
FM7912,1
FM7912,2
FM7912,3
FM7912,4
FM7912,5
FM7912,6
FM7912,7
FM7922,1
FM7922,2
FM7922,3
FM7922,4
FM7922,5
FM7922,6
FM7922,7
FM7927,1
FM7927,2
FM7927,3
FM7927,4
FM7927,5
FM7927,6
FM7927,7
FM7931,1
FM7931,2
FM7931,3
FM7931,4
FM7931,5
FM7931,6
FM7931,7
FM7940,1
FM7940,2
FM7940,3
FM7940,4
FM7940,5
FM7940,6
FM7940,7
FM7961,1
FM7961,3
FM7961,5
FM7961,7
FM8031,1
FM8031,3
FM8031,5
FM8031,7
FM8042,1
FM8042,2
FM8042,3
FM8042,4
FM8042,5
FM8042,6
FM8042,7
FM8064,1
FM8064,3
FM8064,5
FM8064,7
FM8070,1
FM8070,2
FM8070,3
FM8070,4
FM8070,5
FM8070,6
FM8070,7
FM8105,1
FM8105,3
FM8105,5
FM8105,7
FM8112,1
FM8112,2
FM8112,3
FM8112,4
FM8112,5
FM8112,6
FM8112,7
FM8192,1
FM8192,2
FM8192,3
FM8192,4
FM8192,5
FM8192,6
FM8192,7
FM8197,1
FM8197,2
FM8197,3
FM8197,4
FM8197,5
FM8197,6
FM8197,7
FM8225,1
FM8225,2
FM8225,3
FM8225,4
FM8225,5
FM8225,6
FM8225,7
FM8234,1
FM8234,2
FM8234,4
FM8282,1
FM8282,2
FM8282,3
FM8282,4
FM8282,5
FM8282,6
FM8282,7
FM8293,1
FM8293,3
FM8293,5
FM8293,7
FM8349,1
FM8349,2
FM8349,3
FM8349,4
FM8349,5
FM8349,6
FM8349,7
FM8357,1
FM8357,2
FM8357,3
FM8357,4
FM8357,5
FM8357,6
FM8357,7
FM8373,2
FM8373,4
FM8373,6
FM8394,2
FM8394,4
FM8394,6
FM8423,2
FM8423,4
FM8423,6
FM8432,1
FM8432,2
FM8432,3
FM8432,4
FM8432,5
FM8432,6
FM8432,7
FM8440,1
FM8440,2
FM8440,3
FM8440,4
FM8440,5
FM8440,6
FM8440,7
FM8443,1
FM8443,2
FM8443,3
FM8443,4
FM8443,5
FM8443,6
FM8443,7
FM8456,1
FM8456,2
FM8456,3
FM8456,4
FM8456,5
FM8456,6
FM8456,7
FM8471,1
FM8471,3
FM8471,5
FM8471,7
FM8473,1
FM8473,2
FM8473,3
FM8473,4
FM8473,5
FM8473,6
FM8473,7
FM8504,1
FM8504,2
FM8504,3
FM8504,4
FM8504,5
FM8504,6
FM8504,7
FM8606,1
FM8606,2
FM8606,3
FM8606,4
FM8606,5
FM8606,6
FM8606,7
FM8671,1
FM8671,2
FM8671,3
FM8671,4
FM8671,5
FM8671,6
FM8671,7
FM8678,1
FM8678,3
FM8678,5
FM8678,7
FM8679,2
FM8679,3
FM8679,4
FM8679,7
FM8696,2
FM8696,4
FM8696,6
FM8710,1
FM8710,2
FM8710,3
FM8710,4
FM8710,5
FM8710,6
FM8710,7
FM8725,1
FM8725,2
FM8725,3
FM8725,4
FM8725,5
FM8725,6
FM8725,7
FM8734,1
FM8734,2
FM8734,3
FM8734,4
FM8734,5
FM8734,6
FM8734,7
FM8810,1
FM8810,2
FM8810,3
FM8810,4
FM8810,5
FM8810,6
FM8810,7
FM8858,1
FM8858,2
FM8858,3
FM8858,4
FM8858,5
FM8858,6
FM8858,7
FM8865,1
FM8865,2
FM8865,3
FM8865,4
FM8865,5
FM8865,6
FM8865,7
FM8884,1
FM8884,2
FM8884,3
FM8884,4
FM8884,5
FM8884,6
FM8884,7
FM8889,1
FM8889,2
FM8889,3
FM8889,4
FM8889,5
FM8889,6
FM8889,7
FM8903,1
FM8903,2
FM8903,3
FM8903,4
FM8903,5
FM8903,6
FM8903,7
FM8911,1
FM8911,2
FM8911,3
FM8911,4
FM8911,5
FM8911,6
FM8911,7
FM8913,1
FM8913,2
FM8913,3
FM8913,4
FM8913,5
FM8913,6
FM8913,7
FM8926,1
FM8926,3
FM8926,5
FM8926,7
FM8935,1
FM8935,2
FM8935,3
FM8935,4
FM8935,5
FM8935,6
FM8935,7
FM8988,1
FM8988,2
FM8988,3
FM8988,4
FM8988,5
FM8988,6
FM8988,7
FM9017,1
FM9017,2
FM9017,3
FM9017,4
FM9017,5
FM9017,6
FM9017,7
FM9033,1
FM9033,2
FM9033,3
FM9033,4
FM9033,5
FM9033,6
FM9033,7
FM9057,1
FM9057,2
FM9057,3
FM9057,4
FM9057,5
FM9057,6
FM9057,7
FM9077,1
FM9077,2
FM9077,3
FM9077,4
FM9077,5
FM9077,6
FM9077,7
FM9106,1
FM9106,2
FM9106,3
FM9106,4
FM9106,5
FM9106,6
FM9106,7
FM9122,1
FM9122,2
FM9122,3
FM9122,4
FM9122,5
FM9122,6
FM9122,7
FM9130,2
FM9130,4
FM9130,6
FM9179,2
FM9179,4
FM9179,6
FM9202,1
FM9202,2
FM9202,3
FM9202,4
FM9202,5
FM9202,6
FM9202,7
FM9203,2
FM9203,3
FM9203,5
FM9203,6
FM9218,1
FM9218,2
FM9218,3
FM9218,4
FM9218,5
FM9218,6
FM9218,7
FM9232,1
FM9232,2
FM9232,3
FM9232,4
FM9232,5
FM9232,6
FM9232,7
FM9244,1
FM9244,2
FM9244,3
FM9244,4
FM9244,5
FM9244,6
FM9244,7
FM9249,2
FM9249,4
FM9249,6
FM9260,1
FM9260,2
FM9260,3
FM9260,4
FM9260,5
FM9260,6
FM9260,7
FM9284,1
FM9284,2
FM9284,3
FM9284,4
FM9284,5
FM9284,6
FM9284,7
FM9308,1
FM9308,2
FM9308,3
FM9308,4
FM9308,5
FM9308,6
FM9308,7
FM9315,1
FM9315,2
FM9315,3
FM9315,4
FM9315,5
FM9315,6
FM9315,7
FM9337,1
FM9337,3
FM9337,5
FM9337,7
FM9348,1
FM9348,7
FM9356,1
FM9356,2
FM9356,3
FM9356,4
FM9356,5
FM9356,6
FM9356,7
FM9358,2
FM9358,4
FM9358,6
FM9384,1
FM9384,2
FM9384,3
FM9384,4
FM9384,5
FM9384,6
FM9384,7
FM9461,2
FM9461,4
FM9461,6
FM9479,1
FM9479,2
FM9479,3
FM9479,4
FM9479,5
FM9479,6
FM9479,7
FM9499,1
FM9499,2
FM9499,3
FM9499,4
FM9499,5
FM9499,6
FM9499,7
FM9510,2
FM9510,4
FM9510,6
FM9542,1
FM9542,2
FM9542,3
FM9542,4
FM9542,5
FM9542,6
FM9542,7
FM9561,1
FM9561,2
FM9561,3
FM9561,4
FM9561,5
FM9561,6
FM9561,7
FM9611,1
FM9611,2
FM9611,3
FM9611,4
FM9611,5
FM9611,6
FM9611,7
FM9617,1
FM9617,2
FM9617,3
FM9617,4
FM9617,5
FM9617,6
FM9617,7
FM9659,1
FM9659,3
FM9659,5
FM9659,7
FM9698,1
FM9698,3
FM9698,5
FM9698,7
FM9703,1
FM9703,3
FM9703,5
FM9703,7
FM9705,2
FM9705,4
FM9705,6
FM9726,1
FM9726,2
FM9726,3
FM9726,4
FM9726,5
FM9726,6
FM9726,7
FM9741,1
FM9741,2
FM9741,3
FM9741,4
FM9741,5
FM9741,6
FM9741,7
FM9755,1
FM9755,3
FM9755,5
FM9755,7
FM9757,2
FM9757,4
FM9757,6
FM9787,1
FM9787,3
FM9787,5
FM9787,7
FM9810,1
FM9810,2
FM9810,3
FM9810,4
FM9810,5
FM9810,6
FM9810,7
FM9862,1
FM9862,2
FM9862,3
FM9862,4
FM9862,5
FM9862,6
FM9862,7
FM9865,1
FM9865,2
FM9865,3
FM9865,4
FM9865,5
FM9865,6
FM9865,7
FM9870,1
FM9870,4
FM9870,6
FM9913,1
FM9913,2
FM9913,3
FM9913,4
FM9913,5
FM9913,6
FM9913,7
FM9933,1
FM9933,2
FM9933,3
FM9933,4
FM9933,5
FM9933,6
FM9933,7
FM9992,1
FM9992,2
FM9992,3
FM9992,4
FM9992,5
FM9992,6
FM9992,7
FM9996,1
FM9996,2
FM9996,3
FM9996,4
FM9996,5
FM9996,6
FM9996,7
MU1004,1
MU1004,2
MU1004,3
MU1004,4
MU1004,5
MU1004,6
MU1004,7
MU1017,1
MU1017,2
MU1017,3
MU1017,4
MU1017,5
MU1017,6
MU1017,7
MU1020,1
MU1020,2
MU1020,3
MU1020,4
MU1020,5
MU1020,6
MU1020,7
MU1022,1
MU1022,2
MU1022,3
MU1022,4
MU1022,5
MU1022,6
MU1022,7
MU1026,1
MU1026,3
MU1026,5
MU1026,7
MU1037,1
MU1037,2
MU1037,3
MU1037,4
MU1037,5
MU1037,6
MU1037,7
MU1044,1
MU1044,2
MU1044,3
MU1044,4
MU1044,5
MU1044,6
MU1044,7
MU1048,1
MU1048,3
MU1048,5
MU1048,7
MU1051,1
MU1051,2
MU1051,3
MU1051,4
MU1051,5
MU1051,6
MU1051,7
MU1062,1
MU1062,2
MU1062,3
MU1062,4
MU1062,5
MU1062,6
MU1062,7
MU1068,1
MU1068,2
MU1068,3
MU1068,4
MU1068,5
MU1068,6
MU1068,7
MU1071,1
MU1071,3
MU1071,5
MU1071,7
MU1073,1
MU1073,2
MU1073,3
MU1073,4
MU1073,5
MU1073,6
MU1073,7
MU1075,1
MU1075,3
MU1075,5
MU1075,7
MU1091,1
MU1091,2
MU1091,3
MU1091,4
MU1091,5
MU1091,6
MU1091,7
MU1096,1
MU1096,2
MU1096,3
MU1096,4
MU1096,5
MU1096,6
MU1096,7
MU1097,1
MU1097,2
MU1097,3
MU1097,4
MU1097,5
MU1097,6
MU1097,7
MU1099,1
MU1099,2
MU1099,3
MU1099,4
MU1099,5
MU1099,6
MU1099,7
MU1104,1
MU1104,2
MU1104,3
MU1104,4
MU1104,5
MU1104,6
MU1104,7
MU1107,1
MU1107,3
MU1107,5
MU1107,7
MU1109,1
MU1109,2
MU1109,3
MU1109,4
MU1109,5
MU1109,6
MU1109,7
MU1115,2
MU1115,4
MU1115,6
MU1119,1
MU1119,2
MU1119,3
MU1119,4
MU1119,5
MU1119,6
MU1119,7
MU1126,1
MU1126,2
MU1126,3
MU1126,4
MU1126,5
MU1126,6
MU1126,7
MU1134,1
MU1134,3
MU1134,5
MU1134,7
MU1135,1
MU1135,2
MU1135,3
MU1135,4
MU1135,5
MU1135,6
MU1135,7
MU1140,1
MU1140,3
MU1140,5
MU1140,7
MU1142,1
MU1142,3
MU1142,5
MU1142,7
MU1143,1
MU1143,2
MU1143,3
MU1143,4
MU1143,5
MU1143,6
MU1143,7
MU1148,1
MU1148,2
MU1148,3
MU1148,4
MU1148,5
MU1148,6
MU1148,7
MU1153,1
MU1153,2
MU1153,3
MU1153,4
MU1153,5
MU1153,6
MU1153,7
MU1170,1
MU1170,2
MU1170,3
MU1170,4
MU1170,5
MU1170,6
MU1170,7
MU1171,1
MU1171,2
MU1171,3
MU1171,4
MU1171,5
MU1171,6
MU1171,7
MU1175,1
MU1175,2
MU1175,3
MU1175,4
MU1175,5
MU1175,6
MU1175,7
MU1187,1
MU1187,3
MU1187,5
MU1187,7
MU1190,1
MU1190,2
MU1190,3
MU1190,4
MU1190,5
MU1190,6
MU1190,7
MU1199,1
MU1199,2
MU1199,3
MU1199,4
MU1199,5
MU1199,6
MU1199,7
MU1203,1
MU1203,2
MU1203,3
MU1203,4
MU1203,5
MU1203,6
MU1203,7
MU1215,1
MU1215,3
MU1215,5
MU1215,7
MU1217,2
MU1217,4
MU1217,6
MU1226,1
MU1226,2
MU1226,3
MU1226,4
MU1226,5
MU1226,6
MU1226,7
MU1242,1
MU1242,2
MU1242,3
MU1242,5
MU1243,1
MU1243,2
MU1243,3
MU1243,4
MU1243,5
MU1243,6
MU1243,7
MU1248,1
MU1248,2
MU1248,3
MU1248,4
MU1248,5
MU1248,6
MU1248,7
MU1257,2
MU1257,4
MU1257,6
MU1268,1
MU1268,3
MU1268,5
MU1268,7
MU1270,1
MU1270,2
MU1270,3
MU1270,4
MU1270,5
MU1270,6
MU1270,7
MU1274,1
MU1274,2
MU1274,3
MU1274,4
MU1274,5
MU1274,6
MU1274,7
MU1275,1
MU1275,2
MU1275,3
MU1275,4
MU1275,5
MU1275,6
MU1275,7
MU1276,1
MU1276,2
MU1276,3
MU1276,4
MU1276,5
MU1276,6
MU1276,7
MU1282,1
MU1282,2
MU1282,3
MU1282,4
MU1282,5
MU1282,6
MU1282,7
MU1289,1
MU1289,2
MU1289,3
MU1289,4
MU1289,5
MU1289,6
MU1289,7
MU1292,1
MU1292,2
MU1292,3
MU1292,4
MU1292,5
MU1292,6
MU1292,7
MU1298,1
MU1298,2
MU1298,3
MU1298,4
MU1298,5
MU1298,6
MU1298,7
MU1319,1
MU1319,3
MU1319,5
MU1319,7
MU1323,1
MU1323,2
MU1323,3
MU1323,4
MU1323,5
MU1323,6
MU1323,7
MU1325,2
MU1325,4
MU1325,6
MU1326,2
MU1326,4
MU1326,6
MU1328,1
MU1328,3
MU1328,5
MU1328,7
MU1334,2
MU1334,4
MU1334,6
MU1338,1
MU1338,5
MU1338,6
MU1345,1
MU1345,2
MU1345,3
MU1345,4
MU1345,5
MU1345,6
MU1345,7
MU1346,1
MU1346,2
MU1346,3
MU1346,4
MU1346,5
MU1346,6
MU1346,7
MU1353,1
MU1353,3
MU1353,5
MU1353,7
MU1370,1
MU1370,2
MU1370,3
MU1370,4
MU1370,5
MU1370,6
MU1370,7
MU1371,1
MU1371,2
MU1371,3
MU1371,4
MU1371,5
MU1371,6
MU1371,7
MU1379,1
MU1379,3
MU1379,5
MU1379,7
MU1382,1
MU1382,3
MU1382,5
MU1382,7
MU1397,1
MU1397,3
MU1397,5
MU1397,7
MU1398,1
MU1398,2
MU1398,3
MU1398,4
MU1398,5
MU1398,6
MU1398,7
MU1404,2
MU1404,4
MU1404,6
MU1416,1
MU1416,2
MU1416,3
MU1416,4
MU1416,5
MU1416,6
MU1416,7
MU1420,1
MU1420,3
MU1420,5
MU1420,7
MU1423,1
MU1423,2
MU1423,3
MU1423,4
MU1423,5
MU1423,6
MU1423,7
MU1425,1
MU1425,2
MU1425,3
MU1425,4
MU1425,5
MU1425,6
MU1425,7
MU1427,1
MU1427,3
MU1427,5
MU1427,7
MU1428,2
MU1428,4
MU1428,6
MU1429,1
MU1429,2
MU1429,3
MU1429,4
MU1429,5
MU1429,6
MU1429,7
MU1430,1
MU1430,3
MU1430,5
MU1430,7
MU1431,1
MU1431,2
MU1431,4
MU1431,6
MU1431,7
MU1434,1
MU1434,2
MU1434,3
MU1434,4
MU1434,5
MU1434,6
MU1434,7
MU1446,1
MU1446,2
MU1446,3
MU1446,4
MU1446,5
MU1446,6
MU1446,7
MU1452,1
MU1452,2
MU1452,3
MU1452,4
MU1452,5
MU1452,6
MU1452,7
MU1456,1
MU1456,2
MU1456,6
MU1457,2
MU1457,4
MU1457,6
MU1461,1
MU1461,2
MU1461,3
MU1461,4
MU1461,5
MU1461,6
MU1461,7
MU1464,1
MU1464,2
MU1464,3
MU1464,4
MU1464,5
MU1464,6
MU1464,7
MU1466,2
MU1466,4
MU1466,6
MU1476,1
MU1476,3
MU1476,5
MU1476,7
MU1478,1
MU1478,2
MU1478,3
MU1478,4
MU1478,5
MU1478,6
MU1478,7
MU1485,1
MU1485,2
MU1485,3
MU1485,4
MU1485,5
MU1485,6
MU1485,7
MU1487,1
MU1487,2
MU1487,3
MU1487,4
MU1487,5
MU1487,6
MU1487,7
MU1499,1
MU1499,3
MU1499,5
MU1499,7
MU1526,1
MU1526,3
MU1526,5
MU1526,7
MU1532,1
MU1532,2
MU1532,3
MU1532,4
MU1532,5
MU1532,6
MU1532,7
MU1534,2
MU1534,3
MU1534,6
MU1534,7
MU1540,1
MU1540,2
MU1540,3
MU1540,4
MU1540,5
MU1540,6
MU1540,7
MU1541,1
MU1541,3
MU1541,5
MU1541,7
MU1547,1
MU1547,2
MU1547,3
MU1547,4
MU1547,5
MU1547,6
MU1547,7
MU1551,1
MU1551,2
MU1551,3
MU1551,4
MU1551,5
MU1551,6
MU1551,7
MU1552,1
MU1552,2
MU1552,3
MU1552,4
MU1552,5
MU1552,6
MU1552,7
MU1556,1
MU1556,3
MU1556,5
MU1556,7
MU1558,1
MU1558,2
MU1558,3
MU1558,4
MU1558,5
MU1558,6
MU1558,7
MU1559,1
MU1559,2
MU1559,3
MU1559,4
MU1559,5
MU1559,6
MU1559,7
MU1571,1
MU1571,2
MU1571,3
MU1571,4
MU1571,5
MU1571,6
MU1571,7
MU1573,1
MU1573,3
MU1573,5
MU1573,7
MU1574,1
MU1574,2
MU1574,3
MU1574,4
MU1574,5
MU1574,6
MU1574,7
MU1579,1
MU1579,2
MU1579,3
MU1579,4
MU1579,5
MU1579,6
MU1579,7
MU1583,1
MU1583,3
MU1583,5
MU1583,7
MU1586,2
MU1586,4
MU1586,6
MU1596,1
MU1596,2
MU1596,3
MU1596,4
MU1596,5
MU1596,6
MU1596,7
MU1597,2
MU1597,4
MU1597,6
MU1598,1
MU1598,2
MU1598,3
MU1598,4
MU1598,5
MU1598,6
MU1598,7
MU1607,1
MU1607,2
MU1607,3
MU1607,4
MU1607,5
MU1607,6
MU1607,7
MU1609,2
MU1609,4
MU1609,6
MU1618,1
MU1618,3
MU1618,5
MU1618,7
MU1621,1
MU1621,3
MU1621,5
MU1621,7
MU1629,1
MU1629,3
MU1629,5
MU1629,7
MU1631,2
MU1631,4
MU1631,6
MU1633,1
MU1633,3
MU1633,5
MU1633,7
MU1635,1
MU1635,2
MU1635,3
MU1635,4
MU1635,5
MU1635,6
MU1635,7
MU1644,1
MU1644,2
MU1644,4
MU1644,6
MU1644,7
MU1657,1
MU1657,3
MU1657,5
MU1657,7
MU1659,1
MU1659,2
MU1659,3
MU1659,4
MU1659,5
MU1659,6
MU1659,7
MU1660,2
MU1660,4
MU1660,6
MU1664,1
MU1664,3
MU1664,5
MU1664,7
MU1666,1
MU1666,2
MU1666,3
MU1666,4
MU1666,5
MU1666,6
MU1666,7
MU1667,1
MU1667,2
MU1667,3
MU1667,4
MU1667,5
MU1667,6
MU1667,7
MU1678,1
MU1678,2
MU1678,3
MU1678,4
MU1678,5
MU1678,6
MU1678,7
MU1679,3
MU1679,7
MU1680,1
MU1680,3
MU1680,5
MU1680,7
MU1683,2
MU1683,4
MU1683,6
MU1685,1
MU1685,2
MU1685,3
MU1685,4
MU1685,5
MU1685,6
MU1685,7
MU1696,2
MU1696,4
MU1696,6
MU1713,1
MU1713,2
MU1713,3
MU1713,4
MU1713,5
MU1713,6
MU1713,7
MU1722,2
MU1722,4
MU1722,6
MU1742,1
MU1742,2
MU1742,3
MU1742,4
MU1742,5
MU1742,6
MU1742,7
MU1753,1
MU1753,2
MU1753,3
MU1753,4
MU1753,5
MU1753,6
MU1753,7
MU1763,1
MU1763,2
MU1763,3
MU1763,4
MU1763,5
MU1763,6
MU1763,7
MU1774,1
MU1774,2
MU1774,3
MU1774,4
MU1774,5
MU1774,6
MU1774,7
MU1783,1
MU1783,2
MU1783,3
MU1783,4
MU1783,5
MU1783,6
MU1783,7
MU1785,2
MU1785,4
MU1785,6
MU1794,1
MU1794,3
MU1794,5
MU1794,7
MU1802,1
MU1802,2
MU1802,3
MU1802,4
MU1802,5
MU1802,6
MU1802,7
MU1810,1
MU1810,3
MU1810,5
MU1810,7
MU1833,1
MU1833,2
MU1833,3
MU1833,4
MU1833,5
MU1833,6
MU1833,7
MU1837,1
MU1837,2
MU1837,3
MU1837,4
MU1837,5
MU1837,6
MU1837,7
MU1838,1
MU1838,2
MU1838,3
MU1838,4
MU1838,5
MU1838,6
MU1838,7
MU1839,1
MU1839,2
MU1839,3
MU1839,4
MU1839,5
MU1839,6
MU1839,7
MU1840,1
MU1840,2
MU1840,3
MU1840,4
MU1840,5
MU1840,6
MU1840,7
MU1851,2
MU1851,4
MU1851,6
MU1852,1
MU1852,2
MU1852,3
MU1852,4
MU1852,5
MU1852,6
MU1852,7
MU1872,1
MU1872,2
MU1872,3
MU1872,4
MU1872,5
MU1872,6
MU1872,7
MU1874,1
MU1874,2
MU1874,3
MU1874,4
MU1874,5
MU1874,6
MU1874,7
MU1881,3
MU1881,4
MU1889,1
MU1889,2
MU1889,3
MU1889,4
MU1889,5
MU1889,6
MU1889,7
MU1893,1
MU1893,2
MU1893,3
MU1893,4
MU1893,5
MU1893,6
MU1893,7
MU1895,1
MU1895,2
MU1895,3
MU1895,4
MU1895,5
MU1895,6
MU1895,7
MU1900,1
MU1900,2
MU1900,3
MU1900,4
MU1900,5
MU1900,6
MU1900,7
MU1904,1
MU1904,2
MU1904,3
MU1904,4
MU1904,5
MU1904,6
MU1904,7
MU1912,1
MU1912,3
MU1912,5
MU1912,7
MU1919,1
MU1919,3
MU1919,5
MU1919,7
MU1934,2
MU1934,6
MU1944,2
MU1944,4
MU1944,6
MU1945,2
MU1945,4
MU1945,6
MU1959,1
MU1959,2
MU1959,3
MU1959,4
MU1959,5
MU1959,6
MU1959,7
MU1965,1
MU1965,2
MU1965,3
MU1965,4
MU1965,5
MU1965,6
MU1965,7
MU1966,1
MU1966,2
MU1966,3
MU1966,4
MU1966,5
MU1966,6
MU1966,7
MU1970,1
MU1970,2
MU1970,3
MU1970,4
MU1970,5
MU1970,6
MU1970,7
MU1973,1
MU1973,3
MU1973,5
MU1973,7
MU1975,1
MU1975,2
MU1975,3
MU1975,4
MU1975,5
MU1975,6
MU1975,7
MU1980,1
MU1980,2
MU1980,3
MU1980,4
MU1980,5
MU1980,6
MU1980,7
MU1982,1
MU1982,3
MU1982,5
MU1982,7
MU1999,1
MU1999,2
MU1999,3
MU1999,4
MU1999,5
MU1999,6
MU1999,7
MU2002,1
MU2002,2
MU2002,3
MU2002,4
MU2002,5
MU2002,6
MU2002,7
MU2022,1
MU2022,2
MU2022,3
MU2022,4
MU2022,5
MU2022,6
MU2022,7
MU2026,1
MU2026,2
MU2026,3
MU2026,4
MU2026,5
MU2026,6
MU2026,7
MU2031,1
MU2031,2
MU2031,3
MU2031,4
MU2031,5
MU2031,6
MU2031,7
MU2032,1
MU2032,2
MU2032,3
MU2032,4
MU2032,5
MU2032,6
MU2032,7
MU2033,1
MU2033,3
MU2033,5
MU2033,7
MU2035,1
MU2035,2
MU2035,3
MU2035,4
MU2035,5
MU2035,6
MU2035,7
MU2039,1
MU2039,2
MU2039,3
MU2039,4
MU2039,5
MU2039,6
MU2039,7
MU2056,1
MU2056,2
MU2056,3
MU2056,4
MU2056,5
MU2056,6
MU2056,7
MU2062,1
MU2062,2
MU2062,3
MU2062,4
MU2062,5
MU2062,6
MU2062,7
MU2077,1
MU2077,3
MU2077,5
MU2077,7
MU2096,2
MU2096,4
MU2096,6
MU2097,1
MU2097,2
MU2097,3
MU2097,4
MU2097,5
MU2097,6
MU2097,7
MU2099,2
MU2099,4
MU2099,6
MU2100,2
MU2100,4
MU2100,6
MU2101,1
MU2101,3
MU2101,5
MU2101,7
MU2102,3
MU2102,5
MU2103,2
MU2103,4
MU2103,6
MU2107,1
MU2107,3
MU2107,5
MU2107,7
MU2120,1
MU2120,2
MU2120,3
MU2120,4
MU2120,5
MU2120,6
MU2120,7
MU2121,2
MU2121,4
MU2121,6
MU2128,1
MU2128,2
MU2128,3
MU2128,4
MU2128,5
MU2128,6
MU2128,7
MU2141,1
MU2141,3
MU2141,6
MU2142,1
MU2142,2
MU2142,3
MU2142,4
MU2142,5
MU2142,6
MU2142,7
MU2145,1
MU2145,2
MU2145,3
MU2145,4
MU2145,5
MU2145,6
MU2145,7
MU2163,1
MU2163,2
MU2163,3
MU2163,4
MU2163,5
MU2163,6
MU2163,7
MU2181,2
MU2181,4
MU2181,6
MU2185,1
MU2185,3
MU2185,5
MU2185,7
MU2213,2
MU2213,4
MU2213,6
MU2218,1
MU2218,2
MU2218,3
MU2218,4
MU2218,5
MU2218,6
MU2218,7
MU2220,1
MU2220,2
MU2220,3
MU2220,4
MU2220,5
MU2220,6
MU2220,7
MU2235,2
MU2235,4
MU2235,6
MU2236,1
MU2236,2
MU2236,3
MU2236,4
MU2236,5
MU2236,6
MU2236,7
MU2238,1
MU2238,3
MU2238,5
MU2238,7
MU2241,1
MU2241,2
MU2241,3
MU2241,4
MU2241,5
MU2241,6
MU2241,7
MU2243,1
MU2243,2
MU2243,3
MU2243,4
MU2243,5
MU2243,6
MU2243,7
MU2249,1
MU2249,2
MU2249,3
MU2249,4
MU2249,5
MU2249,6
MU2249,7
MU2254,1
MU2254,2
MU2254,3
MU2254,4
MU2254,5
MU2254,6
MU2254,7
MU2255,1
MU2255,2
MU2255,3
MU2255,4
MU2255,5
MU2255,6
MU2255,7
MU2264,1
MU2264,2
MU2264,3
MU2264,4
MU2264,5
MU2264,6
MU2264,7
MU2270,1
MU2270,2
MU2270,3
MU2270,4
MU2270,5
MU2270,6
MU2270,7
MU2276,1
MU2276,2
MU2276,3
MU2276,4
MU2276,5
MU2276,6
MU2276,7
MU2277,5
MU2277,6
MU2282,1
MU2282,2
MU2282,3
MU2282,4
MU2282,5
MU2282,6
MU2282,7
MU2290,1
MU2290,2
MU2290,3
MU2290,4
MU2290,5
MU2290,6
MU2290,7
MU2303,2
MU2303,4
MU2303,6
MU2313,1
MU2313,2
MU2313,3
MU2313,4
MU2313,5
MU2313,6
MU2313,7
MU2323,1
MU2323,2
MU2323,3
MU2323,4
MU2323,5
MU2323,6
MU2323,7
MU2324,1
MU2324,2
MU2324,3
MU2324,4
MU2324,5
MU2324,6
MU2324,7
MU2326,1
MU2326,3
MU2326,5
MU2326,7
MU2330,1
MU2330,2
MU2330,3
MU2330,4
MU2330,5
MU2330,6
MU2330,7
MU2345,1
MU2345,2
MU2345,3
MU2345,4
MU2345,5
MU2345,6
MU2345,7
MU2349,1
MU2349,2
MU2349,3
MU2349,4
MU2349,5
MU2349,6
MU2349,7
MU2352,1
MU2352,2
MU2352,3
MU2352,4
MU2352,5
MU2352,6
MU2352,7
MU2359,1
MU2359,2
MU2359,3
MU2359,4
MU2359,5
MU2359,6
MU2359,7
MU2369,1
MU2369,2
MU2369,3
MU2369,4
MU2369,5
MU2369,6
MU2369,7
MU2375,1
MU2375,2
MU2375,3
MU2375,4
MU2375,5
MU2375,6
MU2375,7
MU2376,1
MU2376,2
MU2376,3
MU2376,4
MU2376,5
MU2376,6
MU2376,7
MU2404,1
MU2404,2
MU2404,3
MU2404,4
MU2404,5
MU2404,6
MU2404,7
MU2407,1
MU2407,2
MU2407,3
MU2407,4
MU2407,5
MU2407,6
MU2407,7
MU2408,1
MU2408,2
MU2408,3
MU2408,4
MU2408,5
MU2408,6
MU2408,7
MU2413,1
MU2413,2
MU2413,3
MU2413,4
MU2413,5
MU2413,6
MU2413,7
MU2418,2
MU2418,4
MU2418,6
MU2424,1
MU2424,2
MU2424,3
MU2424,4
MU2424,5
MU2424,6
MU2424,7
MU2429,2
MU2429,4
MU2429,6
MU2431,1
MU2431,2
MU2431,3
MU2431,4
MU2431,5
MU2431,6
MU2431,7
MU2433,1
MU2433,2
MU2433,3
MU2433,4
MU2433,5
MU2433,6
MU2433,7
MU2440,2
MU2440,4
MU2440,6
MU2449,1
MU2449,2
MU2449,3
MU2449,4
MU2449,5
MU2449,6
MU2449,7
MU2455,1
MU2455,2
MU2455,3
MU2455,4
MU2455,5
MU2455,6
MU2455,7
MU2456,2
MU2456,4
MU2456,6
MU2459,1
MU2459,2
MU2459,3
MU2459,4
MU2459,5
MU2459,6
MU2459,7
MU2463,1
MU2463,2
MU2463,3
MU2463,4
MU2463,5
MU2463,6
MU2463,7
MU2466,2
MU2466,4
MU2466,6
MU2475,2
MU2475,4
MU2475,6
MU2478,1
MU2478,2
MU2478,3
MU2478,4
MU2478,5
MU2478,6
MU2478,7
MU2482,1
MU2482,3
MU2482,5
MU2482,7
MU2485,1
MU2485,2
MU2485,3
MU2485,4
MU2485,5
MU2485,6
MU2485,7
MU2489,1
MU2489,2
MU2489,3
MU2489,4
MU2489,5
MU2489,6
MU2489,7
MU2492,1
MU2492,2
MU2492,3
MU2492,4
MU2492,5
MU2492,6
MU2492,7
MU2497,1
MU2497,2
MU2497,3
MU2497,4
MU2497,5
MU2497,6
MU2497,7
MU2505,2
MU2505,4
MU2505,6
MU2509,1
MU2509,3
MU2509,5
MU2509,7
MU2514,1
MU2514,3
MU2514,5
MU2514,7
MU2515,1
MU2515,2
MU2515,3
MU2515,4
MU2515,5
MU2515,6
MU2515,7
MU2516,1
MU2516,2
MU2516,3
MU2516,4
MU2516,5
MU2516,6
MU2516,7
MU2518,1
MU2518,3
MU2518,5
MU2518,7
MU2519,2
MU2519,4
MU2519,6
MU2524,1
MU2524,3
MU2524,5
MU2524,7
MU2525,2
MU2525,4
MU2525,6
MU2536,1
MU2536,2
MU2536,3
MU2536,4
MU2536,5
MU2536,6
MU2536,7
MU2541,1
MU2541,2
MU2541,3
MU2541,4
MU2541,5
MU2541,6
MU2541,7
MU2544,1
MU2544,3
MU2544,5
MU2544,7
MU2545,1
MU2545,2
MU2545,3
MU2545,4
MU2545,5
MU2545,6
MU2545,7
MU2562,2
MU2562,4
MU2562,6
MU2568,1
MU2568,2
MU2568,3
MU2568,4
MU2568,5
MU2568,6
MU2568,7
MU2570,1
MU2570,2
MU2570,3
MU2570,4
MU2570,5
MU2570,6
MU2570,7
MU2572,1
MU2572,2
MU2572,3
MU2572,4
MU2572,5
MU2572,6
MU2572,7
MU2585,1
MU2585,2
MU2585,3
MU2585,4
MU2585,5
MU2585,6
MU2585,7
MU2589,1
MU2589,2
MU2589,3
MU2589,4
MU2589,5
MU2589,6
MU2589,7
MU2591,2
MU2591,4
MU2591,6
MU2600,1
MU2600,2
MU2600,3
MU2600,4
MU2600,5
MU2600,6
MU2600,7
MU2606,1
MU2606,2
MU2606,3
MU2606,4
MU2606,5
MU2606,6
MU2606,7
MU2607,2
MU2607,4
MU2607,6
MU2640,3
MU2640,4
MU2640,5
MU2640,6
MU2640,7
MU2647,1
MU2647,3
MU2647,5
MU2647,7
MU2649,1
MU2649,4
MU2649,5
MU2649,7
MU2660,1
MU2660,3
MU2660,5
MU2660,7
MU2661,2
MU2661,4
MU2661,6
MU2668,1
MU2668,2
MU2668,3
MU2668,4
MU2668,5
MU2668,6
MU2668,7
MU2671,1
MU2671,2
MU2671,3
MU2671,4
MU2671,5
MU2671,6
MU2671,7
MU2685,1
MU2685,2
MU2685,3
MU2685,4
MU2685,5
MU2685,6
MU2685,7
MU2690,1
MU2690,3
MU2690,5
MU2690,7
MU2703,1
MU2703,2
MU2703,3
MU2703,4
MU2703,5
MU2703,6
MU2703,7
MU2711,1
MU2711,2
MU2711,3
MU2711,4
MU2711,5
MU2711,6
MU2711,7
MU2739,1
MU2739,3
MU2739,5
MU2739,7
MU2740,1
MU2740,2
MU2740,3
MU2740,4
MU2740,5
MU2740,6
MU2740,7
MU2757,1
MU2757,2
MU2757,3
MU2757,4
MU2757,5
MU2757,6
MU2757,7
MU2759,1
MU2759,2
MU2759,3
MU2759,4
MU2759,5
MU2759,6
MU2759,7
MU2761,1
MU2761,3
MU2761,5
MU2761,7
MU2762,1
MU2762,2
MU2762,3
MU2762,4
MU2762,5
MU2762,6
MU2762,7
MU2784,1
MU2784,3
MU2784,5
MU2784,7
MU2785,2
MU2785,4
MU2785,6
MU2788,1
MU2788,2
MU2788,3
MU2788,4
MU2788,5
MU2788,6
MU2788,7
MU2796,1
MU2796,2
MU2796,3
MU2796,4
MU2796,5
MU2796,6
MU2796,7
MU2797,1
MU2797,2
MU2797,3
MU2797,4
MU2797,5
MU2797,6
MU2797,7
MU2800,1
MU2800,3
MU2800,5
MU2800,7
MU2801,1
MU2801,2
MU2801,3
MU2801,4
MU2801,5
MU2801,6
MU2801,7
MU2803,1
MU2803,2
MU2803,3
MU2803,4
MU2803,5
MU2803,6
MU2803,7
MU2807,1
MU2807,2
MU2807,3
MU2807,4
MU2807,5
MU2807,6
MU2807,7
MU2811,1
MU2811,3
MU2811,5
MU2811,7
MU2823,1
MU2823,2
MU2823,3
MU2823,4
MU2823,5
MU2823,6
MU2823,7
MU2825,1
MU2825,2
MU2825,3
MU2825,4
MU2825,5
MU2825,6
MU2825,7
MU2826,1
MU2826,2
MU2826,3
MU2826,4
MU2826,5
MU2826,6
MU2826,7
MU2830,1
MU2830,2
MU2830,3
MU2830,4
MU2830,5
MU2830,6
MU2830,7
MU2831,1
MU2831,2
MU2831,3
MU2831,4
MU2831,5
MU2831,6
MU2831,7
MU2832,1
MU2832,2
MU2832,3
MU2832,4
MU2832,5
MU2832,6
MU2832,7
MU2835,1
MU2835,2
MU2835,3
MU2835,4
MU2835,5
MU2835,6
MU2835,7
MU2836,1
MU2836,2
MU2836,3
MU2836,4
MU2836,5
MU2836,6
MU2836,7
MU2838,1
MU2838,2
MU2838,3
MU2838,4
MU2838,5
MU2838,6
MU2838,7
MU2849,1
MU2849,2
MU2849,3
MU2849,4
MU2849,5
MU2849,6
MU2849,7
MU2856,1
MU2856,2
MU2856,3
MU2856,4
MU2856,5
MU2856,6
MU2856,7
MU2857,2
MU2857,3
MU2857,4
MU2857,7
MU2863,1
MU2863,2
MU2863,3
MU2863,4
MU2863,5
MU2863,6
MU2863,7
MU2866,1
MU2866,2
MU2866,3
MU2866,4
MU2866,5
MU2866,6
MU2866,7
MU2870,1
MU2870,2
MU2870,3
MU2870,4
MU2870,5
MU2870,6
MU2870,7
MU2875,1
MU2875,2
MU2875,3
MU2875,4
MU2875,5
MU2875,6
MU2875,7
MU2882,1
MU2882,2
MU2882,3
MU2882,4
MU2882,5
MU2882,6
MU2882,7
MU2883,1
MU2883,2
MU2883,3
MU2883,4
MU2883,5
MU2883,6
MU2883,7
MU2885,1
MU2885,2
MU2885,3
MU2885,4
MU2885,5
MU2885,6
MU2885,7
MU2899,1
MU2899,2
MU2899,3
MU2899,4
MU2899,5
MU2899,6
MU2899,7
MU2904,1
MU2904,2
MU2904,3
MU2904,4
MU2904,5
MU2904,6
MU2904,7
MU2914,1
MU2914,3
MU2914,5
MU2914,7
MU2927,2
MU2927,4
MU2927,6
MU2947,2
MU2947,4
MU2947,6
MU2953,1
MU2953,2
MU2953,3
MU2953,4
MU2953,5
MU2953,6
MU2953,7
MU2956,1
MU2956,2
MU2956,3
MU2956,4
MU2956,5
MU2956,6
MU2956,7
MU2960,1
MU2960,2
MU2960,3
MU2960,4
MU2960,5
MU2960,6
MU2960,7
MU2962,2
MU2962,4
MU2962,6
MU2964,1
MU2964,2
MU2964,3
MU2964,4
MU2964,5
MU2964,6
MU2964,7
MU2978,2
MU2978,4
MU2978,6
MU2983,1
MU2983,3
MU2983,5
MU2983,7
MU2985,1
MU2985,2
MU2985,3
MU2985,4
MU2985,5
MU2985,6
MU2985,7
MU2993,1
MU2993,2
MU2993,3
MU2993,4
MU2993,5
MU2993,6
MU2993,7
MU2996,1
MU2996,2
MU2996,3
MU2996,4
MU2996,5
MU2996,6
MU2996,7
MU2998,1
MU2998,3
MU2998,5
MU2998,7
MU3003,1
MU3003,2
MU3003,4
MU3003,6
MU3003,7
MU3014,2
MU3014,4
MU3014,6
MU3015,2
MU3015,4
MU3015,6
MU3021,1
MU3021,3
MU3021,5
MU3021,7
MU3023,2
MU3023,4
MU3023,6
MU3024,1
MU3024,3
MU3024,5
MU3024,7
MU3026,2
MU3026,4
MU3026,6
MU3036,1
MU3036,3
MU3036,5
MU3036,7
MU3052,1
MU3052,2
MU3052,3
MU3052,4
MU3052,5
MU3052,6
MU3052,7
MU3058,2
MU3058,4
MU3058,6
MU3060,2
MU3060,3
MU3060,4
MU3060,5
MU3083,1
MU3083,2
MU3083,3
MU3083,4
MU3083,5
MU3083,6
MU3083,7
MU3086,1
MU3086,2
MU3086,3
MU3086,4
MU3086,5
MU3086,6
MU3086,7
MU3109,1
MU3109,2
MU3109,3
MU3109,4
MU3109,5
MU3109,6
MU3109,7
MU3114,2
MU3114,4
MU3114,6
MU3126,1
MU3126,2
MU3126,3
MU3126,4
MU3126,5
MU3126,6
MU3126,7
MU3128,2
MU3128,3
MU3128,4
MU3128,7
MU3130,2
MU3130,4
MU3130,6
MU3133,1
MU3133,3
MU3133,5
MU3133,7
MU3135,1
MU3135,2
MU3135,3
MU3135,4
MU3135,5
MU3135,6
MU3135,7
MU3137,2
MU3137,4
MU3137,6
MU3140,1
MU3140,3
MU3140,5
MU3140,7
MU3166,1
MU3166,3
MU3166,5
MU3166,7
MU3172,2
MU3172,4
MU3172,6
MU3193,2
MU3193,4
MU3193,6
MU3196,1
MU3196,2
MU3196,3
MU3196,4
MU3196,5
MU3196,6
MU3196,7
MU3201,1
MU3201,2
MU3201,3
MU3201,4
MU3201,5
MU3201,6
MU3201,7
MU3213,1
MU3213,3
MU3213,5
MU3213,7
MU3215,1
MU3215,2
MU3215,3
MU3215,4
MU3215,5
MU3215,6
MU3215,7
MU3233,1
MU3233,3
MU3233,7
MU3236,1
MU3236,2
MU3236,3
MU3236,4
MU3236,5
MU3236,6
MU3236,7
MU3245,2
MU3245,4
MU3245,6
MU3252,2
MU3252,4
MU3252,6
MU3263,1
MU3263,2
MU3263,3
MU3263,4
MU3263,5
MU3263,6
MU3263,7
MU3264,1
MU3264,2
MU3264,3
MU3264,4
MU3264,5
MU3264,6
MU3264,7
MU3266,1
MU3266,2
MU3266,3
MU3266,4
MU3266,5
MU3266,6
MU3266,7
MU3271,1
MU3271,3
MU3271,5
MU3271,7
MU3278,1
MU3278,2
MU3278,3
MU3278,4
MU3278,5
MU3278,6
MU3278,7
MU3291,2
MU3291,4
MU3291,6
MU3296,1
MU3296,2
MU3296,3
MU3296,4
MU3296,5
MU3296,6
MU3296,7
MU3305,1
MU3305,2
MU3305,3
MU3305,4
MU3305,5
MU3305,6
MU3305,7
MU3318,1
MU3318,2
MU3318,3
MU3318,4
MU3318,5
MU3318,6
MU3318,7
MU3321,1
MU3321,2
MU3321,3
MU3321,4
MU3321,5
MU3321,6
MU3321,7
MU3324,1
MU3324,3
MU3324,5
MU3324,7
MU3328,1
MU3328,2
MU3328,3
MU3328,4
MU3328,5
MU3328,6
MU3328,7
MU3329,5
MU3329,6
MU3331,1
MU3331,2
MU3331,3
MU3331,4
MU3331,5
MU3331,6
MU3331,7
MU3339,1
MU3339,2
MU3339,3
MU3339,4
MU3339,5
MU3339,6
MU3339,7
MU3347,3
MU3347,4
MU3347,5
MU3347,6
MU3347,7
MU3355,1
MU3355,3
MU3355,5
MU3355,7
MU3360,2
MU3360,4
MU3360,6
MU3371,1
MU3371,2
MU3371,3
MU3371,4
MU3371,5
MU3371,6
MU3371,7
MU3373,2
MU3373,4
MU3373,6
MU3374,1
MU3374,2
MU3374,3
MU3374,4
MU3374,5
MU3374,6
MU3374,7
MU3377,1
MU3377,2
MU3377,3
MU3377,4
MU3377,5
MU3377,6
MU3377,7
MU3388,1
MU3388,3
MU3388,5
MU3388,7
MU3391,1
MU3391,2
MU3391,3
MU3391,4
MU3391,5
MU3391,6
MU3391,7
MU3392,1
MU3392,2
MU3392,3
MU3392,4
MU3392,5
MU3392,6
MU3392,7
MU3399,1
MU3399,2
MU3399,3
MU3399,4
MU3399,5
MU3399,6
MU3399,7
MU3400,1
MU3400,2
MU3400,3
MU3400,4
MU3400,5
MU3400,6
MU3400,7
MU3412,1
MU3412,2
MU3412,3
MU3412,4
MU3412,5
MU3412,6
MU3412,7
MU3414,1
MU3414,2
MU3414,3
MU3414,4
MU3414,5
MU3414,6
MU3414,7
MU3428,1
MU3428,2
MU3428,3
MU3428,4
MU3428,5
MU3428,6
MU3428,7
MU3445,1
MU3445,2
MU3445,3
MU3445,4
MU3445,5
MU3445,6
MU3445,7
MU3446,1
MU3446,2
MU3446,3
MU3446,4
MU3446,5
MU3446,6
MU3446,7
MU3452,1
MU3452,2
MU3452,3
MU3452,4
MU3452,5
MU3452,6
MU3452,7
MU3468,1
MU3468,2
MU3468,3
MU3468,4
MU3468,5
MU3468,6
MU3468,7
MU3490,1
MU3490,2
MU3490,3
MU3490,4
MU3490,5
MU3490,6
MU3490,7
MU3495,1
MU3495,2
MU3495,3
MU3495,4
MU3495,5
MU3495,6
MU3495,7
MU3496,1
MU3496,2
MU3496,3
MU3496,4
MU3496,5
MU3496,6
MU3496,7
MU3500,1
MU3500,2
MU3500,3
MU3500,4
MU3500,5
MU3500,6
MU3500,7
MU3506,1
MU3506,2
MU3506,3
MU3506,4
MU3506,5
MU3506,6
MU3506,7
MU3507,2
MU3507,4
MU3507,6
MU3508,1
MU3508,2
MU3508,3
MU3508,4
MU3508,5
MU3508,6
MU3508,7
MU3527,1
MU3527,2
MU3527,3
MU3527,4
MU3527,5
MU3527,6
MU3527,7
MU3529,1
MU3529,2
MU3529,3
MU3529,4
MU3529,5
MU3529,6
MU3529,7
MU3531,2
MU3531,3
MU3531,4
MU3541,2
MU3541,4
MU3541,6
MU3550,1
MU3550,2
MU3550,3
MU3550,4
MU3550,5
MU3550,6
MU3550,7
MU3558,1
MU3558,3
MU3558,5
MU3558,7
MU3562,1
MU3562,2
MU3562,3
MU3562,4
MU3562,5
MU3562,6
MU3562,7
MU3574,1
MU3574,2
MU3574,3
MU3574,4
MU3574,5
MU3574,6
MU3574,7
MU3578,1
MU3578,2
MU3578,3
MU3578,4
MU3578,5
MU3578,6
MU3578,7
MU3582,2
MU3582,4
MU3582,6
MU3585,2
MU3585,4
MU3585,6
MU3590,1
MU3590,3
MU3590,5
MU3590,7
MU3592,1
MU3592,2
MU3592,3
MU3592,4
MU3592,5
MU3592,6
MU3592,7
MU3595,1
MU3595,3
MU3595,5
MU3595,7
MU3601,1
MU3601,3
MU3601,5
MU3601,7
MU3602,2
MU3602,4
MU3602,6
MU3603,1
MU3603,2
MU3603,3
MU3603,4
MU3603,5
MU3603,6
MU3603,7
MU3604,2
MU3604,4
MU3604,6
MU3608,1
MU3608,3
MU3608,5
MU3608,7
MU3609,1
MU3609,2
MU3609,3
MU3609,4
MU3609,5
MU3609,6
MU3609,7
MU3614,2
MU3614,4
MU3614,6
MU3615,1
MU3615,3
MU3615,5
MU3615,7
MU3619,1
MU3619,2
MU3619,3
MU3619,4
MU3619,5
MU3619,6
MU3619,7
MU3623,1
MU3623,2
MU3623,3
MU3623,4
MU3623,5
MU3623,6
MU3623,7
MU3630,1
MU3630,2
MU3630,5
MU3630,7
MU3635,1
MU3635,3
MU3635,5
MU3635,7
MU3643,1
MU3643,2
MU3643,3
MU3643,4
MU3643,5
MU3643,6
MU3643,7
MU3645,1
MU3645,2
MU3645,3
MU3645,4
MU3645,5
MU3645,6
MU3645,7
MU3655,1
MU3655,2
MU3655,3
MU3655,4
MU3655,5
MU3655,6
MU3655,7
MU3663,2
MU3663,4
MU3663,6
MU3670,1
MU3670,2
MU3670,3
MU3670,4
MU3670,5
MU3670,6
MU3670,7
MU3673,2
MU3673,4
MU3673,6
MU3674,3
MU3674,4
MU3674,5
MU3674,6
MU3676,2
MU3676,4
MU3676,6
MU3682,1
MU3682,2
MU3682,3
MU3682,4
MU3682,5
MU3682,6
MU3682,7
MU3686,1
MU3686,2
MU3686,3
MU3686,4
MU3686,5
MU3686,6
MU3686,7
MU3711,2
MU3711,4
MU3711,6
MU3716,2
MU3716,4
MU3716,6
MU3718,2
MU3718,4
MU3718,6
MU3719,2
MU3719,4
MU3719,6
MU3733,1
MU3733,2
MU3733,3
MU3733,4
MU3733,5
MU3733,6
MU3733,7
MU3734,1
MU3734,2
MU3734,3
MU3734,4
MU3734,5
MU3734,6
MU3734,7
MU3735,1
MU3735,2
MU3735,3
MU3735,4
MU3735,5
MU3735,6
MU3735,7
MU3736,1
MU3736,2
MU3736,3
MU3736,4
MU3736,5
MU3736,6
MU3736,7
MU3738,1
MU3738,2
MU3738,3
MU3738,4
MU3738,5
MU3738,6
MU3738,7
MU3741,1
MU3741,3
MU3741,5
MU3741,7
MU3746,1
MU3746,3
MU3746,5
MU3746,7
MU3752,1
MU3752,5
MU3752,7
MU3755,1
MU3755,2
MU3755,3
MU3755,4
MU3755,5
MU3755,6
MU3755,7
MU3756,1
MU3756,3
MU3756,6
MU3757,1
MU3757,3
MU3757,5
MU3757,7
MU3763,1
MU3763,2
MU3763,3
MU3763,4
MU3763,5
MU3763,6
MU3763,7
MU3768,1
MU3768,2
MU3768,3
MU3768,4
MU3768,5
MU3768,6
MU3768,7
MU3775,1
MU3775,2
MU3775,3
MU3775,4
MU3775,5
MU3775,6
MU3775,7
MU3783,1
MU3783,2
MU3783,3
MU3783,4
MU3783,5
MU3783,6
MU3783,7
MU3790,1
MU3790,3
MU3790,5
MU3790,7
MU3797,1
MU3797,2
MU3797,3
MU3797,4
MU3797,5
MU3797,6
MU3797,7
MU3798,1
MU3798,2
MU3798,3
MU3798,4
MU3798,5
MU3798,6
MU3798,7
MU3800,1
MU3800,2
MU3800,3
MU3800,4
MU3800,5
MU3800,6
MU3800,7
MU3801,1
MU3801,3
MU3801,5
MU3801,7
MU3806,1
MU3806,2
MU3806,3
MU3806,4
MU3806,5
MU3806,6
MU3806,7
MU3808,1
MU3808,3
MU3808,5
MU3808,7
MU3827,1
MU3827,2
MU3830,1
MU3830,2
MU3830,3
MU3830,4
MU3830,5
MU3830,6
MU3830,7
MU3835,2
MU3835,4
MU3835,6
MU3835,7
MU3840,1
MU3840,2
MU3840,3
MU3840,4
MU3840,5
MU3840,6
MU3840,7
MU3843,2
MU3843,4
MU3843,6
MU3846,1
MU3846,2
MU3846,3
MU3846,4
MU3846,5
MU3846,6
MU3846,7
MU3847,1
MU3847,2
MU3847,3
MU3847,4
MU3847,5
MU3847,6
MU3847,7
MU3852,1
MU3852,3
MU3852,5
MU3852,7
MU3857,1
MU3857,2
MU3857,3
MU3857,4
MU3857,5
MU3857,6
MU3857,7
MU3858,1
MU3858,3
MU3858,5
MU3858,7
MU3861,1
MU3861,2
MU3861,3
MU3861,4
MU3861,5
MU3861,6
MU3861,7
MU3868,2
MU3868,4
MU3868,6
MU3869,1
MU3869,2
MU3869,3
MU3869,6
MU3869,7
MU3880,1
MU3880,2
MU3880,3
MU3880,4
MU3880,5
MU3880,6
MU3880,7
MU3890,2
MU3890,4
MU3890,6
MU3893,1
MU3893,3
MU3893,5
MU3893,7
MU3894,1
MU3894,2
MU3894,3
MU3894,4
MU3894,5
MU3894,6
MU3894,7
MU3895,1
MU3895,2
MU3895,3
MU3895,4
MU3895,5
MU3895,6
MU3895,7
MU3926,1
MU3926,2
MU3926,3
MU3926,4
MU3926,5
MU3926,6
MU3926,7
MU3927,1
MU3927,2
MU3927,3
MU3927,4
MU3927,5
MU3927,6
MU3927,7
MU3939,2
MU3939,4
MU3939,6
MU3941,1
MU3941,2
MU3941,3
MU3941,4
MU3941,5
MU3941,6
MU3941,7
MU3949,1
MU3949,3
MU3949,5
MU3949,7
MU3953,1
MU3953,2
MU3953,3
MU3953,4
MU3953,5
MU3953,6
MU3953,7
MU3956,2
MU3956,7
MU3957,1
MU3957,3
MU3957,5
MU3957,7
MU3958,1
MU3958,2
MU3958,3
MU3958,4
MU3958,5
MU3958,6
MU3958,7
MU3963,2
MU3963,4
MU3963,6
MU3967,1
MU3967,2
MU3967,3
MU3967,4
MU3967,5
MU3967,6
MU3967,7
MU3968,1
MU3968,2
MU3968,3
MU3968,4
MU3968,5
MU3968,6
MU3968,7
MU3972,1
MU3972,2
MU3972,3
MU3972,4
MU3972,5
MU3972,6
MU3972,7
MU3988,1
MU3988,2
MU3988,3
MU3988,4
MU3988,5
MU3988,6
MU3988,7
MU3992,1
MU3992,2
MU3992,3
MU3992,4
MU3992,5
MU3992,6
MU3992,7
MU4002,1
MU4002,3
MU4002,5
MU4002,7
MU4006,1
MU4006,2
MU4006,3
MU4006,4
MU4006,5
MU4006,6
MU4006,7
MU4010,1
MU4010,3
MU4010,5
MU4010,7
MU4012,1
MU4012,3
MU4012,5
MU4012,7
MU4030,1
MU4030,2
MU4030,3
MU4030,4
MU4030,5
MU4030,6
MU4030,7
MU4044,1
MU4044,2
MU4044,3
MU4044,4
MU4044,5
MU4044,6
MU4044,7
MU4052,1
MU4052,3
MU4052,5
MU4052,7
MU4055,1
MU4055,2
MU4055,3
MU4055,4
MU4055,5
MU4055,6
MU4055,7
MU4060,2
MU4060,4
MU4060,5
MU4060,6
MU4060,7
MU4070,1
MU4070,2
MU4070,3
MU4070,4
MU4070,5
MU4070,6
MU4070,7
MU4084,1
MU4084,2
MU4084,3
MU4084,4
MU4084,5
MU4084,6
MU4084,7
MU4086,1
MU4086,2
MU4086,3
MU4086,5
MU4086,7
MU4105,1
MU4105,2
MU4105,3
MU4105,4
MU4105,5
MU4105,6
MU4105,7
MU4116,2
MU4116,3
MU4116,5
MU4116,6
MU4125,1
MU4125,2
MU4125,3
MU4125,4
MU4125,5
MU4125,6
MU4125,7
MU4127,2
MU4127,4
MU4127,6
MU4129,1
MU4129,2
MU4129,3
MU4129,4
MU4129,5
MU4129,6
MU4129,7
MU4138,1
MU4138,3
MU4138,5
MU4138,7
MU4142,1
MU4142,2
MU4142,3
MU4142,4
MU4142,5
MU4142,6
MU4142,7
MU4144,2
MU4144,4
MU4144,6
MU4153,1
MU4153,2
MU4153,3
MU4153,4
MU4153,5
MU4153,6
MU4153,7
MU4156,1
MU4156,2
MU4156,3
MU4156,4
MU4156,5
MU4156,6
MU4156,7
MU4162,1
MU4162,2
MU4162,3
MU4162,4
MU4162,5
MU4162,6
MU4162,7
MU4164,1
MU4164,2
MU4164,3
MU4164,4
MU4164,5
MU4164,6
MU4164,7
MU4166,1
MU4166,2
MU4166,3
MU4166,4
MU4166,5
MU4166,6
MU4166,7
MU4171,2
MU4171,4
MU4171,6
MU4172,1
MU4172,2
MU4172,3
MU4172,4
MU4172,5
MU4172,6
MU4172,7
MU4175,1
MU4175,2
MU4175,3
MU4175,4
MU4175,5
MU4175,6
MU4175,7
MU4185,2
MU4185,4
MU4185,6
MU4190,2
MU4190,4
MU4190,6
MU4194,1
MU4194,3
MU4194,5
MU4194,7
MU4201,1
MU4201,2
MU4201,3
MU4201,4
MU4201,5
MU4201,6
MU4201,7
MU4202,1
MU4202,2
MU4202,3
MU4202,4
MU4202,5
MU4202,6
MU4202,7
MU4203,1
MU4203,3
MU4203,5
MU4203,7
MU4209,1
MU4209,2
MU4209,3
MU4209,4
MU4209,5
MU4209,6
MU4209,7
MU4222,1
MU4222,2
MU4222,3
MU4222,4
MU4222,5
MU4222,6
MU4222,7
MU4251,1
MU4251,2
MU4251,3
MU4251,4
MU4251,5
MU4251,6
MU4251,7
MU4259,1
MU4259,2
MU4259,3
MU4259,4
MU4259,5
MU4259,6
MU4259,7
MU4265,2
MU4265,4
MU4265,6
MU4266,1
MU4266,3
MU4266,5
MU4266,7
MU4268,1
MU4268,3
MU4268,5
MU4268,7
MU4277,1
MU4277,3
MU4277,5
MU4277,7
MU4285,1
MU4285,3
MU4285,5
MU4285,7
MU4287,2
MU4287,3
MU4287,4
MU4287,5
MU4287,6
MU4288,1
MU4288,3
MU4288,5
MU4288,7
MU4289,2
MU4289,4
MU4289,6
MU4290,1
MU4290,2
MU4290,3
MU4290,4
MU4290,5
MU4290,6
MU4290,7
MU4291,1
MU4291,2
MU4291,3
MU4291,4
MU4291,5
MU4291,6
MU4291,7
MU4297,1
MU4297,2
MU4297,3
MU4297,4
MU4297,5
MU4297,6
MU4297,7
MU4300,1
MU4300,2
MU4300,3
MU4300,4
MU4300,5
MU4300,6
MU4300,7
MU4303,1
MU4303,3
MU4303,5
MU4303,7
MU4304,1
MU4304,2
MU4304,3
MU4304,4
MU4304,5
MU4304,6
MU4304,7
MU4306,1
MU4306,2
MU4306,3
MU4306,4
MU4306,5
MU4306,6
MU4306,7
MU4308,2
MU4308,4
MU4308,6
MU4311,2
MU4311,4
MU4311,6
MU4315,1
MU4315,2
MU4315,3
MU4315,4
MU4315,5
MU4315,6
MU4315,7
MU4318,1
MU4318,2
MU4318,3
MU4318,4
MU4318,5
MU4318,6
MU4318,7
MU4320,1
MU4320,2
MU4320,3
MU4320,4
MU4320,5
MU4320,6
MU4320,7
MU4323,1
MU4323,4
MU4323,5
MU4323,6
MU4323,7
MU4326,2
MU4326,4
MU4326,6
MU4336,1
MU4336,3
MU4336,5
MU4336,7
MU4345,1
MU4345,2
MU4345,3
MU4345,4
MU4345,5
MU4345,6
MU4345,7
MU4349,1
MU4349,2
MU4349,3
MU4349,4
MU4349,5
MU4349,6
MU4349,7
MU4353,1
MU4353,2
MU4353,3
MU4353,4
MU4353,5
MU4353,6
MU4353,7
MU4356,2
MU4356,4
MU4356,6
MU4357,1
MU4357,3
MU4357,5
MU4357,7
MU4364,1
MU4364,2
MU4364,3
MU4364,4
MU4364,5
MU4364,6
MU4364,7
MU4366,1
MU4366,3
MU4366,5
MU4366,7
MU4367,1
MU4367,2
MU4367,3
MU4367,4
MU4367,5
MU4367,6
MU4367,7
MU4369,1
MU4369,2
MU4369,3
MU4369,4
MU4369,5
MU4369,6
MU4369,7
MU4370,1
MU4370,2
MU4370,3
MU4370,4
MU4370,5
MU4370,6
MU4370,7
MU4375,1
MU4375,2
MU4375,3
MU4375,4
MU4375,5
MU4375,6
MU4375,7
MU4378,2
MU4378,4
MU4378,6
MU4379,1
MU4379,3
MU4379,5
MU4379,7
MU4380,1
MU4380,2
MU4380,3
MU4380,4
MU4380,5
MU4380,6
MU4380,7
MU4403,1
MU4403,2
MU4403,3
MU4403,4
MU4403,5
MU4403,6
MU4403,7
MU4405,3
MU4405,4
MU4405,5
MU4405,6
MU4405,7
MU4411,1
MU4411,2
MU4411,3
MU4411,4
MU4411,5
MU4411,6
MU4411,7
MU4412,2
MU4412,4
MU4412,6
MU4420,2
MU4420,4
MU4420,6
MU4442,1
MU4442,2
MU4442,3
MU4442,4
MU4442,5
MU4442,6
MU4442,7
MU4444,2
MU4444,4
MU4444,6
MU4451,1
MU4451,3
MU4474,1
MU4474,2
MU4474,3
MU4474,4
MU4474,5
MU4474,6
MU4474,7
MU4475,1
MU4475,2
MU4475,3
MU4475,4
MU4475,5
MU4475,6
MU4475,7
MU4476,1
MU4476,2
MU4476,3
MU4476,4
MU4476,5
MU4476,6
MU4476,7
MU4480,1
MU4480,2
MU4480,3
MU4480,4
MU4480,5
MU4480,6
MU4480,7
MU4483,1
MU4483,2
MU4483,3
MU4483,4
MU4483,5
MU4483,6
MU4483,7
MU4488,1
MU4488,3
MU4488,5
MU4488,7
MU4496,1
MU4496,3
MU4496,5
MU4496,7
MU4504,1
MU4504,3
MU4504,5
MU4504,7
MU4517,1
MU4517,2
MU4517,3
MU4517,4
MU4517,5
MU4517,6
MU4517,7
MU4520,1
MU4520,2
MU4520,3
MU4520,4
MU4520,5
MU4520,6
MU4520,7
MU4532,1
MU4532,2
MU4532,3
MU4532,4
MU4532,5
MU4532,6
MU4532,7
MU4537,1
MU4537,2
MU4537,3
MU4537,4
MU4537,5
MU4537,6
MU4537,7
MU4538,1
MU4538,2
MU4538,3
MU4538,4
MU4538,5
MU4538,6
MU4538,7
MU4539,1
MU4539,2
MU4539,3
MU4539,4
MU4539,5
MU4539,6
MU4539,7
MU4555,1
MU4555,2
MU4555,3
MU4555,4
MU4555,5
MU4555,6
MU4555,7
MU4560,2
MU4560,4
MU4560,6
MU4561,2
MU4561,4
MU4561,6
MU4566,1
MU4566,3
MU4566,5
MU4566,7
MU4578,1
MU4578,2
MU4578,7
MU4583,1
MU4583,3
MU4583,5
MU4583,7
MU4585,2
MU4585,4
MU4585,6
MU4599,1
MU4599,2
MU4599,3
MU4599,4
MU4599,7
MU4606,1
MU4606,2
MU4606,3
MU4606,4
MU4606,5
MU4606,6
MU4606,7
MU4620,1
MU4620,2
MU4620,3
MU4620,4
MU4620,5
MU4620,6
MU4620,7
MU4629,2
MU4629,4
MU4629,6
MU4637,2
MU4637,5
MU4637,7
MU4639,1
MU4639,2
MU4639,3
MU4639,4
MU4639,5
MU4639,6
MU4639,7
MU4642,1
MU4642,2
MU4642,3
MU4642,4
MU4642,5
MU4642,6
MU4642,7
MU4657,1
MU4657,2
MU4657,3
MU4657,4
MU4657,5
MU4657,6
MU4657,7
MU4658,1
MU4658,2
MU4658,3
MU4658,4
MU4658,5
MU4658,6
MU4658,7
MU4667,1
MU4667,3
MU4667,5
MU4667,7
MU4682,1
MU4682,2
MU4682,3
MU4682,4
MU4682,5
MU4682,6
MU4682,7
MU4686,1
MU4686,2
MU4686,3
MU4686,4
MU4686,5
MU4686,6
MU4686,7
MU4700,2
MU4700,4
MU4700,6
MU4702,1
MU4702,2
MU4702,3
MU4702,4
MU4702,5
MU4702,6
MU4702,7
MU4706,1
MU4706,2
MU4706,3
MU4706,4
MU4706,5
MU4706,6
MU4706,7
MU4707,1
MU4707,2
MU4707,3
MU4707,4
MU4707,5
MU4707,6
MU4707,7
MU4710,1
MU4710,2
MU4710,3
MU4710,4
MU4710,5
MU4710,6
MU4710,7
MU4723,1
MU4723,3
MU4723,5
MU4723,7
MU4728,2
MU4728,4
MU4728,6
MU4736,1
MU4736,2
MU4736,3
MU4736,4
MU4736,5
MU4736,6
MU4736,7
MU4742,1
MU4742,2
MU4742,3
MU4742,4
MU4742,5
MU4742,6
MU4742,7
MU4754,1
MU4754,2
MU4754,3
MU4754,4
MU4754,5
MU4754,6
MU4754,7
MU4758,1
MU4758,2
MU4758,3
MU4758,4
MU4758,5
MU4758,6
MU4758,7
MU4761,1
MU4761,2
MU4761,3
MU4761,4
MU4761,5
MU4761,6
MU4761,7
MU4762,1
MU4762,2
MU4762,3
MU4762,4
MU4762,5
MU4762,6
MU4762,7
MU4768,2
MU4768,4
MU4768,6
MU4772,1
MU4772,3
MU4772,4
MU4772,5
MU4772,6
MU4779,1
MU4779,2
MU4779,3
MU4779,4
MU4779,5
MU4779,6
MU4779,7
MU4784,1
MU4784,2
MU4784,3
MU4784,4
MU4784,5
MU4784,6
MU4784,7
MU4788,1
MU4788,3
MU4788,5
MU4788,7
MU4789,2
MU4789,4
MU4789,6
MU4794,1
MU4794,2
MU4794,3
MU4794,4
MU4794,5
MU4794,6
MU4794,7
MU4799,1
MU4799,3
MU4799,5
MU4799,7
MU4807,1
MU4807,3
MU4807,5
MU4807,7
MU4810,1
MU4810,2
MU4810,3
MU4810,4
MU4810,5
MU4810,6
MU4810,7
MU4811,1
MU4811,3
MU4811,5
MU4811,7
MU4812,1
MU4812,2
MU4812,3
MU4812,4
MU4812,5
MU4812,6
MU4812,7
MU4813,1
MU4813,3
MU4813,5
MU4813,7
MU4821,1
MU4821,4
MU4821,5
MU4821,7
MU4825,2
MU4825,7
MU4829,1
MU4829,2
MU4829,3
MU4829,4
MU4829,5
MU4829,6
MU4829,7
MU4834,1
MU4834,3
MU4834,5
MU4834,7
MU4838,1
MU4838,2
MU4838,3
MU4838,4
MU4838,5
MU4838,6
MU4838,7
MU4839,2
MU4839,4
MU4839,6
MU4842,2
MU4842,4
MU4842,6
MU4843,1
MU4843,2
MU4843,3
MU4843,4
MU4843,5
MU4843,6
MU4843,7
MU4848,2
MU4848,4
MU4848,6
MU4849,1
MU4849,3
MU4849,5
MU4849,7
MU4862,1
MU4862,2
MU4862,3
MU4862,4
MU4862,5
MU4862,6
MU4862,7
MU4865,1
MU4865,3
MU4865,5
MU4865,7
MU4867,1
MU4867,2
MU4867,3
MU4867,4
MU4867,5
MU4867,6
MU4867,7
MU4871,1
MU4871,3
MU4871,5
MU4871,7
MU4889,1
MU4889,2
MU4889,3
MU4889,4
MU4889,5
MU4889,6
MU4889,7
MU4893,1
MU4893,2
MU4893,3
MU4893,4
MU4893,5
MU4893,6
MU4893,7
MU4895,1
MU4895,2
MU4895,3
MU4895,4
MU4895,5
MU4895,6
MU4895,7
MU4902,1
MU4902,2
MU4902,3
MU4902,4
MU4902,5
MU4902,6
MU4902,7
MU4903,1
MU4903,2
MU4903,3
MU4903,4
MU4903,5
MU4903,6
MU4903,7
MU4917,1
MU4917,2
MU4917,3
MU4917,4
MU4917,5
MU4917,6
MU4917,7
MU4929,1
MU4929,2
MU4929,3
MU4929,4
MU4929,5
MU4929,6
MU4929,7
MU4930,1
MU4930,2
MU4930,3
MU4930,4
MU4930,5
MU4930,6
MU4930,7
MU4940,2
MU4940,4
MU4940,6
MU4943,1
MU4943,2
MU4943,3
MU4943,4
MU4943,5
MU4943,6
MU4943,7
MU4944,1
MU4944,2
MU4944,3
MU4944,4
MU4944,5
MU4944,6
MU4944,7
MU4948,1
MU4948,2
MU4948,3
MU4948,4
MU4948,5
MU4948,6
MU4948,7
MU4951,1
MU4951,2
MU4951,3
MU4951,4
MU4951,5
MU4951,6
MU4951,7
MU4979,1
MU4979,2
MU4979,3
MU4979,4
MU4979,5
MU4979,6
MU4979,7
MU4983,2
MU4983,4
MU4983,6
MU4994,1
MU4994,2
MU4994,3
MU4994,4
MU4994,5
MU4994,6
MU4994,7
MU4995,1
MU4995,3
MU4995,5
MU4995,7
MU5003,1
MU5003,3
MU5003,5
MU5003,7
MU5004,1
MU5004,3
MU5004,5
MU5004,7
MU5010,1
MU5010,2
MU5010,3
MU5010,4
MU5010,5
MU5010,6
MU5010,7
MU5014,1
MU5014,2
MU5014,3
MU5014,4
MU5014,5
MU5014,6
MU5014,7
MU5018,1
MU5018,2
MU5018,3
MU5018,4
MU5018,5
MU5018,6
MU5018,7
MU5024,1
MU5024,3
MU5024,5
MU5024,7
MU5027,1
MU5027,3
MU5027,5
MU5027,7
MU5035,1
MU5035,2
MU5035,3
MU5035,4
MU5035,5
MU5035,6
MU5035,7
MU5045,1
MU5045,3
MU5045,5
MU5045,7
MU5051,1
MU5051,3
MU5051,5
MU5051,7
MU5054,1
MU5054,2
MU5054,3
MU5054,4
MU5054,5
MU5054,6
MU5054,7
MU5055,1
MU5055,2
MU5055,3
MU5055,4
MU5055,5
MU5055,6
MU5055,7
MU5056,1
MU5056,2
MU5056,3
MU5056,4
MU5056,5
MU5056,6
MU5056,7
MU5073,1
MU5073,2
MU5073,3
MU5073,4
MU5073,5
MU5073,6
MU5073,7
MU5079,1
MU5079,2
MU5079,3
MU5079,4
MU5079,5
MU5079,6
MU5079,7
MU5081,1
MU5081,2
MU5081,3
MU5081,4
MU5081,5
MU5081,6
MU5081,7
MU5087,1
MU5087,3
MU5087,5
MU5087,7
MU5095,1
MU5095,3
MU5095,5
MU5095,7
MU5114,1
MU5114,2
MU5114,3
MU5114,4
MU5114,5
MU5114,6
MU5114,7
MU5117,1
MU5117,3
MU5117,5
MU5117,7
MU5118,1
MU5118,2
MU5118,3
MU5118,4
MU5118,5
MU5118,6
MU5118,7
MU5139,1
MU5139,2
MU5139,3
MU5139,4
MU5139,5
MU5139,6
MU5139,7
MU5142,1
MU5142,2
MU5142,3
MU5142,4
MU5142,5
MU5142,6
MU5142,7
MU5150,1
MU5150,3
MU5150,5
MU5150,7
MU5168,1
MU5168,3
MU5168,5
MU5168,7
MU5190,1
MU5190,2
MU5190,3
MU5190,4
MU5190,5
MU5190,6
MU5190,7
MU5197,1
MU5197,2
MU5197,3
MU5197,4
MU5197,5
MU5197,6
MU5197,7
MU5198,1
MU5198,2
MU5198,3
MU5198,4
MU5198,5
MU5198,6
MU5198,7
MU5202,1
MU5202,2
MU5202,3
MU5202,4
MU5202,5
MU5202,6
MU5202,7
MU5205,1
MU5205,2
MU5205,3
MU5205,4
MU5205,5
MU5205,6
MU5205,7
MU5206,2
MU5206,4
MU5206,6
MU5210,3
MU5210,5
MU5210,7
MU5213,1
MU5213,2
MU5213,3
MU5213,4
MU5213,5
MU5213,6
MU5213,7
MU5218,2
MU5218,4
MU5218,6
MU5219,1
MU5219,2
MU5219,3
MU5219,4
MU5219,5
MU5219,6
MU5219,7
MU5220,1
MU5220,3
MU5220,5
MU5220,7
MU5223,1
MU5223,3
MU5223,5
MU5223,7
MU5228,2
MU5228,4
MU5228,6
MU5236,1
MU5236,2
MU5236,3
MU5236,4
MU5236,5
MU5236,6
MU5236,7
MU5238,2
MU5238,5
MU5238,6
MU5238,7
MU5244,1
MU5244,2
MU5244,3
MU5244,4
MU5244,5
MU5244,6
MU5244,7
MU5246,1
MU5246,2
MU5246,3
MU5246,4
MU5246,5
MU5246,6
MU5246,7
MU5249,1
MU5249,2
MU5249,3
MU5249,4
MU5249,5
MU5249,6
MU5249,7
MU5252,1
MU5252,3
MU5252,4
MU5252,6
MU5252,7
MU5253,1
MU5253,3
MU5253,5
MU5253,7
MU5259,1
MU5259,3
MU5259,5
MU5259,7
MU5263,2
MU5263,4
MU5263,6
MU5282,4
MU5282,5
MU5282,6
MU5287,1
MU5287,2
MU5287,3
MU5287,4
MU5287,5
MU5287,6
MU5287,7
MU5292,1
MU5292,3
MU5292,5
MU5292,7
MU5298,1
MU5298,3
MU5298,5
MU5298,7
MU5316,2
MU5316,4
MU5316,6
MU5319,1
MU5319,3
MU5319,5
MU5319,7
MU5330,1
MU5330,2
MU5330,3
MU5330,4
MU5330,5
MU5330,6
MU5330,7
MU5339,1
MU5339,2
MU5339,3
MU5339,4
MU5339,5
MU5339,6
MU5339,7
MU5345,1
MU5345,2
MU5345,3
MU5345,4
MU5345,5
MU5345,6
MU5345,7
MU5346,1
MU5346,2
MU5346,3
MU5346,4
MU5346,5
MU5346,6
MU5346,7
MU5350,1
MU5350,5
MU5353,1
MU5353,3
MU5353,5
MU5353,7
MU5357,1
MU5357,2
MU5357,3
MU5357,4
MU5357,5
MU5357,6
MU5357,7
MU5364,1
MU5364,2
MU5364,3
MU5364,4
MU5364,5
MU5364,6
MU5364,7
MU5370,1
MU5370,2
MU5370,3
MU5370,4
MU5370,5
MU5370,6
MU5370,7
MU5378,1
MU5378,3
MU5378,5
MU5378,7
MU5387,1
MU5387,2
MU5387,3
MU5387,4
MU5387,5
MU5387,6
MU5387,7
MU5392,1
MU5392,2
MU5392,3
MU5392,4
MU5392,5
MU5392,6
MU5392,7
MU5394,1
MU5394,2
MU5394,3
MU5394,4
MU5394,5
MU5394,6
MU5394,7
MU5407,1
MU5407,2
MU5407,5
MU5407,6
MU5407,7
MU5411,1
MU5411,2
MU5411,3
MU5411,4
MU5411,5
MU5411,6
MU5411,7
MU5412,2
MU5412,4
MU5412,6
MU5414,1
MU5414,5
MU5420,2
MU5420,4
MU5420,6
MU5424,2
MU5424,4
MU5424,6
MU5433,1
MU5433,2
MU5433,3
MU5433,4
MU5433,5
MU5433,6
MU5433,7
MU5434,2
MU5434,4
MU5434,6
MU5440,1
MU5440,3
MU5440,5
MU5440,7
MU5446,1
MU5446,2
MU5446,3
MU5446,4
MU5446,5
MU5446,6
MU5446,7
MU5455,1
MU5455,3
MU5455,5
MU5455,7
MU5457,1
MU5457,2
MU5457,3
MU5457,4
MU5457,5
MU5457,6
MU5457,7
MU5461,1
MU5461,2
MU5461,3
MU5461,4
MU5461,5
MU5461,6
MU5461,7
MU5462,1
MU5462,2
MU5462,3
MU5462,4
MU5462,5
MU5462,6
MU5462,7
MU5464,2
MU5464,4
MU5464,6
MU5470,1
MU5470,2
MU5470,3
MU5470,4
MU5470,5
MU5470,6
MU5470,7
MU5482,1
MU5482,3
MU5482,7
MU5487,1
MU5487,3
MU5487,5
MU5487,7
MU5493,1
MU5493,3
MU5493,5
MU5493,7
MU5495,1
MU5495,3
MU5495,5
MU5495,7
MU5498,2
MU5498,4
MU5498,6
MU5506,1
MU5506,2
MU5506,3
MU5506,4
MU5506,5
MU5506,6
MU5506,7
MU5510,1
MU5510,3
MU5510,5
MU5510,7
MU5512,1
MU5512,3
MU5512,5
MU5512,7
MU5522,1
MU5522,3
MU5522,5
MU5522,7
MU5530,1
MU5530,2
MU5530,3
MU5530,4
MU5530,5
MU5530,6
MU5530,7
MU5535,1
MU5535,3
MU5535,5
MU5535,7
MU5541,1
MU5541,2
MU5541,3
MU5541,4
MU5541,5
MU5541,6
MU5541,7
MU5549,1
MU5549,2
MU5549,3
MU5549,4
MU5549,5
MU5549,6
MU5549,7
MU5555,1
MU5555,3
MU5555,5
MU5555,7
MU5558,1
MU5558,2
MU5558,3
MU5558,4
MU5558,5
MU5558,6
MU5558,7
MU5562,1
MU5562,2
MU5562,3
MU5562,4
MU5562,5
MU5562,6
MU5562,7
MU5566,1
MU5566,2
MU5566,3
MU5566,4
MU5566,5
MU5566,6
MU5566,7
MU5568,2
MU5568,4
MU5568,6
MU5587,1
MU5587,2
MU5587,3
MU5587,4
MU5587,5
MU5587,6
MU5587,7
MU5591,1
MU5591,2
MU5591,3
MU5591,4
MU5591,5
MU5591,6
MU5591,7
MU5594,1
MU5594,2
MU5594,3
MU5594,4
MU5594,5
MU5594,6
MU5594,7
MU5601,1
MU5601,2
MU5601,3
MU5601,4
MU5601,5
MU5601,6
MU5601,7
MU5607,1
MU5607,2
MU5607,3
MU5607,4
MU5607,5
MU5607,6
MU5607,7
MU5611,1
MU5611,2
MU5611,3
MU5611,4
MU5611,5
MU5611,6
MU5611,7
MU5623,1
MU5623,2
MU5623,3
MU5623,4
MU5623,5
MU5623,6
MU5623,7
MU5627,1
MU5627,2
MU5627,3
MU5627,4
MU5627,5
MU5627,6
MU5627,7
MU5631,1
MU5631,2
MU5631,3
MU5631,4
MU5631,5
MU5631,6
MU5631,7
MU5639,1
MU5639,3
MU5639,5
MU5639,7
MU5644,1
MU5644,3
MU5644,5
MU5644,7
MU5648,1
MU5648,3
MU5648,5
MU5648,7
MU5651,1
MU5651,2
MU5651,3
MU5651,4
MU5651,5
MU5651,6
MU5651,7
MU5654,1
MU5654,3
MU5654,5
MU5654,7
MU5655,1
MU5655,3
MU5655,5
MU5655,7
MU5658,1
MU5658,2
MU5658,3
MU5658,4
MU5658,5
MU5658,6
MU5658,7
MU5663,1
MU5663,2
MU5663,3
MU5663,4
MU5663,5
MU5663,6
MU5663,7
MU5669,1
MU5669,2
MU5669,3
MU5669,4
MU5669,5
MU5669,6
MU5669,7
MU5671,1
MU5671,2
MU5671,3
MU5671,4
MU5671,5
MU5671,6
MU5671,7
MU5675,2
MU5675,4
MU5675,6
MU5679,2
MU5679,4
MU5679,6
MU5682,1
MU5682,3
MU5682,5
MU5682,7
MU5719,1
MU5719,2
MU5719,3
MU5719,4
MU5719,5
MU5719,6
MU5719,7
MU5721,2
MU5721,4
MU5721,6
MU5725,1
MU5725,2
MU5725,3
MU5725,4
MU5725,5
MU5725,6
MU5725,7
MU5729,1
MU5729,2
MU5729,3
MU5729,4
MU5729,5
MU5729,6
MU5729,7
MU5731,1
MU5731,3
MU5731,5
MU5731,7
MU5734,1
MU5734,2
MU5734,3
MU5734,4
MU5734,5
MU5734,6
MU5734,7
MU5738,1
MU5738,2
MU5738,3
MU5738,4
MU5738,5
MU5738,6
MU5738,7
MU5745,1
MU5745,2
MU5745,3
MU5745,4
MU5745,5
MU5745,6
MU5745,7
MU5746,1
MU5746,3
MU5746,5
MU5746,7
MU5751,1
MU5751,2
MU5751,3
MU5751,4
MU5751,5
MU5751,6
MU5751,7
MU5756,2
MU5756,4
MU5756,6
MU5761,1
MU5761,2
MU5761,3
MU5761,4
MU5761,5
MU5761,6
MU5761,7
MU5777,1
MU5777,2
MU5777,3
MU5777,4
MU5777,5
MU5777,6
MU5777,7
MU5782,1
MU5782,2
MU5782,3
MU5782,4
MU5782,5
MU5782,6
MU5782,7
MU5783,1
MU5783,2
MU5783,3
MU5783,4
MU5783,5
MU5783,6
MU5783,7
MU5790,1
MU5790,3
MU5790,5
MU5790,7
MU5792,2
MU5792,4
MU5792,6
MU5803,1
MU5803,2
MU5803,3
MU5803,4
MU5803,5
MU5803,6
MU5803,7
MU5804,1
MU5804,2
MU5804,3
MU5804,4
MU5804,5
MU5804,6
MU5804,7
MU5814,1
MU5814,2
MU5814,3
MU5814,4
MU5814,5
MU5814,6
MU5814,7
MU5820,1
MU5820,2
MU5820,3
MU5820,4
MU5820,5
MU5820,6
MU5820,7
MU5831,1
MU5831,2
MU5831,3
MU5831,4
MU5831,5
MU5831,6
MU5831,7
MU5832,2
MU5832,3
MU5832,7
MU5836,1
MU5836,3
MU5836,5
MU5836,7
MU5839,1
MU5839,2
MU5839,3
MU5839,4
MU5839,5
MU5839,6
MU5839,7
MU5840,1
MU5840,3
MU5840,5
MU5840,7
MU5844,1
MU5844,2
MU5844,3
MU5844,4
MU5844,5
MU5844,6
MU5844,7
MU5846,1
MU5846,2
MU5846,3
MU5846,4
MU5846,5
MU5846,6
MU5846,7
MU5854,1
MU5854,3
MU5854,5
MU5854,7
MU5858,1
MU5858,2
MU5858,3
MU5858,4
MU5858,5
MU5858,6
MU5858,7
MU5860,1
MU5860,3
MU5860,5
MU5860,7
MU5882,1
MU5882,2
MU5882,3
MU5882,4
MU5882,5
MU5882,6
MU5882,7
MU5883,1
MU5883,2
MU5883,3
MU5883,4
MU5883,5
MU5883,6
MU5883,7
MU5901,1
MU5901,2
MU5901,3
MU5901,4
MU5901,5
MU5901,6
MU5901,7
MU5903,1
MU5903,5
MU5903,6
MU5903,7
MU5911,1
MU5911,3
MU5911,5
MU5911,7
MU5914,1
MU5914,2
MU5914,3
MU5914,4
MU5914,5
MU5914,6
MU5914,7
MU5919,1
MU5919,3
MU5919,5
MU5919,7
MU5933,1
MU5933,2
MU5933,3
MU5933,4
MU5933,5
MU5933,6
MU5933,7
MU5951,1
MU5951,3
MU5951,5
MU5951,7
MU5958,1
MU5958,3
MU5958,5
MU5958,7
MU5959,1
MU5959,3
MU5959,5
MU5959,7
MU5965,2
MU5965,4
MU5965,6
MU5967,1
MU5967,2
MU5967,3
MU5967,4
MU5967,5
MU5967,6
MU5967,7
MU5970,1
MU5970,2
MU5970,3
MU5970,4
MU5970,5
MU5970,6
MU5970,7
MU5974,1
MU5974,2
MU5974,3
MU5974,4
MU5974,5
MU5974,6
MU5974,7
MU5978,1
MU5978,2
MU5978,3
MU5978,4
MU5978,5
MU5978,6
MU5978,7
MU5987,1
MU5987,2
MU5987,3
MU5987,4
MU5987,5
MU5987,6
MU5987,7
MU5993,2
MU5993,4
MU5993,6
MU6001,1
MU6001,3
MU6001,5
MU6001,7
MU6009,2
MU6009,4
MU6009,6
MU6012,1
MU6012,2
MU6012,3
MU6012,4
MU6012,5
MU6012,6
MU6012,7
MU6014,1
MU6014,3
MU6014,5
MU6014,7
MU6022,2
MU6022,4
MU6022,6
MU6039,1
MU6039,3
MU6039,5
MU6039,7
MU6046,1
MU6046,2
MU6046,3
MU6046,4
MU6046,5
MU6046,6
MU6046,7
MU6050,2
MU6050,4
MU6050,6
MU6051,1
MU6051,2
MU6051,3
MU6051,4
MU6051,5
MU6051,6
MU6051,7
MU6054,1
MU6054,2
MU6054,3
MU6054,4
MU6054,5
MU6054,6
MU6054,7
MU6062,1
MU6062,2
MU6062,3
MU6062,4
MU6062,5
MU6062,6
MU6062,7
MU6069,1
MU6069,3
MU6069,5
MU6069,7
MU6071,1
MU6071,2
MU6071,3
MU6071,4
MU6071,5
MU6071,6
MU6071,7
MU6072,1
MU6072,3
MU6072,5
MU6072,7
MU6081,1
MU6081,2
MU6081,3
MU6081,4
MU6081,5
MU6081,6
MU6081,7
MU6086,1
MU6086,2
MU6086,3
MU6086,4
MU6086,5
MU6086,6
MU6086,7
MU6091,2
MU6091,4
MU6091,6
MU6097,1
MU6097,2
MU6097,3
MU6097,4
MU6097,5
MU6097,6
MU6097,7
MU6098,1
MU6098,2
MU6098,3
MU6098,4
MU6098,5
MU6098,6
MU6098,7
MU6102,1
MU6102,2
MU6102,3
MU6102,4
MU6102,5
MU6102,6
MU6102,7
MU6104,1
MU6104,2
MU6104,3
MU6104,4
MU6104,5
MU6104,6
MU6104,7
MU6116,1
MU6116,3
MU6116,5
MU6116,7
MU6127,1
MU6127,3
MU6127,5
MU6127,7
MU6129,1
MU6129,3
MU6129,5
MU6129,7
MU6130,2
MU6130,3
MU6134,1
MU6134,2
MU6134,3
MU6134,4
MU6134,5
MU6134,6
MU6134,7
MU6135,2
MU6135,4
MU6135,6
MU6143,2
MU6143,4
MU6143,6
MU6148,1
MU6148,2
MU6148,3
MU6148,4
MU6148,5
MU6148,6
MU6148,7
MU6152,1
MU6152,2
MU6152,3
MU6152,4
MU6152,5
MU6152,6
MU6152,7
MU6154,1
MU6154,2
MU6154,3
MU6154,4
MU6154,5
MU6154,6
MU6154,7
MU6155,1
MU6155,3
MU6155,5
MU6155,7
MU6157,1
MU6157,2
MU6157,3
MU6157,4
MU6157,5
MU6157,6
MU6157,7
MU6159,1
MU6159,2
MU6159,3
MU6159,4
MU6159,5
MU6159,6
MU6159,7
MU6166,1
MU6166,3
MU6166,5
MU6166,7
MU6180,1
MU6180,2
MU6180,3
MU6180,4
MU6180,5
MU6180,6
MU6180,7
MU6190,2
MU6190,4
MU6190,6
MU6191,1
MU6191,2
MU6191,3
MU6191,4
MU6191,5
MU6191,6
MU6191,7
MU6197,1
MU6197,2
MU6197,3
MU6197,4
MU6197,5
MU6197,6
MU6197,7
MU6211,1
MU6211,2
MU6211,3
MU6211,4
MU6211,5
MU6211,6
MU6211,7
MU6214,1
MU6214,3
MU6214,5
MU6214,7
MU6226,1
MU6226,2
MU6226,3
MU6226,4
MU6226,5
MU6226,6
MU6226,7
MU6228,2
MU6228,4
MU6228,6
MU6233,2
MU6233,4
MU6233,6
MU6239,1
MU6239,2
MU6239,3
MU6239,4
MU6239,5
MU6239,6
MU6239,7
MU6241,1
MU6241,2
MU6241,3
MU6241,4
MU6241,5
MU6241,6
MU6241,7
MU6265,1
MU6265,2
MU6265,3
MU6265,4
MU6265,5
MU6265,6
MU6265,7
MU6266,1
MU6266,2
MU6266,3
MU6266,4
MU6266,5
MU6266,6
MU6266,7
MU6269,1
MU6269,2
MU6269,3
MU6269,4
MU6269,5
MU6269,6
MU6269,7
MU6274,1
MU6274,2
MU6274,3
MU6274,4
MU6274,5
MU6274,6
MU6274,7
MU6281,2
MU6281,4
MU6281,6
MU6286,2
MU6286,4
MU6286,6
MU6288,1
MU6288,3
MU6288,5
MU6288,7
MU6295,1
MU6295,3
MU6295,5
MU6295,7
MU6297,1
MU6297,2
MU6297,3
MU6297,4
MU6297,5
MU6297,6
MU6297,7
MU6303,1
MU6303,2
MU6303,3
MU6303,4
MU6303,5
MU6303,6
MU6303,7
MU6310,1
MU6310,2
MU6310,3
MU6310,4
MU6310,5
MU6310,6
MU6310,7
MU6314,1
MU6314,2
MU6314,4
MU6314,5
MU6320,1
MU6320,3
MU6320,5
MU6320,7
MU6325,1
MU6325,2
MU6325,3
MU6325,4
MU6325,5
MU6325,6
MU6325,7
MU6328,1
MU6328,2
MU6328,3
MU6328,4
MU6328,5
MU6328,6
MU6328,7
MU6335,2
MU6335,4
MU6335,6
MU6339,1
MU6339,2
MU6339,3
MU6339,4
MU6339,5
MU6339,6
MU6339,7
MU6341,1
MU6341,2
MU6341,3
MU6341,4
MU6341,5
MU6341,6
MU6341,7
MU6349,1
MU6349,2
MU6349,3
MU6349,4
MU6349,5
MU6349,6
MU6349,7
MU6354,1
MU6354,3
MU6354,5
MU6354,7
MU6357,1
MU6357,2
MU6357,3
MU6357,4
MU6357,5
MU6357,6
MU6357,7
MU6360,1
MU6360,2
MU6360,3
MU6360,4
MU6360,5
MU6360,6
MU6360,7
MU6361,1
MU6361,3
MU6361,5
MU6361,7
MU6362,1
MU6362,2
MU6362,3
MU6362,4
MU6362,5
MU6362,6
MU6362,7
MU6365,1
MU6365,3
MU6365,5
MU6365,7
MU6369,1
MU6369,3
MU6369,5
MU6369,7
MU6373,1
MU6373,3
MU6373,5
MU6373,7
MU6382,1
MU6382,3
MU6382,5
MU6382,7
MU6391,2
MU6391,4
MU6391,6
MU6392,1
MU6392,2
MU6392,3
MU6392,4
MU6392,5
MU6392,6
MU6392,7
MU6396,1
MU6396,3
MU6396,5
MU6396,7
MU6409,1
MU6409,2
MU6409,3
MU6409,4
MU6409,5
MU6409,6
MU6409,7
MU6413,1
MU6413,2
MU6413,3
MU6413,4
MU6413,5
MU6413,6
MU6413,7
MU6416,1
MU6416,2
MU6416,3
MU6416,4
MU6416,5
MU6416,6
MU6416,7
MU6417,1
MU6417,2
MU6417,3
MU6417,4
MU6417,5
MU6417,6
MU6417,7
MU6420,1
MU6420,2
MU6420,3
MU6420,4
MU6420,5
MU6420,6
MU6420,7
MU6436,1
MU6436,2
MU6436,3
MU6436,4
MU6436,5
MU6436,6
MU6436,7
MU6445,6
MU6445,7
MU6447,1
MU6447,2
MU6447,3
MU6447,4
MU6447,5
MU6447,6
MU6447,7
MU6453,2
MU6453,4
MU6453,6
MU6458,1
MU6458,2
MU6458,3
MU6458,4
MU6458,5
MU6458,6
MU6458,7
MU6472,1
MU6472,2
MU6472,3
MU6472,4
MU6472,5
MU6472,6
MU6472,7
MU6475,1
MU6475,3
MU6475,5
MU6475,7
MU6482,1
MU6482,2
MU6482,3
MU6482,4
MU6482,5
MU6482,6
MU6482,7
MU6491,1
MU6491,2
MU6491,3
MU6491,4
MU6491,5
MU6491,6
MU6491,7
MU6495,1
MU6495,2
MU6495,3
MU6495,4
MU6495,5
MU6495,6
MU6495,7
MU6498,2
MU6498,4
MU6498,6
MU6504,1
MU6504,2
MU6504,3
MU6504,4
MU6504,5
MU6504,6
MU6504,7
MU6511,1
MU6511,3
MU6511,5
MU6511,7
MU6512,1
MU6512,3
MU6512,5
MU6512,7
MU6516,2
MU6516,4
MU6516,6
MU6517,2
MU6517,4
MU6517,6
MU6519,1
MU6519,2
MU6519,3
MU6519,4
MU6519,5
MU6519,6
MU6519,7
MU6520,1
MU6520,2
MU6520,3
MU6520,4
MU6520,5
MU6520,6
MU6520,7
MU6529,1
MU6529,2
MU6529,3
MU6529,4
MU6529,5
MU6529,6
MU6529,7
MU6530,1
MU6530,3
MU6530,5
MU6530,7
MU6534,2
MU6534,4
MU6534,6
MU6535,1
MU6535,2
MU6535,3
MU6535,4
MU6535,5
MU6535,6
MU6535,7
MU6541,1
MU6541,3
MU6541,5
MU6541,7
MU6542,1
MU6542,2
MU6542,3
MU6542,4
MU6542,5
MU6542,6
MU6542,7
MU6548,2
MU6548,4
MU6548,6
MU6551,1
MU6551,2
MU6551,3
MU6551,4
MU6551,5
MU6551,6
MU6551,7
MU6553,1
MU6553,2
MU6553,3
MU6553,4
MU6553,5
MU6553,6
MU6553,7
MU6562,2
MU6562,4
MU6562,6
MU6570,1
MU6570,2
MU6570,3
MU6570,4
MU6570,5
MU6570,6
MU6570,7
MU6571,1
MU6571,2
MU6571,3
MU6571,4
MU6571,5
MU6571,6
MU6571,7
MU6576,1
MU6576,2
MU6576,3
MU6576,4
MU6576,5
MU6576,6
MU6576,7
MU6586,1
MU6586,2
MU6586,3
MU6586,4
MU6586,5
MU6586,6
MU6586,7
MU6588,2
MU6588,4
MU6588,6
MU6590,1
MU6590,3
MU6590,5
MU6590,7
MU6592,1
MU6592,2
MU6592,3
MU6592,4
MU6592,5
MU6592,6
MU6592,7
MU6601,1
MU6601,2
MU6601,3
MU6601,4
MU6601,5
MU6601,6
MU6601,7
MU6603,1
MU6603,2
MU6603,3
MU6603,4
MU6603,5
MU6603,6
MU6603,7
MU6606,1
MU6606,2
MU6606,3
MU6606,4
MU6606,5
MU6606,6
MU6606,7
MU6621,1
MU6621,2
MU6621,3
MU6621,4
MU6621,5
MU6621,6
MU6621,7
MU6622,2
MU6622,4
MU6622,6
MU6627,1
MU6627,3
MU6627,5
MU6627,7
MU6632,1
MU6632,2
MU6632,3
MU6632,4
MU6632,5
MU6632,6
MU6632,7
MU6636,1
MU6636,3
MU6636,5
MU6636,7
MU6639,1
MU6639,2
MU6639,3
MU6639,4
MU6639,5
MU6639,6
MU6639,7
MU6640,1
MU6640,3
MU6640,5
MU6640,7
MU6641,1
MU6641,2
MU6641,3
MU6641,4
MU6641,5
MU6641,6
MU6641,7
MU6643,1
MU6643,2
MU6643,3
MU6643,4
MU6643,5
MU6643,6
MU6643,7
MU6646,2
MU6646,4
MU6646,6
MU6658,1
MU6658,2
MU6658,3
MU6658,4
MU6658,5
MU6658,6
MU6658,7
MU6665,1
MU6665,2
MU6665,3
MU6665,4
MU6665,5
MU6665,6
MU6665,7
MU6666,1
MU6666,2
MU6666,3
MU6666,4
MU6666,5
MU6666,6
MU6666,7
MU6667,1
MU6667,2
MU6667,3
MU6667,4
MU6667,5
MU6667,6
MU6667,7
MU6673,1
MU6673,2
MU6673,3
MU6673,4
MU6673,5
MU6673,6
MU6673,7
MU6680,1
MU6680,2
MU6680,3
MU6680,4
MU6680,5
MU6680,6
MU6680,7
MU6681,1
MU6681,2
MU6681,3
MU6681,4
MU6681,5
MU6681,6
MU6681,7
MU6687,1
MU6687,2
MU6687,3
MU6687,4
MU6687,5
MU6687,6
MU6687,7
MU6689,1
MU6689,2
MU6689,3
MU6689,4
MU6689,5
MU6689,6
MU6689,7
MU6691,1
MU6691,2
MU6691,3
MU6691,4
MU6691,5
MU6691,6
MU6691,7
MU6700,1
MU6700,2
MU6700,3
MU6700,4
MU6700,5
MU6700,6
MU6700,7
MU6709,1
MU6709,2
MU6709,3
MU6709,4
MU6709,5
MU6709,6
MU6709,7
MU6711,2
MU6711,4
MU6711,6
MU6730,1
MU6730,2
MU6730,3
MU6730,4
MU6730,5
MU6730,6
MU6730,7
MU6738,1
MU6738,2
MU6738,3
MU6738,4
MU6738,5
MU6738,6
MU6738,7
MU6740,1
MU6740,3
MU6740,5
MU6740,7
MU6745,1
MU6745,2
MU6745,3
MU6745,4
MU6745,5
MU6745,6
MU6745,7
MU6756,1
MU6756,2
MU6756,3
MU6756,4
MU6756,5
MU6756,6
MU6756,7
MU6759,1
MU6759,2
MU6759,3
MU6759,4
MU6759,5
MU6759,6
MU6759,7
MU6760,1
MU6760,2
MU6760,3
MU6760,4
MU6760,5
MU6760,6
MU6760,7
MU6761,1
MU6761,3
MU6761,5
MU6761,7
MU6765,1
MU6765,2
MU6765,3
MU6765,4
MU6765,5
MU6765,6
MU6765,7
MU6768,2
MU6768,4
MU6768,6
MU6785,1
MU6785,2
MU6785,3
MU6785,4
MU6785,5
MU6785,6
MU6785,7
MU6786,1
MU6786,2
MU6786,3
MU6786,4
MU6786,5
MU6786,6
MU6786,7
MU6787,1
MU6787,2
MU6787,3
MU6787,4
MU6787,5
MU6787,6
MU6787,7
MU6790,1
MU6790,3
MU6790,5
MU6790,7
MU6791,1
MU6791,2
MU6791,3
MU6791,4
MU6791,5
MU6791,6
MU6791,7
MU6792,1
MU6792,2
MU6792,3
MU6792,4
MU6792,5
MU6792,6
MU6792,7
MU6799,1
MU6799,3
MU6799,5
MU6799,7
MU6801,1
MU6801,2
MU6801,3
MU6801,4
MU6801,5
MU6801,6
MU6801,7
MU6802,1
MU6802,3
MU6802,5
MU6802,7
MU6811,1
MU6811,2
MU6811,3
MU6811,4
MU6811,5
MU6811,6
MU6811,7
MU6817,1
MU6817,3
MU6817,5
MU6817,7
MU6820,1
MU6820,3
MU6820,5
MU6820,7
MU6821,1
MU6821,3
MU6821,5
MU6821,7
MU6836,2
MU6836,4
MU6836,6
MU6851,1
MU6851,2
MU6851,3
MU6851,4
MU6851,5
MU6851,6
MU6851,7
MU6852,2
MU6852,4
MU6852,6
MU6855,1
MU6855,2
MU6855,3
MU6855,4
MU6855,5
MU6855,6
MU6855,7
MU6857,1
MU6857,2
MU6857,3
MU6857,4
MU6857,5
MU6857,6
MU6857,7
MU6860,1
MU6860,2
MU6860,3
MU6860,4
MU6860,5
MU6860,6
MU6860,7
MU6861,2
MU6861,4
MU6861,6
MU6876,1
MU6876,2
MU6876,3
MU6876,4
MU6876,5
MU6876,6
MU6876,7
MU6878,1
MU6878,2
MU6878,3
MU6878,4
MU6878,5
MU6878,6
MU6878,7
MU6892,1
MU6892,2
MU6892,3
MU6892,4
MU6892,5
MU6892,6
MU6892,7
MU6896,1
MU6896,2
MU6896,3
MU6896,4
MU6896,5
MU6896,6
MU6896,7
MU6898,1
MU6898,2
MU6898,3
MU6898,4
MU6898,5
MU6898,6
MU6898,7
MU6911,1
MU6911,2
MU6911,3
MU6911,4
MU6911,5
MU6911,6
MU6911,7
MU6915,2
MU6915,3
MU6915,4
MU6915,5
MU6916,1
MU6916,2
MU6916,3
MU6916,4
MU6916,5
MU6916,6
MU6916,7
MU6921,1
MU6921,3
MU6921,5
MU6921,7
MU6927,1
MU6927,2
MU6927,3
MU6927,4
MU6927,5
MU6927,6
MU6927,7
MU6930,2
MU6930,3
MU6930,4
MU6930,6
MU6930,7
MU6931,1
MU6931,2
MU6931,3
MU6931,4
MU6931,5
MU6931,6
MU6931,7
MU6940,1
MU6940,3
MU6940,5
MU6940,7
MU6943,1
MU6943,2
MU6943,3
MU6943,4
MU6943,5
MU6943,6
MU6943,7
MU6946,1
MU6946,2
MU6946,3
MU6946,4
MU6946,5
MU6946,6
MU6946,7
MU6966,1
MU6966,2
MU6966,3
MU6966,4
MU6966,5
MU6966,6
MU6966,7
MU6975,1
MU6975,2
MU6975,3
MU6975,4
MU6975,5
MU6975,6
MU6975,7
MU6979,2
MU6979,4
MU6979,6
MU6985,6
MU6985,7
MU6986,1
MU6986,2
MU6986,3
MU6986,4
MU6986,5
MU6986,6
MU6986,7
MU6994,3
MU6994,5
MU7011,1
MU7011,2
MU7011,3
MU7011,4
MU7011,5
MU7011,6
MU7011,7
MU7013,1
MU7013,6
MU7018,1
MU7018,2
MU7018,3
MU7018,4
MU7018,5
MU7018,6
MU7018,7
MU7019,1
MU7019,2
MU7019,3
MU7019,4
MU7019,5
MU7019,6
MU7019,7
MU7035,1
MU7035,2
MU7035,3
MU7035,4
MU7035,5
MU7035,6
MU7035,7
MU7054,1
MU7054,2
MU7054,3
MU7054,4
MU7054,5
MU7054,6
MU7054,7
MU7055,1
MU7055,3
MU7055,5
MU7055,7
MU7062,1
MU7062,3
MU7062,5
MU7062,7
MU7067,1
MU7067,2
MU7067,3
MU7067,4
MU7067,5
MU7067,6
MU7067,7
MU7068,2
MU7068,4
MU7068,6
MU7074,2
MU7074,4
MU7074,6
MU7075,1
MU7075,2
MU7075,3
MU7075,4
MU7075,5
MU7075,6
MU7075,7
MU7077,2
MU7077,4
MU7077,6
MU7082,2
MU7082,4
MU7082,6
MU7091,1
MU7091,3
MU7091,5
MU7091,7
MU7095,1
MU7095,3
MU7095,5
MU7095,7
MU7101,1
MU7101,3
MU7101,5
MU7101,7
MU7109,1
MU7109,2
MU7109,3
MU7109,4
MU7109,5
MU7109,6
MU7109,7
MU7110,1
MU7110,2
MU7110,3
MU7110,4
MU7110,5
MU7110,6
MU7110,7
MU7112,1
MU7112,2
MU7112,3
MU7112,4
MU7112,5
MU7112,6
MU7112,7
MU7113,2
MU7113,4
MU7113,6
MU7115,1
MU7115,2
MU7115,3
MU7115,4
MU7115,5
MU7115,6
MU7115,7
MU7116,1
MU7116,2
MU7116,3
MU7116,4
MU7116,5
MU7116,6
MU7116,7
MU7117,1
MU7117,2
MU7117,3
MU7117,4
MU7117,5
MU7117,6
MU7117,7
MU7123,1
MU7123,2
MU7123,3
MU7123,4
MU7123,5
MU7123,6
MU7123,7
MU7124,1
MU7124,3
MU7124,5
MU7124,7
MU7125,1
MU7125,2
MU7125,3
MU7125,4
MU7125,5
MU7125,6
MU7125,7
MU7140,1
MU7140,3
MU7140,5
MU7140,7
MU7157,1
MU7157,2
MU7157,3
MU7157,4
MU7157,5
MU7157,6
MU7157,7
MU7163,1
MU7163,2
MU7163,3
MU7163,4
MU7163,5
MU7163,6
MU7163,7
MU7168,1
MU7168,2
MU7168,3
MU7168,4
MU7168,5
MU7168,6
MU7168,7
MU7170,1
MU7170,3
MU7170,5
MU7170,7
MU7176,1
MU7176,3
MU7176,6
MU7176,7
MU7177,1
MU7177,2
MU7177,3
MU7177,4
MU7177,5
MU7177,6
MU7177,7
MU7187,1
MU7187,2
MU7187,3
MU7187,4
MU7187,5
MU7187,6
MU7187,7
MU7190,1
MU7190,2
MU7190,3
MU7190,4
MU7190,5
MU7190,6
MU7190,7
MU7197,1
MU7197,2
MU7197,3
MU7197,4
MU7197,5
MU7197,6
MU7197,7
MU7201,1
MU7201,2
MU7201,3
MU7201,4
MU7201,5
MU7201,6
MU7201,7
MU7203,1
MU7203,2
MU7203,3
MU7203,4
MU7203,5
MU7203,6
MU7203,7
MU7204,1
MU7204,2
MU7204,3
MU7204,4
MU7204,5
MU7204,6
MU7204,7
MU7205,1
MU7205,2
MU7205,3
MU7205,4
MU7205,5
MU7205,6
MU7205,7
MU7209,1
MU7209,2
MU7209,3
MU7209,4
MU7209,5
MU7209,6
MU7209,7
MU7213,1
MU7213,2
MU7213,3
MU7213,4
MU7213,5
MU7213,6
MU7213,7
MU7218,1
MU7218,2
MU7218,3
MU7218,4
MU7218,5
MU7218,6
MU7218,7
MU7219,1
MU7219,2
MU7219,3
MU7219,4
MU7219,5
MU7219,6
MU7219,7
MU7223,1
MU7223,3
MU7223,5
MU7223,7
MU7224,1
MU7224,2
MU7224,3
MU7224,4
MU7224,5
MU7224,6
MU7224,7
MU7228,1
MU7228,2
MU7228,3
MU7228,4
MU7228,5
MU7228,6
MU7228,7
MU7252,1
MU7252,2
MU7252,3
MU7252,4
MU7252,5
MU7252,6
MU7252,7
MU7253,1
MU7253,2
MU7253,3
MU7253,4
MU7253,5
MU7253,6
MU7253,7
MU7255,2
MU7255,4
MU7255,6
MU7256,1
MU7256,2
MU7256,3
MU7256,4
MU7256,5
MU7256,6
MU7256,7
MU7263,1
MU7263,2
MU7263,5
MU7263,6
MU7268,1
MU7268,3
MU7268,5
MU7268,7
MU7274,1
MU7274,2
MU7274,3
MU7274,4
MU7274,5
MU7274,6
MU7274,7
MU7277,1
MU7277,2
MU7277,3
MU7277,4
MU7277,5
MU7277,6
MU7277,7
MU7282,1
MU7282,2
MU7282,3
MU7282,4
MU7282,5
MU7282,6
MU7282,7
MU7289,1
MU7289,2
MU7289,3
MU7289,4
MU7289,5
MU7289,6
MU7289,7
MU7290,1
MU7290,2
MU7290,3
MU7290,4
MU7290,5
MU7290,6
MU7290,7
MU7293,1
MU7293,2
MU7293,3
MU7293,4
MU7293,5
MU7293,6
MU7293,7
MU7299,1
MU7299,2
MU7299,3
MU7299,4
MU7299,5
MU7299,6
MU7299,7
MU7303,2
MU7303,4
MU7303,6
MU7311,1
MU7311,3
MU7311,5
MU7311,7
MU7317,1
MU7317,3
MU7317,5
MU7317,7
MU7319,1
MU7319,2
MU7319,3
MU7319,4
MU7319,5
MU7319,6
MU7319,7
MU7322,2
MU7322,4
MU7322,6
MU7324,1
MU7324,3
MU7324,5
MU7324,7
MU7330,1
MU7330,2
MU7330,3
MU7330,4
MU7330,5
MU7330,6
MU7330,7
MU7339,2
MU7339,4
MU7339,6
MU7351,1
MU7351,2
MU7351,3
MU7351,4
MU7351,5
MU7351,6
MU7351,7
MU7361,1
MU7361,3
MU7361,5
MU7361,7
MU7370,1
MU7370,2
MU7370,3
MU7370,4
MU7370,5
MU7370,6
MU7370,7
MU7375,1
MU7375,2
MU7375,3
MU7375,4
MU7375,5
MU7375,6
MU7375,7
MU7377,1
MU7377,2
MU7377,3
MU7377,4
MU7377,5
MU7377,6
MU7377,7
MU7382,1
MU7382,2
MU7382,3
MU7382,4
MU7382,5
MU7382,6
MU7382,7
MU7388,1
MU7388,3
MU7388,5
MU7388,7
MU7389,1
MU7389,2
MU7389,3
MU7389,4
MU7389,5
MU7389,6
MU7389,7
MU7394,2
MU7394,4
MU7394,6
MU7398,1
MU7398,2
MU7398,3
MU7398,4
MU7398,5
MU7398,6
MU7398,7
MU7401,1
MU7401,2
MU7401,3
MU7401,4
MU7401,5
MU7401,6
MU7401,7
MU7402,2
MU7402,4
MU7402,6
MU7403,1
MU7403,2
MU7403,3
MU7403,4
MU7403,5
MU7403,6
MU7403,7
MU7407,1
MU7407,2
MU7407,3
MU7407,4
MU7407,5
MU7407,6
MU7407,7
MU7408,1
MU7408,2
MU7408,3
MU7408,4
MU7408,5
MU7408,6
MU7408,7
MU7414,1
MU7414,2
MU7414,3
MU7414,4
MU7414,5
MU7414,6
MU7414,7
MU7419,1
MU7419,2
MU7419,3
MU7419,4
MU7419,5
MU7419,6
MU7419,7
MU7420,1
MU7420,2
MU7420,3
MU7420,4
MU7420,5
MU7420,6
MU7420,7
MU7422,1
MU7422,2
MU7422,4
MU7422,6
MU7422,7
MU7428,2
MU7428,4
MU7428,6
MU7429,1
MU7429,2
MU7429,3
MU7429,4
MU7429,5
MU7429,6
MU7429,7
MU7432,1
MU7432,2
MU7432,3
MU7432,4
MU7432,5
MU7432,6
MU7432,7
MU7433,1
MU7433,2
MU7433,3
MU7433,4
MU7433,5
MU7433,6
MU7433,7
MU7436,1
MU7436,3
MU7436,5
MU7436,7
MU7450,1
MU7450,2
MU7450,3
MU7450,4
MU7450,5
MU7450,6
MU7450,7
MU7451,1
MU7451,3
MU7451,5
MU7451,7
MU7454,1
MU7454,2
MU7454,3
MU7454,4
MU7454,5
MU7454,6
MU7454,7
MU7458,1
MU7458,3
MU7458,5
MU7458,7
MU7460,1
MU7460,2
MU7460,3
MU7460,4
MU7460,5
MU7460,6
MU7460,7
MU7470,1
MU7470,2
MU7470,3
MU7470,4
MU7470,5
MU7470,6
MU7470,7
MU7473,1
MU7473,2
MU7473,3
MU7473,4
MU7473,5
MU7473,6
MU7473,7
MU7477,2
MU7477,4
MU7477,6
MU7479,1
MU7479,2
MU7479,3
MU7479,4
MU7479,5
MU7479,6
MU7479,7
MU7481,1
MU7481,2
MU7481,3
MU7481,4
MU7481,5
MU7481,6
MU7481,7
MU7483,1
MU7483,3
MU7483,5
MU7483,7
MU7505,1
MU7505,2
MU7505,3
MU7505,4
MU7505,5
MU7505,6
MU7505,7
MU7506,1
MU7506,3
MU7506,5
MU7506,7
MU7508,1
MU7508,2
MU7508,3
MU7508,4
MU7508,5
MU7508,6
MU7508,7
MU7514,1
MU7514,2
MU7514,3
MU7514,4
MU7514,5
MU7514,6
MU7514,7
MU7518,1
MU7518,2
MU7518,3
MU7518,4
MU7518,5
MU7518,6
MU7518,7
MU7523,1
MU7523,3
MU7523,5
MU7523,7
MU7528,1
MU7528,3
MU7528,5
MU7528,7
MU7529,1
MU7529,3
MU7529,5
MU7529,7
MU7532,1
MU7532,2
MU7532,3
MU7532,4
MU7532,5
MU7532,6
MU7532,7
MU7536,2
MU7536,4
MU7536,6
MU7539,1
MU7539,2
MU7539,3
MU7539,4
MU7539,5
MU7539,6
MU7539,7
MU7541,3
MU7541,4
MU7541,5
MU7541,6
MU7541,7
MU7545,1
MU7545,3
MU7545,5
MU7545,7
MU7556,2
MU7556,4
MU7556,6
MU7566,2
MU7566,4
MU7566,6
MU7569,1
MU7569,2
MU7569,3
MU7569,4
MU7569,5
MU7569,6
MU7569,7
MU7572,1
MU7572,3
MU7572,5
MU7572,7
MU7573,1
MU7573,3
MU7573,5
MU7573,7
MU7583,1
MU7583,3
MU7583,4
MU7583,5
MU7583,7
MU7595,1
MU7595,2
MU7595,3
MU7595,4
MU7595,5
MU7595,6
MU7595,7
MU7605,1
MU7605,2
MU7605,3
MU7605,4
MU7605,5
MU7605,6
MU7605,7
MU7606,1
MU7606,2
MU7606,3
MU7606,4
MU7606,5
MU7606,6
MU7606,7
MU7609,1
MU7609,3
MU7609,5
MU7609,7
MU7619,1
MU7619,3
MU7619,5
MU7619,7
MU7622,1
MU7622,3
MU7622,5
MU7622,7
MU7642,1
MU7642,2
MU7642,3
MU7642,4
MU7642,5
MU7642,6
MU7642,7
MU7651,2
MU7651,4
MU7651,6
MU7657,2
MU7657,4
MU7657,6
MU7673,1
MU7673,3
MU7673,5
MU7673,7
MU7674,1
MU7674,2
MU7674,3
MU7674,4
MU7674,5
MU7674,6
MU7674,7
MU7678,1
MU7678,2
MU7678,3
MU7678,4
MU7678,5
MU7678,6
MU7678,7
MU7679,1
MU7679,2
MU7679,3
MU7679,4
MU7679,5
MU7679,6
MU7679,7
MU7683,1
MU7683,2
MU7683,3
MU7683,4
MU7683,5
MU7683,6
MU7683,7
MU7691,1
MU7691,2
MU7691,3
MU7691,4
MU7691,5
MU7691,6
MU7691,7
MU7696,1
MU7696,2
MU7696,3
MU7696,4
MU7696,5
MU7696,6
MU7696,7
MU7701,1
MU7701,2
MU7701,3
MU7701,4
MU7701,5
MU7701,6
MU7701,7
MU7713,1
MU7713,2
MU7713,3
MU7713,4
MU7713,5
MU7713,6
MU7713,7
MU7714,1
MU7714,2
MU7714,3
MU7714,4
MU7714,5
MU7714,6
MU7714,7
MU7720,2
MU7720,4
MU7720,6
MU7730,2
MU7730,4
MU7730,6
MU7732,1
MU7732,3
MU7732,5
MU7732,7
MU7758,2
MU7758,4
MU7758,6
MU7761,1
MU7761,3
MU7761,5
MU7761,7
MU7772,1
MU7772,3
MU7772,5
MU7772,7
MU7773,2
MU7773,4
MU7773,6
MU7777,1
MU7777,3
MU7777,5
MU7777,7
MU7781,1
MU7781,3
MU7781,5
MU7781,7
MU7788,1
MU7788,3
MU7788,5
MU7788,7
MU7791,1
MU7791,3
MU7791,5
MU7791,7
MU7792,1
MU7792,3
MU7792,5
MU7792,7
MU7801,1
MU7801,2
MU7801,3
MU7801,4
MU7801,5
MU7801,6
MU7801,7
MU7803,2
MU7803,4
MU7803,6
MU7812,1
MU7812,2
MU7812,3
MU7812,4
MU7812,5
MU7812,6
MU7812,7
MU7815,1
MU7815,2
MU7815,3
MU7815,4
MU7815,5
MU7815,6
MU7815,7
MU7822,1
MU7822,2
MU7822,3
MU7822,4
MU7822,5
MU7822,6
MU7822,7
MU7824,1
MU7824,2
MU7824,3
MU7824,4
MU7824,5
MU7824,6
MU7824,7
MU7827,1
MU7827,3
MU7827,5
MU7827,7
MU7829,1
MU7829,2
MU7829,3
MU7829,4
MU7829,5
MU7829,6
MU7829,7
MU7832,1
MU7832,3
MU7832,6
MU7832,7
MU7837,1
MU7837,2
MU7837,3
MU7837,4
MU7837,5
MU7837,6
MU7837,7
MU7843,1
MU7843,3
MU7843,5
MU7843,7
MU7848,1
MU7848,2
MU7848,3
MU7848,4
MU7848,5
MU7848,6
MU7848,7
MU7853,1
MU7853,3
MU7853,5
MU7853,7
MU7860,1
MU7860,3
MU7860,5
MU7860,7
MU7864,1
MU7864,2
MU7864,3
MU7864,4
MU7864,5
MU7864,6
MU7864,7
MU7867,2
MU7867,4
MU7867,6
MU7874,1
MU7874,3
MU7874,5
MU7874,7
MU7877,2
MU7877,4
MU7877,6
MU7881,1
MU7881,2
MU7881,3
MU7881,4
MU7881,5
MU7881,6
MU7881,7
MU7890,1
MU7890,2
MU7890,3
MU7890,4
MU7890,5
MU7890,6
MU7890,7
MU7903,1
MU7903,2
MU7903,3
MU7903,4
MU7903,5
MU7903,6
MU7903,7
MU7909,2
MU7909,4
MU7909,6
MU7912,1
MU7912,2
MU7912,3
MU7912,4
MU7912,5
MU7912,6
MU7912,7
MU7914,1
MU7914,2
MU7914,3
MU7914,4
MU7914,5
MU7914,6
MU7914,7
MU7924,3
MU7924,4
MU7924,5
MU7937,2
MU7937,4
MU7937,6
MU7939,2
MU7939,4
MU7939,6
MU7945,2
MU7945,4
MU7945,6
MU7956,1
MU7956,2
MU7956,3
MU7956,4
MU7956,5
MU7956,6
MU7956,7
MU7967,1
MU7967,2
MU7967,3
MU7967,4
MU7967,5
MU7967,6
MU7967,7
MU7981,1
MU7981,2
MU7981,3
MU7981,4
MU7981,5
MU7981,6
MU7981,7
MU7983,1
MU7983,2
MU7983,3
MU7983,4
MU7983,5
MU7983,6
MU7983,7
MU7984,1
MU7984,2
MU7984,3
MU7984,4
MU7984,5
MU7984,6
MU7984,7
MU7987,2
MU7987,4
MU7987,6
MU7993,1
MU7993,2
MU7993,3
MU7993,4
MU7993,5
MU7993,6
MU7993,7
MU7997,1
MU7997,3
MU7997,5
MU7997,7
MU8002,2
MU8002,4
MU8002,6
MU8004,1
MU8004,2
MU8004,3
MU8004,4
MU8004,5
MU8004,6
MU8004,7
MU8012,1
MU8012,3
MU8012,5
MU8012,7
MU8025,1
MU8025,2
MU8025,3
MU8025,4
MU8025,5
MU8025,6
MU8025,7
MU8027,1
MU8027,2
MU8027,3
MU8027,4
MU8027,5
MU8027,6
MU8027,7
MU8028,2
MU8028,4
MU8028,6
MU8059,1
MU8059,3
MU8059,4
MU8059,5
MU8059,6
MU8062,2
MU8062,4
MU8062,6
MU8067,1
MU8067,3
MU8067,5
MU8067,7
MU8071,1
MU8071,2
MU8071,3
MU8071,4
MU8071,5
MU8071,6
MU8071,7
MU8078,1
MU8078,3
MU8078,5
MU8078,7
MU8079,1
MU8079,2
MU8079,3
MU8079,4
MU8079,5
MU8079,6
MU8079,7
MU8084,1
MU8084,2
MU8084,3
MU8084,4
MU8084,5
MU8084,6
MU8084,7
MU8086,1
MU8086,3
MU8086,5
MU8086,7
MU8090,2
MU8090,4
MU8090,6
MU8093,2
MU8093,4
MU8093,6
MU8100,1
MU8100,2
MU8100,3
MU8100,4
MU8100,5
MU8100,6
MU8100,7
MU8112,1
MU8112,2
MU8112,3
MU8112,4
MU8112,5
MU8112,6
MU8112,7
MU8120,1
MU8120,2
MU8120,3
MU8120,4
MU8120,5
MU8120,6
MU8120,7
MU8133,1
MU8133,3
MU8133,5
MU8133,7
MU8137,1
MU8137,3
MU8137,5
MU8137,7
MU8142,1
MU8142,2
MU8142,3
MU8142,4
MU8142,5
MU8142,6
MU8142,7
MU8143,1
MU8143,2
MU8143,3
MU8143,4
MU8143,5
MU8143,6
MU8143,7
MU8145,1
MU8145,2
MU8145,3
MU8145,4
MU8145,5
MU8145,6
MU8145,7
MU8146,1
MU8146,3
MU8146,5
MU8146,7
MU8148,1
MU8148,3
MU8148,5
MU8148,7
MU8149,2
MU8149,4
MU8149,6
MU8151,2
MU8151,4
MU8151,6
MU8151,7
MU8161,1
MU8161,3
MU8161,5
MU8161,7
MU8162,1
MU8162,2
MU8162,3
MU8162,4
MU8162,5
MU8162,6
MU8162,7
MU8167,1
MU8167,2
MU8167,3
MU8167,4
MU8167,5
MU8167,6
MU8167,7
MU8168,1
MU8168,2
MU8168,3
MU8168,4
MU8168,5
MU8168,6
MU8168,7
MU8173,1
MU8173,2
MU8173,3
MU8173,4
MU8173,5
MU8173,6
MU8173,7
MU8182,1
MU8182,2
MU8182,3
MU8182,4
MU8182,5
MU8182,6
MU8182,7
MU8186,1
MU8186,2
MU8186,3
MU8186,4
MU8186,5
MU8186,6
MU8186,7
MU8187,1
MU8187,3
MU8187,5
MU8187,7
MU8194,1
MU8194,2
MU8194,3
MU8194,4
MU8194,5
MU8194,6
MU8194,7
MU8201,1
MU8201,2
MU8201,3
MU8201,4
MU8201,5
MU8201,6
MU8201,7
MU8203,3
MU8203,4
MU8203,7
MU8206,1
MU8206,3
MU8206,5
MU8206,7
MU8207,1
MU8207,3
MU8207,5
MU8207,7
MU8212,1
MU8212,2
MU8212,3
MU8212,4
MU8212,5
MU8212,6
MU8212,7
MU8215,1
MU8215,2
MU8215,3
MU8215,4
MU8215,5
MU8215,6
MU8215,7
MU8219,2
MU8219,5
MU8222,1
MU8222,2
MU8222,3
MU8222,4
MU8222,5
MU8222,6
MU8222,7
MU8234,1
MU8234,2
MU8234,3
MU8234,4
MU8234,5
MU8234,6
MU8234,7
MU8240,1
MU8240,2
MU8240,3
MU8240,4
MU8240,5
MU8240,6
MU8240,7
MU8252,1
MU8252,2
MU8252,3
MU8252,4
MU8252,5
MU8252,6
MU8252,7
MU8257,1
MU8257,2
MU8257,3
MU8257,4
MU8257,5
MU8257,6
MU8257,7
MU8262,1
MU8262,3
MU8262,5
MU8262,7
MU8267,2
MU8267,4
MU8267,6
MU8268,1
MU8268,2
MU8268,3
MU8268,4
MU8268,5
MU8268,6
MU8268,7
MU8275,1
MU8275,2
MU8275,3
MU8275,4
MU8275,5
MU8275,6
MU8275,7
MU8276,1
MU8276,2
MU8276,3
MU8276,4
MU8276,5
MU8276,6
MU8276,7
MU8284,1
MU8284,3
MU8284,4
MU8284,6
MU8284,7
MU8290,1
MU8290,2
MU8290,3
MU8290,4
MU8290,5
MU8290,6
MU8290,7
MU8295,1
MU8295,2
MU8295,3
MU8295,4
MU8295,5
MU8295,6
MU8295,7
MU8304,2
MU8304,4
MU8304,6
MU8305,1
MU8305,2
MU8305,3
MU8305,4
MU8305,5
MU8305,6
MU8305,7
MU8309,1
MU8309,2
MU8309,3
MU8309,4
MU8309,5
MU8309,6
MU8309,7
MU8316,2
MU8316,4
MU8316,6
MU8320,2
MU8320,4
MU8320,6
MU8323,1
MU8323,2
MU8323,3
MU8323,4
MU8323,5
MU8323,6
MU8323,7
MU8328,1
MU8328,2
MU8328,3
MU8328,4
MU8328,5
MU8328,6
MU8328,7
MU8329,1
MU8329,3
MU8329,5
MU8329,7
MU8344,1
MU8344,3
MU8344,5
MU8344,7
MU8349,1
MU8349,3
MU8349,5
MU8349,7
MU8350,2
MU8350,4
MU8350,6
MU8368,1
MU8368,2
MU8368,3
MU8368,4
MU8368,5
MU8368,6
MU8368,7
MU8372,2
MU8372,4
MU8372,6
MU8373,1
MU8373,2
MU8373,3
MU8373,4
MU8373,5
MU8373,6
MU8373,7
MU8375,1
MU8375,2
MU8375,3
MU8375,4
MU8375,5
MU8375,6
MU8375,7
MU8381,2
MU8381,4
MU8381,6
MU8405,1
MU8405,2
MU8405,3
MU8405,4
MU8405,5
MU8405,6
MU8405,7
MU8414,1
MU8414,2
MU8414,3
MU8414,4
MU8414,5
MU8414,6
MU8414,7
MU8416,1
MU8416,2
MU8416,3
MU8416,4
MU8416,5
MU8416,6
MU8416,7
MU8417,1
MU8417,2
MU8417,3
MU8417,4
MU8417,5
MU8417,6
MU8417,7
MU8420,1
MU8420,3
MU8420,5
MU8420,7
MU8448,1
MU8448,2
MU8448,3
MU8448,4
MU8448,5
MU8448,6
MU8448,7
MU8453,1
MU8453,2
MU8453,3
MU8453,4
MU8453,5
MU8453,6
MU8453,7
MU8456,1
MU8456,2
MU8456,3
MU8456,4
MU8456,5
MU8456,6
MU8456,7
MU8461,1
MU8461,2
MU8461,3
MU8461,4
MU8461,5
MU8461,6
MU8461,7
MU8469,2
MU8469,4
MU8469,6
MU8477,1
MU8477,2
MU8477,3
MU8477,4
MU8477,5
MU8477,6
MU8477,7
MU8478,1
MU8478,3
MU8478,5
MU8478,7
MU8479,1
MU8479,2
MU8479,3
MU8479,4
MU8479,5
MU8479,6
MU8479,7
MU8480,1
MU8480,2
MU8480,3
MU8480,4
MU8480,5
MU8480,6
MU8480,7
MU8482,1
MU8482,2
MU8482,3
MU8482,4
MU8482,5
MU8482,6
MU8482,7
MU8485,1
MU8485,3
MU8485,5
MU8485,7
MU8490,2
MU8490,4
MU8490,6
MU8500,1
MU8500,4
MU8500,5
MU8509,1
MU8509,2
MU8509,3
MU8509,4
MU8509,5
MU8509,6
MU8509,7
MU8514,1
MU8514,2
MU8514,3
MU8514,4
MU8514,5
MU8514,6
MU8514,7
MU8517,1
MU8517,3
MU8517,4
MU8517,6
MU8519,2
MU8519,4
MU8519,6
MU8520,1
MU8520,2
MU8520,3
MU8520,4
MU8520,5
MU8520,6
MU8520,7
MU8534,1
MU8534,2
MU8534,3
MU8534,4
MU8534,5
MU8534,6
MU8534,7
MU8537,1
MU8537,2
MU8537,3
MU8537,4
MU8537,5
MU8537,6
MU8537,7
MU8539,1
MU8539,2
MU8539,3
MU8539,4
MU8539,5
MU8539,6
MU8539,7
MU8567,1
MU8567,2
MU8567,3
MU8567,4
MU8567,5
MU8567,6
MU8567,7
MU8568,1
MU8568,2
MU8568,3
MU8568,4
MU8568,5
MU8568,6
MU8568,7
MU8577,1
MU8577,3
MU8577,5
MU8577,7
MU8601,1
MU8601,2
MU8601,3
MU8601,4
MU8601,5
MU8601,6
MU8601,7
MU8604,1
MU8604,3
MU8604,5
MU8604,7
MU8618,1
MU8618,2
MU8618,3
MU8618,4
MU8618,5
MU8618,6
MU8618,7
MU8623,1
MU8623,4
MU8623,6
MU8639,1
MU8639,3
MU8639,5
MU8639,7
MU8646,2
MU8646,4
MU8646,6
MU8647,1
MU8647,2
MU8647,3
MU8647,4
MU8647,5
MU8647,6
MU8647,7
MU8650,1
MU8650,2
MU8650,3
MU8650,4
MU8650,5
MU8650,6
MU8650,7
MU8652,1
MU8652,2
MU8652,3
MU8652,4
MU8652,5
MU8652,6
MU8652,7
MU8663,1
MU8663,2
MU8663,3
MU8663,4
MU8663,5
MU8663,6
MU8663,7
MU8664,1
MU8664,3
MU8664,5
MU8664,7
MU8678,1
MU8678,2
MU8678,3
MU8678,4
MU8678,5
MU8678,6
MU8678,7
MU8679,1
MU8679,3
MU8679,5
MU8679,7
MU8688,1
MU8688,2
MU8688,3
MU8688,4
MU8688,5
MU8688,6
MU8688,7
MU8689,1
MU8689,3
MU8689,5
MU8689,7
MU8690,2
MU8690,4
MU8690,6
MU8691,1
MU8691,2
MU8691,3
MU8691,4
MU8691,5
MU8691,6
MU8691,7
MU8698,2
MU8698,4
MU8698,6
MU8699,1
MU8699,2
MU8699,3
MU8699,4
MU8699,5
MU8699,6
MU8699,7
MU8700,1
MU8700,2
MU8700,3
MU8700,4
MU8700,5
MU8700,6
MU8700,7
MU8707,1
MU8707,3
MU8707,5
MU8707,7
MU8713,1
MU8713,2
MU8713,5
MU8713,6
MU8713,7
MU8720,1
MU8720,2
MU8720,3
MU8720,4
MU8720,5
MU8720,6
MU8720,7
MU8721,1
MU8721,2
MU8721,3
MU8721,4
MU8721,5
MU8721,6
MU8721,7
MU8724,1
MU8724,2
MU8724,3
MU8724,4
MU8724,5
MU8724,6
MU8724,7
MU8725,1
MU8725,3
MU8725,5
MU8725,7
MU8726,1
MU8726,3
MU8726,5
MU8726,7
MU8731,1
MU8731,2
MU8731,3
MU8731,4
MU8731,5
MU8731,6
MU8731,7
MU8743,1
MU8743,3
MU8743,5
MU8743,7
MU8747,2
MU8747,4
MU8747,6
MU8753,1
MU8753,2
MU8753,3
MU8753,4
MU8753,5
MU8753,6
MU8753,7
MU8761,1
MU8761,4
MU8762,1
MU8762,2
MU8762,3
MU8762,4
MU8762,5
MU8762,6
MU8762,7
MU8766,1
MU8766,2
MU8766,3
MU8766,4
MU8766,5
MU8766,6
MU8766,7
MU8773,1
MU8773,2
MU8773,3
MU8773,4
MU8773,5
MU8773,6
MU8773,7
MU8780,1
MU8780,2
MU8780,3
MU8780,4
MU8780,5
MU8780,6
MU8780,7
MU8781,1
MU8781,2
MU8781,3
MU8781,4
MU8781,5
MU8781,6
MU8781,7
MU8783,1
MU8783,2
MU8783,3
MU8783,4
MU8783,5
MU8783,6
MU8783,7
MU8789,1
MU8789,2
MU8789,3
MU8789,4
MU8789,5
MU8789,6
MU8789,7
MU8802,1
MU8802,2
MU8802,3
MU8802,4
MU8802,5
MU8802,6
MU8802,7
MU8803,1
MU8803,3
MU8803,5
MU8803,7
MU8817,2
MU8817,4
MU8817,6
MU8819,2
MU8819,4
MU8819,6
MU8861,1
MU8861,2
MU8861,3
MU8861,4
MU8861,5
MU8861,6
MU8861,7
MU8864,1
MU8864,2
MU8864,3
MU8864,4
MU8864,5
MU8864,6
MU8864,7
MU8871,1
MU8871,3
MU8871,5
MU8871,7
MU8875,1
MU8875,3
MU8875,5
MU8875,7
MU8881,1
MU8881,2
MU8881,3
MU8881,4
MU8881,5
MU8881,6
MU8881,7
MU8882,1
MU8882,2
MU8882,3
MU8882,4
MU8882,5
MU8882,6
MU8882,7
MU8886,1
MU8886,2
MU8886,3
MU8886,4
MU8886,5
MU8886,6
MU8886,7
MU8892,1
MU8892,3
MU8892,5
MU8892,7
MU8895,1
MU8895,2
MU8895,3
MU8895,4
MU8895,5
MU8895,6
MU8895,7
MU8899,2
MU8899,4
MU8899,6
MU8900,2
MU8900,4
MU8900,6
MU8904,1
MU8904,2
MU8904,3
MU8904,4
MU8904,5
MU8904,6
MU8904,7
MU8905,1
MU8905,2
MU8905,3
MU8905,4
MU8905,5
MU8905,6
MU8905,7
MU8927,1
MU8927,3
MU8927,5
MU8927,7
MU8931,1
MU8931,2
MU8931,3
MU8931,4
MU8931,5
MU8931,6
MU8931,7
MU8934,1
MU8934,2
MU8934,3
MU8934,4
MU8934,5
MU8934,6
MU8934,7
MU8936,1
MU8936,3
MU8936,5
MU8936,7
MU8944,1
MU8944,2
MU8944,3
MU8944,4
MU8944,5
MU8944,6
MU8944,7
MU8953,1
MU8953,3
MU8953,5
MU8953,7
MU8981,1
MU8981,2
MU8981,3
MU8981,4
MU8981,5
MU8981,6
MU8981,7
MU8983,1
MU8983,2
MU8983,3
MU8983,4
MU8983,5
MU8983,6
MU8983,7
MU8984,2
MU8984,4
MU8984,6
MU8986,1
MU8986,3
MU8986,5
MU8986,7
MU8987,1
MU8987,3
MU8987,5
MU8987,7
MU8988,1
MU8988,7
MU8997,1
MU8997,2
MU8997,3
MU8997,4
MU8997,5
MU8997,6
MU8997,7
MU9005,1
MU9005,2
MU9005,3
MU9005,4
MU9005,5
MU9005,6
MU9005,7
MU9007,1
MU9007,2
MU9007,3
MU9007,4
MU9007,5
MU9007,6
MU9007,7
MU9015,1
MU9015,3
MU9015,5
MU9015,7
MU9023,1
MU9023,2
MU9023,3
MU9023,4
MU9023,5
MU9023,6
MU9023,7
MU9029,1
MU9029,2
MU9029,3
MU9029,4
MU9029,5
MU9029,6
MU9029,7
MU9035,1
MU9035,2
MU9035,3
MU9035,4
MU9035,5
MU9035,6
MU9035,7
MU9038,1
MU9038,3
MU9038,5
MU9038,7
MU9039,1
MU9039,3
MU9039,5
MU9039,7
MU9044,1
MU9044,2
MU9044,3
MU9044,4
MU9044,5
MU9044,6
MU9044,7
MU9050,1
MU9050,2
MU9050,3
MU9050,4
MU9050,5
MU9050,6
MU9050,7
MU9067,1
MU9067,2
MU9067,3
MU9067,4
MU9067,5
MU9067,6
MU9067,7
MU9068,2
MU9068,4
MU9068,6
MU9070,1
MU9070,2
MU9070,3
MU9070,4
MU9070,5
MU9070,6
MU9070,7
MU9078,1
MU9078,2
MU9078,3
MU9078,4
MU9078,5
MU9078,6
MU9078,7
MU9084,2
MU9084,4
MU9084,6
MU9091,1
MU9091,2
MU9091,3
MU9091,4
MU9091,5
MU9091,6
MU9091,7
MU9095,2
MU9095,4
MU9095,6
MU9101,1
MU9101,3
MU9101,5
MU9101,7
MU9103,1
MU9103,3
MU9103,5
MU9103,7
MU9113,1
MU9113,2
MU9113,3
MU9113,4
MU9113,5
MU9113,6
MU9113,7
MU9120,1
MU9120,3
MU9120,5
MU9120,7
MU9126,1
MU9126,2
MU9126,3
MU9126,4
MU9126,5
MU9126,6
MU9126,7
MU9127,1
MU9127,3
MU9127,5
MU9127,7
MU9128,2
MU9128,4
MU9128,6
MU9130,1
MU9130,2
MU9130,3
MU9130,4
MU9130,5
MU9130,6
MU9130,7
MU9145,2
MU9145,4
MU9145,6
MU9146,1
MU9146,2
MU9146,3
MU9146,4
MU9146,5
MU9146,6
MU9146,7
MU9172,1
MU9172,2
MU9172,3
MU9172,4
MU9172,5
MU9172,6
MU9172,7
MU9178,1
MU9178,2
MU9178,3
MU9178,4
MU9178,5
MU9178,6
MU9178,7
MU9192,2
MU9192,4
MU9192,6
MU9194,1
MU9194,2
MU9194,3
MU9194,4
MU9194,5
MU9194,6
MU9194,7
MU9198,1
MU9198,2
MU9198,3
MU9198,4
MU9198,5
MU9198,6
MU9198,7
MU9202,2
MU9202,4
MU9202,6
MU9202,7
MU9211,1
MU9211,2
MU9211,3
MU9211,4
MU9211,5
MU9211,6
MU9211,7
MU9215,1
MU9215,2
MU9215,3
MU9215,4
MU9215,5
MU9215,6
MU9215,7
MU9216,2
MU9216,4
MU9216,6
MU9219,2
MU9219,4
MU9219,6
MU9223,2
MU9223,4
MU9223,6
MU9227,1
MU9227,2
MU9227,3
MU9227,4
MU9227,5
MU9227,6
MU9227,7
MU9242,1
MU9242,3
MU9242,5
MU9242,7
MU9248,1
MU9248,2
MU9248,4
MU9248,7
MU9260,1
MU9260,2
MU9260,3
MU9260,4
MU9260,5
MU9260,6
MU9260,7
MU9265,1
MU9265,2
MU9265,3
MU9265,4
MU9265,5
MU9265,6
MU9265,7
MU9267,1
MU9267,2
MU9267,3
MU9267,4
MU9267,5
MU9267,6
MU9267,7
MU9296,1
MU9296,2
MU9296,3
MU9296,4
MU9296,5
MU9296,6
MU9296,7
MU9308,1
MU9308,2
MU9308,3
MU9308,4
MU9308,5
MU9308,6
MU9308,7
MU9310,1
MU9310,2
MU9310,3
MU9310,4
MU9310,5
MU9310,6
MU9310,7
MU9314,2
MU9314,4
MU9314,6
MU9317,1
MU9317,2
MU9317,3
MU9317,4
MU9317,5
MU9317,6
MU9317,7
MU9318,1
MU9318,2
MU9318,3
MU9318,4
MU9318,5
MU9318,6
MU9318,7
MU9319,1
MU9319,2
MU9319,3
MU9319,4
MU9319,5
MU9319,6
MU9319,7
MU9321,1
MU9321,2
MU9321,3
MU9321,4
MU9321,5
MU9321,6
MU9321,7
MU9325,1
MU9325,2
MU9325,3
MU9325,4
MU9325,5
MU9325,6
MU9325,7
MU9340,1
MU9340,2
MU9340,3
MU9340,4
MU9340,5
MU9340,6
MU9340,7
MU9344,2
MU9344,4
MU9344,6
MU9346,1
MU9346,3
MU9346,5
MU9346,7
MU9351,1
MU9351,2
MU9351,3
MU9351,4
MU9351,5
MU9351,6
MU9351,7
MU9361,1
MU9361,2
MU9361,3
MU9361,4
MU9361,5
MU9361,6
MU9361,7
MU9366,1
MU9366,2
MU9366,3
MU9366,4
MU9366,5
MU9366,6
MU9366,7
MU9375,2
MU9375,3
MU9375,5
MU9375,6
MU9388,1
MU9388,3
MU9388,5
MU9388,7
MU9393,1
MU9393,2
MU9393,3
MU9393,4
MU9393,5
MU9393,6
MU9393,7
MU9396,1
MU9396,2
MU9396,3
MU9396,4
MU9396,5
MU9396,6
MU9396,7
MU9417,1
MU9417,3
MU9417,5
MU9417,7
MU9423,1
MU9423,2
MU9423,3
MU9423,4
MU9423,5
MU9423,6
MU9423,7
MU9424,1
MU9424,3
MU9424,5
MU9424,7
MU9430,1
MU9430,2
MU9430,3
MU9430,4
MU9430,5
MU9430,6
MU9430,7
MU9431,2
MU9431,4
MU9431,6
MU9452,1
MU9452,3
MU9452,5
MU9452,7
MU9453,1
MU9453,2
MU9453,3
MU9453,4
MU9453,5
MU9453,6
MU9453,7
MU9459,3
MU9459,5
MU9462,1
MU9462,2
MU9462,3
MU9462,4
MU9462,5
MU9462,6
MU9462,7
MU9464,1
MU9464,2
MU9464,3
MU9464,4
MU9464,5
MU9464,6
MU9464,7
MU9476,1
MU9476,2
MU9476,3
MU9476,4
MU9476,5
MU9476,6
MU9476,7
MU9493,1
MU9493,2
MU9493,3
MU9493,4
MU9493,5
MU9493,6
MU9493,7
MU9496,1
MU9496,2
MU9496,3
MU9496,4
MU9496,5
MU9496,6
MU9496,7
MU9497,1
MU9497,2
MU9497,3
MU9497,4
MU9497,5
MU9497,6
MU9497,7
MU9502,1
MU9502,2
MU9502,3
MU9502,4
MU9502,5
MU9502,6
MU9502,7
MU9507,2
MU9507,4
MU9507,6
MU9508,2
MU9508,4
MU9508,6
MU9509,1
MU9509,2
MU9509,3
MU9509,4
MU9509,5
MU9509,6
MU9509,7
MU9529,2
MU9529,4
MU9529,6
MU9530,1
MU9530,2
MU9530,3
MU9530,4
MU9530,5
MU9530,6
MU9530,7
MU9534,1
MU9534,2
MU9534,3
MU9534,4
MU9534,5
MU9534,6
MU9534,7
MU9549,2
MU9549,4
MU9549,6
MU9550,1
MU9550,3
MU9550,5
MU9550,7
MU9552,1
MU9552,2
MU9552,3
MU9552,4
MU9552,5
MU9552,6
MU9552,7
MU9557,1
MU9557,3
MU9557,5
MU9557,7
MU9559,1
MU9559,2
MU9559,3
MU9559,4
MU9559,5
MU9559,6
MU9559,7
MU9562,3
MU9562,4
MU9562,5
MU9562,6
MU9562,7
MU9566,1
MU9566,3
MU9566,5
MU9566,7
MU9570,1
MU9570,3
MU9570,5
MU9570,7
MU9571,2
MU9571,4
MU9571,6
MU9572,1
MU9572,2
MU9572,3
MU9572,4
MU9572,5
MU9572,6
MU9572,7
MU9577,1
MU9577,2
MU9577,3
MU9577,4
MU9577,5
MU9577,6
MU9577,7
MU9593,1
MU9593,3
MU9593,5
MU9593,7
MU9598,2
MU9598,4
MU9598,6
MU9599,1
MU9599,3
MU9599,5
MU9599,7
MU9602,1
MU9602,2
MU9602,3
MU9602,4
MU9602,5
MU9602,6
MU9602,7
MU9605,1
MU9605,3
MU9605,5
MU9605,7
MU9609,1
MU9609,2
MU9609,3
MU9609,4
MU9609,5
MU9609,6
MU9609,7
MU9611,1
MU9611,2
MU9611,3
MU9611,4
MU9611,5
MU9611,6
MU9611,7
MU9621,1
MU9621,3
MU9621,5
MU9621,7
MU9629,2
MU9629,4
MU9629,6
MU9632,1
MU9632,3
MU9632,5
MU9632,7
MU9634,1
MU9634,2
MU9634,3
MU9634,4
MU9634,5
MU9634,6
MU9634,7
MU9641,1
MU9641,2
MU9641,3
MU9641,4
MU9641,5
MU9641,6
MU9641,7
MU9648,1
MU9648,2
MU9648,3
MU9648,4
MU9648,5
MU9648,6
MU9648,7
MU9651,2
MU9651,4
MU9651,6
MU9662,2
MU9662,4
MU9662,6
MU9672,1
MU9672,2
MU9672,3
MU9672,4
MU9672,5
MU9672,6
MU9672,7
MU9673,2
MU9673,4
MU9673,6
MU9687,1
MU9687,2
MU9687,3
MU9687,4
MU9687,5
MU9687,6
MU9687,7
MU9695,1
MU9695,3
MU9695,5
MU9695,7
MU9704,1
MU9704,2
MU9704,3
MU9704,4
MU9704,5
MU9704,6
MU9704,7
MU9707,1
MU9707,3
MU9707,5
MU9707,7
MU9713,1
MU9713,2
MU9713,3
MU9713,4
MU9713,5
MU9713,6
MU9713,7
MU9717,1
MU9717,2
MU9717,3
MU9717,4
MU9717,5
MU9717,6
MU9717,7
MU9719,1
MU9719,3
MU9719,5
MU9719,7
MU9721,1
MU9721,2
MU9721,3
MU9721,4
MU9721,5
MU9721,6
MU9721,7
MU9723,1
MU9723,2
MU9723,3
MU9723,4
MU9723,5
MU9723,6
MU9723,7
MU9731,2
MU9731,4
MU9731,6
MU9735,1
MU9735,2
MU9735,3
MU9735,4
MU9735,5
MU9735,6
MU9735,7
MU9740,1
MU9740,2
MU9740,3
MU9740,4
MU9740,5
MU9740,6
MU9740,7
MU9741,1
MU9741,2
MU9741,3
MU9741,4
MU9741,5
MU9741,6
MU9741,7
MU9742,2
MU9742,4
MU9742,6
MU9750,1
MU9750,2
MU9750,3
MU9750,4
MU9750,5
MU9750,6
MU9750,7
MU9759,1
MU9759,2
MU9759,3
MU9759,4
MU9759,5
MU9759,6
MU9759,7
MU9769,1
MU9769,2
MU9769,3
MU9769,4
MU9769,5
MU9769,6
MU9769,7
MU9772,1
MU9772,2
MU9772,3
MU9772,4
MU9772,5
MU9772,6
MU9772,7
MU9775,1
MU9775,2
MU9775,3
MU9775,4
MU9775,5
MU9775,6
MU9775,7
MU9780,1
MU9780,3
MU9780,5
MU9780,7
MU9782,2
MU9782,4
MU9782,6
MU9786,1
MU9786,2
MU9786,3
MU9786,4
MU9786,5
MU9786,6
MU9786,7
MU9795,2
MU9795,4
MU9795,6
MU9799,1
MU9799,2
MU9799,3
MU9799,4
MU9799,5
MU9799,6
MU9799,7
MU9807,1
MU9807,3
MU9807,5
MU9807,7
MU9810,1
MU9810,2
MU9810,3
MU9810,4
MU9810,5
MU9810,6
MU9810,7
MU9819,1
MU9819,2
MU9819,3
MU9819,4
MU9819,5
MU9819,6
MU9819,7
MU9820,2
MU9820,4
MU9820,6
MU9823,2
MU9823,4
MU9823,6
MU9847,1
MU9847,3
MU9847,5
MU9847,7
MU9849,2
MU9849,4
MU9849,6
MU9853,1
MU9853,3
MU9853,5
MU9853,7
MU9859,1
MU9859,3
MU9859,5
MU9859,7
MU9870,1
MU9870,2
MU9870,3
MU9870,4
MU9870,5
MU9870,6
MU9870,7
MU9872,1
MU9872,2
MU9872,3
MU9872,4
MU9872,5
MU9872,6
MU9872,7
MU9874,1
MU9874,2
MU9874,3
MU9874,4
MU9874,5
MU9874,6
MU9874,7
MU9880,2
MU9880,4
MU9880,6
MU9881,1
MU9881,2
MU9881,3
MU9881,4
MU9881,5
MU9881,6
MU9881,7
MU9882,1
MU9882,2
MU9882,3
MU9882,4
MU9882,5
MU9882,6
MU9882,7
MU9884,1
MU9884,2
MU9884,3
MU9884,4
MU9884,5
MU9884,6
MU9884,7
MU9891,1
MU9891,2
MU9891,3
MU9891,4
MU9891,5
MU9891,6
MU9891,7
MU9895,2
MU9895,4
MU9895,6
MU9896,2
MU9896,4
MU9896,6
MU9897,1
MU9897,2
MU9897,3
MU9897,4
MU9897,5
MU9897,6
MU9897,7
MU9899,1
MU9899,2
MU9899,3
MU9899,4
MU9899,5
MU9899,6
MU9899,7
MU9909,1
MU9909,2
MU9909,3
MU9909,4
MU9909,5
MU9909,6
MU9909,7
MU9910,1
MU9910,3
MU9910,5
MU9910,7
MU9917,2
MU9917,4
MU9917,6
MU9920,1
MU9920,2
MU9920,3
MU9920,4
MU9920,5
MU9920,6
MU9920,7
MU9927,1
MU9927,2
MU9927,3
MU9927,4
MU9927,5
MU9927,6
MU9927,7
MU9930,1
MU9930,2
MU9930,3
MU9930,4
MU9930,5
MU9930,6
MU9930,7
MU9938,2
MU9938,4
MU9938,6
MU9943,1
MU9943,2
MU9943,3
MU9943,4
MU9943,5
MU9943,6
MU9943,7
MU9947,1
MU9947,2
MU9947,3
MU9947,4
MU9947,5
MU9947,6
MU9947,7
MU9955,1
MU9955,2
MU9955,3
MU9955,4
MU9955,5
MU9955,6
MU9955,7
MU9966,1
MU9966,2
MU9966,3
MU9966,4
MU9966,5
MU9966,6
MU9966,7
MU9967,1
MU9967,2
MU9967,3
MU9967,4
MU9967,5
MU9967,6
MU9967,7
MU9970,1
MU9970,2
MU9970,3
MU9970,4
MU9970,5
MU9970,6
MU9970,7
MU9973,1
MU9973,6
MU9978,2
MU9978,4
MU9978,6
MU9981,1
MU9981,2
MU9981,3
MU9981,4
MU9981,5
MU9981,6
MU9981,7
MU9985,1
MU9985,2
MU9985,3
MU9985,4
MU9985,5
MU9985,6
MU9985,7
MU9992,1
MU9992,2
MU9992,3
MU9992,4
MU9992,5
MU9992,6
MU9992,7
MU9999,2
MU9999,4
MU9999,6
