flight_no,scheduled_departure,scheduled_arrival,fuel_infra_fee,dep_airport_code,dep_terminal,arr_airport_code,arr_terminal,airline_code,aircraft_model
FM1035,14:35:00,18:27:00,70,XIY,T1,YNT,T3,FM,B738
FM1037,23:30:00,01:22:00,90,TFU,T1,HET,T2,FM,A319
FM1050,07:40:00,08:55:00,60,HUZ,T3,HFE,T2,FM,C919
FM1078,22:15:00,02:06:00,70,PEK,T2,CGO,T1,FM,ARJ21
FM1152,13:05:00,17:14:00,50,PVG,T2,TAO,T1,FM,ARJ21
FM1158,18:50:00,23:45:00,90,CTU,T1,PKX,T2,FM,B738
FM1168,21:30:00,01:29:00,70,PEK,T3,NTG,T2,FM,ARJ21
FM1189,14:25:00,16:49:00,70,XIY,T3,SHA,T1,FM,A320
FM1198,20:15:00,22:16:00,90,TFU,T3,ZUH,T1,FM,A321
FM1240,15:30:00,18:07:00,60,PEK,T2,WUH,T1,FM,C919
FM1260,15:15:00,20:12:00,70,CTU,T1,KHN,T3,FM,A320
FM1332,10:10:00,13:29:00,50,KWE,T2,XNN,T1,FM,A321
FM1334,18:45:00,23:36:00,70,TFU,T3,HFE,T3,FM,C919
FM1339,09:25:00,12:28:00,90,PEK,T2,SHA,T2,FM,A359
FM1356,16:10:00,21:11:00,50,TFU,T3,SZX,T3,FM,B789
FM1417,06:10:00,08:35:00,50,PVG,T2,INC,T1,FM,A359
FM1456,10:50:00,13:06:00,50,LYA,T1,WUH,T1,FM,C919
FM1458,08:40:00,11:53:00,70,CZX,T2,WEH,T1,FM,C919
FM1472,15:00:00,18:34:00,60,XIY,T1,YNT,T1,FM,A320
FM1479,15:20:00,18:28:00,70,SZX,T1,PVG,T1,FM,A319
FM1489,16:15:00,19:48:00,90,CTU,T1,NNG,T3,FM,C919
FM1496,07:45:00,11:33:00,90,YNT,T3,NTG,T1,FM,ARJ21
FM1521,14:15:00,17:43:00,90,XIY,T2,LYA,T3,FM,A321
FM1553,21:50:00,00:23:00,90,CAN,T2,KHN,T1,FM,ARJ21
FM1591,12:10:00,15:26:00,90,PKX,T3,NGB,T3,FM,B738
FM1616,19:40:00,00:14:00,50,XIY,T2,NKG,T3,FM,C919
FM1625,12:35:00,14:37:00,90,XIY,T2,SHA,T2,FM,A321
FM1653,11:40:00,14:18:00,60,PKX,T1,XIY,T1,FM,C919
FM1685,19:40:00,23:05:00,90,CTU,T3,FOC,T1,FM,A321
FM1732,09:20:00,11:17:00,70,PKX,T3,SYX,T3,FM,C919
FM1771,11:40:00,16:22:00,70,SZX,T2,PVG,T1,FM,A321
FM1774,12:45:00,16:09:00,60,WEH,T3,ZUH,T3,FM,A319
FM1824,15:55:00,17:57:00,90,YNT,T2,XIY,T1,FM,A319
FM1869,17:20:00,19:29:00,50,PKX,T3,ZUH,T2,FM,C919
FM1891,10:05:00,12:15:00,90,KMG,T1,YNT,T3,FM,A321
FM1894,18:20:00,20:09:00,90,CTU,T2,JJN,T1,FM,A319
FM1919,10:55:00,14:25:00,60,HGH,T1,SHE,T3,FM,ARJ21
FM1926,21:20:00,01:03:00,70,SHE,T2,NNG,T2,FM,B738
FM1927,22:20:00,01:38:00,90,TFU,T1,CAN,T3,FM,C919
FM1999,13:15:00,17:04:00,70,KMG,T2,XNN,T1,FM,ARJ21
FM2007,15:50:00,19:21:00,60,PKX,T3,NGB,T3,FM,A332
FM2016,17:10:00,21:35:00,50,KMG,T1,TFU,T1,FM,ARJ21
FM2039,06:10:00,09:21:00,50,PVG,T2,LXA,T3,FM,A319
FM2069,10:25:00,12:31:00,90,KHN,T2,TAO,T3,FM,A320
FM2082,17:30:00,21:50:00,50,CAN,T1,ZUH,T3,FM,C919
FM2118,10:10:00,12:20:00,90,PKX,T3,TSN,T3,FM,A319
FM2140,17:00:00,22:03:00,70,KWE,T1,WEH,T2,FM,A320
FM2152,23:50:00,03:33:00,70,CTU,T2,WEH,T1,FM,A319
FM2199,17:50:00,20:13:00,90,CAN,T1,PVG,T3,FM,A321
FM2215,18:35:00,20:26:00,60,WUX,T1,XUZ,T2,FM,A319
FM2251,16:20:00,19:37:00,50,CAN,T1,FOC,T2,FM,A320
FM2269,19:20:00,22:45:00,60,KMG,T1,WNZ,T1,FM,B738
FM2288,08:45:00,11:59:00,60,PVG,T2,HUZ,T3,FM,A332
FM2296,12:00:00,14:42:00,90,PKX,T2,KWL,T3,FM,ARJ21
FM2307,16:00:00,19:14:00,70,PKX,T1,CZX,T2,FM,ARJ21
FM2309,14:00:00,18:16:00,90,TFU,T3,FOC,T3,FM,B738
FM2312,11:30:00,16:00:00,60,KWE,T1,URC,T1,FM,A319
FM2337,21:15:00,01:13:00,50,PKX,T2,CGO,T2,FM,A320
FM2340,17:20:00,20:11:00,60,NKG,T3,LHW,T1,FM,B738
FM2376,21:20:00,00:10:00,70,PVG,T1,CSX,T3,FM,A359
FM2382,22:50:00,00:34:00,60,SHA,T2,PVG,T3,FM,A321
FM2438,18:10:00,22:27:00,70,XIY,T1,CZX,T1,FM,B738
FM2444,11:10:00,13:14:00,90,XIY,T1,ZUH,T3,FM,C919
FM2445,13:55:00,15:47:00,70,KMG,T1,WEH,T1,FM,A321
FM2447,17:35:00,22:39:00,90,TFU,T1,CZX,T2,FM,B738
FM2474,18:50:00,21:37:00,70,NTG,T2,TNA,T3,FM,A321
FM2509,21:45:00,00:40:00,60,PKX,T1,XMN,T1,FM,C919
FM2539,06:35:00,09:17:00,60,XMN,T3,LYA,T1,FM,C919
FM2554,22:20:00,00:36:00,90,SZX,T3,YTY,T3,FM,B738
FM2567,07:05:00,10:56:00,70,HGH,T2,URC,T1,FM,A319
FM2574,07:35:00,11:54:00,60,SZX,T1,CTU,T3,FM,A321
FM2582,08:10:00,12:32:00,70,PKX,T1,WNZ,T2,FM,A332
FM2586,11:35:00,16:00:00,50,KMG,T2,YTY,T1,FM,B738
FM2590,18:55:00,20:16:00,50,CTU,T1,CSX,T2,FM,A320
FM2618,15:40:00,20:00:00,60,SZX,T2,KWL,T1,FM,B738
FM2639,14:05:00,17:24:00,60,KMG,T1,LXA,T1,FM,A321
FM2649,14:00:00,16:23:00,70,URC,T2,WUH,T3,FM,A319
FM2678,10:15:00,12:59:00,70,PKX,T1,WEH,T3,FM,A321
FM2687,12:10:00,16:06:00,60,TFU,T2,DLC,T2,FM,A359
FM2692,09:05:00,13:06:00,70,SHE,T3,INC,T1,FM,C919
FM2731,13:50:00,16:28:00,50,KMG,T3,YTY,T2,FM,ARJ21
FM2753,15:25:00,18:38:00,70,CGO,T1,XNN,T2,FM,A321
FM2759,07:00:00,09:37:00,70,SZX,T3,TAO,T1,FM,ARJ21
FM2766,12:35:00,15:33:00,90,HUZ,T2,FOC,T3,FM,ARJ21
FM2856,13:00:00,17:39:00,90,PVG,T1,KMG,T1,FM,A319
FM2865,19:05:00,22:58:00,60,CTU,T3,WUH,T3,FM,B738
FM2925,07:50:00,11:58:00,70,LXA,T2,CZX,T1,FM,A320
FM2939,12:50:00,14:54:00,90,HFE,T2,HET,T2,FM,B789
FM2944,16:40:00,19:12:00,90,PEK,T1,TSN,T1,FM,B738
FM2962,12:15:00,16:32:00,90,SZX,T1,CSX,T2,FM,A319
FM3002,10:10:00,12:00:00,90,CTU,T1,SYX,T3,FM,A320
FM3008,21:45:00,02:19:00,70,PVG,T2,ZUH,T2,FM,B738
FM3013,18:30:00,22:26:00,50,TFU,T1,HAK,T2,FM,C919
FM3022,06:45:00,10:22:00,60,WUX,T1,CGO,T3,FM,A321
FM3034,19:05:00,20:50:00,70,SHA,T2,PKX,T2,FM,A321
FM3061,17:50:00,20:56:00,90,PKX,T1,HAK,T1,FM,A321
FM3096,09:25:00,11:10:00,60,HET,T1,KWL,T1,FM,A320
FM3132,18:30:00,23:15:00,90,NTG,T3,CKG,T2,FM,ARJ21
FM3139,15:50:00,17:49:00,50,SHA,T2,TAO,T2,FM,A333
FM3149,11:40:00,16:07:00,70,CTU,T3,TAO,T2,FM,C919
FM3163,14:35:00,19:31:00,60,JJN,T2,YNT,T3,FM,C919
FM3176,19:25:00,21:46:00,70,SZX,T2,FOC,T2,FM,A321
FM3199,13:15:00,16:27:00,60,YTY,T3,HAK,T2,FM,A320
FM3217,14:15:00,17:55:00,50,PKX,T2,WEH,T1,FM,A359
FM3223,06:35:00,09:54:00,70,CAN,T2,SHE,T3,FM,A320
FM3247,20:15:00,01:05:00,60,SZX,T1,YTY,T2,FM,A319
FM3255,12:25:00,15:37:00,60,CTU,T2,INC,T3,FM,A319
FM3290,06:45:00,09:14:00,70,TSN,T3,SHA,T2,FM,A332
FM3298,11:20:00,15:41:00,90,PVG,T3,TSN,T1,FM,A359
FM3333,20:25:00,23:55:00,70,PVG,T3,KWE,T1,FM,A321
FM3351,11:10:00,14:17:00,60,SZX,T2,KHN,T2,FM,ARJ21
FM3410,13:00:00,15:14:00,50,JJN,T3,WUH,T2,FM,A321
FM3447,13:10:00,16:36:00,50,SZX,T2,CTU,T3,FM,B738
FM3484,21:15:00,01:29:00,60,PKX,T1,YTY,T2,FM,A333
FM3492,09:30:00,13:41:00,60,PEK,T1,URC,T2,FM,A321
FM3509,14:15:00,16:26:00,90,PVG,T1,SHE,T1,FM,ARJ21
FM3517,21:10:00,01:06:00,70,PKX,T3,FOC,T2,FM,ARJ21
FM3537,18:35:00,19:43:00,70,NKG,T3,NGB,T1,FM,B738
FM3570,18:05:00,22:07:00,90,SZX,T2,HIA,T2,FM,ARJ21
FM3595,19:05:00,21:04:00,90,XIY,T3,XUZ,T2,FM,B738
FM3596,20:40:00,01:01:00,90,PVG,T2,SHE,T2,FM,B789
FM3611,10:15:00,14:55:00,90,PKX,T1,SYX,T2,FM,A319
FM3649,19:35:00,23:48:00,60,KMG,T2,CZX,T1,FM,ARJ21
FM3664,22:20:00,01:37:00,50,JJN,T1,CKG,T2,FM,ARJ21
FM3688,19:55:00,23:03:00,50,CAN,T3,HUZ,T3,FM,B738
FM3693,20:15:00,00:02:00,70,SZX,T1,YNT,T2,FM,A320
FM3694,09:45:00,14:51:00,50,NKG,T1,PVG,T3,FM,A320
FM3727,06:35:00,09:11:00,50,XIY,T1,JJN,T1,FM,A321
FM3728,21:00:00,01:29:00,90,XIY,T3,NTG,T1,FM,B738
FM3743,10:55:00,13:49:00,60,KMG,T1,LYA,T2,FM,A319
FM3744,16:40:00,18:51:00,90,CAN,T2,HAK,T2,FM,A319
FM3746,13:15:00,16:49:00,90,PVG,T1,URC,T1,FM,C919
FM3753,16:50:00,20:05:00,70,PKX,T1,CGO,T2,FM,A321
FM3770,21:30:00,02:36:00,70,SZX,T3,CSX,T2,FM,A319
FM3786,19:00:00,21:44:00,50,HUZ,T2,INC,T2,FM,A320
FM3844,19:55:00,22:30:00,90,KMG,T1,CTU,T2,FM,ARJ21
FM3870,09:05:00,11:09:00,60,NNG,T3,XIY,T1,FM,A321
FM3892,07:45:00,11:23:00,90,WNZ,T2,SZX,T2,FM,A321
FM3916,15:55:00,19:35:00,70,KHN,T1,JJN,T2,FM,ARJ21
FM3924,10:35:00,14:40:00,50,HET,T2,YNT,T1,FM,B738
FM3943,07:45:00,10:33:00,70,SYX,T3,HET,T2,FM,ARJ21
FM3973,10:40:00,15:08:00,90,PEK,T1,XMN,T3,FM,B738
FM3976,07:05:00,11:06:00,50,CKG,T2,XIY,T3,FM,A320
FM3981,11:40:00,15:23:00,50,PKX,T3,HRB,T2,FM,A321
FM4042,10:05:00,15:08:00,70,PEK,T3,XMN,T3,FM,C919
FM4050,11:10:00,13:47:00,60,PEK,T2,WEH,T2,FM,A320
FM4087,10:25:00,12:10:00,90,KMG,T2,KWL,T3,FM,ARJ21
FM4100,21:20:00,01:41:00,70,CAN,T2,HIA,T1,FM,A320
FM4122,22:10:00,00:23:00,90,CTU,T1,TAO,T2,FM,A320
FM4128,11:30:00,14:49:00,70,WNZ,T1,HFE,T2,FM,ARJ21
FM4155,17:55:00,22:46:00,60,XIY,T2,KWE,T3,FM,A321
FM4205,17:05:00,20:13:00,90,LXA,T3,PVG,T2,FM,A319
FM4229,19:40:00,23:48:00,60,PVG,T2,YTY,T1,FM,A321
FM4260,07:15:00,09:08:00,60,WEH,T2,KWL,T3,FM,A320
FM4263,18:55:00,22:27:00,70,JJN,T3,DLC,T2,FM,B738
FM4299,18:20:00,22:57:00,70,SZX,T1,HIA,T1,FM,B738
FM4301,09:00:00,12:11:00,90,KMG,T2,TAO,T2,FM,B738
FM4304,22:05:00,02:14:00,70,HRB,T3,SYX,T1,FM,C919
FM4310,08:55:00,13:45:00,50,SHA,T3,HGH,T3,FM,A332
FM4315,08:05:00,12:06:00,50,PKX,T1,LYA,T2,FM,B789
FM4318,06:20:00,08:02:00,60,SZX,T3,HAK,T3,FM,A319
FM4331,16:25:00,21:24:00,90,LXA,T2,XMN,T2,FM,B738
FM4343,18:25:00,21:57:00,90,XIY,T3,KMG,T1,FM,B738
FM4400,19:30:00,22:19:00,60,CKG,T1,NKG,T2,FM,B789
FM4441,21:05:00,00:07:00,70,CTU,T2,DLC,T1,FM,A320
FM4442,23:05:00,03:03:00,90,SYX,T3,CZX,T1,FM,A320
FM4456,06:35:00,10:04:00,70,HAK,T2,CGO,T3,FM,B738
FM4473,06:10:00,08:09:00,90,CTU,T3,TNA,T2,FM,A320
FM4561,08:50:00,10:36:00,90,KMG,T1,KWL,T2,FM,ARJ21
FM4585,15:25:00,19:08:00,90,LHW,T3,XIY,T2,FM,B738
FM4589,16:10:00,21:01:00,90,CTU,T1,SHE,T1,FM,A319
FM4608,21:20:00,00:27:00,60,SYX,T2,CAN,T2,FM,A321
FM4615,08:55:00,10:50:00,70,CTU,T3,TYN,T2,FM,ARJ21
FM4623,22:50:00,00:52:00,90,PEK,T1,PKX,T3,FM,A359
FM4636,23:35:00,03:06:00,70,PKX,T2,SHE,T2,FM,A321
FM4665,08:55:00,10:19:00,50,XIY,T1,XMN,T3,FM,B738
FM4720,08:35:00,13:11:00,50,HET,T2,SHA,T3,FM,A320
FM4729,08:25:00,12:57:00,60,SZX,T1,PVG,T2,FM,B789
FM4794,06:55:00,11:07:00,50,FOC,T1,TFU,T2,FM,A320
FM4808,12:00:00,16:20:00,60,CGO,T1,INC,T1,FM,B738
FM4851,17:00:00,22:05:00,90,HAK,T1,CSX,T1,FM,B738
FM4872,12:05:00,14:55:00,50,KMG,T3,TAO,T2,FM,A321
FM4893,21:15:00,23:46:00,50,SZX,T2,XNN,T1,FM,A319
FM4941,18:10:00,22:49:00,70,TFU,T1,DLC,T1,FM,A320
FM4957,12:40:00,15:30:00,60,YNT,T3,TFU,T1,FM,A319
FM4974,17:40:00,20:07:00,90,TFU,T3,HRB,T1,FM,B738
FM4984,08:30:00,10:32:00,60,TFU,T1,SZX,T1,FM,C919
FM4988,13:45:00,18:04:00,90,XNN,T3,WUX,T2,FM,C919
FM5067,10:40:00,13:25:00,50,SZX,T2,WNZ,T2,FM,ARJ21
FM5078,14:55:00,17:35:00,70,SZX,T2,HAK,T1,FM,B789
FM5099,14:05:00,18:44:00,90,CAN,T3,SHE,T2,FM,B738
FM5107,14:25:00,18:14:00,60,SZX,T2,TAO,T3,FM,B738
FM5154,12:55:00,16:04:00,50,PEK,T1,HET,T2,FM,B738
FM5160,18:00:00,20:19:00,70,SHE,T1,CZX,T2,FM,A319
FM5162,17:50:00,21:42:00,70,CSX,T1,PEK,T2,FM,A319
FM5177,10:35:00,13:05:00,50,SZX,T2,YNT,T1,FM,C919
FM5244,20:15:00,23:12:00,70,PKX,T2,URC,T2,FM,A319
FM5251,20:55:00,23:28:00,60,PEK,T2,KHN,T3,FM,C919
FM5266,21:35:00,02:27:00,70,PEK,T3,XMN,T2,FM,A321
FM5324,20:05:00,23:38:00,50,CAN,T2,INC,T2,FM,B738
FM5367,20:25:00,01:19:00,90,PKX,T3,FOC,T1,FM,B789
FM5370,17:50:00,19:27:00,70,CTU,T2,CKG,T3,FM,A320
FM5388,18:50:00,21:50:00,50,KMG,T2,LYA,T2,FM,C919
FM5405,23:05:00,03:02:00,70,CAN,T3,WNZ,T1,FM,C919
FM5457,11:40:00,15:07:00,60,FOC,T3,CSX,T3,FM,ARJ21
FM5462,08:40:00,12:45:00,50,PVG,T3,KWE,T1,FM,A332
FM5496,06:50:00,09:19:00,60,SHA,T2,ZUH,T3,FM,A319
FM5498,21:00:00,23:51:00,70,KMG,T2,TFU,T3,FM,B738
FM5574,21:15:00,01:55:00,90,TFU,T3,LHW,T1,FM,B738
FM5602,08:30:00,12:12:00,70,PVG,T3,ZUH,T3,FM,A319
FM5645,20:00:00,22:16:00,70,HGH,T2,XIY,T3,FM,B738
FM5691,21:05:00,00:37:00,50,LXA,T3,HUZ,T3,FM,A321
FM5693,17:55:00,20:01:00,90,XIY,T3,KHN,T1,FM,ARJ21
FM5728,18:30:00,21:57:00,50,WUX,T1,CKG,T1,FM,A321
FM5743,13:35:00,15:37:00,60,PKX,T3,WEH,T3,FM,B738
FM5744,08:25:00,12:33:00,50,KHN,T2,XIY,T3,FM,A321
FM5769,19:10:00,21:03:00,70,SHA,T2,CKG,T3,FM,A359
FM5777,15:35:00,19:09:00,70,KMG,T3,HAK,T3,FM,B738
FM5782,15:30:00,20:35:00,90,KMG,T2,DLC,T1,FM,A319
FM5787,06:35:00,11:38:00,60,ZUH,T1,SHE,T1,FM,C919
FM5820,14:40:00,16:52:00,70,PKX,T2,KHN,T1,FM,ARJ21
FM5822,10:35:00,12:56:00,60,TFU,T2,HAK,T3,FM,C919
FM5841,08:55:00,11:39:00,50,CTU,T1,HET,T2,FM,A333
FM5854,13:45:00,18:22:00,60,XIY,T2,TAO,T1,FM,A320
FM5863,17:25:00,22:13:00,70,PVG,T2,TAO,T2,FM,B738
FM5882,16:10:00,19:54:00,60,SHA,T1,XUZ,T1,FM,ARJ21
FM5886,19:55:00,00:30:00,90,PVG,T1,HET,T1,FM,A319
FM5891,17:30:00,20:15:00,60,TFU,T2,WUH,T2,FM,ARJ21
FM5908,22:35:00,02:04:00,70,PEK,T2,NGB,T2,FM,A321
FM5910,09:50:00,12:05:00,60,SZX,T1,WUX,T2,FM,ARJ21
FM5915,16:55:00,21:05:00,50,XIY,T2,CAN,T2,FM,ARJ21
FM5916,15:00:00,16:34:00,50,PKX,T2,PVG,T3,FM,A319
FM5961,10:45:00,14:58:00,60,SHA,T3,KHN,T1,FM,A320
FM6056,08:20:00,10:05:00,60,CAN,T3,SYX,T1,FM,A333
FM6095,15:30:00,18:46:00,60,CTU,T2,TYN,T3,FM,B738
FM6140,22:05:00,23:59:00,60,NKG,T1,KWE,T3,FM,A359
FM6149,16:20:00,19:17:00,50,PKX,T3,NKG,T1,FM,ARJ21
FM6183,13:40:00,15:40:00,70,PVG,T3,CZX,T1,FM,ARJ21
FM6209,19:05:00,22:26:00,90,KMG,T3,HGH,T2,FM,A321
FM6260,16:55:00,21:49:00,90,KWL,T1,TSN,T2,FM,A333
FM6294,11:20:00,15:11:00,90,PKX,T3,HIA,T1,FM,C919
FM6312,23:25:00,02:38:00,90,PVG,T1,CTU,T3,FM,A320
FM6325,20:25:00,22:56:00,50,CAN,T3,WUX,T3,FM,A320
FM6364,11:50:00,15:10:00,50,CAN,T3,ZUH,T3,FM,A332
FM6385,10:20:00,12:04:00,60,PVG,T3,TYN,T3,FM,A359
FM6386,14:05:00,17:59:00,60,PKX,T1,CKG,T1,FM,ARJ21
FM6408,23:30:00,01:34:00,90,TFU,T3,NTG,T1,FM,A321
FM6429,20:25:00,22:15:00,90,DLC,T1,CKG,T3,FM,B738
FM6456,23:30:00,02:34:00,90,HFE,T1,SHE,T3,FM,A320
FM6470,09:40:00,14:21:00,70,SHA,T3,HIA,T3,FM,A320
FM6510,06:45:00,10:58:00,90,PVG,T1,CZX,T1,FM,A359
FM6516,10:55:00,15:37:00,90,KMG,T1,LYA,T1,FM,A320
FM6527,16:10:00,19:01:00,70,KHN,T3,WUX,T2,FM,B738
FM6546,13:25:00,17:47:00,60,PKX,T3,NNG,T3,FM,A321
FM6548,08:35:00,11:22:00,90,PKX,T3,ZUH,T2,FM,A320
FM6560,16:50:00,19:51:00,70,NTG,T3,CSX,T3,FM,C919
FM6607,06:40:00,11:48:00,60,XUZ,T2,CKG,T2,FM,B738
FM6628,10:45:00,14:29:00,90,KWL,T3,XNN,T2,FM,C919
FM6645,15:20:00,19:09:00,70,WUH,T1,SHE,T2,FM,C919
FM6664,12:20:00,15:18:00,70,KMG,T3,NGB,T3,FM,B738
FM6672,07:30:00,12:24:00,90,CAN,T3,WEH,T1,FM,A321
FM6708,10:50:00,14:22:00,70,SHA,T3,TSN,T3,FM,B738
FM6726,14:15:00,17:17:00,90,WUH,T1,PEK,T2,FM,A333
FM6753,13:30:00,16:46:00,50,SHA,T3,DLC,T2,FM,A320
FM6766,21:10:00,23:12:00,60,PEK,T1,DLC,T2,FM,A359
FM6805,10:20:00,15:20:00,50,PKX,T1,DLC,T3,FM,A359
FM6842,12:00:00,14:25:00,90,SZX,T2,NNG,T3,FM,A321
FM6885,17:25:00,22:14:00,70,ZUH,T3,NTG,T3,FM,B738
FM6962,13:30:00,17:51:00,70,PEK,T1,YTY,T1,FM,ARJ21
FM7041,14:50:00,18:42:00,90,CTU,T3,LHW,T1,FM,A321
FM7044,07:25:00,09:48:00,90,PKX,T2,FOC,T3,FM,A320
FM7050,12:40:00,14:12:00,50,CAN,T2,CZX,T3,FM,A320
FM7062,14:20:00,18:06:00,50,KMG,T2,SZX,T2,FM,A321
FM7063,18:15:00,21:50:00,70,HUZ,T1,TNA,T3,FM,C919
FM7100,15:45:00,20:06:00,60,PKX,T2,JJN,T3,FM,A319
FM7104,12:55:00,17:56:00,70,PVG,T3,HUZ,T3,FM,A320
FM7116,19:00:00,23:17:00,50,XIY,T3,LXA,T1,FM,A321
FM7153,14:35:00,18:18:00,60,HFE,T1,NGB,T3,FM,C919
FM7187,18:35:00,21:51:00,60,SZX,T2,CGO,T1,FM,C919
FM7205,22:10:00,00:03:00,60,CTU,T3,NTG,T2,FM,A321
FM7207,07:35:00,10:54:00,70,CTU,T2,PEK,T2,FM,A321
FM7208,18:55:00,20:48:00,70,CGO,T2,CZX,T2,FM,B738
FM7228,06:00:00,08:25:00,50,SHA,T1,KHN,T1,FM,B789
FM7237,12:40:00,14:04:00,50,KMG,T1,KWE,T3,FM,ARJ21
FM7250,20:30:00,23:02:00,70,XUZ,T3,HAK,T3,FM,A321
FM7278,22:05:00,02:41:00,90,HAK,T2,TAO,T3,FM,A359
FM7316,19:05:00,22:58:00,50,XIY,T1,URC,T2,FM,A333
FM7328,16:20:00,18:55:00,90,SHA,T1,LXA,T2,FM,A320
FM7343,18:40:00,20:22:00,60,HFE,T2,LHW,T1,FM,B738
FM7407,16:20:00,19:08:00,50,SZX,T1,CKG,T3,FM,A321
FM7426,15:30:00,18:07:00,60,HGH,T2,NGB,T2,FM,C919
FM7432,09:00:00,10:44:00,50,CTU,T3,CAN,T1,FM,A319
FM7439,13:00:00,15:26:00,90,KMG,T1,FOC,T2,FM,A320
FM7499,23:35:00,02:14:00,70,XIY,T1,CTU,T3,FM,A359
FM7500,10:15:00,13:38:00,90,TFU,T1,HFE,T2,FM,A321
FM7523,08:05:00,12:46:00,70,WEH,T1,LHW,T2,FM,A332
FM7541,14:50:00,19:50:00,60,FOC,T3,XMN,T2,FM,A319
FM7545,11:10:00,14:45:00,60,CAN,T2,HFE,T3,FM,A321
FM7553,18:05:00,22:34:00,50,TFU,T3,SHE,T1,FM,A319
FM7556,09:00:00,12:55:00,90,PEK,T3,LYA,T2,FM,A319
FM7560,13:20:00,17:54:00,70,SZX,T1,LYA,T3,FM,ARJ21
FM7583,16:40:00,20:05:00,50,PEK,T2,LHW,T1,FM,A319
FM7614,13:05:00,18:06:00,60,SHA,T2,WUH,T2,FM,B789
FM7641,15:45:00,18:03:00,70,PKX,T2,LXA,T2,FM,A320
FM7668,07:45:00,11:40:00,90,CTU,T2,SHE,T2,FM,A321
FM7689,06:10:00,10:29:00,90,SHA,T3,XMN,T1,FM,B738
FM7707,23:10:00,03:31:00,60,TSN,T3,SYX,T3,FM,A319
FM7722,15:15:00,16:57:00,70,TFU,T1,WUX,T2,FM,ARJ21
FM7727,18:40:00,20:51:00,60,KMG,T1,LYA,T1,FM,A319
FM7731,09:30:00,11:36:00,60,TFU,T1,WNZ,T3,FM,ARJ21
FM7750,19:15:00,23:20:00,90,NTG,T2,ZUH,T1,FM,A321
FM7753,08:10:00,09:48:00,60,KMG,T1,KWE,T2,FM,C919
FM7788,09:25:00,12:55:00,60,TFU,T1,KMG,T2,FM,A320
FM7794,12:25:00,16:03:00,70,TFU,T2,INC,T1,FM,C919
FM7837,17:20:00,19:55:00,60,SHA,T1,KWL,T3,FM,A359
FM7867,08:40:00,11:05:00,70,KMG,T3,WNZ,T1,FM,A319
FM7887,15:15:00,18:03:00,70,PKX,T2,KMG,T1,FM,A321
FM7904,11:30:00,13:53:00,90,HRB,T3,LHW,T2,FM,A320
FM7906,19:45:00,22:31:00,70,TFU,T1,KMG,T3,FM,C919
FM7912,07:40:00,12:39:00,90,PVG,T2,WUH,T2,FM,B789
FM7922,21:25:00,00:45:00,70,PVG,T3,CAN,T1,FM,B738
FM7927,23:30:00,04:15:00,90,PKX,T1,XUZ,T3,FM,A321
FM7931,13:50:00,17:07:00,70,SYX,T3,WEH,T1,FM,C919
FM7940,18:00:00,20:07:00,60,CAN,T2,CGO,T2,FM,ARJ21
FM7961,07:45:00,10:24:00,70,XIY,T2,HUZ,T2,FM,C919
FM8031,19:15:00,23:31:00,60,PEK,T3,SZX,T1,FM,A320
FM8042,16:55:00,20:33:00,50,CGO,T2,XIY,T3,FM,C919
FM8064,22:40:00,00:56:00,60,TYN,T1,FOC,T1,FM,A319
FM8070,20:40:00,23:55:00,60,CSX,T1,NTG,T3,FM,A321
FM8105,07:45:00,12:23:00,50,YTY,T2,KWL,T1,FM,A321
FM8112,19:30:00,23:52:00,90,PKX,T3,NNG,T3,FM,B738
FM8192,14:25:00,18:20:00,70,SZX,T1,HET,T1,FM,B738
FM8197,09:15:00,11:41:00,90,PKX,T1,TYN,T3,FM,B738
FM8225,15:20:00,17:59:00,50,KMG,T1,HET,T1,FM,ARJ21
FM8234,12:50:00,15:05:00,70,CTU,T3,HIA,T3,FM,B738
FM8282,16:05:00,19:51:00,60,HRB,T3,CGO,T1,FM,A319
FM8293,07:45:00,09:41:00,70,DLC,T2,HET,T3,FM,B738
FM8349,13:40:00,17:52:00,70,YNT,T3,FOC,T2,FM,A320
FM8357,17:20:00,22:13:00,90,CTU,T1,HET,T1,FM,A320
FM8373,20:00:00,22:48:00,90,KWL,T3,WNZ,T2,FM,A320
FM8394,13:15:00,18:02:00,50,SHA,T3,TFU,T1,FM,B789
FM8423,10:45:00,14:28:00,70,XIY,T2,CSX,T2,FM,ARJ21
FM8432,22:55:00,02:52:00,60,KMG,T3,SHE,T2,FM,A321
FM8440,12:45:00,14:53:00,50,TSN,T3,CZX,T3,FM,B738
FM8443,13:55:00,15:00:00,60,SZX,T2,SHE,T1,FM,A359
FM8456,17:55:00,21:47:00,60,XIY,T1,CAN,T3,FM,A320
FM8471,18:10:00,22:53:00,70,NNG,T1,SZX,T2,FM,B738
FM8473,10:35:00,15:30:00,60,TFU,T1,HIA,T3,FM,ARJ21
FM8504,14:05:00,17:25:00,90,PVG,T2,NNG,T1,FM,A321
FM8606,19:45:00,21:04:00,90,CKG,T1,CTU,T1,FM,A320
FM8671,12:50:00,15:21:00,70,KMG,T1,XMN,T2,FM,ARJ21
FM8678,06:30:00,09:45:00,50,PVG,T2,INC,T3,FM,B789
FM8679,11:00:00,15:55:00,70,KHN,T1,NKG,T3,FM,A319
FM8696,09:35:00,11:42:00,60,NNG,T2,CAN,T1,FM,A359
FM8710,18:30:00,20:35:00,70,JJN,T1,WUX,T2,FM,A333
FM8725,09:55:00,13:18:00,90,SHA,T3,TFU,T3,FM,ARJ21
FM8734,08:45:00,10:44:00,50,HRB,T3,HET,T2,FM,A319
FM8810,15:20:00,18:15:00,90,CTU,T2,KWE,T1,FM,ARJ21
FM8858,13:55:00,15:34:00,50,KWL,T2,KMG,T1,FM,A321
FM8865,10:40:00,15:42:00,90,FOC,T1,WEH,T3,FM,B789
FM8884,22:45:00,01:44:00,90,INC,T2,YNT,T3,FM,A319
FM8889,19:35:00,00:13:00,50,XIY,T3,CKG,T3,FM,A319
FM8903,08:00:00,12:43:00,60,CTU,T2,PVG,T3,FM,C919
FM8911,20:25:00,01:19:00,90,PKX,T3,KWL,T1,FM,ARJ21
FM8913,06:35:00,08:11:00,50,CAN,T3,CTU,T2,FM,C919
FM8926,12:15:00,14:02:00,90,TAO,T3,WNZ,T2,FM,B738
FM8935,18:10:00,22:59:00,70,CAN,T2,ZUH,T2,FM,A321
FM8988,19:45:00,21:06:00,70,PVG,T2,PKX,T3,FM,A319
FM9017,15:45:00,18:07:00,70,TAO,T1,WEH,T2,FM,A359
FM9033,14:25:00,19:07:00,70,XIY,T2,LXA,T1,FM,B738
FM9057,20:20:00,01:00:00,60,TFU,T3,HUZ,T1,FM,A333
FM9077,14:55:00,17:06:00,70,TFU,T1,HIA,T3,FM,B738
FM9106,16:35:00,21:07:00,90,SHA,T3,URC,T1,FM,A359
FM9122,07:30:00,09:49:00,90,PEK,T1,HUZ,T2,FM,B738
FM9130,09:25:00,11:22:00,70,PKX,T1,TYN,T1,FM,A319
FM9179,21:30:00,23:25:00,50,PEK,T2,NGB,T2,FM,A321
FM9202,12:50:00,15:07:00,90,HAK,T2,KWE,T3,FM,A321
FM9203,11:45:00,15:29:00,70,PEK,T2,TNA,T1,FM,ARJ21
FM9218,21:30:00,01:52:00,90,URC,T2,NNG,T1,FM,B738
FM9232,16:00:00,20:59:00,50,SHA,T2,NKG,T3,FM,ARJ21
FM9244,11:55:00,14:27:00,90,XIY,T3,SHE,T1,FM,C919
FM9249,14:15:00,17:25:00,50,PVG,T2,CTU,T1,FM,A333
FM9260,21:25:00,23:34:00,70,SHA,T1,SZX,T1,FM,A333
FM9284,11:05:00,14:41:00,60,CAN,T3,XNN,T2,FM,B789
FM9308,09:10:00,13:57:00,60,PVG,T3,TYN,T2,FM,B789
FM9315,09:00:00,10:40:00,90,HUZ,T2,NKG,T1,FM,A319
FM9337,12:25:00,16:02:00,50,TFU,T2,CKG,T3,FM,A320
FM9348,20:20:00,23:29:00,60,XIY,T2,CGO,T1,FM,A321
FM9356,08:40:00,12:35:00,50,XIY,T2,HAK,T1,FM,ARJ21
FM9358,16:00:00,19:20:00,50,XIY,T1,PEK,T3,FM,A319
FM9384,11:50:00,14:31:00,60,TFU,T2,WNZ,T1,FM,C919
FM9461,06:50:00,10:05:00,90,SHA,T1,KWE,T3,FM,A319
FM9479,08:55:00,12:32:00,60,SZX,T2,HGH,T3,FM,B738
FM9499,17:30:00,21:36:00,90,PKX,T3,TYN,T1,FM,B738
FM9510,14:25:00,17:12:00,90,TFU,T1,ZUH,T3,FM,A321
FM9542,16:25:00,21:01:00,50,SHA,T2,KHN,T3,FM,A359
FM9561,22:05:00,01:41:00,90,KMG,T1,JJN,T2,FM,ARJ21
FM9611,14:40:00,19:20:00,90,PKX,T1,HRB,T2,FM,A319
FM9617,20:50:00,22:50:00,60,KMG,T3,HUZ,T2,FM,ARJ21
FM9659,08:55:00,13:29:00,60,SHA,T3,FOC,T3,FM,A321
FM9698,14:00:00,17:20:00,60,SZX,T1,NGB,T2,FM,A320
FM9703,11:05:00,15:20:00,60,SZX,T3,TNA,T1,FM,A359
FM9705,06:05:00,10:25:00,90,XNN,T3,CAN,T3,FM,ARJ21
FM9726,10:50:00,12:59:00,90,XIY,T3,XNN,T3,FM,A319
FM9741,16:50:00,21:40:00,60,PVG,T2,CTU,T3,FM,A321
FM9755,10:10:00,11:57:00,90,SHA,T2,XUZ,T2,FM,A321
FM9757,17:45:00,19:38:00,60,XIY,T2,KWL,T1,FM,C919
FM9787,14:40:00,17:47:00,60,PVG,T3,CKG,T3,FM,A359
FM9810,20:25:00,22:57:00,90,SHA,T3,XIY,T1,FM,C919
FM9862,06:05:00,10:48:00,70,PKX,T3,KWE,T3,FM,B738
FM9865,13:30:00,16:21:00,60,CTU,T2,JJN,T2,FM,ARJ21
FM9870,23:20:00,00:44:00,70,KMG,T2,KHN,T3,FM,C919
FM9913,16:50:00,20:47:00,50,PEK,T2,URC,T3,FM,A321
FM9933,17:50:00,22:25:00,60,CTU,T2,NNG,T3,FM,A321
FM9992,14:45:00,16:50:00,50,TNA,T3,YTY,T2,FM,C919
FM9996,14:20:00,16:46:00,90,URC,T3,NKG,T2,FM,ARJ21
MU1004,18:20:00,20:54:00,60,SZX,T3,TYN,T3,MU,A320
MU1017,08:40:00,10:02:00,60,KMG,T1,KWE,T3,MU,A321
MU1020,13:15:00,16:40:00,90,SZX,T2,PVG,T1,MU,B789
MU1022,11:45:00,14:17:00,90,PKX,T1,SHE,T3,MU,A321
MU1026,18:25:00,20:41:00,70,XIY,T3,YTY,T2,MU,A320
MU1037,11:40:00,15:00:00,50,XIY,T2,INC,T3,MU,C919
MU1044,17:55:00,22:46:00,50,SZX,T1,XNN,T3,MU,A319
MU1048,15:45:00,19:54:00,60,KWL,T2,LYA,T2,MU,ARJ21
MU1051,17:05:00,22:12:00,90,PKX,T1,WUX,T1,MU,C919
MU1062,21:35:00,00:24:00,60,TNA,T3,LXA,T1,MU,C919
MU1068,15:50:00,18:22:00,50,JJN,T1,KHN,T2,MU,B738
MU1071,08:35:00,12:29:00,50,KMG,T2,CZX,T3,MU,C919
MU1073,19:45:00,23:09:00,60,PVG,T2,HUZ,T3,MU,ARJ21
MU1075,20:30:00,00:01:00,70,PVG,T1,HGH,T3,MU,A333
MU1091,19:25:00,23:47:00,70,TYN,T2,FOC,T3,MU,B738
MU1096,07:45:00,09:38:00,70,CTU,T3,WUX,T1,MU,A320
MU1097,15:25:00,20:30:00,70,PVG,T1,KWE,T1,MU,A332
MU1099,09:35:00,14:26:00,50,XIY,T3,KWE,T1,MU,A321
MU1104,20:55:00,22:44:00,50,PKX,T1,LYA,T3,MU,B738
MU1107,12:55:00,17:45:00,70,XIY,T1,NNG,T3,MU,ARJ21
MU1109,13:35:00,15:47:00,60,PKX,T2,ZUH,T1,MU,ARJ21
MU1115,07:05:00,09:33:00,60,HFE,T3,YTY,T2,MU,A319
MU1119,16:40:00,19:35:00,90,NGB,T1,KMG,T3,MU,B789
MU1126,06:20:00,09:53:00,50,PVG,T3,NNG,T3,MU,ARJ21
MU1134,13:00:00,17:48:00,70,PVG,T2,CZX,T2,MU,A320
MU1135,08:05:00,12:30:00,60,HGH,T3,XMN,T3,MU,B738
MU1140,15:15:00,16:56:00,50,PVG,T2,PEK,T1,MU,A359
MU1142,06:40:00,08:33:00,50,PKX,T3,LYA,T2,MU,C919
MU1143,23:30:00,03:47:00,70,PEK,T3,TNA,T2,MU,ARJ21
MU1148,19:35:00,22:01:00,70,PKX,T1,WUX,T2,MU,A333
MU1153,22:15:00,01:14:00,50,LHW,T1,NKG,T3,MU,C919
MU1170,12:50:00,15:34:00,60,SHA,T1,HRB,T3,MU,A359
MU1171,22:00:00,01:29:00,50,CTU,T2,KWL,T2,MU,ARJ21
MU1175,14:20:00,18:45:00,60,KWE,T2,WEH,T2,MU,ARJ21
MU1187,07:50:00,09:16:00,90,CAN,T2,CZX,T3,MU,A319
MU1190,21:00:00,00:26:00,70,KMG,T3,LYA,T1,MU,A321
MU1199,06:25:00,08:24:00,70,KMG,T2,KWL,T1,MU,ARJ21
MU1203,20:50:00,01:05:00,90,CTU,T3,HGH,T3,MU,A319
MU1215,08:25:00,11:46:00,90,PVG,T2,HUZ,T1,MU,B738
MU1217,12:50:00,16:31:00,70,PVG,T3,WUH,T2,MU,A333
MU1226,19:00:00,23:35:00,90,CAN,T3,XNN,T1,MU,A319
MU1242,18:55:00,22:40:00,50,TSN,T2,WEH,T2,MU,A320
MU1243,06:15:00,09:23:00,90,CTU,T3,PEK,T1,MU,B738
MU1248,22:00:00,02:23:00,60,PVG,T2,KWL,T1,MU,ARJ21
MU1257,23:40:00,03:16:00,60,KMG,T2,NTG,T2,MU,C919
MU1268,20:15:00,22:53:00,70,SHA,T2,INC,T1,MU,C919
MU1270,11:00:00,15:56:00,50,XIY,T3,WUX,T3,MU,A321
MU1274,16:50:00,20:37:00,50,SYX,T3,KHN,T1,MU,B738
MU1275,23:35:00,02:25:00,50,LYA,T3,SZX,T2,MU,A319
MU1276,22:55:00,03:43:00,90,PEK,T1,LYA,T2,MU,ARJ21
MU1282,22:55:00,02:18:00,60,SHA,T2,WEH,T2,MU,B738
MU1289,15:15:00,16:57:00,60,PKX,T2,WUX,T3,MU,A332
MU1292,21:10:00,01:15:00,50,CAN,T3,WUH,T3,MU,B738
MU1298,23:10:00,01:12:00,50,PKX,T1,SYX,T3,MU,A332
MU1319,18:15:00,21:32:00,50,SZX,T2,CZX,T2,MU,A319
MU1323,22:00:00,01:04:00,60,XIY,T3,URC,T3,MU,A321
MU1325,10:45:00,14:52:00,70,TFU,T3,SZX,T1,MU,ARJ21
MU1326,09:40:00,13:02:00,60,YTY,T2,HAK,T3,MU,ARJ21
MU1328,22:15:00,03:24:00,90,PKX,T3,CAN,T2,MU,B738
MU1334,14:40:00,19:14:00,50,TFU,T3,XUZ,T3,MU,ARJ21
MU1338,23:10:00,04:17:00,50,PVG,T2,XIY,T3,MU,A321
MU1345,10:35:00,15:39:00,90,CKG,T2,WNZ,T1,MU,A319
MU1346,06:45:00,09:52:00,50,PVG,T3,HUZ,T1,MU,A333
MU1353,13:35:00,17:57:00,60,CTU,T3,KWE,T2,MU,ARJ21
MU1370,12:20:00,15:36:00,90,PEK,T3,HET,T3,MU,A319
MU1371,06:35:00,10:39:00,50,XIY,T1,SYX,T1,MU,B738
MU1379,20:30:00,01:40:00,70,WEH,T1,SZX,T1,MU,A359
MU1382,19:10:00,21:16:00,50,SHA,T2,HUZ,T2,MU,A332
MU1397,16:40:00,21:17:00,90,SZX,T1,TYN,T3,MU,A332
MU1398,16:25:00,21:23:00,50,SYX,T1,HRB,T2,MU,A332
MU1404,12:45:00,17:32:00,70,PEK,T2,WUH,T2,MU,B738
MU1416,06:10:00,09:54:00,60,SZX,T1,TAO,T1,MU,B738
MU1420,17:40:00,22:43:00,90,SZX,T2,CAN,T3,MU,B738
MU1423,23:40:00,04:01:00,60,KHN,T1,YTY,T1,MU,ARJ21
MU1425,12:25:00,14:52:00,60,CAN,T1,JJN,T3,MU,C919
MU1427,16:35:00,21:10:00,50,PEK,T2,WEH,T3,MU,C919
MU1428,08:10:00,11:18:00,60,KMG,T1,SYX,T3,MU,A320
MU1429,14:10:00,16:30:00,60,HIA,T2,SHE,T1,MU,A320
MU1430,18:10:00,21:35:00,90,KMG,T3,SHE,T1,MU,A319
MU1431,08:10:00,10:28:00,90,KMG,T1,FOC,T1,MU,ARJ21
MU1434,11:55:00,14:54:00,60,CTU,T3,NGB,T2,MU,C919
MU1446,06:20:00,10:11:00,60,KMG,T3,HRB,T3,MU,A321
MU1452,10:35:00,12:28:00,70,HGH,T2,CGO,T1,MU,ARJ21
MU1456,23:30:00,02:43:00,70,KMG,T1,NGB,T3,MU,ARJ21
MU1457,11:30:00,15:30:00,60,HFE,T3,SHE,T1,MU,A319
MU1461,22:35:00,01:13:00,90,SHA,T3,HET,T3,MU,B789
MU1464,09:10:00,13:26:00,60,SHA,T1,TNA,T1,MU,A333
MU1466,15:35:00,18:49:00,60,SHA,T1,HIA,T2,MU,B789
MU1476,20:25:00,23:21:00,50,SZX,T2,XIY,T2,MU,A333
MU1478,19:00:00,21:10:00,60,SHA,T2,HIA,T2,MU,ARJ21
MU1485,10:35:00,12:36:00,60,WUH,T3,HFE,T2,MU,A321
MU1487,18:15:00,20:11:00,50,CTU,T2,PVG,T2,MU,A332
MU1499,08:25:00,12:56:00,70,SZX,T1,TYN,T3,MU,A321
MU1526,19:40:00,22:42:00,50,PEK,T2,HIA,T1,MU,A320
MU1532,08:40:00,13:29:00,60,SHA,T3,XUZ,T3,MU,A333
MU1534,06:55:00,10:02:00,50,PVG,T2,SZX,T1,MU,A332
MU1540,18:00:00,20:13:00,50,PVG,T2,DLC,T3,MU,B738
MU1541,08:30:00,12:51:00,90,TFU,T3,KWE,T2,MU,C919
MU1547,19:55:00,23:41:00,50,XIY,T2,CKG,T3,MU,A320
MU1551,21:55:00,03:03:00,70,SHA,T3,TSN,T2,MU,C919
MU1552,19:20:00,22:12:00,60,SHA,T3,PEK,T3,MU,B738
MU1556,07:20:00,12:02:00,60,KMG,T3,PKX,T1,MU,A321
MU1558,12:30:00,14:13:00,70,PKX,T3,KHN,T2,MU,C919
MU1559,12:45:00,17:10:00,60,CTU,T3,HRB,T1,MU,A320
MU1571,20:35:00,01:44:00,70,PKX,T2,CZX,T3,MU,A320
MU1573,12:45:00,15:38:00,70,TFU,T2,YNT,T1,MU,A320
MU1574,18:15:00,20:01:00,90,KMG,T2,HUZ,T1,MU,C919
MU1579,20:50:00,22:46:00,50,PVG,T2,TYN,T3,MU,A321
MU1583,22:15:00,00:04:00,50,SZX,T2,HGH,T1,MU,A319
MU1586,11:45:00,16:17:00,60,WUH,T1,HIA,T2,MU,C919
MU1596,10:45:00,11:52:00,90,CTU,T1,CZX,T3,MU,A319
MU1597,13:40:00,16:56:00,90,XIY,T2,KMG,T3,MU,C919
MU1598,14:05:00,16:01:00,60,NNG,T2,YNT,T2,MU,ARJ21
MU1607,16:35:00,19:30:00,60,XIY,T1,CAN,T2,MU,C919
MU1609,21:05:00,23:26:00,60,CTU,T2,TAO,T1,MU,B738
MU1618,08:35:00,10:19:00,90,NKG,T3,HUZ,T3,MU,A319
MU1621,10:20:00,12:14:00,90,PEK,T1,JJN,T3,MU,ARJ21
MU1629,15:25:00,20:28:00,60,XIY,T3,PKX,T3,MU,A319
MU1631,14:05:00,17:22:00,50,XIY,T3,CZX,T3,MU,C919
MU1633,18:45:00,22:04:00,50,LHW,T3,DLC,T1,MU,A319
MU1635,23:15:00,01:47:00,70,CKG,T2,NTG,T3,MU,A320
MU1644,07:35:00,12:07:00,70,SHA,T3,FOC,T1,MU,ARJ21
MU1657,15:45:00,20:02:00,70,SHA,T2,TSN,T1,MU,A359
MU1659,16:05:00,21:03:00,90,LXA,T2,CAN,T1,MU,A333
MU1660,14:50:00,18:01:00,60,WNZ,T2,CGO,T2,MU,C919
MU1664,21:35:00,02:13:00,90,PKX,T1,KWE,T2,MU,A321
MU1666,10:15:00,15:05:00,50,TFU,T3,LHW,T3,MU,ARJ21
MU1667,09:25:00,14:12:00,90,XIY,T1,HRB,T2,MU,B738
MU1678,18:10:00,20:04:00,70,LXA,T2,INC,T3,MU,A320
MU1679,06:05:00,08:18:00,50,SHA,T2,HET,T3,MU,A320
MU1680,06:35:00,10:47:00,90,KWL,T1,NGB,T2,MU,C919
MU1683,16:45:00,20:42:00,50,KMG,T2,DLC,T2,MU,B738
MU1685,08:35:00,11:21:00,50,KMG,T3,HAK,T1,MU,ARJ21
MU1696,20:30:00,01:16:00,60,INC,T3,CKG,T1,MU,C919
MU1713,07:15:00,10:31:00,70,INC,T1,HET,T3,MU,C919
MU1722,09:25:00,13:22:00,60,DLC,T3,WNZ,T3,MU,A319
MU1742,15:55:00,18:56:00,70,PKX,T3,XMN,T1,MU,B789
MU1753,11:00:00,12:37:00,70,SHA,T3,SZX,T2,MU,ARJ21
MU1763,08:55:00,13:12:00,60,CKG,T2,ZUH,T3,MU,ARJ21
MU1774,08:50:00,13:34:00,50,PKX,T1,HGH,T2,MU,B738
MU1783,21:35:00,00:27:00,90,KMG,T1,CAN,T1,MU,A320
MU1785,16:30:00,18:40:00,70,DLC,T1,LXA,T1,MU,A319
MU1794,21:10:00,00:22:00,70,SHA,T1,DLC,T2,MU,A320
MU1802,19:30:00,21:27:00,50,PEK,T1,HAK,T1,MU,A320
MU1810,16:15:00,18:54:00,50,PVG,T2,XIY,T1,MU,B789
MU1833,18:40:00,20:48:00,50,YTY,T3,HGH,T2,MU,A320
MU1837,14:15:00,17:36:00,90,PEK,T3,LXA,T1,MU,ARJ21
MU1838,09:50:00,12:57:00,70,CTU,T2,SHE,T1,MU,A321
MU1839,21:50:00,01:43:00,90,PKX,T3,KWE,T3,MU,A333
MU1840,11:40:00,15:23:00,50,SHA,T2,URC,T1,MU,ARJ21
MU1851,19:45:00,00:46:00,90,PVG,T3,HRB,T3,MU,ARJ21
MU1852,16:25:00,20:36:00,50,SHA,T1,PKX,T2,MU,C919
MU1872,22:45:00,02:52:00,70,XIY,T1,TYN,T1,MU,ARJ21
MU1874,09:40:00,12:34:00,50,PVG,T2,DLC,T2,MU,A321
MU1881,22:50:00,03:05:00,90,PEK,T1,HFE,T3,MU,B738
MU1889,10:00:00,13:46:00,50,TFU,T3,HIA,T3,MU,B738
MU1893,23:30:00,03:20:00,60,XIY,T2,URC,T1,MU,A321
MU1895,13:00:00,17:09:00,50,PKX,T1,HUZ,T1,MU,A321
MU1900,23:30:00,03:04:00,60,SYX,T1,WUX,T1,MU,A321
MU1904,09:30:00,12:09:00,70,PEK,T1,HUZ,T1,MU,ARJ21
MU1912,19:05:00,22:22:00,90,FOC,T2,WUX,T1,MU,B789
MU1919,12:50:00,16:31:00,90,PVG,T2,TSN,T1,MU,A332
MU1934,13:00:00,17:16:00,70,XIY,T1,CAN,T1,MU,A321
MU1944,06:00:00,08:28:00,90,KMG,T2,TSN,T3,MU,ARJ21
MU1945,14:20:00,16:43:00,50,INC,T1,WUH,T2,MU,A321
MU1959,15:15:00,18:28:00,60,SZX,T1,NGB,T3,MU,B738
MU1965,17:20:00,18:27:00,60,SZX,T1,SHE,T1,MU,A319
MU1966,17:10:00,19:02:00,90,CAN,T3,CTU,T3,MU,A333
MU1970,22:20:00,02:12:00,70,XIY,T1,CAN,T3,MU,A321
MU1973,09:45:00,14:09:00,70,SHA,T2,CZX,T3,MU,B738
MU1975,22:55:00,01:23:00,50,TNA,T1,CGO,T1,MU,B789
MU1980,21:10:00,23:26:00,50,SZX,T2,DLC,T3,MU,A321
MU1982,16:30:00,18:32:00,70,FOC,T1,PEK,T1,MU,A321
MU1999,08:45:00,11:49:00,50,PVG,T1,DLC,T1,MU,B738
MU2002,17:25:00,20:28:00,90,TFU,T1,SHE,T3,MU,ARJ21
MU2022,21:35:00,01:44:00,70,TYN,T3,XIY,T3,MU,C919
MU2026,16:30:00,20:54:00,70,PKX,T2,XIY,T2,MU,A321
MU2031,14:45:00,19:29:00,60,PEK,T1,SHE,T3,MU,ARJ21
MU2032,18:35:00,23:36:00,70,KMG,T3,CKG,T2,MU,B738
MU2033,18:25:00,21:29:00,70,HET,T1,WEH,T3,MU,C919
MU2035,15:40:00,18:14:00,90,TFU,T1,YNT,T1,MU,A319
MU2039,13:35:00,18:22:00,50,SHA,T2,ZUH,T1,MU,A359
MU2056,14:05:00,17:04:00,90,ZUH,T3,SHE,T2,MU,A320
MU2062,21:20:00,23:20:00,70,HGH,T2,NGB,T1,MU,A332
MU2077,22:00:00,01:13:00,90,SZX,T2,LXA,T3,MU,B738
MU2096,08:45:00,12:50:00,70,SZX,T1,CKG,T3,MU,B789
MU2097,17:20:00,22:25:00,70,PVG,T2,KWE,T3,MU,A321
MU2099,13:05:00,16:17:00,90,PEK,T1,HET,T1,MU,B738
MU2100,19:20:00,22:59:00,50,SZX,T1,KHN,T3,MU,B738
MU2101,20:35:00,00:06:00,60,CAN,T1,NNG,T2,MU,ARJ21
MU2102,13:10:00,15:13:00,50,SHA,T3,XUZ,T3,MU,B738
MU2103,10:30:00,12:40:00,50,PKX,T3,ZUH,T3,MU,A321
MU2107,19:55:00,22:51:00,70,SHA,T2,CKG,T3,MU,A319
MU2120,14:55:00,17:40:00,70,ZUH,T2,XMN,T1,MU,ARJ21
MU2121,17:20:00,20:52:00,50,CSX,T2,XMN,T2,MU,C919
MU2128,19:45:00,22:42:00,50,TFU,T1,XMN,T2,MU,A359
MU2141,11:45:00,13:26:00,50,XIY,T3,XNN,T1,MU,A320
MU2142,15:40:00,18:29:00,50,KMG,T3,JJN,T2,MU,A319
MU2145,11:30:00,16:27:00,60,SZX,T1,TFU,T2,MU,A359
MU2163,08:50:00,10:55:00,70,TFU,T3,INC,T1,MU,B738
MU2181,12:50:00,15:56:00,60,PVG,T1,LHW,T3,MU,ARJ21
MU2185,11:30:00,15:17:00,70,SHA,T3,TFU,T1,MU,A332
MU2213,19:00:00,21:16:00,50,TFU,T2,SHA,T2,MU,A359
MU2218,21:25:00,02:05:00,90,CAN,T1,DLC,T1,MU,ARJ21
MU2220,18:35:00,21:19:00,90,PKX,T3,LYA,T2,MU,A319
MU2235,10:55:00,15:45:00,60,KWE,T2,NNG,T1,MU,ARJ21
MU2236,16:10:00,19:00:00,70,ZUH,T3,KWE,T2,MU,A321
MU2238,17:50:00,22:17:00,70,CTU,T1,LHW,T3,MU,B789
MU2241,10:15:00,13:09:00,90,PEK,T3,NTG,T1,MU,B738
MU2243,12:45:00,16:06:00,50,SZX,T2,NTG,T3,MU,ARJ21
MU2249,09:10:00,13:02:00,60,XIY,T2,LXA,T1,MU,A319
MU2254,23:50:00,03:47:00,90,PVG,T2,ZUH,T2,MU,A333
MU2255,15:35:00,16:56:00,70,LXA,T1,LHW,T1,MU,A321
MU2264,19:15:00,23:55:00,70,HET,T3,LHW,T2,MU,ARJ21
MU2270,08:15:00,13:02:00,50,TFU,T2,WEH,T2,MU,A320
MU2276,14:00:00,15:36:00,50,SHA,T3,SZX,T1,MU,B789
MU2277,15:35:00,19:25:00,90,PEK,T2,URC,T1,MU,B789
MU2282,19:55:00,21:50:00,90,SHA,T1,HIA,T2,MU,A319
MU2290,21:20:00,01:06:00,90,XIY,T1,WNZ,T3,MU,ARJ21
MU2303,22:50:00,03:50:00,50,WUH,T2,NTG,T1,MU,ARJ21
MU2313,17:20:00,21:05:00,50,SHA,T2,HIA,T2,MU,B738
MU2323,15:35:00,18:14:00,70,CZX,T1,PKX,T2,MU,A319
MU2324,18:25:00,20:34:00,90,HET,T2,INC,T1,MU,A321
MU2326,12:20:00,14:41:00,60,PEK,T3,CSX,T1,MU,A320
MU2330,11:15:00,13:11:00,50,WNZ,T3,KWL,T1,MU,A333
MU2345,13:10:00,17:47:00,50,KMG,T3,XNN,T2,MU,A321
MU2349,17:30:00,22:10:00,90,KMG,T2,XIY,T3,MU,B738
MU2352,11:35:00,14:46:00,90,CAN,T1,TSN,T1,MU,A333
MU2359,16:20:00,18:33:00,50,PKX,T3,WUX,T3,MU,ARJ21
MU2369,12:15:00,13:46:00,90,SHE,T1,SZX,T2,MU,B738
MU2375,13:45:00,17:44:00,60,KMG,T2,SHA,T3,MU,ARJ21
MU2376,07:15:00,08:49:00,70,PKX,T3,PEK,T2,MU,B738
MU2404,09:10:00,11:04:00,90,PVG,T1,TNA,T2,MU,B738
MU2407,20:15:00,22:17:00,90,XIY,T1,URC,T3,MU,A321
MU2408,11:50:00,14:57:00,50,HRB,T2,PKX,T3,MU,B738
MU2413,17:35:00,20:28:00,60,KMG,T2,HIA,T1,MU,B738
MU2418,23:20:00,04:20:00,50,PVG,T2,TNA,T1,MU,A319
MU2424,09:05:00,13:56:00,50,TFU,T2,WUH,T2,MU,A319
MU2429,11:40:00,16:13:00,70,ZUH,T1,FOC,T3,MU,A319
MU2431,17:45:00,21:11:00,50,CTU,T3,WNZ,T3,MU,ARJ21
MU2433,09:10:00,11:26:00,70,WUH,T2,SYX,T1,MU,ARJ21
MU2440,14:20:00,17:15:00,60,XIY,T1,HIA,T1,MU,B738
MU2449,19:35:00,23:22:00,60,YTY,T3,HFE,T1,MU,A320
MU2455,17:35:00,20:55:00,50,XIY,T2,NKG,T1,MU,ARJ21
MU2456,11:30:00,15:50:00,60,SYX,T2,DLC,T2,MU,A321
MU2459,21:00:00,00:09:00,60,DLC,T2,SYX,T3,MU,C919
MU2463,17:10:00,19:29:00,50,HAK,T3,SZX,T3,MU,ARJ21
MU2466,22:20:00,00:12:00,60,SZX,T1,JJN,T1,MU,C919
MU2475,12:30:00,14:22:00,90,SHA,T2,HFE,T2,MU,A320
MU2478,19:45:00,22:34:00,90,SHA,T3,CSX,T2,MU,A320
MU2482,14:10:00,18:23:00,50,CAN,T1,LHW,T1,MU,A321
MU2485,11:20:00,12:29:00,50,TFU,T1,TAO,T1,MU,A321
MU2489,07:20:00,09:40:00,60,SZX,T3,URC,T3,MU,B738
MU2492,18:55:00,20:51:00,90,CTU,T3,HGH,T3,MU,C919
MU2497,16:00:00,18:16:00,60,TFU,T2,YNT,T2,MU,A321
MU2505,15:55:00,20:53:00,70,XIY,T3,LYA,T3,MU,A332
MU2509,17:50:00,20:55:00,50,TAO,T2,CGO,T3,MU,C919
MU2514,19:25:00,23:33:00,90,XIY,T3,KMG,T1,MU,A319
MU2515,14:15:00,17:36:00,70,CTU,T2,NKG,T3,MU,ARJ21
MU2516,09:40:00,12:48:00,70,PEK,T3,WUX,T1,MU,B738
MU2518,22:35:00,00:54:00,70,SHE,T2,TNA,T1,MU,ARJ21
MU2519,17:50:00,22:32:00,70,KMG,T3,HET,T2,MU,C919
MU2524,23:15:00,02:21:00,70,XIY,T2,HFE,T3,MU,B738
MU2525,20:55:00,22:38:00,90,HFE,T1,HIA,T3,MU,C919
MU2536,20:35:00,22:23:00,60,XIY,T1,KWL,T1,MU,ARJ21
MU2541,17:10:00,19:59:00,70,PVG,T3,YNT,T2,MU,A319
MU2544,17:50:00,21:04:00,60,WNZ,T1,XIY,T3,MU,A320
MU2545,07:10:00,09:39:00,90,CTU,T2,TFU,T3,MU,A319
MU2562,14:05:00,15:54:00,90,SHA,T3,HGH,T1,MU,B738
MU2568,16:50:00,19:31:00,60,TFU,T1,KWE,T2,MU,A333
MU2570,19:20:00,21:08:00,50,TFU,T1,INC,T3,MU,A321
MU2572,07:55:00,10:37:00,60,SZX,T1,HET,T3,MU,A321
MU2585,23:15:00,00:59:00,90,LHW,T1,HRB,T2,MU,ARJ21
MU2589,18:40:00,23:38:00,90,WEH,T3,NKG,T3,MU,C919
MU2591,22:00:00,01:27:00,70,TSN,T2,PKX,T1,MU,A320
MU2600,20:05:00,23:41:00,90,PKX,T2,XMN,T1,MU,ARJ21
MU2606,13:10:00,15:35:00,50,CTU,T2,ZUH,T3,MU,B738
MU2607,17:40:00,19:40:00,60,PKX,T3,XMN,T1,MU,C919
MU2640,10:50:00,12:36:00,50,CAN,T2,CKG,T1,MU,A319
MU2647,20:40:00,22:51:00,70,KMG,T2,WEH,T2,MU,A320
MU2649,13:00:00,17:51:00,90,SZX,T1,WUH,T2,MU,A319
MU2660,17:55:00,21:48:00,50,TFU,T1,XIY,T2,MU,ARJ21
MU2661,06:00:00,08:00:00,50,CTU,T1,TFU,T2,MU,A319
MU2668,11:30:00,16:12:00,60,TFU,T2,WUX,T3,MU,A320
MU2671,19:55:00,23:22:00,90,HUZ,T1,YTY,T3,MU,A320
MU2685,17:55:00,22:23:00,60,KMG,T2,PVG,T3,MU,A319
MU2690,11:40:00,15:12:00,90,SHE,T3,TAO,T1,MU,A320
MU2703,14:10:00,17:19:00,90,YNT,T1,TYN,T1,MU,A319
MU2711,09:15:00,14:11:00,90,PKX,T3,TAO,T2,MU,C919
MU2739,18:55:00,21:27:00,50,KMG,T3,INC,T3,MU,ARJ21
MU2740,15:20:00,19:10:00,50,LXA,T3,CTU,T3,MU,A319
MU2757,18:45:00,21:26:00,90,TFU,T3,YNT,T2,MU,B738
MU2759,20:45:00,22:45:00,70,KMG,T3,NGB,T1,MU,B738
MU2761,15:50:00,17:55:00,60,TFU,T1,KMG,T1,MU,A319
MU2762,07:45:00,12:00:00,60,SYX,T3,LYA,T2,MU,C919
MU2784,16:05:00,20:34:00,70,CAN,T1,INC,T3,MU,A319
MU2785,22:40:00,03:19:00,90,CAN,T1,HAK,T2,MU,B738
MU2788,11:20:00,13:04:00,60,PKX,T2,CZX,T3,MU,B738
MU2796,16:00:00,17:46:00,50,XIY,T2,LYA,T1,MU,A319
MU2797,10:25:00,12:18:00,70,NGB,T1,YTY,T3,MU,B738
MU2800,08:50:00,12:36:00,70,CAN,T2,TNA,T2,MU,C919
MU2801,07:05:00,09:49:00,70,LXA,T3,NTG,T2,MU,A333
MU2803,10:35:00,15:36:00,70,XMN,T3,KWE,T3,MU,A321
MU2807,20:15:00,22:56:00,50,CAN,T3,SHE,T3,MU,A319
MU2811,23:20:00,03:04:00,90,TYN,T2,SHA,T3,MU,ARJ21
MU2823,22:50:00,02:26:00,60,XIY,T3,NGB,T3,MU,ARJ21
MU2825,23:45:00,04:40:00,60,DLC,T3,FOC,T1,MU,A319
MU2826,17:15:00,20:54:00,70,PVG,T3,KWE,T1,MU,ARJ21
MU2830,14:25:00,18:19:00,50,KMG,T1,HFE,T1,MU,A321
MU2831,23:35:00,02:48:00,50,CAN,T1,PEK,T3,MU,B738
MU2832,10:50:00,15:25:00,50,XIY,T2,DLC,T3,MU,A321
MU2835,19:15:00,22:17:00,70,TFU,T3,INC,T3,MU,B738
MU2836,12:25:00,14:10:00,90,CAN,T1,XIY,T1,MU,B738
MU2838,15:45:00,17:52:00,60,PVG,T3,SYX,T3,MU,B789
MU2849,18:15:00,22:08:00,90,INC,T2,PEK,T2,MU,A320
MU2856,23:25:00,03:12:00,50,JJN,T3,CGO,T1,MU,A320
MU2857,19:20:00,00:29:00,90,CTU,T1,LXA,T3,MU,A320
MU2863,16:40:00,20:25:00,50,PVG,T1,INC,T3,MU,A359
MU2866,07:35:00,12:31:00,70,CTU,T1,SZX,T2,MU,A319
MU2870,11:50:00,14:55:00,90,PEK,T3,HFE,T1,MU,ARJ21
MU2875,22:00:00,00:06:00,60,CTU,T2,SZX,T2,MU,A359
MU2882,21:30:00,00:09:00,70,KHN,T3,NNG,T1,MU,B738
MU2883,07:40:00,12:42:00,60,PKX,T1,WUH,T1,MU,ARJ21
MU2885,23:15:00,01:59:00,90,SZX,T1,TSN,T2,MU,ARJ21
MU2899,11:55:00,13:53:00,70,TFU,T1,SZX,T2,MU,A321
MU2904,09:40:00,11:43:00,90,KMG,T3,PVG,T1,MU,C919
MU2914,10:55:00,12:56:00,60,CAN,T3,CTU,T2,MU,ARJ21
MU2927,06:35:00,08:29:00,90,CAN,T1,DLC,T3,MU,B738
MU2947,09:00:00,11:35:00,60,PVG,T1,CKG,T1,MU,A333
MU2953,10:50:00,15:06:00,90,SZX,T2,KMG,T1,MU,A319
MU2956,07:55:00,11:12:00,60,PKX,T3,SZX,T3,MU,B738
MU2960,17:20:00,19:34:00,50,TFU,T3,WNZ,T1,MU,A320
MU2962,23:15:00,02:10:00,60,XUZ,T2,HIA,T3,MU,A319
MU2964,16:10:00,21:17:00,60,ZUH,T3,URC,T1,MU,ARJ21
MU2978,16:00:00,18:46:00,50,XIY,T1,ZUH,T3,MU,ARJ21
MU2983,23:40:00,03:08:00,60,CAN,T3,TYN,T2,MU,A319
MU2985,14:40:00,17:40:00,70,TAO,T3,CZX,T1,MU,A319
MU2993,06:15:00,08:25:00,60,CAN,T2,NNG,T2,MU,C919
MU2996,16:55:00,20:59:00,50,PKX,T2,KWE,T3,MU,A321
MU2998,20:50:00,00:16:00,60,LYA,T2,FOC,T2,MU,C919
MU3003,18:25:00,23:10:00,70,KMG,T2,PKX,T3,MU,ARJ21
MU3014,21:25:00,00:17:00,70,SYX,T1,LYA,T1,MU,C919
MU3015,19:55:00,23:12:00,50,PKX,T3,SZX,T2,MU,A333
MU3021,07:50:00,11:55:00,60,KMG,T3,CSX,T3,MU,B738
MU3023,08:55:00,11:17:00,50,HGH,T1,WEH,T3,MU,B738
MU3024,15:20:00,18:40:00,60,PKX,T1,WUX,T3,MU,A321
MU3026,22:45:00,01:51:00,50,PVG,T2,HRB,T2,MU,A333
MU3036,17:25:00,21:04:00,70,PEK,T1,KHN,T1,MU,ARJ21
MU3052,16:20:00,21:19:00,60,SHA,T1,KMG,T3,MU,C919
MU3058,12:35:00,16:01:00,60,PKX,T2,LXA,T1,MU,A319
MU3060,11:15:00,15:22:00,50,SHE,T2,TYN,T2,MU,A321
MU3083,21:40:00,00:30:00,60,PKX,T3,URC,T2,MU,A320
MU3086,23:10:00,03:37:00,60,HAK,T1,CKG,T2,MU,A319
MU3109,14:25:00,16:57:00,90,TFU,T2,YTY,T2,MU,C919
MU3114,15:00:00,16:26:00,90,KMG,T2,KWL,T2,MU,C919
MU3126,14:45:00,17:40:00,70,XNN,T3,CSX,T1,MU,A320
MU3128,15:40:00,19:16:00,90,XNN,T2,TSN,T1,MU,ARJ21
MU3130,18:15:00,23:07:00,60,TFU,T1,HAK,T3,MU,A321
MU3133,10:35:00,13:10:00,60,PEK,T1,SHA,T2,MU,A321
MU3135,21:25:00,23:58:00,90,SHA,T2,TAO,T2,MU,A319
MU3137,19:25:00,22:47:00,70,CAN,T1,XNN,T2,MU,A332
MU3140,22:20:00,03:28:00,60,PKX,T2,LXA,T3,MU,B789
MU3166,21:10:00,00:00:00,70,INC,T1,HET,T2,MU,A320
MU3172,20:40:00,01:25:00,90,CAN,T2,KWE,T1,MU,ARJ21
MU3193,16:20:00,18:50:00,50,TFU,T1,NTG,T1,MU,A320
MU3196,17:45:00,20:13:00,70,XIY,T3,SHE,T2,MU,ARJ21
MU3201,18:00:00,20:38:00,50,XIY,T1,URC,T1,MU,B738
MU3213,19:05:00,23:50:00,50,PVG,T1,WUX,T1,MU,A321
MU3215,23:15:00,01:45:00,60,KWL,T3,FOC,T1,MU,B738
MU3233,20:15:00,22:22:00,60,PEK,T3,WNZ,T3,MU,B738
MU3236,14:35:00,18:10:00,70,XMN,T3,JJN,T1,MU,A320
MU3245,11:35:00,14:00:00,90,LYA,T1,YNT,T2,MU,B789
MU3252,14:55:00,16:37:00,70,PEK,T2,PVG,T3,MU,A333
MU3263,23:00:00,03:30:00,90,SZX,T1,HRB,T1,MU,B738
MU3264,09:50:00,14:29:00,50,TAO,T3,CAN,T1,MU,A320
MU3266,16:55:00,19:01:00,60,PVG,T2,CZX,T1,MU,A321
MU3271,18:50:00,23:40:00,50,TFU,T3,XNN,T2,MU,A321
MU3278,20:50:00,01:38:00,90,CAN,T1,NKG,T3,MU,C919
MU3291,23:45:00,04:28:00,70,PKX,T3,KMG,T3,MU,ARJ21
MU3296,11:15:00,14:40:00,70,TYN,T2,WUX,T3,MU,B738
MU3305,17:15:00,21:47:00,60,PVG,T3,NGB,T2,MU,B738
MU3318,15:55:00,19:18:00,70,PEK,T2,NNG,T2,MU,A319
MU3321,09:25:00,12:17:00,60,WUX,T2,DLC,T1,MU,A321
MU3324,13:45:00,17:42:00,70,PVG,T1,DLC,T3,MU,C919
MU3328,16:20:00,19:57:00,50,CAN,T3,XUZ,T3,MU,A321
MU3329,19:25:00,23:00:00,90,XIY,T3,HRB,T1,MU,ARJ21
MU3331,23:40:00,01:26:00,70,SZX,T3,NGB,T2,MU,C919
MU3339,06:55:00,10:20:00,90,CZX,T1,HET,T3,MU,A319
MU3347,13:30:00,18:38:00,70,HFE,T2,TFU,T3,MU,A319
MU3355,12:20:00,16:08:00,70,KMG,T2,HFE,T2,MU,B738
MU3360,07:10:00,09:08:00,60,WEH,T3,HAK,T3,MU,B738
MU3371,10:20:00,12:36:00,90,LXA,T1,PEK,T3,MU,C919
MU3373,16:15:00,19:54:00,50,SZX,T1,XMN,T1,MU,A320
MU3374,12:45:00,17:28:00,70,SHA,T2,YTY,T2,MU,A332
MU3377,06:25:00,10:20:00,50,PKX,T1,WUX,T1,MU,ARJ21
MU3388,07:05:00,10:52:00,90,CAN,T2,PEK,T3,MU,A320
MU3391,17:05:00,18:48:00,60,TFU,T3,LHW,T3,MU,C919
MU3392,06:50:00,11:50:00,50,PEK,T2,LHW,T3,MU,A320
MU3399,06:55:00,09:14:00,60,ZUH,T1,URC,T1,MU,A320
MU3400,23:50:00,01:04:00,70,CTU,T1,CGO,T1,MU,A319
MU3412,23:25:00,01:15:00,50,TSN,T3,TYN,T1,MU,A319
MU3414,15:30:00,20:04:00,60,PVG,T2,WEH,T1,MU,A320
MU3428,23:50:00,04:03:00,90,XIY,T1,CTU,T3,MU,A320
MU3445,14:30:00,19:37:00,90,HET,T3,KWE,T2,MU,A359
MU3446,16:45:00,20:42:00,70,SHA,T3,CKG,T2,MU,A320
MU3452,22:10:00,23:58:00,70,INC,T3,LXA,T2,MU,A320
MU3468,10:20:00,12:39:00,70,TFU,T3,LXA,T3,MU,C919
MU3490,18:45:00,22:14:00,50,CAN,T1,TAO,T3,MU,A333
MU3495,19:30:00,22:21:00,60,CAN,T3,WUX,T2,MU,B738
MU3496,22:50:00,23:56:00,50,CTU,T3,CKG,T2,MU,A320
MU3500,23:40:00,01:38:00,90,PEK,T2,SHE,T3,MU,A319
MU3506,21:25:00,00:04:00,90,SHA,T1,TAO,T2,MU,B738
MU3507,21:45:00,02:48:00,70,SZX,T3,WEH,T1,MU,B738
MU3508,16:05:00,18:58:00,60,CAN,T3,SZX,T2,MU,ARJ21
MU3527,09:20:00,12:36:00,70,HFE,T2,LXA,T2,MU,A319
MU3529,16:25:00,20:51:00,70,PKX,T3,SHA,T3,MU,A321
MU3531,20:30:00,23:54:00,60,TFU,T3,YTY,T3,MU,A319
MU3541,17:55:00,22:53:00,60,CAN,T1,XUZ,T3,MU,B789
MU3550,08:15:00,12:17:00,70,SZX,T2,JJN,T3,MU,A321
MU3558,11:30:00,13:25:00,50,CAN,T2,ZUH,T2,MU,A319
MU3562,22:40:00,02:11:00,70,PVG,T3,KHN,T2,MU,A320
MU3574,13:00:00,15:10:00,90,SHA,T2,LXA,T2,MU,B738
MU3578,10:25:00,14:18:00,90,TFU,T3,NGB,T1,MU,A321
MU3582,14:45:00,18:12:00,90,SHA,T3,CKG,T3,MU,A320
MU3585,18:40:00,21:56:00,90,XIY,T3,CGO,T2,MU,ARJ21
MU3590,07:30:00,10:36:00,60,FOC,T2,NTG,T3,MU,A321
MU3592,20:55:00,23:47:00,70,HIA,T2,YTY,T2,MU,A321
MU3595,08:00:00,13:09:00,90,SHA,T1,CTU,T1,MU,A333
MU3601,15:10:00,18:08:00,70,CAN,T1,XUZ,T3,MU,A333
MU3602,17:25:00,21:52:00,70,CAN,T2,NGB,T2,MU,B738
MU3603,17:00:00,18:59:00,50,SYX,T2,PVG,T3,MU,A320
MU3604,08:35:00,12:51:00,50,SZX,T3,DLC,T3,MU,A319
MU3608,10:45:00,14:29:00,60,KHN,T1,XIY,T1,MU,A320
MU3609,15:10:00,17:31:00,50,SYX,T3,PEK,T1,MU,A319
MU3614,11:05:00,16:08:00,90,CTU,T1,HUZ,T1,MU,A320
MU3615,18:50:00,22:06:00,90,NTG,T1,PEK,T3,MU,A359
MU3619,10:10:00,15:16:00,60,HGH,T3,NTG,T3,MU,A321
MU3623,18:55:00,20:39:00,90,INC,T1,NKG,T3,MU,A321
MU3630,23:00:00,03:57:00,60,INC,T2,KMG,T3,MU,B738
MU3635,15:45:00,17:31:00,70,XIY,T3,XNN,T1,MU,A333
MU3643,19:50:00,22:30:00,70,JJN,T1,SYX,T3,MU,C919
MU3645,12:45:00,14:45:00,90,TFU,T3,WUX,T2,MU,A319
MU3655,16:40:00,18:50:00,50,NNG,T2,HUZ,T3,MU,A333
MU3663,06:25:00,09:19:00,70,PVG,T3,INC,T3,MU,A321
MU3670,20:25:00,01:03:00,90,CAN,T1,WUX,T1,MU,ARJ21
MU3673,11:45:00,14:18:00,70,CAN,T2,XMN,T1,MU,A333
MU3674,18:20:00,20:23:00,50,PKX,T1,FOC,T3,MU,ARJ21
MU3676,21:05:00,23:00:00,70,SHA,T3,WEH,T3,MU,A333
MU3682,07:10:00,10:40:00,90,CTU,T2,XUZ,T2,MU,A320
MU3686,23:05:00,04:04:00,60,PVG,T3,HET,T3,MU,A333
MU3711,18:00:00,21:09:00,70,XIY,T2,CKG,T3,MU,C919
MU3716,08:50:00,13:55:00,60,LXA,T2,HET,T1,MU,A319
MU3718,14:50:00,18:07:00,70,CTU,T2,HGH,T1,MU,B789
MU3719,22:25:00,00:46:00,70,INC,T1,NTG,T1,MU,A320
MU3733,19:25:00,00:26:00,90,SHA,T1,URC,T1,MU,A321
MU3734,13:45:00,15:35:00,90,DLC,T3,WNZ,T3,MU,A320
MU3735,16:25:00,18:56:00,50,CAN,T2,HAK,T2,MU,A320
MU3736,23:30:00,01:48:00,90,LYA,T3,NGB,T2,MU,A321
MU3738,14:00:00,17:41:00,70,KMG,T1,XIY,T3,MU,ARJ21
MU3741,06:00:00,09:15:00,70,SHA,T1,WNZ,T1,MU,A319
MU3746,09:50:00,11:44:00,60,HIA,T2,HFE,T1,MU,A320
MU3752,09:25:00,11:40:00,50,KMG,T1,CKG,T1,MU,A320
MU3755,07:30:00,11:06:00,90,PKX,T2,WEH,T1,MU,B738
MU3756,08:55:00,13:51:00,90,LYA,T2,KHN,T2,MU,A319
MU3757,08:20:00,10:11:00,50,KMG,T3,WNZ,T1,MU,B738
MU3763,20:05:00,00:46:00,70,CTU,T3,JJN,T2,MU,A333
MU3768,06:55:00,11:26:00,90,KMG,T1,SZX,T3,MU,A320
MU3775,22:55:00,01:27:00,50,XNN,T1,HUZ,T3,MU,B738
MU3783,11:45:00,15:03:00,90,CZX,T2,NTG,T2,MU,ARJ21
MU3790,10:40:00,14:52:00,90,WUH,T1,NKG,T3,MU,A319
MU3797,14:30:00,17:24:00,90,SZX,T2,JJN,T3,MU,B738
MU3798,06:45:00,09:55:00,90,PKX,T2,ZUH,T3,MU,ARJ21
MU3800,12:05:00,16:00:00,60,HFE,T1,TAO,T2,MU,A319
MU3801,11:55:00,16:35:00,70,XIY,T3,JJN,T3,MU,B789
MU3806,20:40:00,00:06:00,90,TFU,T2,JJN,T2,MU,A321
MU3808,10:20:00,13:16:00,70,CTU,T2,XNN,T2,MU,A333
MU3827,19:40:00,22:13:00,70,SHA,T1,CZX,T3,MU,A332
MU3830,22:40:00,01:46:00,90,SHE,T3,YNT,T3,MU,A319
MU3835,11:10:00,14:45:00,70,PEK,T1,SZX,T3,MU,C919
MU3840,16:45:00,21:08:00,50,PVG,T2,HGH,T1,MU,A320
MU3843,22:05:00,00:12:00,50,XIY,T3,SHE,T1,MU,A319
MU3846,16:55:00,21:59:00,50,CZX,T3,YNT,T3,MU,C919
MU3847,12:25:00,16:40:00,70,SZX,T1,PVG,T3,MU,A359
MU3852,14:20:00,15:47:00,60,PKX,T2,PEK,T1,MU,ARJ21
MU3857,18:55:00,21:59:00,50,XMN,T1,ZUH,T1,MU,B738
MU3858,22:20:00,01:09:00,70,XNN,T1,CZX,T1,MU,A321
MU3861,14:35:00,19:08:00,70,TAO,T1,NGB,T3,MU,B738
MU3868,12:25:00,14:37:00,50,PEK,T3,NGB,T1,MU,A320
MU3869,21:15:00,02:24:00,60,PVG,T3,KWL,T1,MU,A333
MU3880,20:45:00,01:26:00,50,SZX,T2,CZX,T2,MU,B789
MU3890,18:25:00,23:33:00,60,SZX,T3,HIA,T2,MU,B738
MU3893,19:55:00,22:09:00,70,HGH,T3,FOC,T2,MU,A333
MU3894,16:05:00,17:12:00,70,KMG,T1,KHN,T3,MU,ARJ21
MU3895,22:55:00,00:37:00,50,SHA,T1,YNT,T1,MU,ARJ21
MU3926,10:00:00,13:34:00,70,NGB,T1,KWL,T1,MU,A321
MU3927,19:30:00,21:31:00,70,KHN,T3,DLC,T3,MU,A319
MU3939,18:25:00,23:21:00,60,CAN,T2,PVG,T1,MU,A321
MU3941,23:15:00,02:16:00,90,XIY,T2,INC,T1,MU,A321
MU3949,14:05:00,16:52:00,90,CGO,T2,PEK,T1,MU,A320
MU3953,09:25:00,12:09:00,60,LHW,T3,ZUH,T2,MU,A321
MU3956,16:50:00,19:47:00,90,KMG,T3,XNN,T3,MU,ARJ21
MU3957,11:00:00,13:54:00,90,HFE,T3,CAN,T3,MU,C919
MU3958,07:05:00,10:07:00,60,XIY,T3,FOC,T1,MU,A320
MU3963,22:50:00,03:42:00,50,CAN,T1,FOC,T2,MU,A319
MU3967,13:55:00,15:56:00,90,TFU,T3,PKX,T2,MU,C919
MU3968,16:35:00,20:44:00,90,CTU,T3,WNZ,T3,MU,C919
MU3972,22:30:00,00:33:00,70,SZX,T2,FOC,T3,MU,A319
MU3988,13:40:00,16:04:00,60,CTU,T1,XIY,T1,MU,ARJ21
MU3992,09:40:00,12:19:00,60,PKX,T1,CSX,T3,MU,A319
MU4002,12:35:00,16:01:00,90,SHA,T1,TFU,T3,MU,ARJ21
MU4006,18:40:00,23:12:00,60,PEK,T2,WNZ,T1,MU,C919
MU4010,07:55:00,12:50:00,70,CTU,T1,KHN,T3,MU,C919
MU4012,13:40:00,17:12:00,60,XIY,T2,KWL,T3,MU,A319
MU4030,17:20:00,19:32:00,50,XMN,T2,ZUH,T2,MU,C919
MU4044,10:10:00,12:18:00,90,PVG,T2,PKX,T3,MU,A320
MU4052,21:30:00,23:12:00,60,SHA,T1,CTU,T3,MU,C919
MU4055,13:00:00,14:27:00,90,HRB,T3,HET,T3,MU,A321
MU4060,10:50:00,14:22:00,50,PEK,T2,HAK,T1,MU,A332
MU4070,15:50:00,20:42:00,90,TNA,T3,CGO,T1,MU,A320
MU4084,08:10:00,11:19:00,50,TFU,T2,URC,T2,MU,ARJ21
MU4086,17:30:00,22:16:00,70,CTU,T1,KHN,T1,MU,B738
MU4105,21:10:00,00:51:00,60,PEK,T2,HET,T3,MU,A359
MU4116,12:25:00,17:04:00,60,KHN,T2,CZX,T1,MU,B738
MU4125,23:25:00,03:51:00,90,SZX,T1,LYA,T3,MU,C919
MU4127,11:00:00,15:37:00,60,CTU,T3,HRB,T1,MU,A321
MU4129,19:55:00,23:01:00,90,JJN,T3,DLC,T3,MU,A320
MU4138,11:55:00,14:49:00,90,PEK,T3,XUZ,T3,MU,A332
MU4142,23:20:00,01:19:00,50,LXA,T2,TFU,T3,MU,A319
MU4144,21:40:00,00:48:00,90,KMG,T3,LHW,T1,MU,B789
MU4153,11:05:00,14:27:00,90,JJN,T2,DLC,T1,MU,A319
MU4156,15:25:00,19:37:00,70,PVG,T3,XUZ,T3,MU,A321
MU4162,15:35:00,19:58:00,50,WNZ,T2,CGO,T1,MU,A321
MU4164,11:50:00,16:27:00,90,URC,T3,HET,T1,MU,B738
MU4166,17:30:00,22:27:00,70,FOC,T1,DLC,T1,MU,B738
MU4171,10:55:00,15:47:00,60,SZX,T3,LXA,T3,MU,A320
MU4172,07:35:00,08:52:00,70,KHN,T3,KWE,T3,MU,A319
MU4175,08:35:00,10:48:00,90,KMG,T1,WEH,T2,MU,A320
MU4185,13:20:00,16:55:00,90,LHW,T1,NGB,T2,MU,B738
MU4190,07:05:00,11:53:00,50,XIY,T3,HET,T3,MU,A321
MU4194,17:40:00,20:56:00,70,PEK,T3,HFE,T2,MU,B738
MU4201,19:40:00,23:07:00,90,PEK,T2,URC,T3,MU,B738
MU4202,21:45:00,00:28:00,60,SZX,T3,HUZ,T3,MU,A321
MU4203,18:10:00,21:03:00,60,TFU,T1,YNT,T2,MU,C919
MU4209,14:05:00,18:22:00,60,SHA,T1,CGO,T2,MU,A319
MU4222,08:25:00,10:07:00,60,TFU,T1,LYA,T2,MU,A320
MU4251,23:45:00,03:16:00,50,KMG,T3,SHA,T1,MU,C919
MU4259,09:50:00,11:35:00,90,XIY,T2,NNG,T1,MU,A333
MU4265,18:15:00,21:53:00,50,TFU,T2,NGB,T3,MU,ARJ21
MU4266,22:30:00,02:36:00,70,SZX,T3,PVG,T3,MU,A332
MU4268,23:30:00,01:33:00,60,SHA,T2,SYX,T2,MU,A332
MU4277,15:30:00,17:11:00,50,CAN,T3,CSX,T1,MU,A333
MU4285,14:10:00,18:30:00,90,SZX,T1,DLC,T1,MU,B738
MU4287,07:20:00,09:57:00,90,PVG,T1,SHA,T2,MU,A321
MU4288,13:30:00,17:39:00,90,PVG,T1,SZX,T2,MU,ARJ21
MU4289,20:20:00,23:10:00,70,KWE,T1,WNZ,T2,MU,ARJ21
MU4290,21:05:00,23:08:00,60,LXA,T1,XUZ,T1,MU,B738
MU4291,20:00:00,22:10:00,70,HFE,T3,XNN,T1,MU,A320
MU4297,08:40:00,11:46:00,60,SZX,T1,HET,T1,MU,ARJ21
MU4300,06:00:00,09:15:00,90,SZX,T3,YTY,T1,MU,A320
MU4303,11:20:00,13:29:00,90,HIA,T1,ZUH,T2,MU,ARJ21
MU4304,22:15:00,02:17:00,70,SZX,T2,HFE,T2,MU,ARJ21
MU4306,09:35:00,12:06:00,70,SHA,T1,CGO,T2,MU,C919
MU4308,11:55:00,15:34:00,50,SHA,T2,NTG,T3,MU,A319
MU4311,17:20:00,21:02:00,90,SHA,T2,KWE,T2,MU,A320
MU4315,07:20:00,11:24:00,70,PKX,T2,WNZ,T1,MU,B738
MU4318,12:20:00,16:32:00,60,SHE,T1,TYN,T3,MU,A321
MU4320,08:40:00,13:22:00,60,NGB,T2,PEK,T2,MU,A321
MU4323,06:20:00,10:31:00,70,INC,T2,CZX,T2,MU,B738
MU4326,07:20:00,10:39:00,90,SZX,T1,HAK,T2,MU,A321
MU4336,11:15:00,12:53:00,50,WUX,T2,WNZ,T2,MU,ARJ21
MU4345,14:05:00,16:59:00,90,PKX,T2,URC,T2,MU,A332
MU4349,18:05:00,22:58:00,60,TFU,T3,SYX,T3,MU,A321
MU4353,12:55:00,16:43:00,90,PVG,T2,NTG,T3,MU,A333
MU4356,06:55:00,10:54:00,50,TNA,T1,LHW,T2,MU,A320
MU4357,10:50:00,14:42:00,50,SHA,T1,NTG,T1,MU,A320
MU4364,11:50:00,14:51:00,50,SZX,T1,CZX,T2,MU,A321
MU4366,13:45:00,17:38:00,90,HUZ,T1,WEH,T1,MU,A321
MU4367,21:45:00,23:32:00,90,LXA,T1,CTU,T3,MU,ARJ21
MU4369,16:50:00,21:42:00,60,KMG,T3,HUZ,T3,MU,A321
MU4370,20:35:00,00:04:00,50,PEK,T2,CTU,T2,MU,A319
MU4375,22:05:00,23:21:00,50,SYX,T3,SHA,T3,MU,A320
MU4378,11:50:00,14:03:00,90,FOC,T1,CGO,T1,MU,B738
MU4379,07:45:00,10:57:00,70,PKX,T3,NGB,T1,MU,A320
MU4380,13:40:00,17:29:00,50,NKG,T3,FOC,T2,MU,A319
MU4403,23:05:00,02:24:00,90,PVG,T1,INC,T3,MU,ARJ21
MU4405,07:15:00,08:54:00,90,KMG,T1,KWL,T3,MU,A320
MU4411,23:10:00,03:57:00,60,LYA,T2,URC,T1,MU,A333
MU4412,22:30:00,01:41:00,90,NNG,T1,LXA,T1,MU,C919
MU4420,16:35:00,20:08:00,70,TNA,T3,DLC,T2,MU,C919
MU4442,08:25:00,12:21:00,70,XMN,T2,NNG,T3,MU,C919
MU4444,10:05:00,14:59:00,60,NKG,T1,TFU,T2,MU,C919
MU4451,14:05:00,17:40:00,50,SHA,T2,XUZ,T2,MU,ARJ21
MU4474,09:25:00,12:50:00,50,HFE,T3,WUX,T2,MU,ARJ21
MU4475,07:00:00,10:44:00,60,HUZ,T3,SHE,T2,MU,A319
MU4476,13:10:00,15:31:00,60,KMG,T2,WUH,T3,MU,B789
MU4480,19:50:00,00:02:00,90,PEK,T1,INC,T3,MU,C919
MU4483,16:40:00,18:35:00,70,SHA,T2,HUZ,T3,MU,C919
MU4488,17:30:00,22:10:00,50,SZX,T1,WEH,T2,MU,B738
MU4496,09:40:00,14:34:00,90,XIY,T1,DLC,T3,MU,A319
MU4504,13:45:00,17:24:00,90,KMG,T1,NKG,T3,MU,A332
MU4517,16:50:00,18:32:00,50,XMN,T1,XNN,T3,MU,A320
MU4520,15:55:00,20:50:00,70,NTG,T1,KHN,T1,MU,B738
MU4532,23:20:00,04:27:00,90,NNG,T3,WEH,T2,MU,A321
MU4537,15:30:00,17:59:00,60,SHA,T3,HIA,T1,MU,ARJ21
MU4538,23:10:00,02:16:00,90,TFU,T3,KHN,T2,MU,C919
MU4539,07:05:00,10:17:00,60,PKX,T3,TAO,T3,MU,ARJ21
MU4555,18:20:00,23:30:00,60,WEH,T1,KMG,T2,MU,C919
MU4560,23:50:00,03:19:00,60,WEH,T1,NKG,T3,MU,A321
MU4561,20:05:00,23:48:00,70,SHA,T3,XMN,T3,MU,A320
MU4566,16:35:00,19:46:00,90,PKX,T1,TYN,T3,MU,ARJ21
MU4578,18:15:00,22:56:00,50,PKX,T2,SZX,T2,MU,A359
MU4583,13:10:00,15:16:00,90,KMG,T2,KHN,T2,MU,A321
MU4585,06:55:00,09:00:00,70,PVG,T2,DLC,T3,MU,C919
MU4599,19:00:00,20:46:00,50,PEK,T1,LXA,T1,MU,A333
MU4606,22:30:00,02:18:00,50,TAO,T3,PVG,T2,MU,A319
MU4620,06:15:00,08:00:00,90,TSN,T3,YNT,T2,MU,A320
MU4629,14:50:00,17:05:00,50,PVG,T3,CZX,T2,MU,A319
MU4637,16:00:00,19:10:00,50,CAN,T3,TFU,T1,MU,B738
MU4639,11:00:00,14:02:00,90,PEK,T3,KWE,T1,MU,A332
MU4642,16:05:00,17:52:00,50,NKG,T1,YTY,T1,MU,ARJ21
MU4657,13:10:00,17:33:00,50,KMG,T3,HET,T3,MU,ARJ21
MU4658,13:25:00,18:10:00,90,KMG,T3,URC,T3,MU,C919
MU4667,15:15:00,17:51:00,50,TFU,T3,SHE,T1,MU,A321
MU4682,20:20:00,22:56:00,70,WUX,T3,KWE,T3,MU,A319
MU4686,22:05:00,02:22:00,90,PVG,T2,XUZ,T3,MU,C919
MU4700,23:00:00,02:31:00,60,PEK,T1,XNN,T1,MU,ARJ21
MU4702,06:05:00,10:26:00,50,PEK,T2,WUX,T2,MU,A320
MU4706,08:35:00,11:22:00,50,KMG,T3,NTG,T3,MU,B738
MU4707,18:05:00,22:16:00,90,TYN,T3,WUX,T1,MU,A321
MU4710,16:15:00,20:28:00,50,CZX,T2,KMG,T3,MU,C919
MU4723,14:55:00,18:37:00,70,CAN,T1,FOC,T1,MU,B738
MU4728,23:05:00,03:17:00,60,PVG,T2,JJN,T3,MU,A319
MU4736,20:50:00,01:37:00,60,HET,T1,WUH,T2,MU,A320
MU4742,20:20:00,22:40:00,90,PVG,T2,CKG,T1,MU,A332
MU4754,14:05:00,17:23:00,50,KWL,T1,CAN,T1,MU,B738
MU4758,18:25:00,21:41:00,90,TFU,T3,SZX,T3,MU,B738
MU4761,11:45:00,14:20:00,90,WUH,T1,CZX,T1,MU,A321
MU4762,09:30:00,12:06:00,90,SZX,T3,KHN,T1,MU,A320
MU4768,15:05:00,19:59:00,50,PVG,T2,CGO,T1,MU,A321
MU4772,16:30:00,21:10:00,90,PEK,T1,TAO,T1,MU,ARJ21
MU4779,11:10:00,16:03:00,70,TFU,T3,CZX,T1,MU,A333
MU4784,14:45:00,16:03:00,90,NTG,T3,NKG,T1,MU,A319
MU4788,23:05:00,03:57:00,50,CTU,T2,SHA,T3,MU,B738
MU4789,11:55:00,15:53:00,90,YTY,T3,XMN,T2,MU,C919
MU4794,14:05:00,15:59:00,90,SHA,T2,SHE,T2,MU,B738
MU4799,09:55:00,12:48:00,70,TFU,T3,WEH,T2,MU,A319
MU4807,22:30:00,00:43:00,90,NTG,T3,TSN,T1,MU,A319
MU4810,12:40:00,14:43:00,70,XIY,T1,CKG,T2,MU,ARJ21
MU4811,11:05:00,15:34:00,50,SZX,T3,PVG,T3,MU,A332
MU4812,13:10:00,17:00:00,90,PVG,T1,HFE,T1,MU,A319
MU4813,15:30:00,20:21:00,50,XIY,T2,HFE,T1,MU,A319
MU4821,11:50:00,13:40:00,90,PKX,T2,XUZ,T2,MU,A320
MU4825,07:15:00,11:16:00,50,PKX,T1,WEH,T2,MU,A320
MU4829,11:15:00,13:40:00,90,PEK,T2,KHN,T2,MU,ARJ21
MU4834,15:50:00,18:28:00,70,YNT,T1,SHE,T2,MU,C919
MU4838,22:50:00,00:59:00,60,SYX,T2,SHA,T1,MU,C919
MU4839,19:45:00,23:04:00,90,SZX,T3,LYA,T1,MU,ARJ21
MU4842,09:15:00,13:11:00,60,CAN,T2,PKX,T1,MU,A320
MU4843,22:25:00,00:11:00,90,TFU,T2,INC,T2,MU,B738
MU4848,22:05:00,01:31:00,70,KWE,T2,WUH,T1,MU,A321
MU4849,11:55:00,16:47:00,70,PKX,T1,SYX,T3,MU,A321
MU4862,15:20:00,18:11:00,60,PVG,T1,XMN,T3,MU,A359
MU4865,16:20:00,20:36:00,70,PEK,T3,XUZ,T1,MU,C919
MU4867,06:10:00,10:39:00,60,XIY,T1,HUZ,T2,MU,A319
MU4871,14:00:00,15:58:00,50,SHA,T1,JJN,T2,MU,A333
MU4889,10:00:00,14:14:00,70,PEK,T2,XIY,T1,MU,C919
MU4893,19:30:00,22:51:00,60,YTY,T3,NGB,T1,MU,B789
MU4895,21:00:00,23:48:00,60,KMG,T3,TYN,T2,MU,A320
MU4902,21:50:00,00:04:00,90,PKX,T1,HET,T1,MU,A333
MU4903,16:45:00,17:54:00,70,SZX,T1,SYX,T2,MU,B789
MU4917,08:40:00,12:39:00,90,HUZ,T2,XMN,T3,MU,A320
MU4929,17:45:00,21:52:00,60,SZX,T1,PKX,T2,MU,ARJ21
MU4930,17:20:00,19:53:00,70,SHA,T2,HRB,T1,MU,A319
MU4940,12:10:00,16:03:00,60,CTU,T1,XMN,T2,MU,C919
MU4943,20:50:00,22:56:00,90,WEH,T3,JJN,T3,MU,B738
MU4944,17:25:00,20:46:00,50,XMN,T1,KWL,T1,MU,B738
MU4948,14:05:00,16:37:00,70,CTU,T3,XNN,T3,MU,C919
MU4951,13:15:00,16:19:00,90,CZX,T2,HIA,T2,MU,A321
MU4979,20:55:00,00:03:00,70,CTU,T3,WNZ,T2,MU,A320
MU4983,14:00:00,15:26:00,90,KWL,T1,KHN,T3,MU,C919
MU4994,11:25:00,16:25:00,50,PVG,T1,NTG,T1,MU,A320
MU4995,22:45:00,03:28:00,90,SYX,T2,WNZ,T3,MU,B738
MU5003,16:10:00,18:36:00,50,HET,T1,KWL,T1,MU,ARJ21
MU5004,07:50:00,09:49:00,50,FOC,T3,PEK,T1,MU,A321
MU5010,11:45:00,15:49:00,70,SHA,T2,CKG,T3,MU,A320
MU5014,08:10:00,11:45:00,60,PEK,T1,CSX,T2,MU,A359
MU5018,15:40:00,17:28:00,50,PVG,T2,YTY,T3,MU,A319
MU5024,23:10:00,01:00:00,60,URC,T3,INC,T2,MU,A320
MU5027,23:25:00,03:26:00,60,NKG,T3,CSX,T3,MU,A320
MU5035,20:40:00,22:47:00,60,TFU,T1,KHN,T1,MU,A319
MU5045,06:50:00,10:29:00,70,TFU,T3,PEK,T2,MU,B789
MU5051,14:00:00,18:34:00,50,XMN,T2,CGO,T1,MU,C919
MU5054,07:00:00,11:35:00,60,KMG,T3,HIA,T3,MU,C919
MU5055,20:00:00,23:22:00,90,KMG,T1,YTY,T3,MU,A321
MU5056,22:05:00,23:47:00,70,XNN,T1,NNG,T1,MU,A332
MU5073,11:05:00,13:20:00,50,CTU,T3,LHW,T3,MU,A320
MU5079,06:15:00,10:05:00,50,TYN,T3,HET,T3,MU,A320
MU5081,18:50:00,22:22:00,90,PKX,T1,CGO,T3,MU,C919
MU5087,23:55:00,02:08:00,90,PEK,T1,HAK,T1,MU,A319
MU5095,15:05:00,17:57:00,50,PEK,T2,TNA,T2,MU,A320
MU5114,19:05:00,23:51:00,70,CTU,T1,NTG,T1,MU,C919
MU5117,15:20:00,19:40:00,70,SZX,T2,YTY,T3,MU,ARJ21
MU5118,14:40:00,16:40:00,70,SZX,T3,CZX,T2,MU,A319
MU5139,18:45:00,22:25:00,70,PVG,T1,URC,T1,MU,A320
MU5142,22:10:00,00:58:00,50,KMG,T2,XMN,T2,MU,B738
MU5150,10:25:00,14:58:00,50,JJN,T1,CGO,T2,MU,ARJ21
MU5168,23:45:00,02:54:00,50,PKX,T3,SZX,T1,MU,A319
MU5190,11:25:00,13:05:00,90,NGB,T1,NTG,T2,MU,A359
MU5197,09:10:00,11:05:00,90,XNN,T2,HUZ,T1,MU,ARJ21
MU5198,11:35:00,16:19:00,90,SHA,T3,KHN,T2,MU,B789
MU5202,10:00:00,12:50:00,90,PVG,T1,KMG,T2,MU,B789
MU5205,20:30:00,21:42:00,90,SHA,T2,SHE,T1,MU,B738
MU5206,09:15:00,13:31:00,50,YNT,T2,XUZ,T1,MU,C919
MU5210,15:30:00,17:36:00,50,PKX,T1,KHN,T3,MU,A321
MU5213,21:40:00,00:32:00,70,CAN,T2,NNG,T3,MU,A333
MU5218,13:30:00,15:25:00,60,SZX,T3,TSN,T3,MU,A319
MU5219,23:40:00,01:42:00,60,PVG,T2,FOC,T3,MU,A319
MU5220,11:35:00,15:28:00,50,PEK,T1,WNZ,T1,MU,ARJ21
MU5223,14:00:00,18:49:00,90,XMN,T2,HGH,T1,MU,ARJ21
MU5228,11:55:00,15:25:00,70,YTY,T1,HIA,T3,MU,A319
MU5236,07:10:00,09:06:00,90,TFU,T3,CZX,T3,MU,C919
MU5238,12:05:00,16:08:00,60,PKX,T3,CZX,T1,MU,ARJ21
MU5244,22:45:00,02:17:00,70,PEK,T2,WNZ,T2,MU,A321
MU5246,17:50:00,20:41:00,50,SHA,T1,ZUH,T1,MU,B738
MU5249,14:00:00,18:36:00,60,KMG,T3,LHW,T3,MU,A321
MU5252,21:45:00,01:04:00,50,KMG,T3,LYA,T2,MU,B789
MU5253,17:35:00,18:42:00,50,TFU,T1,TYN,T3,MU,C919
MU5259,23:25:00,02:17:00,60,KWE,T3,XIY,T2,MU,A320
MU5263,14:20:00,16:55:00,90,XIY,T3,HAK,T3,MU,B738
MU5282,07:30:00,12:35:00,60,CAN,T3,FOC,T3,MU,A359
MU5287,10:00:00,14:57:00,70,SZX,T2,HAK,T2,MU,A321
MU5292,17:50:00,20:12:00,60,PVG,T1,JJN,T3,MU,C919
MU5298,23:15:00,02:15:00,70,TFU,T2,ZUH,T3,MU,B738
MU5316,22:15:00,02:03:00,60,SZX,T2,TNA,T3,MU,A333
MU5319,22:50:00,01:31:00,90,PEK,T2,CSX,T2,MU,B738
MU5330,17:30:00,20:30:00,60,PVG,T2,KWL,T3,MU,A320
MU5339,20:10:00,22:40:00,50,FOC,T1,YNT,T3,MU,A320
MU5345,20:15:00,01:22:00,70,KMG,T1,PVG,T3,MU,B738
MU5346,20:55:00,23:12:00,50,URC,T3,SHE,T2,MU,C919
MU5350,10:50:00,12:54:00,60,TFU,T2,TSN,T3,MU,B738
MU5353,23:15:00,01:09:00,70,WNZ,T1,HIA,T1,MU,B738
MU5357,09:50:00,14:03:00,90,PKX,T2,HAK,T3,MU,B738
MU5364,12:50:00,16:22:00,70,TFU,T3,NTG,T2,MU,A320
MU5370,10:00:00,11:57:00,70,XIY,T2,LHW,T2,MU,ARJ21
MU5378,13:10:00,18:12:00,70,TFU,T3,CGO,T1,MU,A321
MU5387,15:05:00,19:22:00,90,SZX,T3,NNG,T1,MU,C919
MU5392,06:20:00,08:20:00,70,PEK,T2,HET,T1,MU,A320
MU5394,06:25:00,11:06:00,50,SHA,T2,FOC,T2,MU,A320
MU5407,13:50:00,17:16:00,70,PKX,T2,URC,T3,MU,B738
MU5411,08:20:00,12:37:00,70,CSX,T2,ZUH,T1,MU,ARJ21
MU5412,09:10:00,14:11:00,90,ZUH,T2,TNA,T2,MU,B738
MU5414,10:35:00,12:51:00,70,CTU,T3,TFU,T2,MU,B738
MU5420,15:45:00,20:02:00,60,CAN,T2,HFE,T2,MU,ARJ21
MU5424,17:25:00,21:28:00,90,JJN,T1,XIY,T1,MU,A321
MU5433,21:10:00,00:24:00,50,CTU,T1,WEH,T1,MU,A321
MU5434,10:10:00,15:07:00,90,XMN,T3,LYA,T1,MU,ARJ21
MU5440,14:55:00,16:14:00,60,CTU,T2,CGO,T2,MU,A320
MU5446,08:10:00,12:13:00,90,DLC,T2,SHE,T2,MU,ARJ21
MU5455,21:10:00,23:56:00,70,SZX,T3,XMN,T1,MU,A319
MU5457,14:55:00,16:51:00,50,PVG,T2,LYA,T3,MU,A320
MU5461,17:50:00,20:54:00,60,PVG,T1,XMN,T2,MU,A321
MU5462,19:55:00,00:52:00,90,KMG,T2,LHW,T3,MU,B738
MU5464,21:55:00,03:01:00,70,PVG,T3,WEH,T1,MU,C919
MU5470,20:05:00,23:29:00,60,PEK,T2,TNA,T1,MU,A320
MU5482,13:25:00,17:04:00,60,PEK,T3,SZX,T3,MU,A319
MU5487,07:00:00,10:58:00,90,SZX,T1,XNN,T1,MU,A332
MU5493,11:00:00,16:04:00,60,URC,T1,KHN,T2,MU,A359
MU5495,08:40:00,10:45:00,70,SHA,T2,CKG,T1,MU,A319
MU5498,20:10:00,00:41:00,50,SZX,T3,YTY,T2,MU,ARJ21
MU5506,16:10:00,19:48:00,70,PKX,T2,ZUH,T3,MU,A320
MU5510,23:30:00,01:56:00,70,ZUH,T2,SHA,T2,MU,C919
MU5512,16:55:00,21:05:00,60,KMG,T2,TNA,T2,MU,A319
MU5522,16:15:00,21:24:00,90,TYN,T1,KWL,T3,MU,A319
MU5530,14:30:00,17:31:00,90,KMG,T2,CKG,T1,MU,B738
MU5535,19:00:00,22:58:00,70,PEK,T3,KMG,T1,MU,A321
MU5541,16:35:00,19:25:00,60,PKX,T1,DLC,T3,MU,ARJ21
MU5549,18:10:00,21:57:00,60,NNG,T3,SHE,T3,MU,B789
MU5555,13:50:00,16:10:00,60,NNG,T2,YTY,T1,MU,A321
MU5558,13:50:00,18:09:00,50,SHA,T3,YTY,T1,MU,B738
MU5562,23:35:00,02:26:00,70,XIY,T2,CAN,T3,MU,ARJ21
MU5566,12:25:00,15:59:00,60,SZX,T2,LHW,T3,MU,A320
MU5568,12:35:00,15:55:00,60,SHA,T3,HUZ,T3,MU,A319
MU5587,19:05:00,23:49:00,60,KMG,T2,XUZ,T3,MU,A319
MU5591,18:10:00,21:04:00,90,TNA,T2,LHW,T2,MU,A320
MU5594,23:30:00,01:33:00,70,CTU,T2,JJN,T2,MU,A320
MU5601,13:50:00,18:59:00,90,XIY,T1,PVG,T2,MU,C919
MU5607,11:35:00,13:23:00,60,KMG,T3,HAK,T2,MU,A321
MU5611,22:00:00,01:15:00,70,KMG,T2,XUZ,T3,MU,A321
MU5623,15:20:00,17:30:00,90,SHA,T1,CTU,T2,MU,A332
MU5627,11:55:00,16:40:00,70,PVG,T3,CAN,T3,MU,A320
MU5631,13:20:00,15:58:00,90,CAN,T2,LXA,T1,MU,B789
MU5639,20:20:00,01:05:00,90,SHA,T1,XMN,T3,MU,C919
MU5644,06:45:00,09:00:00,90,FOC,T2,ZUH,T3,MU,A321
MU5648,09:05:00,12:11:00,60,TFU,T3,HET,T3,MU,ARJ21
MU5651,22:45:00,00:46:00,50,CTU,T2,CSX,T1,MU,B789
MU5654,20:05:00,22:45:00,60,NGB,T3,TYN,T2,MU,A333
MU5655,06:25:00,10:05:00,60,PKX,T3,TFU,T2,MU,A359
MU5658,07:40:00,11:59:00,60,SHA,T1,WUX,T1,MU,A321
MU5663,14:15:00,17:16:00,70,XIY,T3,TFU,T2,MU,ARJ21
MU5669,19:50:00,22:05:00,70,PKX,T3,HET,T2,MU,A319
MU5671,06:15:00,07:57:00,90,HRB,T3,TNA,T3,MU,ARJ21
MU5675,08:30:00,11:13:00,70,CGO,T3,TNA,T1,MU,B738
MU5679,08:45:00,11:41:00,50,PVG,T1,DLC,T1,MU,B789
MU5682,17:30:00,19:35:00,70,SHA,T2,XUZ,T3,MU,A320
MU5719,19:20:00,21:19:00,70,CTU,T2,SZX,T1,MU,A332
MU5721,22:05:00,00:15:00,90,PEK,T2,NKG,T2,MU,A332
MU5725,08:45:00,12:42:00,60,PVG,T3,HAK,T1,MU,C919
MU5729,09:45:00,14:16:00,50,XIY,T1,SHA,T1,MU,A320
MU5731,09:45:00,12:15:00,90,TFU,T2,URC,T2,MU,A319
MU5734,07:10:00,09:37:00,90,PKX,T2,KMG,T1,MU,A319
MU5738,10:55:00,13:00:00,90,PEK,T1,CKG,T2,MU,A333
MU5745,14:55:00,19:38:00,60,CAN,T3,TFU,T2,MU,A320
MU5746,10:50:00,13:47:00,90,CTU,T1,PVG,T2,MU,B789
MU5751,15:35:00,19:11:00,60,KMG,T2,TNA,T1,MU,A321
MU5756,21:00:00,01:05:00,50,PEK,T2,HAK,T1,MU,A320
MU5761,23:05:00,03:52:00,50,XIY,T3,CGO,T3,MU,B738
MU5777,08:35:00,11:22:00,60,PKX,T3,LYA,T1,MU,A320
MU5782,22:30:00,01:37:00,90,CAN,T2,NTG,T1,MU,B789
MU5783,15:50:00,19:29:00,90,HET,T1,KWE,T2,MU,C919
MU5790,20:35:00,00:49:00,60,PVG,T1,XIY,T3,MU,A321
MU5792,12:50:00,15:51:00,60,CAN,T2,TAO,T2,MU,C919
MU5803,16:00:00,19:32:00,60,LYA,T3,HRB,T3,MU,A319
MU5804,20:45:00,00:04:00,70,TFU,T3,PKX,T3,MU,A321
MU5814,19:45:00,23:17:00,60,SZX,T1,TAO,T2,MU,A321
MU5820,22:55:00,02:38:00,70,LHW,T2,CSX,T2,MU,A359
MU5831,17:15:00,22:07:00,90,CAN,T2,HRB,T3,MU,ARJ21
MU5832,22:40:00,02:54:00,90,SHA,T3,HRB,T3,MU,A320
MU5836,17:20:00,21:04:00,70,NKG,T2,SZX,T1,MU,A332
MU5839,19:55:00,00:31:00,50,JJN,T3,XMN,T2,MU,A333
MU5840,07:50:00,11:04:00,70,WNZ,T2,YTY,T2,MU,C919
MU5844,21:40:00,23:23:00,50,SHA,T2,HRB,T2,MU,A319
MU5846,16:10:00,21:00:00,70,PVG,T1,WUH,T3,MU,C919
MU5854,06:55:00,11:02:00,60,PEK,T2,TFU,T1,MU,A321
MU5858,10:05:00,13:18:00,50,PKX,T3,CZX,T2,MU,C919
MU5860,17:55:00,23:04:00,50,URC,T1,HET,T2,MU,B789
MU5882,07:10:00,10:47:00,50,CTU,T2,TSN,T3,MU,A321
MU5883,08:25:00,10:06:00,70,PVG,T1,NTG,T2,MU,A332
MU5901,20:40:00,23:58:00,60,PVG,T1,HIA,T3,MU,A321
MU5903,18:50:00,23:46:00,70,PEK,T1,LHW,T1,MU,C919
MU5911,11:50:00,16:17:00,90,CTU,T1,LHW,T2,MU,ARJ21
MU5914,16:10:00,18:07:00,70,CTU,T1,CGO,T1,MU,C919
MU5919,12:50:00,17:09:00,90,XUZ,T1,CSX,T1,MU,ARJ21
MU5933,19:00:00,22:35:00,60,XIY,T3,URC,T2,MU,A319
MU5951,20:25:00,23:26:00,90,PVG,T3,WEH,T1,MU,C919
MU5958,23:45:00,04:36:00,90,PEK,T3,NKG,T3,MU,A321
MU5959,08:25:00,11:27:00,70,TYN,T1,CAN,T3,MU,ARJ21
MU5965,15:15:00,17:59:00,50,INC,T2,KWE,T2,MU,A321
MU5967,16:30:00,20:12:00,90,NGB,T2,TYN,T2,MU,ARJ21
MU5970,08:35:00,12:04:00,60,NKG,T1,INC,T1,MU,A332
MU5974,21:35:00,23:28:00,60,TFU,T2,TYN,T3,MU,A319
MU5978,17:25:00,19:41:00,60,SHA,T3,URC,T2,MU,B738
MU5987,09:50:00,13:43:00,60,PVG,T1,TNA,T1,MU,A332
MU5993,10:25:00,12:42:00,50,SHA,T3,PVG,T1,MU,A332
MU6001,07:40:00,12:14:00,50,PVG,T1,ZUH,T2,MU,ARJ21
MU6009,09:20:00,12:13:00,90,TFU,T1,KWL,T3,MU,A320
MU6012,11:30:00,13:17:00,70,XUZ,T3,CSX,T3,MU,ARJ21
MU6014,11:45:00,14:17:00,50,PEK,T3,TYN,T2,MU,B738
MU6022,10:00:00,11:59:00,70,PVG,T3,PKX,T1,MU,A320
MU6039,08:10:00,10:57:00,60,KHN,T1,XIY,T3,MU,A321
MU6046,20:45:00,01:05:00,50,CAN,T2,LHW,T3,MU,C919
MU6050,16:15:00,18:43:00,60,XIY,T2,PKX,T2,MU,A319
MU6051,16:40:00,21:32:00,90,NGB,T1,CSX,T2,MU,A319
MU6054,08:55:00,13:30:00,90,PKX,T2,KHN,T1,MU,A319
MU6062,08:15:00,10:50:00,50,XUZ,T2,HFE,T1,MU,A333
MU6069,20:50:00,23:39:00,90,HET,T3,SHE,T2,MU,A332
MU6071,21:55:00,03:00:00,90,NNG,T2,CZX,T2,MU,A320
MU6072,07:40:00,11:21:00,70,PVG,T1,YNT,T1,MU,C919
MU6081,16:55:00,20:31:00,90,SZX,T2,HFE,T3,MU,C919
MU6086,17:20:00,19:40:00,70,SZX,T2,TYN,T2,MU,A319
MU6091,13:15:00,14:58:00,90,PEK,T1,NNG,T3,MU,B738
MU6097,09:10:00,14:03:00,50,PKX,T3,CGO,T3,MU,A320
MU6098,15:25:00,19:43:00,60,NTG,T3,SHE,T1,MU,ARJ21
MU6102,15:40:00,18:42:00,70,CTU,T1,URC,T2,MU,A321
MU6104,14:10:00,17:26:00,90,ZUH,T2,HGH,T3,MU,A332
MU6116,17:30:00,20:24:00,60,HAK,T2,PKX,T3,MU,C919
MU6127,16:20:00,20:06:00,50,CTU,T2,URC,T2,MU,A321
MU6129,13:45:00,17:00:00,60,SHA,T1,CTU,T3,MU,A333
MU6130,18:15:00,22:16:00,90,LYA,T3,DLC,T2,MU,B738
MU6134,09:05:00,11:53:00,50,DLC,T3,CZX,T1,MU,A321
MU6135,16:30:00,20:53:00,50,NKG,T3,CZX,T3,MU,B738
MU6143,09:00:00,14:09:00,60,CAN,T3,TYN,T1,MU,C919
MU6148,10:45:00,12:54:00,50,SZX,T3,HUZ,T2,MU,ARJ21
MU6152,16:20:00,20:24:00,50,CAN,T2,HET,T1,MU,ARJ21
MU6154,22:00:00,01:20:00,60,XNN,T2,KHN,T1,MU,C919
MU6155,08:30:00,10:51:00,50,XMN,T1,CZX,T2,MU,A332
MU6157,23:45:00,02:54:00,90,TSN,T2,LXA,T1,MU,C919
MU6159,10:45:00,12:44:00,90,KMG,T3,TSN,T3,MU,A320
MU6166,11:05:00,15:31:00,60,SHA,T2,KMG,T3,MU,B789
MU6180,23:45:00,01:54:00,70,XIY,T2,HFE,T3,MU,C919
MU6190,11:55:00,16:20:00,60,PVG,T2,TYN,T3,MU,A321
MU6191,22:55:00,03:09:00,60,KMG,T3,TSN,T2,MU,A359
MU6197,10:50:00,13:45:00,50,XIY,T3,PVG,T1,MU,C919
MU6211,21:30:00,23:41:00,90,SHA,T1,WUH,T1,MU,A320
MU6214,07:05:00,12:00:00,50,TFU,T2,CZX,T2,MU,ARJ21
MU6226,15:25:00,19:39:00,50,XIY,T3,ZUH,T2,MU,A359
MU6228,11:50:00,14:40:00,70,CZX,T2,WNZ,T2,MU,A320
MU6233,23:25:00,04:35:00,50,PEK,T2,CKG,T2,MU,A319
MU6239,14:00:00,15:52:00,50,CSX,T1,CGO,T3,MU,B738
MU6241,19:30:00,21:49:00,50,HIA,T2,CAN,T2,MU,A333
MU6265,12:45:00,16:43:00,50,XIY,T1,TAO,T2,MU,A333
MU6266,20:15:00,00:50:00,50,SHA,T1,YNT,T1,MU,ARJ21
MU6269,18:45:00,20:51:00,50,KHN,T2,TFU,T2,MU,C919
MU6274,14:05:00,16:53:00,70,CAN,T2,HUZ,T2,MU,A321
MU6281,21:00:00,01:04:00,90,PVG,T1,NTG,T3,MU,C919
MU6286,09:15:00,11:32:00,70,PEK,T3,NTG,T2,MU,ARJ21
MU6288,11:05:00,13:07:00,90,CSX,T3,KWE,T1,MU,A320
MU6295,07:40:00,11:23:00,90,KHN,T3,HIA,T2,MU,A319
MU6297,22:35:00,02:53:00,50,PKX,T1,TNA,T3,MU,A319
MU6303,15:15:00,17:41:00,70,WNZ,T3,HET,T3,MU,A320
MU6310,10:20:00,15:19:00,50,PVG,T2,INC,T3,MU,A320
MU6314,18:05:00,22:28:00,50,SZX,T3,INC,T1,MU,A319
MU6320,20:00:00,23:11:00,60,PKX,T3,HAK,T1,MU,B789
MU6325,13:50:00,16:35:00,60,CAN,T2,YTY,T1,MU,A321
MU6328,23:45:00,02:15:00,70,KMG,T3,HET,T1,MU,A320
MU6335,19:45:00,22:46:00,90,KMG,T1,DLC,T3,MU,A320
MU6339,06:55:00,09:43:00,50,CTU,T2,LYA,T3,MU,B738
MU6341,15:10:00,16:18:00,50,XMN,T1,XIY,T3,MU,C919
MU6349,10:20:00,15:07:00,60,PKX,T3,XIY,T3,MU,A320
MU6354,18:10:00,23:19:00,70,SHA,T1,KHN,T3,MU,ARJ21
MU6357,18:40:00,22:42:00,90,NNG,T2,PKX,T3,MU,C919
MU6360,23:10:00,02:17:00,70,CAN,T1,KWL,T2,MU,A319
MU6361,18:00:00,21:14:00,60,HFE,T1,LYA,T2,MU,C919
MU6362,11:30:00,15:34:00,90,CZX,T1,INC,T3,MU,B738
MU6365,20:50:00,01:24:00,70,KMG,T3,HGH,T2,MU,C919
MU6369,07:40:00,11:50:00,70,CTU,T2,PKX,T2,MU,ARJ21
MU6373,21:00:00,01:08:00,90,HAK,T3,SYX,T3,MU,C919
MU6382,18:25:00,20:14:00,70,WNZ,T2,HIA,T3,MU,A319
MU6391,12:20:00,15:18:00,50,PKX,T1,NTG,T2,MU,ARJ21
MU6392,15:30:00,18:38:00,90,SZX,T2,XNN,T3,MU,C919
MU6396,15:00:00,19:56:00,90,XIY,T3,SHE,T3,MU,B789
MU6409,08:20:00,11:02:00,70,PVG,T1,SHA,T2,MU,A319
MU6413,12:30:00,17:08:00,60,PEK,T3,HET,T1,MU,B738
MU6416,08:20:00,13:27:00,50,SHE,T2,TSN,T1,MU,ARJ21
MU6417,07:50:00,11:52:00,90,XUZ,T3,KWL,T3,MU,A320
MU6420,11:05:00,13:04:00,70,TFU,T1,NKG,T3,MU,B738
MU6436,14:20:00,18:59:00,50,CTU,T2,WNZ,T3,MU,ARJ21
MU6445,21:20:00,01:24:00,70,YNT,T3,KMG,T2,MU,C919
MU6447,23:40:00,03:36:00,90,PEK,T2,TAO,T1,MU,A320
MU6453,18:30:00,22:17:00,50,CTU,T1,NGB,T1,MU,A320
MU6458,21:15:00,01:49:00,90,PKX,T3,NTG,T3,MU,A319
MU6472,08:45:00,12:31:00,60,LHW,T3,TSN,T1,MU,A321
MU6475,15:30:00,18:38:00,90,PEK,T1,KMG,T3,MU,A321
MU6482,23:15:00,04:17:00,50,XIY,T2,KWE,T3,MU,A319
MU6491,09:20:00,14:03:00,90,CAN,T1,KHN,T1,MU,B738
MU6495,11:10:00,13:10:00,50,CGO,T2,WUX,T2,MU,A320
MU6498,16:50:00,20:20:00,70,SZX,T2,YTY,T2,MU,B738
MU6504,21:10:00,23:33:00,70,PVG,T1,TNA,T1,MU,A321
MU6511,20:50:00,23:28:00,70,CAN,T2,URC,T2,MU,ARJ21
MU6512,22:05:00,23:23:00,70,PVG,T3,PEK,T2,MU,B738
MU6516,17:45:00,22:23:00,50,TFU,T2,XMN,T3,MU,C919
MU6517,08:35:00,13:05:00,60,CTU,T1,LXA,T2,MU,A332
MU6519,06:05:00,08:52:00,60,LXA,T2,SHE,T1,MU,C919
MU6520,16:05:00,19:17:00,60,XIY,T3,TFU,T3,MU,A319
MU6529,22:45:00,02:23:00,90,SZX,T1,WUH,T2,MU,A321
MU6530,10:55:00,13:52:00,70,CKG,T3,PEK,T1,MU,A321
MU6534,11:00:00,12:59:00,90,TFU,T2,TAO,T2,MU,A319
MU6535,17:30:00,19:15:00,90,CTU,T3,SHA,T3,MU,C919
MU6541,18:10:00,23:05:00,90,KWE,T1,DLC,T3,MU,A320
MU6542,14:50:00,18:21:00,70,KMG,T2,CKG,T1,MU,A320
MU6548,14:15:00,16:10:00,50,HRB,T3,TSN,T1,MU,B738
MU6551,22:55:00,00:44:00,60,KMG,T3,KWE,T1,MU,C919
MU6553,10:00:00,15:04:00,60,PVG,T1,NNG,T1,MU,B789
MU6562,07:35:00,11:39:00,90,PKX,T1,XUZ,T1,MU,ARJ21
MU6570,13:40:00,18:22:00,50,CTU,T3,PEK,T3,MU,ARJ21
MU6571,22:50:00,02:41:00,70,CTU,T3,HUZ,T1,MU,A321
MU6576,23:05:00,03:37:00,90,TFU,T3,INC,T2,MU,C919
MU6586,13:50:00,18:01:00,60,CAN,T3,TNA,T3,MU,A332
MU6588,07:20:00,11:26:00,50,PVG,T3,HFE,T3,MU,ARJ21
MU6590,17:15:00,21:11:00,50,PKX,T3,NGB,T1,MU,A321
MU6592,07:45:00,11:50:00,70,PEK,T1,CZX,T2,MU,C919
MU6601,11:40:00,16:04:00,50,KMG,T2,LHW,T2,MU,A319
MU6603,07:05:00,10:50:00,70,SHA,T2,CGO,T1,MU,A359
MU6606,16:05:00,18:48:00,90,PKX,T1,SYX,T3,MU,B789
MU6621,11:35:00,13:39:00,70,XIY,T2,INC,T1,MU,B738
MU6622,20:35:00,01:04:00,90,KHN,T1,WUH,T1,MU,A320
MU6627,16:15:00,20:35:00,70,SZX,T1,PKX,T3,MU,A319
MU6632,15:25:00,17:14:00,90,NNG,T3,WUH,T1,MU,B738
MU6636,22:50:00,03:12:00,90,SHA,T2,CSX,T2,MU,A320
MU6639,14:00:00,17:54:00,90,SHA,T1,YTY,T1,MU,A321
MU6640,19:20:00,23:42:00,60,XIY,T3,HFE,T1,MU,ARJ21
MU6641,08:50:00,12:32:00,70,SZX,T2,INC,T1,MU,B789
MU6643,08:20:00,11:13:00,50,SHE,T1,DLC,T3,MU,A319
MU6646,14:30:00,16:40:00,70,TAO,T2,HIA,T3,MU,B738
MU6658,07:20:00,11:45:00,90,PVG,T3,JJN,T2,MU,A320
MU6665,18:05:00,20:03:00,60,SHA,T3,HRB,T2,MU,A320
MU6666,17:20:00,21:58:00,60,XIY,T1,LXA,T2,MU,A332
MU6667,16:50:00,19:18:00,70,SZX,T1,PVG,T3,MU,A320
MU6673,21:10:00,22:47:00,70,KMG,T2,KWE,T2,MU,A320
MU6680,20:10:00,23:51:00,90,PKX,T2,LHW,T2,MU,B789
MU6681,14:20:00,17:29:00,50,HAK,T3,WEH,T3,MU,A332
MU6687,06:15:00,10:08:00,90,KMG,T3,YTY,T3,MU,B738
MU6689,20:30:00,00:25:00,70,TFU,T2,XIY,T2,MU,A332
MU6691,13:45:00,16:24:00,50,SYX,T1,YTY,T3,MU,ARJ21
MU6700,18:35:00,23:30:00,50,KHN,T1,CTU,T2,MU,A333
MU6709,16:15:00,20:34:00,50,PVG,T3,YTY,T1,MU,A359
MU6711,16:30:00,18:10:00,50,KWE,T3,SHE,T2,MU,A321
MU6730,16:45:00,19:15:00,90,CAN,T2,WEH,T2,MU,ARJ21
MU6738,20:55:00,22:59:00,60,TFU,T2,HGH,T1,MU,A321
MU6740,06:10:00,10:06:00,90,CAN,T3,KHN,T2,MU,B738
MU6745,23:25:00,02:13:00,60,SHA,T3,CGO,T1,MU,A319
MU6756,15:10:00,16:54:00,50,CTU,T2,CGO,T1,MU,ARJ21
MU6759,12:55:00,15:18:00,70,HRB,T1,KWE,T2,MU,A319
MU6760,19:40:00,23:47:00,60,PEK,T3,WUH,T2,MU,B789
MU6761,22:30:00,00:49:00,90,CAN,T1,SHA,T3,MU,C919
MU6765,17:20:00,21:48:00,90,HFE,T2,CAN,T3,MU,A359
MU6768,10:05:00,11:23:00,90,CTU,T2,CAN,T1,MU,ARJ21
MU6785,17:40:00,19:50:00,90,PEK,T1,CKG,T3,MU,A321
MU6786,17:00:00,18:42:00,90,WUX,T3,ZUH,T1,MU,A319
MU6787,07:55:00,09:41:00,70,CAN,T3,LXA,T2,MU,A319
MU6790,22:30:00,01:57:00,50,CTU,T3,XNN,T2,MU,A319
MU6791,15:45:00,19:43:00,90,CAN,T3,HFE,T1,MU,A321
MU6792,06:00:00,09:49:00,70,SHA,T3,HET,T2,MU,C919
MU6799,22:00:00,01:01:00,90,CAN,T2,XNN,T1,MU,A332
MU6801,07:20:00,11:44:00,90,DLC,T2,TFU,T2,MU,A319
MU6802,13:05:00,16:31:00,90,CTU,T3,KMG,T1,MU,A321
MU6811,22:10:00,00:39:00,60,PVG,T2,NGB,T3,MU,A321
MU6817,13:30:00,17:12:00,90,SZX,T2,LHW,T2,MU,A320
MU6820,20:55:00,00:48:00,60,PEK,T1,KWL,T3,MU,C919
MU6821,22:45:00,00:42:00,60,INC,T2,SHA,T3,MU,C919
MU6836,18:20:00,22:55:00,50,CAN,T1,SHA,T1,MU,B789
MU6851,18:45:00,20:55:00,70,CTU,T3,URC,T1,MU,C919
MU6852,19:05:00,23:45:00,50,CKG,T3,HAK,T2,MU,A319
MU6855,08:15:00,12:53:00,70,XUZ,T3,NNG,T1,MU,A321
MU6857,07:30:00,10:18:00,50,KMG,T1,WUX,T3,MU,A320
MU6860,13:05:00,16:01:00,70,XNN,T1,CTU,T2,MU,C919
MU6861,15:55:00,19:46:00,70,CGO,T1,SZX,T2,MU,C919
MU6876,13:50:00,16:36:00,50,XIY,T3,KHN,T1,MU,B738
MU6878,14:55:00,16:22:00,70,TFU,T3,TYN,T3,MU,C919
MU6892,22:50:00,03:52:00,60,KMG,T2,PVG,T2,MU,ARJ21
MU6896,12:15:00,14:09:00,50,PKX,T3,FOC,T3,MU,A332
MU6898,13:45:00,15:55:00,90,HFE,T1,SYX,T3,MU,A321
MU6911,23:15:00,01:45:00,90,DLC,T1,KWE,T3,MU,A333
MU6915,23:55:00,03:56:00,50,TFU,T1,XIY,T2,MU,A333
MU6916,23:20:00,00:33:00,90,CGO,T2,CZX,T1,MU,ARJ21
MU6921,08:15:00,12:36:00,90,TFU,T1,XIY,T2,MU,A319
MU6927,14:05:00,18:24:00,70,SHA,T1,WUX,T3,MU,C919
MU6930,08:25:00,10:26:00,50,SHA,T2,CAN,T2,MU,B789
MU6931,07:30:00,10:55:00,90,CTU,T1,DLC,T1,MU,ARJ21
MU6940,06:50:00,11:14:00,60,SHE,T1,CKG,T2,MU,ARJ21
MU6943,13:50:00,16:04:00,60,PVG,T3,KHN,T3,MU,A319
MU6946,23:55:00,02:54:00,90,XIY,T1,HGH,T1,MU,B789
MU6966,09:55:00,13:06:00,60,TFU,T3,NTG,T3,MU,ARJ21
MU6975,22:55:00,02:05:00,90,TFU,T1,XMN,T2,MU,C919
MU6979,10:20:00,12:59:00,50,TFU,T3,KWL,T3,MU,A319
MU6985,11:00:00,12:50:00,50,CSX,T1,WUX,T3,MU,A319
MU6986,18:10:00,20:20:00,60,PEK,T2,CTU,T1,MU,C919
MU6994,21:00:00,00:35:00,60,HET,T3,NGB,T2,MU,A321
MU7011,18:05:00,22:30:00,70,XIY,T3,JJN,T3,MU,ARJ21
MU7013,19:20:00,23:43:00,90,SHE,T2,HFE,T2,MU,A333
MU7018,19:05:00,22:59:00,90,TFU,T2,HUZ,T2,MU,B738
MU7019,21:30:00,02:25:00,50,XIY,T3,HFE,T3,MU,A321
MU7035,10:35:00,14:07:00,50,PVG,T2,TSN,T2,MU,A320
MU7054,21:55:00,01:09:00,50,KMG,T2,HET,T1,MU,B738
MU7055,10:50:00,15:01:00,90,CSX,T1,PKX,T1,MU,A319
MU7062,14:40:00,19:04:00,50,SHA,T2,INC,T3,MU,B738
MU7067,16:30:00,20:05:00,50,PKX,T2,INC,T2,MU,C919
MU7068,13:40:00,18:14:00,70,KMG,T1,WNZ,T3,MU,C919
MU7074,23:40:00,04:18:00,60,KMG,T2,NGB,T1,MU,A319
MU7075,06:10:00,09:22:00,60,HIA,T3,URC,T1,MU,A332
MU7077,22:35:00,01:22:00,90,KMG,T2,LHW,T2,MU,A333
MU7082,08:15:00,10:25:00,70,XIY,T1,WUX,T3,MU,A320
MU7091,12:05:00,14:05:00,60,PKX,T3,INC,T2,MU,A320
MU7095,23:50:00,02:26:00,60,SZX,T3,HUZ,T2,MU,B738
MU7101,16:20:00,18:23:00,90,KMG,T3,HUZ,T1,MU,A320
MU7109,08:00:00,11:54:00,70,SHA,T3,WNZ,T1,MU,A320
MU7110,16:10:00,18:31:00,50,FOC,T1,CKG,T2,MU,A319
MU7112,11:05:00,13:41:00,60,XIY,T3,HUZ,T3,MU,C919
MU7113,15:45:00,20:50:00,60,HET,T1,NNG,T1,MU,A321
MU7115,22:50:00,00:28:00,50,CZX,T1,CAN,T2,MU,A359
MU7116,22:55:00,03:34:00,90,SHE,T3,CAN,T2,MU,ARJ21
MU7117,17:00:00,19:28:00,50,SHE,T2,CGO,T1,MU,A320
MU7123,18:20:00,20:50:00,90,KMG,T3,FOC,T2,MU,A321
MU7124,11:40:00,13:45:00,60,SZX,T2,WUX,T2,MU,A319
MU7125,18:00:00,21:55:00,50,PEK,T1,SZX,T3,MU,A319
MU7140,17:30:00,20:44:00,70,KMG,T3,NNG,T3,MU,A320
MU7157,20:20:00,01:25:00,70,SYX,T1,YTY,T3,MU,A320
MU7163,13:15:00,15:36:00,90,SHE,T3,URC,T1,MU,A321
MU7168,12:35:00,15:50:00,70,PKX,T2,INC,T2,MU,A333
MU7170,06:50:00,08:33:00,90,XIY,T1,PVG,T2,MU,C919
MU7176,19:00:00,21:13:00,60,XIY,T3,JJN,T3,MU,A321
MU7177,14:00:00,16:26:00,60,LYA,T2,KMG,T1,MU,A319
MU7187,13:25:00,15:19:00,60,PKX,T2,NNG,T1,MU,A321
MU7190,11:15:00,16:14:00,50,KMG,T3,TYN,T2,MU,B738
MU7197,08:15:00,09:31:00,60,CTU,T2,CKG,T1,MU,A321
MU7201,08:00:00,10:36:00,60,KMG,T1,XIY,T2,MU,B738
MU7203,11:45:00,15:37:00,50,TFU,T2,FOC,T1,MU,B738
MU7204,12:25:00,15:01:00,70,KWL,T3,NGB,T1,MU,ARJ21
MU7205,21:10:00,00:09:00,70,SHA,T3,KWE,T3,MU,C919
MU7209,23:20:00,02:50:00,70,PVG,T3,WUX,T1,MU,A321
MU7213,16:15:00,20:14:00,90,XIY,T3,CAN,T1,MU,A320
MU7218,19:15:00,23:52:00,60,XUZ,T2,YTY,T3,MU,C919
MU7219,18:40:00,22:34:00,70,CAN,T3,FOC,T2,MU,A333
MU7223,19:00:00,20:05:00,50,SZX,T2,SYX,T3,MU,A319
MU7224,08:10:00,10:31:00,60,FOC,T2,YTY,T2,MU,B738
MU7228,20:35:00,21:50:00,50,KMG,T2,KWL,T1,MU,C919
MU7252,11:20:00,14:14:00,90,PEK,T1,TYN,T2,MU,B738
MU7253,20:35:00,01:03:00,90,XUZ,T3,CGO,T3,MU,A320
MU7255,10:15:00,12:20:00,70,XIY,T1,CSX,T2,MU,A359
MU7256,15:05:00,19:42:00,70,PVG,T1,JJN,T1,MU,C919
MU7263,19:20:00,23:01:00,90,LHW,T1,CKG,T2,MU,A320
MU7268,14:50:00,16:26:00,50,HRB,T3,HIA,T1,MU,A320
MU7274,23:10:00,01:46:00,60,PKX,T1,CGO,T2,MU,B738
MU7277,15:10:00,19:06:00,50,XIY,T1,HFE,T1,MU,A332
MU7282,22:05:00,02:37:00,50,XIY,T2,SHA,T3,MU,B738
MU7289,23:50:00,03:20:00,60,ZUH,T1,PEK,T3,MU,C919
MU7290,12:55:00,17:49:00,70,JJN,T1,CZX,T3,MU,A319
MU7293,14:05:00,15:46:00,70,XMN,T2,INC,T1,MU,C919
MU7299,10:50:00,13:59:00,90,HUZ,T2,XMN,T2,MU,C919
MU7303,14:20:00,16:18:00,70,KMG,T1,CSX,T2,MU,B789
MU7311,08:00:00,10:31:00,90,CZX,T3,TSN,T2,MU,A359
MU7317,09:55:00,13:25:00,50,KHN,T2,PEK,T1,MU,B738
MU7319,06:55:00,09:06:00,50,CAN,T2,LYA,T3,MU,A321
MU7322,06:00:00,09:12:00,50,PKX,T3,NNG,T3,MU,A359
MU7324,12:30:00,17:31:00,90,CAN,T1,HET,T3,MU,A320
MU7330,06:45:00,08:35:00,70,XIY,T2,HRB,T1,MU,A319
MU7339,14:25:00,19:15:00,90,KMG,T3,WNZ,T2,MU,B789
MU7351,10:25:00,15:03:00,90,PEK,T2,XIY,T3,MU,A321
MU7361,15:10:00,17:31:00,70,KMG,T1,TYN,T3,MU,A319
MU7370,18:20:00,20:52:00,60,KMG,T2,INC,T1,MU,A319
MU7375,22:55:00,03:50:00,90,PKX,T3,CTU,T1,MU,ARJ21
MU7377,18:05:00,20:39:00,70,HUZ,T3,JJN,T2,MU,A321
MU7382,07:35:00,10:07:00,70,SHA,T3,CGO,T1,MU,A320
MU7388,22:25:00,00:10:00,70,HIA,T1,SHA,T2,MU,ARJ21
MU7389,17:05:00,19:36:00,90,PVG,T3,TFU,T2,MU,A321
MU7394,07:25:00,11:39:00,70,XIY,T2,HGH,T1,MU,A333
MU7398,13:05:00,16:24:00,70,CTU,T3,URC,T2,MU,B738
MU7401,17:10:00,19:21:00,70,YNT,T2,WUX,T3,MU,A319
MU7402,20:00:00,23:16:00,60,SHE,T3,PVG,T2,MU,C919
MU7403,18:00:00,19:49:00,70,NTG,T2,NGB,T2,MU,A320
MU7407,18:20:00,20:12:00,50,INC,T2,NNG,T3,MU,ARJ21
MU7408,11:10:00,13:53:00,60,PEK,T1,SZX,T2,MU,A320
MU7414,14:35:00,16:09:00,50,CKG,T3,CSX,T2,MU,A321
MU7419,07:10:00,10:06:00,50,XIY,T3,SYX,T1,MU,A333
MU7420,06:10:00,08:15:00,70,XIY,T3,CTU,T2,MU,A320
MU7422,19:25:00,22:39:00,70,SZX,T2,TNA,T2,MU,A332
MU7428,18:45:00,23:35:00,90,PEK,T2,HET,T2,MU,C919
MU7429,17:25:00,21:59:00,60,WEH,T1,HET,T1,MU,B738
MU7432,06:35:00,09:43:00,70,SZX,T2,TYN,T1,MU,A320
MU7433,12:00:00,13:40:00,90,SZX,T1,HET,T1,MU,A319
MU7436,08:30:00,11:25:00,60,SHA,T2,HAK,T1,MU,A320
MU7450,21:30:00,00:03:00,90,SHA,T3,WUX,T2,MU,ARJ21
MU7451,09:05:00,12:35:00,90,KMG,T1,INC,T2,MU,B789
MU7454,07:35:00,10:45:00,60,SHA,T2,TYN,T1,MU,A320
MU7458,18:00:00,21:39:00,50,TFU,T2,INC,T3,MU,A319
MU7460,13:05:00,17:16:00,50,KMG,T3,NGB,T3,MU,A319
MU7470,13:10:00,17:38:00,70,SZX,T3,HRB,T2,MU,B738
MU7473,14:30:00,18:29:00,70,PVG,T3,TNA,T1,MU,A319
MU7477,12:30:00,15:10:00,90,NNG,T1,PKX,T2,MU,A359
MU7479,06:30:00,08:21:00,90,URC,T3,YNT,T1,MU,A332
MU7481,20:40:00,01:40:00,90,PVG,T3,CSX,T3,MU,C919
MU7483,20:20:00,23:04:00,60,SHA,T2,TSN,T3,MU,C919
MU7505,10:55:00,14:05:00,50,KMG,T2,NKG,T3,MU,A321
MU7506,07:20:00,10:29:00,60,CTU,T3,ZUH,T1,MU,A321
MU7508,17:40:00,20:59:00,90,KMG,T1,TNA,T3,MU,A321
MU7514,18:55:00,21:56:00,90,XIY,T3,INC,T3,MU,B738
MU7518,06:00:00,10:47:00,60,PEK,T2,CSX,T3,MU,ARJ21
MU7523,07:45:00,09:38:00,50,KMG,T1,WUX,T3,MU,B738
MU7528,07:15:00,08:47:00,90,TFU,T1,TNA,T3,MU,A359
MU7529,20:30:00,00:31:00,60,PKX,T3,SYX,T1,MU,A321
MU7532,14:00:00,15:48:00,60,CAN,T2,SZX,T3,MU,A333
MU7536,07:30:00,11:18:00,50,XIY,T1,HAK,T1,MU,B738
MU7539,08:00:00,12:31:00,90,WUH,T1,KWL,T3,MU,A359
MU7541,22:40:00,02:02:00,50,KMG,T1,XIY,T1,MU,B738
MU7545,10:55:00,15:10:00,60,TFU,T3,HFE,T1,MU,B789
MU7556,22:20:00,01:59:00,90,PEK,T3,NKG,T2,MU,A321
MU7566,21:30:00,23:36:00,90,XIY,T1,HUZ,T3,MU,A321
MU7569,09:20:00,13:53:00,90,PEK,T1,CGO,T2,MU,A319
MU7572,18:25:00,22:06:00,60,KWE,T1,YTY,T1,MU,A333
MU7573,10:15:00,14:55:00,70,HIA,T2,TYN,T1,MU,ARJ21
MU7583,07:10:00,12:18:00,70,PVG,T3,HAK,T2,MU,ARJ21
MU7595,06:55:00,09:00:00,50,KMG,T2,KHN,T2,MU,ARJ21
MU7605,22:50:00,03:01:00,50,SZX,T2,JJN,T3,MU,B738
MU7606,14:40:00,17:55:00,60,XIY,T1,YTY,T3,MU,ARJ21
MU7609,13:10:00,17:41:00,70,PVG,T2,FOC,T1,MU,B738
MU7619,17:05:00,19:11:00,60,TFU,T3,INC,T2,MU,A321
MU7622,23:00:00,01:46:00,60,PEK,T1,CTU,T1,MU,A333
MU7642,14:30:00,17:16:00,50,CAN,T1,HUZ,T1,MU,B738
MU7651,14:25:00,17:48:00,90,CAN,T1,XMN,T2,MU,A319
MU7657,22:45:00,03:30:00,50,KWL,T2,INC,T3,MU,C919
MU7673,07:10:00,11:57:00,50,CKG,T3,DLC,T3,MU,A320
MU7674,20:40:00,01:18:00,60,SHA,T3,KWL,T3,MU,B738
MU7678,10:00:00,13:15:00,50,CTU,T2,WUX,T2,MU,ARJ21
MU7679,13:35:00,17:06:00,50,CTU,T1,ZUH,T2,MU,B738
MU7683,09:25:00,14:16:00,70,PKX,T2,HGH,T2,MU,A320
MU7691,21:00:00,01:46:00,60,XIY,T1,YNT,T2,MU,C919
MU7696,21:45:00,01:30:00,70,SHA,T2,XNN,T2,MU,A359
MU7701,18:10:00,21:36:00,50,PEK,T3,WNZ,T2,MU,C919
MU7713,22:00:00,00:34:00,60,KMG,T3,JJN,T2,MU,B738
MU7714,09:35:00,11:56:00,70,CTU,T2,TNA,T1,MU,A319
MU7720,10:05:00,14:40:00,50,TFU,T3,HFE,T2,MU,A333
MU7730,13:05:00,14:49:00,90,CAN,T2,NKG,T1,MU,B738
MU7732,16:45:00,19:06:00,50,NNG,T1,HET,T3,MU,A319
MU7758,08:45:00,11:47:00,50,PVG,T3,TYN,T3,MU,ARJ21
MU7761,09:40:00,13:19:00,90,KMG,T1,TAO,T3,MU,ARJ21
MU7772,14:00:00,16:48:00,50,CTU,T1,PVG,T1,MU,ARJ21
MU7773,18:15:00,22:27:00,90,FOC,T3,KWL,T1,MU,C919
MU7777,15:55:00,19:57:00,50,HET,T2,TSN,T1,MU,A320
MU7781,20:25:00,01:33:00,90,SZX,T1,TAO,T3,MU,B738
MU7788,08:20:00,10:13:00,90,SZX,T2,WUH,T1,MU,A321
MU7791,14:45:00,18:15:00,70,SHA,T2,YTY,T3,MU,ARJ21
MU7792,21:00:00,00:05:00,50,TFU,T1,SYX,T3,MU,ARJ21
MU7801,06:55:00,09:11:00,60,PEK,T2,LHW,T2,MU,A319
MU7803,21:50:00,23:48:00,60,PEK,T1,SHE,T3,MU,A320
MU7812,22:50:00,01:59:00,90,CAN,T2,HIA,T3,MU,C919
MU7815,18:30:00,19:59:00,60,PVG,T1,PEK,T1,MU,A321
MU7822,15:40:00,18:57:00,60,SZX,T2,NNG,T3,MU,A321
MU7824,22:20:00,01:56:00,60,NGB,T2,XNN,T2,MU,A320
MU7827,19:05:00,20:58:00,60,CTU,T1,HIA,T3,MU,A320
MU7829,17:05:00,20:33:00,50,NTG,T2,WUH,T3,MU,ARJ21
MU7832,18:15:00,22:17:00,60,XIY,T2,TNA,T1,MU,A320
MU7837,11:10:00,13:33:00,50,SZX,T3,KWL,T1,MU,A319
MU7843,22:55:00,03:35:00,70,TFU,T1,SYX,T1,MU,C919
MU7848,09:15:00,13:44:00,60,CTU,T3,NTG,T3,MU,ARJ21
MU7853,07:35:00,12:34:00,70,CTU,T1,SZX,T3,MU,C919
MU7860,09:10:00,11:06:00,70,CZX,T3,TSN,T3,MU,A320
MU7864,08:25:00,10:22:00,90,PEK,T3,NKG,T1,MU,B738
MU7867,13:40:00,17:13:00,50,XIY,T3,HGH,T1,MU,B738
MU7874,09:40:00,14:06:00,90,SYX,T1,LYA,T3,MU,A321
MU7877,07:25:00,10:16:00,60,PKX,T3,NGB,T3,MU,B738
MU7881,10:00:00,14:47:00,50,HGH,T2,KMG,T2,MU,A359
MU7890,08:55:00,13:43:00,90,PKX,T3,CKG,T1,MU,B738
MU7903,16:15:00,18:14:00,50,SZX,T2,XMN,T1,MU,C919
MU7909,15:20:00,19:26:00,60,SZX,T1,DLC,T1,MU,A333
MU7912,22:45:00,02:41:00,90,PEK,T2,LHW,T1,MU,A359
MU7914,23:15:00,02:07:00,50,PVG,T1,URC,T2,MU,B738
MU7924,08:55:00,11:39:00,50,PVG,T2,KWE,T1,MU,B738
MU7937,06:25:00,08:36:00,50,HET,T2,SHE,T3,MU,ARJ21
MU7939,06:00:00,09:03:00,60,SZX,T1,HFE,T2,MU,ARJ21
MU7945,09:40:00,11:21:00,70,HGH,T3,HFE,T2,MU,A359
MU7956,14:30:00,19:19:00,70,HAK,T1,NGB,T2,MU,C919
MU7967,09:30:00,12:54:00,90,TFU,T2,HFE,T3,MU,C919
MU7981,23:05:00,01:52:00,90,SZX,T1,TNA,T1,MU,A320
MU7983,11:50:00,16:42:00,50,SZX,T2,KWL,T2,MU,B738
MU7984,10:40:00,15:36:00,50,SHA,T2,NKG,T1,MU,A359
MU7987,12:00:00,15:53:00,60,SHA,T1,NNG,T1,MU,B738
MU7993,22:45:00,03:04:00,90,KMG,T2,HRB,T3,MU,A320
MU7997,21:15:00,00:32:00,50,SHA,T3,WUH,T2,MU,A332
MU8002,22:10:00,23:59:00,70,PKX,T1,PEK,T1,MU,A321
MU8004,08:05:00,13:13:00,70,TYN,T2,JJN,T2,MU,ARJ21
MU8012,07:05:00,11:50:00,50,CAN,T3,YNT,T1,MU,A319
MU8025,21:10:00,23:21:00,90,SZX,T1,TNA,T2,MU,C919
MU8027,11:15:00,14:45:00,90,CKG,T2,HET,T2,MU,A320
MU8028,22:10:00,03:01:00,60,SHA,T2,CAN,T1,MU,B789
MU8059,15:20:00,19:14:00,90,TFU,T2,HUZ,T1,MU,A319
MU8062,18:35:00,21:45:00,90,XIY,T3,CTU,T2,MU,C919
MU8067,09:45:00,13:30:00,60,HFE,T2,DLC,T3,MU,A333
MU8071,07:50:00,09:53:00,70,TFU,T1,KWE,T2,MU,B738
MU8078,07:50:00,12:33:00,50,KMG,T2,WUX,T2,MU,A319
MU8079,09:25:00,12:41:00,50,KHN,T2,HUZ,T1,MU,A319
MU8084,10:15:00,11:56:00,90,WUH,T1,CAN,T2,MU,A319
MU8086,23:00:00,00:16:00,60,HGH,T2,HFE,T2,MU,ARJ21
MU8090,07:35:00,12:32:00,90,XIY,T2,CKG,T1,MU,A319
MU8093,21:30:00,01:18:00,50,SZX,T2,HGH,T3,MU,A321
MU8100,21:05:00,00:06:00,90,PKX,T2,CKG,T3,MU,A320
MU8112,13:00:00,16:58:00,70,CAN,T1,HET,T1,MU,C919
MU8120,15:40:00,20:13:00,70,KMG,T3,HFE,T1,MU,A319
MU8133,15:30:00,17:42:00,70,HGH,T3,DLC,T3,MU,B738
MU8137,22:55:00,02:30:00,50,CGO,T2,TFU,T1,MU,C919
MU8142,21:00:00,01:28:00,50,TFU,T3,CKG,T1,MU,B738
MU8143,19:45:00,22:43:00,70,PEK,T1,HFE,T3,MU,A319
MU8145,09:45:00,11:04:00,70,TYN,T1,TFU,T3,MU,ARJ21
MU8146,12:30:00,17:04:00,50,PEK,T2,KWL,T3,MU,A320
MU8148,20:50:00,22:52:00,50,SZX,T2,WUX,T3,MU,A319
MU8149,23:55:00,04:57:00,50,CAN,T1,HIA,T3,MU,A319
MU8151,11:50:00,14:38:00,60,XUZ,T3,LHW,T1,MU,B738
MU8161,17:35:00,20:55:00,50,KMG,T3,INC,T3,MU,A320
MU8162,15:50:00,17:44:00,70,WUH,T2,PVG,T2,MU,A320
MU8167,11:40:00,14:21:00,90,SHA,T2,FOC,T1,MU,A320
MU8168,16:30:00,21:32:00,70,WEH,T3,PVG,T1,MU,B738
MU8173,17:20:00,21:19:00,90,KMG,T1,PKX,T3,MU,C919
MU8182,15:10:00,19:46:00,90,WUH,T3,LHW,T2,MU,A319
MU8186,21:20:00,22:50:00,90,CZX,T1,CTU,T1,MU,B738
MU8187,18:20:00,22:46:00,50,SHA,T1,FOC,T3,MU,B738
MU8194,14:15:00,17:31:00,50,CGO,T1,HRB,T2,MU,ARJ21
MU8201,14:20:00,17:01:00,90,LYA,T3,NNG,T3,MU,A321
MU8203,11:05:00,13:35:00,70,PKX,T3,KWL,T1,MU,A321
MU8206,18:20:00,21:51:00,60,SZX,T1,TSN,T1,MU,A319
MU8207,20:00:00,00:26:00,50,PVG,T2,HGH,T2,MU,A321
MU8212,12:50:00,17:16:00,60,KMG,T3,CGO,T1,MU,A319
MU8215,21:25:00,23:56:00,90,CTU,T3,HET,T3,MU,B738
MU8219,07:05:00,09:08:00,70,XIY,T3,XMN,T3,MU,C919
MU8222,07:20:00,10:30:00,60,SZX,T2,DLC,T1,MU,A319
MU8234,12:40:00,14:33:00,50,PEK,T1,KWE,T3,MU,ARJ21
MU8240,12:45:00,15:01:00,90,SHA,T3,HGH,T3,MU,A332
MU8252,09:10:00,11:47:00,60,TAO,T2,WUH,T2,MU,A319
MU8257,15:05:00,16:47:00,90,SZX,T3,ZUH,T1,MU,C919
MU8262,07:30:00,10:06:00,90,CAN,T2,YNT,T2,MU,B738
MU8267,15:20:00,19:35:00,50,KHN,T2,CGO,T1,MU,A319
MU8268,21:05:00,00:55:00,70,XIY,T3,LYA,T2,MU,A319
MU8275,23:10:00,04:11:00,50,TFU,T1,YTY,T2,MU,A320
MU8276,19:20:00,23:31:00,90,SZX,T2,URC,T3,MU,ARJ21
MU8284,15:10:00,18:16:00,90,LHW,T3,HFE,T3,MU,A359
MU8290,11:25:00,14:47:00,60,TFU,T1,LXA,T3,MU,ARJ21
MU8295,09:15:00,14:14:00,90,XIY,T2,PKX,T2,MU,A321
MU8304,20:10:00,21:54:00,50,LYA,T1,INC,T3,MU,A319
MU8305,12:15:00,14:18:00,70,KWL,T2,KHN,T1,MU,A321
MU8309,09:25:00,11:16:00,90,CAN,T3,HGH,T3,MU,ARJ21
MU8316,15:05:00,18:47:00,60,PVG,T2,HUZ,T3,MU,A321
MU8320,22:20:00,01:31:00,50,CTU,T1,WUX,T2,MU,C919
MU8323,07:05:00,11:51:00,60,NNG,T3,XNN,T2,MU,A320
MU8328,13:10:00,17:19:00,60,PKX,T3,DLC,T2,MU,C919
MU8329,12:45:00,17:25:00,50,WUX,T1,KHN,T3,MU,A320
MU8344,17:40:00,21:11:00,90,XIY,T1,WUH,T1,MU,A319
MU8349,11:45:00,15:08:00,50,XIY,T3,HRB,T1,MU,A321
MU8350,16:20:00,19:19:00,50,NKG,T3,YTY,T1,MU,B738
MU8368,07:25:00,10:39:00,60,XIY,T3,KHN,T1,MU,A321
MU8372,23:55:00,01:43:00,90,CTU,T2,YNT,T2,MU,A320
MU8373,11:15:00,12:48:00,90,TFU,T1,TSN,T2,MU,B738
MU8375,10:00:00,12:21:00,50,PVG,T3,ZUH,T2,MU,A332
MU8381,23:30:00,02:40:00,90,KMG,T1,TFU,T2,MU,A332
MU8405,15:15:00,20:25:00,90,WUX,T2,XMN,T1,MU,A321
MU8414,14:20:00,18:23:00,70,PKX,T3,CGO,T3,MU,A320
MU8416,18:10:00,19:53:00,60,TNA,T2,NTG,T3,MU,ARJ21
MU8417,12:30:00,17:19:00,90,PKX,T3,URC,T3,MU,A319
MU8420,17:55:00,22:09:00,90,SHA,T3,HUZ,T2,MU,A320
MU8448,08:15:00,12:02:00,50,WUX,T2,DLC,T2,MU,ARJ21
MU8453,15:55:00,20:15:00,90,PKX,T3,HAK,T1,MU,C919
MU8456,11:35:00,16:17:00,60,SHA,T3,TNA,T1,MU,B789
MU8461,11:50:00,16:02:00,50,HET,T2,TFU,T1,MU,B738
MU8469,10:40:00,15:16:00,50,SHE,T1,CSX,T2,MU,B738
MU8477,07:30:00,08:47:00,50,PEK,T3,PKX,T2,MU,ARJ21
MU8478,15:40:00,20:41:00,70,CKG,T2,HIA,T3,MU,A320
MU8479,16:45:00,19:50:00,70,YTY,T2,JJN,T3,MU,B789
MU8480,17:55:00,20:02:00,60,KMG,T1,HIA,T3,MU,A320
MU8482,18:50:00,23:17:00,60,SZX,T3,TYN,T1,MU,A321
MU8485,09:05:00,12:06:00,50,XIY,T2,HET,T1,MU,A320
MU8490,13:40:00,18:00:00,90,KWE,T2,PEK,T2,MU,C919
MU8500,16:35:00,18:46:00,50,HAK,T1,KHN,T2,MU,A333
MU8509,08:45:00,10:50:00,90,KMG,T1,ZUH,T3,MU,A320
MU8514,06:50:00,10:21:00,50,TFU,T1,HIA,T1,MU,ARJ21
MU8517,07:20:00,10:07:00,50,PVG,T3,HRB,T2,MU,ARJ21
MU8519,14:20:00,16:03:00,90,PEK,T1,SYX,T3,MU,A320
MU8520,12:05:00,15:48:00,90,WNZ,T2,CKG,T1,MU,A319
MU8534,16:00:00,19:40:00,70,HIA,T3,CTU,T3,MU,A332
MU8537,18:45:00,23:37:00,60,TFU,T1,URC,T3,MU,C919
MU8539,10:10:00,11:23:00,50,XIY,T3,XNN,T3,MU,A320
MU8567,11:15:00,15:31:00,70,XIY,T3,KWL,T3,MU,C919
MU8568,16:40:00,21:49:00,50,PKX,T1,LYA,T3,MU,A321
MU8577,09:25:00,13:35:00,70,XIY,T2,HET,T3,MU,A321
MU8601,18:15:00,22:41:00,60,PVG,T1,TSN,T3,MU,B789
MU8604,13:30:00,16:24:00,90,CTU,T3,SZX,T1,MU,C919
MU8618,12:20:00,16:04:00,90,URC,T3,ZUH,T3,MU,C919
MU8623,18:00:00,20:27:00,90,PKX,T3,DLC,T3,MU,A319
MU8639,12:35:00,14:42:00,70,TFU,T3,DLC,T3,MU,A319
MU8646,16:25:00,20:58:00,50,LHW,T3,WEH,T2,MU,B738
MU8647,12:30:00,16:14:00,50,XIY,T3,HET,T1,MU,A319
MU8650,14:30:00,18:44:00,50,PEK,T2,TFU,T1,MU,A321
MU8652,21:25:00,02:18:00,60,HRB,T2,CKG,T2,MU,A333
MU8663,11:55:00,15:25:00,60,CAN,T2,TSN,T2,MU,A319
MU8664,14:15:00,18:06:00,90,TFU,T2,NGB,T3,MU,A319
MU8678,23:35:00,04:41:00,70,TSN,T1,XUZ,T2,MU,C919
MU8679,08:10:00,12:19:00,70,NNG,T1,WUH,T1,MU,C919
MU8688,19:55:00,22:08:00,90,CSX,T3,KMG,T1,MU,A333
MU8689,14:10:00,18:16:00,50,URC,T2,CTU,T1,MU,A321
MU8690,07:40:00,12:25:00,70,KMG,T3,CAN,T3,MU,ARJ21
MU8691,20:35:00,23:21:00,90,XIY,T3,WUX,T3,MU,A319
MU8698,19:10:00,21:50:00,50,CKG,T2,HET,T1,MU,B738
MU8699,22:00:00,23:46:00,60,CAN,T3,HIA,T1,MU,ARJ21
MU8700,21:45:00,22:51:00,60,TFU,T3,TAO,T1,MU,C919
MU8707,20:30:00,01:14:00,50,LHW,T1,NNG,T1,MU,A321
MU8713,17:45:00,19:43:00,50,KMG,T2,ZUH,T2,MU,B738
MU8720,11:15:00,15:33:00,50,CTU,T2,LYA,T3,MU,ARJ21
MU8721,23:00:00,01:39:00,90,KMG,T2,NNG,T1,MU,ARJ21
MU8724,13:05:00,16:07:00,50,KMG,T2,CGO,T2,MU,A359
MU8725,15:05:00,18:58:00,60,CAN,T1,NNG,T3,MU,A320
MU8726,21:10:00,02:09:00,90,CTU,T1,SHA,T3,MU,B738
MU8731,21:05:00,23:20:00,50,XIY,T3,TAO,T2,MU,ARJ21
MU8743,23:15:00,03:06:00,90,WUX,T3,NGB,T3,MU,B738
MU8747,19:55:00,00:24:00,50,CTU,T3,SHA,T3,MU,A319
MU8753,21:45:00,00:09:00,50,DLC,T3,WEH,T3,MU,C919
MU8761,21:45:00,01:24:00,60,XIY,T1,NTG,T2,MU,A321
MU8762,19:15:00,22:40:00,50,XIY,T3,HIA,T3,MU,A332
MU8766,20:40:00,23:12:00,90,KMG,T2,CGO,T1,MU,A320
MU8773,19:25:00,00:29:00,70,PVG,T2,NKG,T2,MU,A321
MU8780,06:00:00,08:01:00,90,XIY,T1,SYX,T3,MU,A333
MU8781,10:40:00,12:12:00,60,KMG,T2,KWL,T2,MU,A332
MU8783,08:00:00,11:00:00,50,PKX,T1,DLC,T2,MU,B738
MU8789,23:10:00,03:51:00,60,XIY,T3,WUX,T2,MU,A319
MU8802,10:45:00,14:45:00,60,SZX,T2,DLC,T1,MU,A319
MU8803,07:40:00,11:44:00,90,KMG,T2,PKX,T3,MU,A333
MU8817,14:40:00,17:35:00,90,PVG,T2,HIA,T1,MU,B738
MU8819,22:55:00,00:00:00,50,CTU,T3,CKG,T3,MU,B738
MU8861,06:45:00,09:45:00,60,CTU,T2,SHA,T2,MU,C919
MU8864,11:55:00,14:41:00,50,PKX,T2,HAK,T1,MU,A321
MU8871,18:55:00,23:53:00,70,WNZ,T2,SHA,T3,MU,A319
MU8875,16:20:00,18:56:00,50,CTU,T2,KMG,T3,MU,A319
MU8881,06:45:00,10:11:00,60,HAK,T1,KMG,T1,MU,A321
MU8882,17:20:00,21:02:00,70,KWE,T1,TFU,T2,MU,A321
MU8886,18:25:00,22:20:00,60,SHA,T3,TFU,T1,MU,ARJ21
MU8892,15:00:00,17:43:00,70,NGB,T2,XUZ,T2,MU,B738
MU8895,16:35:00,19:30:00,60,PVG,T3,WEH,T2,MU,B789
MU8899,17:15:00,20:11:00,50,CTU,T3,HFE,T3,MU,A321
MU8900,07:00:00,10:08:00,60,PEK,T3,YNT,T1,MU,B738
MU8904,20:55:00,22:49:00,90,CKG,T3,HET,T3,MU,A320
MU8905,19:05:00,22:23:00,70,TSN,T1,HIA,T2,MU,A321
MU8927,06:00:00,10:17:00,90,HAK,T1,URC,T2,MU,A320
MU8931,17:05:00,19:03:00,50,KMG,T2,LHW,T2,MU,A321
MU8934,12:40:00,15:59:00,50,SHA,T2,WNZ,T3,MU,A321
MU8936,10:05:00,15:11:00,70,KMG,T1,WEH,T2,MU,A321
MU8944,23:15:00,03:48:00,70,KHN,T3,XNN,T3,MU,ARJ21
MU8953,16:30:00,19:29:00,70,XIY,T3,SHE,T2,MU,B738
MU8981,10:25:00,15:29:00,60,SHA,T1,HAK,T1,MU,A332
MU8983,10:15:00,13:04:00,90,WUX,T1,TYN,T1,MU,B738
MU8984,17:00:00,21:29:00,90,TFU,T1,CTU,T3,MU,A359
MU8986,10:00:00,12:10:00,70,CGO,T3,PVG,T2,MU,B789
MU8987,07:40:00,09:37:00,90,XIY,T2,TSN,T1,MU,A320
MU8988,14:15:00,18:44:00,60,PEK,T3,KWL,T2,MU,A319
MU8997,18:40:00,21:14:00,60,CTU,T1,NGB,T3,MU,ARJ21
MU9005,19:35:00,21:37:00,70,PVG,T2,PEK,T1,MU,B738
MU9007,19:50:00,22:19:00,60,PEK,T1,CSX,T3,MU,A321
MU9015,15:00:00,18:22:00,50,SZX,T2,CSX,T3,MU,B789
MU9023,21:50:00,00:09:00,70,CAN,T2,KHN,T3,MU,C919
MU9029,17:00:00,19:12:00,60,PKX,T3,KWL,T2,MU,A321
MU9035,16:20:00,19:19:00,60,CTU,T2,HGH,T1,MU,C919
MU9038,06:20:00,10:26:00,70,XIY,T2,SHE,T1,MU,B738
MU9039,19:25:00,22:43:00,70,NNG,T3,XNN,T2,MU,A321
MU9044,07:15:00,11:06:00,50,TSN,T2,LXA,T2,MU,C919
MU9050,09:05:00,14:05:00,90,PVG,T1,HET,T1,MU,C919
MU9067,19:20:00,00:28:00,50,PVG,T3,URC,T1,MU,A321
MU9068,10:55:00,14:59:00,60,PKX,T2,SZX,T1,MU,A321
MU9070,20:40:00,00:25:00,90,XIY,T3,SZX,T3,MU,A320
MU9078,22:35:00,00:29:00,70,LXA,T2,CZX,T2,MU,A332
MU9084,18:25:00,20:31:00,50,XIY,T1,WNZ,T2,MU,A320
MU9091,15:55:00,19:04:00,90,PKX,T2,INC,T1,MU,A320
MU9095,06:15:00,08:26:00,90,PEK,T3,TSN,T3,MU,B738
MU9101,12:30:00,17:07:00,70,XMN,T2,TAO,T2,MU,A359
MU9103,18:10:00,20:49:00,90,CAN,T2,HRB,T3,MU,C919
MU9113,06:30:00,09:17:00,70,PEK,T2,KWE,T1,MU,A319
MU9120,15:50:00,19:05:00,60,PKX,T3,XMN,T2,MU,A320
MU9126,23:30:00,01:45:00,60,CTU,T1,LHW,T2,MU,C919
MU9127,08:00:00,10:33:00,60,PEK,T1,KMG,T3,MU,ARJ21
MU9128,10:10:00,14:52:00,50,SHE,T3,HGH,T1,MU,A320
MU9130,06:30:00,07:46:00,50,SHA,T1,SZX,T1,MU,A321
MU9145,06:45:00,10:22:00,70,WUX,T1,SZX,T3,MU,A319
MU9146,08:50:00,11:51:00,90,XIY,T1,URC,T2,MU,B738
MU9172,16:15:00,18:39:00,70,PVG,T2,TFU,T1,MU,A332
MU9178,10:05:00,14:24:00,70,FOC,T1,JJN,T1,MU,B738
MU9192,12:00:00,14:01:00,50,XIY,T3,SZX,T3,MU,A321
MU9194,22:00:00,23:29:00,60,TFU,T1,TNA,T2,MU,A321
MU9198,08:15:00,09:55:00,50,WNZ,T3,CSX,T1,MU,C919
MU9202,16:05:00,19:11:00,90,XIY,T3,TFU,T3,MU,A320
MU9211,23:50:00,01:42:00,90,CTU,T3,SZX,T1,MU,A359
MU9215,22:40:00,02:43:00,70,KWL,T1,CGO,T2,MU,A319
MU9216,16:30:00,20:21:00,70,PEK,T1,KWE,T1,MU,ARJ21
MU9219,22:20:00,01:22:00,50,PKX,T2,KWL,T3,MU,A319
MU9223,11:45:00,15:19:00,90,TFU,T3,CZX,T3,MU,A319
MU9227,18:35:00,21:07:00,60,PKX,T2,CTU,T1,MU,A321
MU9242,20:20:00,22:14:00,70,HGH,T3,PEK,T1,MU,A319
MU9248,18:35:00,20:32:00,50,PKX,T1,HIA,T2,MU,ARJ21
MU9260,09:05:00,11:39:00,50,KMG,T3,CGO,T2,MU,B738
MU9265,14:05:00,16:13:00,70,HGH,T3,LHW,T2,MU,A319
MU9267,11:40:00,13:54:00,70,TYN,T1,FOC,T1,MU,C919
MU9296,13:10:00,14:59:00,90,NGB,T1,NTG,T1,MU,ARJ21
MU9308,07:45:00,12:02:00,50,HUZ,T2,TFU,T1,MU,C919
MU9310,06:55:00,08:03:00,90,CAN,T3,CGO,T3,MU,A319
MU9314,08:40:00,11:16:00,90,KMG,T3,HET,T2,MU,ARJ21
MU9317,08:55:00,10:45:00,60,YNT,T1,PEK,T3,MU,B738
MU9318,07:20:00,09:26:00,60,XIY,T3,XNN,T1,MU,A320
MU9319,08:55:00,12:36:00,50,PEK,T1,LXA,T2,MU,A319
MU9321,21:10:00,23:50:00,50,CTU,T1,TYN,T1,MU,A333
MU9325,15:10:00,18:12:00,60,PEK,T2,JJN,T3,MU,B738
MU9340,07:40:00,11:58:00,90,PVG,T1,CTU,T1,MU,ARJ21
MU9344,15:30:00,18:15:00,50,PKX,T3,NTG,T2,MU,C919
MU9346,07:40:00,10:51:00,60,LYA,T3,XIY,T3,MU,B738
MU9351,12:15:00,16:28:00,60,PKX,T1,TNA,T1,MU,A333
MU9361,12:25:00,17:09:00,90,CAN,T3,KWL,T1,MU,A319
MU9366,10:00:00,13:13:00,60,PKX,T3,FOC,T2,MU,B738
MU9375,09:25:00,11:18:00,50,CSX,T1,YTY,T2,MU,B789
MU9388,14:55:00,17:30:00,90,WEH,T2,CGO,T3,MU,A321
MU9393,08:55:00,12:01:00,90,NNG,T3,FOC,T1,MU,A333
MU9396,19:40:00,20:50:00,70,XIY,T3,XMN,T1,MU,C919
MU9417,18:35:00,20:26:00,50,CZX,T1,NGB,T1,MU,ARJ21
MU9423,14:40:00,16:29:00,70,PKX,T3,SHE,T3,MU,C919
MU9424,15:40:00,18:47:00,60,KMG,T2,NNG,T3,MU,C919
MU9430,19:10:00,20:56:00,70,TFU,T1,TAO,T2,MU,A320
MU9431,07:45:00,09:36:00,60,PVG,T3,URC,T3,MU,A359
MU9452,08:40:00,10:22:00,70,SHA,T1,SHE,T2,MU,A321
MU9453,18:40:00,23:46:00,60,KWE,T1,CSX,T1,MU,A320
MU9459,08:25:00,11:46:00,90,SHE,T3,CTU,T2,MU,C919
MU9462,20:40:00,00:24:00,90,TFU,T3,NTG,T3,MU,A333
MU9464,15:35:00,17:16:00,70,XIY,T2,YTY,T1,MU,A320
MU9476,22:05:00,01:06:00,90,KMG,T1,HRB,T2,MU,ARJ21
MU9493,13:20:00,15:47:00,90,PEK,T3,CTU,T2,MU,A332
MU9496,18:50:00,23:18:00,60,KMG,T2,PEK,T3,MU,A321
MU9497,07:45:00,10:32:00,50,LXA,T3,NGB,T3,MU,B738
MU9502,16:55:00,19:39:00,60,PKX,T2,XIY,T1,MU,C919
MU9507,07:50:00,11:55:00,50,LXA,T2,XNN,T1,MU,ARJ21
MU9508,09:45:00,12:56:00,70,HIA,T2,XUZ,T3,MU,ARJ21
MU9509,18:40:00,21:09:00,70,KMG,T1,XNN,T3,MU,A319
MU9529,07:00:00,12:06:00,50,PVG,T2,HGH,T1,MU,A319
MU9530,11:40:00,14:35:00,70,TAO,T2,URC,T3,MU,B738
MU9534,15:40:00,18:33:00,70,SZX,T3,YTY,T3,MU,ARJ21
MU9549,15:35:00,18:09:00,90,SHA,T1,KMG,T3,MU,A359
MU9550,15:50:00,18:55:00,50,PVG,T2,WUX,T2,MU,A319
MU9552,20:45:00,22:54:00,50,KMG,T2,HUZ,T2,MU,A319
MU9557,12:45:00,14:44:00,50,SZX,T3,CSX,T1,MU,A320
MU9559,17:55:00,22:08:00,70,CTU,T3,WEH,T3,MU,A320
MU9562,21:40:00,00:37:00,50,PVG,T3,KWL,T3,MU,A359
MU9566,07:25:00,11:05:00,70,XIY,T1,CTU,T3,MU,ARJ21
MU9570,10:35:00,13:02:00,90,XUZ,T2,LYA,T1,MU,C919
MU9571,20:45:00,21:54:00,90,HIA,T3,HGH,T1,MU,ARJ21
MU9572,15:45:00,18:24:00,60,SHA,T2,FOC,T3,MU,ARJ21
MU9577,20:55:00,23:41:00,50,KHN,T1,CSX,T2,MU,A321
MU9593,16:25:00,20:02:00,70,PKX,T2,XNN,T3,MU,A320
MU9598,13:00:00,15:25:00,90,NKG,T3,CKG,T2,MU,B738
MU9599,15:35:00,19:03:00,70,JJN,T1,KHN,T3,MU,A319
MU9602,20:00:00,22:18:00,70,WNZ,T2,ZUH,T1,MU,B738
MU9605,21:55:00,01:23:00,70,CAN,T2,KMG,T3,MU,A332
MU9609,20:10:00,22:36:00,70,LXA,T1,HAK,T3,MU,B738
MU9611,17:50:00,22:14:00,70,PEK,T1,INC,T1,MU,C919
MU9621,15:45:00,17:29:00,50,CAN,T1,LHW,T3,MU,A320
MU9629,12:00:00,16:22:00,70,LYA,T1,SYX,T1,MU,A319
MU9632,14:35:00,16:51:00,90,CSX,T1,WUX,T3,MU,A319
MU9634,21:45:00,01:23:00,50,CTU,T2,HET,T1,MU,C919
MU9641,21:15:00,22:57:00,90,CAN,T3,LHW,T2,MU,A321
MU9648,18:45:00,23:13:00,90,SZX,T2,LHW,T2,MU,B738
MU9651,16:20:00,21:28:00,50,URC,T2,TSN,T2,MU,A321
MU9662,18:00:00,20:22:00,90,ZUH,T2,PVG,T3,MU,A320
MU9672,17:55:00,21:31:00,60,CTU,T1,SYX,T2,MU,A321
MU9673,18:05:00,22:38:00,60,TFU,T1,HUZ,T2,MU,A319
MU9687,12:20:00,16:32:00,60,XIY,T1,KMG,T1,MU,A321
MU9695,08:45:00,12:33:00,50,CTU,T3,XMN,T1,MU,B738
MU9704,23:50:00,02:30:00,60,ZUH,T1,TYN,T3,MU,ARJ21
MU9707,09:45:00,12:20:00,70,SZX,T3,DLC,T2,MU,B789
MU9713,16:55:00,21:33:00,60,PKX,T1,TFU,T2,MU,A319
MU9717,15:25:00,20:26:00,70,KMG,T1,JJN,T3,MU,C919
MU9719,09:15:00,13:04:00,70,NNG,T1,CKG,T1,MU,C919
MU9721,18:10:00,21:37:00,70,PEK,T2,KWL,T1,MU,B738
MU9723,12:00:00,15:59:00,60,SHA,T1,NKG,T2,MU,ARJ21
MU9731,17:10:00,22:06:00,70,SZX,T3,HRB,T1,MU,B738
MU9735,08:15:00,12:02:00,50,PEK,T1,URC,T1,MU,A333
MU9740,22:50:00,02:06:00,70,SZX,T2,TSN,T2,MU,A359
MU9741,22:20:00,00:36:00,50,SHA,T1,TAO,T1,MU,A333
MU9742,07:45:00,09:29:00,60,SHA,T1,KHN,T3,MU,B789
MU9750,13:00:00,14:58:00,50,XIY,T1,SHE,T2,MU,A333
MU9759,22:45:00,02:16:00,70,TFU,T3,URC,T1,MU,B738
MU9769,17:55:00,22:26:00,60,CAN,T2,XMN,T1,MU,A319
MU9772,09:15:00,12:33:00,90,LYA,T1,CAN,T1,MU,B789
MU9775,19:10:00,21:44:00,50,SHA,T1,XUZ,T3,MU,ARJ21
MU9780,07:40:00,09:20:00,60,TFU,T1,TAO,T2,MU,A319
MU9782,06:35:00,07:54:00,60,SZX,T1,SYX,T1,MU,B738
MU9786,21:40:00,01:08:00,50,HGH,T2,LHW,T2,MU,A320
MU9795,18:40:00,20:34:00,60,TFU,T2,TNA,T2,MU,C919
MU9799,18:25:00,22:24:00,50,PVG,T2,HAK,T2,MU,A320
MU9807,15:55:00,20:01:00,90,KMG,T3,CTU,T2,MU,B738
MU9810,19:40:00,22:09:00,90,TSN,T3,NNG,T1,MU,B738
MU9819,10:05:00,15:14:00,70,CAN,T2,XUZ,T2,MU,A319
MU9820,17:05:00,19:21:00,70,SHA,T3,INC,T2,MU,A320
MU9823,16:10:00,18:10:00,60,CTU,T3,FOC,T2,MU,C919
MU9847,23:30:00,03:13:00,70,SHA,T3,YNT,T3,MU,A359
MU9849,06:00:00,10:18:00,60,SZX,T3,KWE,T2,MU,A359
MU9853,21:15:00,22:31:00,70,CTU,T3,CGO,T1,MU,A333
MU9859,09:05:00,14:02:00,60,SHA,T1,YTY,T3,MU,ARJ21
MU9870,20:15:00,22:28:00,50,SZX,T1,KWL,T1,MU,A320
MU9872,20:05:00,23:28:00,60,PKX,T3,TFU,T1,MU,B789
MU9874,20:05:00,22:50:00,50,JJN,T2,XNN,T1,MU,C919
MU9880,08:20:00,12:23:00,60,HIA,T2,URC,T3,MU,A332
MU9881,15:55:00,18:14:00,90,LXA,T1,HRB,T1,MU,ARJ21
MU9882,19:20:00,21:02:00,60,CAN,T1,LYA,T3,MU,B738
MU9884,16:05:00,20:56:00,50,KMG,T1,TNA,T3,MU,A321
MU9891,20:35:00,00:34:00,70,PKX,T1,XUZ,T2,MU,A319
MU9895,12:25:00,15:30:00,90,XIY,T2,NGB,T3,MU,A321
MU9896,21:00:00,23:37:00,70,WNZ,T3,LYA,T2,MU,B738
MU9897,16:20:00,20:51:00,60,SZX,T3,HUZ,T1,MU,B738
MU9899,16:50:00,19:05:00,70,CAN,T3,PVG,T2,MU,C919
MU9909,20:55:00,22:40:00,50,PKX,T1,PVG,T2,MU,ARJ21
MU9910,17:10:00,20:13:00,50,CTU,T3,HUZ,T3,MU,C919
MU9917,14:10:00,16:57:00,50,CTU,T2,HIA,T1,MU,A319
MU9920,11:15:00,15:38:00,70,PKX,T2,HFE,T2,MU,ARJ21
MU9927,11:35:00,13:26:00,60,SYX,T1,INC,T2,MU,C919
MU9930,19:10:00,21:48:00,50,CAN,T1,FOC,T3,MU,ARJ21
MU9938,21:00:00,23:33:00,50,DLC,T3,WUH,T1,MU,B738
MU9943,23:00:00,02:08:00,90,SZX,T1,PKX,T2,MU,ARJ21
MU9947,21:25:00,00:56:00,60,HET,T3,ZUH,T3,MU,B738
MU9955,08:55:00,12:34:00,90,CTU,T1,FOC,T3,MU,C919
MU9966,15:00:00,18:18:00,70,SZX,T2,LHW,T3,MU,A321
MU9967,14:35:00,17:21:00,70,PKX,T2,INC,T3,MU,A320
MU9970,18:05:00,21:07:00,60,CAN,T3,NKG,T1,MU,A320
MU9973,08:10:00,11:57:00,90,XUZ,T3,INC,T3,MU,A319
MU9978,07:40:00,12:04:00,60,URC,T3,HET,T1,MU,C919
MU9981,22:00:00,02:18:00,90,LXA,T3,PVG,T3,MU,A332
MU9985,15:15:00,19:24:00,70,YNT,T1,WEH,T1,MU,A332
MU9992,07:10:00,09:38:00,90,XIY,T1,KWE,T2,MU,A321
MU9999,18:30:00,22:22:00,90,SHA,T2,KWL,T1,MU,B789
