flight_no,scheduled_departure,scheduled_arrival,fuel_infra_fee,dep_airport_code,dep_terminal,arr_airport_code,arr_terminal,airline_code,aircraft_model
9C6101,19:50:00,23:05:00,50,SHA,T1,TFU,T2,9C,A321
9C6102,8:30:00,11:05:00,50,TFU,T2,SHA,T1,9C,A320
9C6111,12:00:00,14:00:00,50,SWA,T1,NKG,T1,9C,A320
9C6112,15:00:00,17:10:00,50,NKG,T1,SWA,T1,9C,A320
9C6115,10:40:00,13:50:00,50,SJW,T2,BHY,T1,9C,A321
9C6116,18:50:00,20:15:00,50,SJW,T2,DLC,T1,9C,A321
9C6121,8:00:00,9:55:00,50,LHW,T3,KWE,T2,9C,A321
9C6122,11:05:00,13:15:00,50,KWE,T2,LHW,T3,9C,A321
9C6133,18:00:00,20:30:00,50,LHW,T3,HFE,T1,9C,A321
9C6134,14:35:00,17:10:00,50,HFE,T1,LHW,T3,9C,A320
9C6153,22:55:00,2:05:00,50,PVG,T2,CKG,T3,9C,A320
9C6154,5:40:00,8:05:00,50,CKG,T3,PVG,T2,9C,A320
9C6155,9:00:00,12:15:00,50,SJW,T2,ZUH,T1,9C,A321
9C6156,13:05:00,16:05:00,50,ZUH,T1,SJW,T2,9C,A320
9C6167,9:00:00,11:55:00,50,YTY,T1,INC,T1,9C,A321
9C6168,12:45:00,15:25:00,50,INC,T1,YTY,T1,9C,A320
9C6173,11:00:00,13:15:00,50,CZX,T1,SWA,T1,9C,A321
9C6174,22:40:00,0:50:00,50,CZX,T1,SHE,T3,9C,A321
9C6187,7:20:00,10:00:00,50,LHW,T3,NKG,T1,9C,A320
9C6188,11:05:00,14:00:00,50,NKG,T1,LHW,T3,9C,A320
9C6189,17:00:00,18:45:00,50,HRB,T2,OHE,T1,9C,A320
9C6190,22:10:00,1:10:00,50,HRB,T2,PVG,T2,9C,A321
9C6195,7:10:00,9:50:00,50,YTY,T1,CKG,T3,9C,A320
9C6196,10:55:00,13:05:00,50,CKG,T3,YTY,T1,9C,A320
9C6201,7:40:00,9:30:00,50,SJW,T2,INC,T1,9C,A321
9C6202,10:20:00,12:05:00,50,INC,T1,SJW,T2,9C,A321
9C6215,19:25:00,21:10:00,50,SHA,T1,JJN,T1,9C,A320
9C6216,21:55:00,23:40:00,50,JJN,T1,SHA,T1,9C,A321
9C6223,17:35:00,19:35:00,50,PVG,T2,SWA,T1,9C,A320
9C6224,13:15:00,15:20:00,50,SWA,T1,PVG,T2,9C,A320
9C6225,10:50:00,12:55:00,50,WDS,T1,NGB,T2,9C,A321
9C6226,16:50:00,18:30:00,50,WDS,T1,LHW,T3,9C,A321
9C6249,13:50:00,16:20:00,50,YTY,T1,CKG,T3,9C,A320
9C6250,17:50:00,20:15:00,50,CKG,T3,YTY,T1,9C,A320
9C6253,10:20:00,15:20:00,50,SJW,T2,YIN,T1,9C,A321
9C6254,16:05:00,20:35:00,50,YIN,T1,SJW,T2,9C,A320
9C6261,16:20:00,19:20:00,50,LYG,T1,CKG,T3,9C,A321
9C6262,23:40:00,1:25:00,50,LYG,T1,SHE,T3,9C,A320
9C6281,19:20:00,21:10:00,50,LHW,T3,CKG,T3,9C,A320
9C6282,22:25:00,0:25:00,50,CKG,T3,LHW,T3,9C,A320
9C6307,17:50:00,20:35:00,50,LHW,T3,NKG,T1,9C,A320
9C6308,21:35:00,0:30:00,50,NKG,T1,LHW,T3,9C,A320
9C6313,10:45:00,13:35:00,50,CGQ,T2,NGB,T2,9C,A321
9C6314,7:05:00,9:55:00,50,NGB,T2,CGQ,T2,9C,A320
9C6319,11:10:00,14:10:00,50,SJW,T2,JJN,T1,9C,A320
9C6320,15:00:00,17:45:00,50,JJN,T1,SJW,T2,9C,A321
9C6325,19:45:00,21:45:00,50,KHN,T2,TAO,T1,9C,A321
9C6326,22:45:00,0:30:00,50,TAO,T1,KHN,T2,9C,A320
9C6333,7:45:00,10:45:00,50,PVG,T2,TGO,T1,9C,A320
9C6334,11:30:00,14:30:00,50,TGO,T1,PVG,T2,9C,A320
9C6341,11:00:00,13:45:00,50,SHE,T3,HFE,T1,9C,A321
9C6359,15:25:00,17:20:00,50,SWA,T1,HGH,T3,9C,A320
9C6360,10:35:00,12:30:00,50,HGH,T3,SWA,T1,9C,A320
9C6361,18:00:00,20:55:00,50,LHW,T3,CZX,T1,9C,A320
9C6362,21:40:00,0:35:00,50,CZX,T1,LHW,T3,9C,A321
9C6369,21:00:00,22:55:00,50,NGB,T2,SWA,T1,9C,A321
9C6370,19:05:00,21:00:00,50,SWA,T1,NGB,T2,9C,A321
9C6381,12:55:00,17:30:00,50,XIY,T5,KHG,T2,9C,A320
9C6382,19:55:00,0:05:00,50,KHG,T2,XIY,T5,9C,A321
9C6391,8:25:00,10:25:00,50,PVG,T2,WEH,T1,9C,A320
9C6392,11:15:00,13:00:00,50,WEH,T1,PVG,T2,9C,A320
9C6401,9:05:00,11:50:00,50,SHA,T1,XIY,T5,9C,A321
9C6402,12:55:00,15:15:00,50,XIY,T5,SHA,T1,9C,A321
9C6403,18:20:00,20:50:00,50,SJW,T2,DYG,T2,9C,A321
9C6404,21:45:00,23:55:00,50,DYG,T1,SJW,T2,9C,A321
9C6409,6:45:00,9:40:00,50,PVG,T2,ZYI,T1,9C,A321
9C6410,10:35:00,13:00:00,50,ZYI,T1,PVG,T2,9C,A320
9C6411,16:55:00,20:00:00,50,CGO,T2,CGQ,T2,9C,A320
9C6412,21:05:00,0:05:00,50,CGQ,T2,CGO,T2,9C,A321
9C6415,7:50:00,11:05:00,50,NGB,T2,MIG,T1,9C,A320
9C6416,11:50:00,15:00:00,50,MIG,T1,NGB,T2,9C,A321
9C6421,6:55:00,10:35:00,50,SJW,T2,SYX,T1,9C,A321
9C6422,11:35:00,15:20:00,50,SYX,T2,SJW,T2,9C,A320
9C6425,16:40:00,18:55:00,50,HET,T1,HRB,T2,9C,A320
9C6426,23:25:00,1:20:00,50,HET,T1,LHW,T3,9C,A320
9C6433,8:00:00,10:30:00,50,XIY,T5,NGB,T2,9C,A320
9C6434,11:20:00,14:10:00,50,NGB,T2,XIY,T5,9C,A320
9C6437,15:30:00,18:00:00,50,XIY,T5,NGB,T2,9C,A320
9C6438,21:40:00,0:35:00,50,NGB,T2,XIY,T5,9C,A321
9C6445,14:45:00,17:50:00,50,PVG,T2,GYS,T1,9C,A320
9C6446,18:50:00,21:30:00,50,GYS,T1,PVG,T2,9C,A320
9C6449,6:00:00,10:00:00,50,PVG,T2,JHG,T1,9C,A321
9C6450,11:10:00,14:50:00,50,JHG,T1,PVG,T2,9C,A321
9C6459,7:50:00,11:00:00,50,XIY,T5,SWA,T1,9C,A320
9C6460,22:40:00,1:50:00,50,SWA,T1,XIY,T5,9C,A320
9C6461,10:50:00,15:15:00,50,XIY,T5,YIN,T1,9C,A320
9C6462,16:00:00,19:55:00,50,YIN,T1,XIY,T5,9C,A320
9C6465,8:10:00,11:20:00,50,SJW,T2,NNG,T2,9C,A321
9C6466,19:50:00,22:55:00,50,NNG,T2,SJW,T2,9C,A321
9C6471,8:30:00,10:35:00,50,SJW,T2,CGQ,T2,9C,A320
9C6472,21:10:00,23:20:00,50,CGQ,T2,SJW,T2,9C,A320
9C6475,18:00:00,20:10:00,50,SHA,T1,HNY,T1,9C,A320
9C6476,20:55:00,22:50:00,50,HNY,T1,SHA,T1,9C,A320
9C6481,10:00:00,11:50:00,50,DOY,T1,CGQ,T2,9C,A320
9C6482,22:25:00,1:15:00,50,DOY,T1,SZX,T3,9C,A321
9C6487,20:30:00,23:50:00,50,PVG,T2,LHW,T3,9C,A321
9C6488,8:00:00,10:55:00,50,LHW,T3,PVG,T2,9C,A321
9C6495,10:15:00,15:50:00,50,SHA,T1,URC,T2,9C,A320
9C6496,16:50:00,21:30:00,50,URC,T2,SHA,T1,9C,A320
9C6497,9:00:00,11:30:00,50,DOY,T1,FOC,T1,9C,A320
9C6498,15:30:00,17:00:00,50,DOY,T1,SHE,T3,9C,A320
9C6499,15:50:00,20:20:00,50,SHE,T3,JGN,T2,9C,A321
9C6500,21:05:00,0:55:00,50,JGN,T2,SHE,T3,9C,A320
9C6517,7:00:00,9:00:00,50,SHA,T1,SJW,T2,9C,A320
9C6518,16:10:00,18:10:00,50,SJW,T2,SHA,T1,9C,A320
9C6539,16:45:00,18:35:00,50,SJW,T2,TGO,T1,9C,A320
9C6540,21:50:00,1:00:00,50,SJW,T2,SZX,T3,9C,A321
9C6595,10:15:00,11:40:00,50,TNA,T1,DLC,T1,9C,A320
9C6596,16:50:00,18:10:00,50,DLC,T1,TNA,T1,9C,A320
9C6599,21:05:00,0:40:00,50,HRB,T2,KHN,T2,9C,A321
9C6600,16:35:00,19:55:00,50,KHN,T2,HRB,T2,9C,A320
9C6601,7:00:00,10:05:00,50,LHW,T3,HGH,T3,9C,A320
9C6602,11:10:00,14:20:00,50,HGH,T3,LHW,T3,9C,A320
9C6617,17:00:00,20:50:00,50,PVG,T2,LJG,T1,9C,A321
9C6618,21:35:00,1:10:00,50,LJG,T1,PVG,T2,9C,A321
9C6623,12:15:00,15:55:00,50,LHW,T3,HTN,T1,9C,A320
9C6624,21:15:00,23:50:00,50,LHW,T3,PVG,T2,9C,A320
9C6677,20:45:00,23:55:00,50,LHW,T3,AAT,T1,9C,A321
9C6678,14:20:00,16:10:00,50,LHW,T3,TFU,T2,9C,A320
9C6687,19:05:00,21:10:00,50,PVG,T2,DOY,T1,9C,A320
9C6688,21:55:00,23:50:00,50,DOY,T1,PVG,T2,9C,A320
9C6695,9:45:00,12:20:00,50,KHN,T2,INC,T1,9C,A321
9C6696,13:10:00,15:40:00,50,INC,T1,KHN,T2,9C,A320
9C6697,7:35:00,10:50:00,50,LHW,T3,FOC,T1,9C,A320
9C6698,11:45:00,15:30:00,50,FOC,T1,LHW,T3,9C,A320
9C6699,17:45:00,20:30:00,50,LHW,T3,KWL,T2,9C,A320
9C6700,21:15:00,23:50:00,50,KWL,T2,LHW,T3,9C,A321
9C6711,18:55:00,20:55:00,50,YTY,T1,DYG,T2,9C,A320
9C6712,21:40:00,23:35:00,50,DYG,T1,YTY,T1,9C,A320
9C6719,14:40:00,16:50:00,50,SHA,T1,CAN,T3,9C,A320
9C6720,17:55:00,20:25:00,50,CAN,T3,SHA,T1,9C,A321
9C6727,18:40:00,20:55:00,50,SZX,T3,NNY,T1,9C,A321
9C6728,21:20:00,23:40:00,50,NNY,T1,SZX,T3,9C,A321
9C6731,17:50:00,19:55:00,50,DLC,T1,HET,T1,9C,A320
9C6732,19:05:00,20:55:00,50,HET,T1,DLC,T1,9C,A320
9C6733,8:35:00,12:20:00,50,PVG,T2,LJG,T1,9C,A320
9C6734,13:10:00,16:40:00,50,LJG,T1,PVG,T2,9C,A320
9C6743,21:25:00,1:05:00,50,XMN,T4,LHW,T3,9C,A321
9C6744,16:40:00,20:10:00,50,LHW,T3,XMN,T4,9C,A321
9C6747,12:45:00,15:50:00,50,SHA,T1,TFU,T2,9C,A320
9C6748,15:30:00,18:10:00,50,TFU,T2,SHA,T1,9C,A320
9C6759,14:20:00,16:50:00,50,PVG,T2,SHE,T3,9C,A320
9C6760,17:50:00,20:35:00,50,SHE,T3,PVG,T2,9C,A320
9C6771,10:55:00,14:20:00,50,CGQ,T2,KHN,T2,9C,A320
9C6772,7:00:00,9:55:00,50,KHN,T2,CGQ,T2,9C,A320
9C6777,9:10:00,12:10:00,50,YTY,T1,NNG,T2,9C,A321
9C6778,16:25:00,18:05:00,50,YTY,T1,DLC,T1,9C,A320
9C6781,7:50:00,10:00:00,50,SHE,T3,HET,T1,9C,A320
9C6782,11:15:00,13:15:00,50,HET,T1,SHE,T3,9C,A320
9C6785,13:00:00,15:40:00,50,WUH,T2,WUA,T1,9C,A320
9C6786,16:30:00,18:55:00,50,WUA,T1,WUH,T2,9C,A320
9C6787,7:55:00,9:50:00,50,SJW,T2,LHW,T3,9C,A321
9C6788,8:00:00,9:50:00,50,LHW,T3,SJW,T2,9C,A321
9C6789,16:10:00,20:25:00,50,LHW,T3,KHG,T2,9C,A321
9C6791,20:35:00,23:55:00,50,CGQ,T2,KHN,T2,9C,A321
9C6792,17:20:00,20:35:00,50,KHN,T2,CGQ,T2,9C,A320
9C6799,14:10:00,16:55:00,50,NGB,T2,NNG,T2,9C,A320
9C6800,17:55:00,20:30:00,50,NNG,T2,NGB,T2,9C,A321
9C6807,9:50:00,12:15:00,50,LHW,T3,KMG,T1,9C,A321
9C6808,13:20:00,15:35:00,50,KMG,T1,LHW,T3,9C,A320
9C6809,6:50:00,10:40:00,50,SHE,T3,KWL,T2,9C,A320
9C6810,18:05:00,21:40:00,50,KWL,T2,SHE,T3,9C,A320
9C6813,19:30:00,22:00:00,50,DLC,T1,XIY,T5,9C,A321
9C6814,23:05:00,1:15:00,50,XIY,T5,DLC,T1,9C,A321
9C6831,14:20:00,16:00:00,50,DLC,T1,CZX,T1,9C,A320
9C6832,16:45:00,18:30:00,50,CZX,T1,DLC,T1,9C,A321
9C6833,16:40:00,20:10:00,50,SHA,T1,XNN,T3,9C,A320
9C6834,20:55:00,23:40:00,50,XNN,T3,SHA,T1,9C,A321
9C6835,8:05:00,9:55:00,50,KHN,T2,ZUH,T1,9C,A320
9C6836,10:55:00,12:40:00,50,ZUH,T1,KHN,T2,9C,A321
9C6837,7:00:00,10:25:00,50,LHW,T3,ZUH,T1,9C,A320
9C6838,11:15:00,14:45:00,50,ZUH,T1,LHW,T3,9C,A320
9C6845,8:00:00,12:15:00,50,LHW,T3,KHG,T2,9C,A321
9C6846,13:00:00,16:25:00,50,KHG,T2,LHW,T3,9C,A321
9C6853,17:55:00,20:25:00,50,DLC,T1,KHN,T2,9C,A321
9C6854,15:40:00,17:55:00,50,KHN,T2,DLC,T1,9C,A320
9C6858,15:35:00,19:00:00,50,LHW,T3,CGQ,T2,9C,A320
9C6873,14:10:00,16:20:00,50,SZX,T3,NGB,T2,9C,A320
9C6874,21:50:00,0:10:00,50,NGB,T2,SZX,T3,9C,A321
9C6887,19:05:00,21:10:00,50,SHE,T3,TYN,T2,9C,A320
9C6889,11:00:00,12:40:00,50,DLC,T1,TYN,T2,9C,A320
9C6890,13:30:00,15:10:00,50,TYN,T2,DLC,T1,9C,A321
9C6891,13:40:00,16:20:00,50,SHA,T1,CAN,T3,9C,A320
9C6892,9:00:00,11:30:00,50,CAN,T3,SHA,T1,9C,A320
9C6903,10:40:00,12:50:00,50,TSN,T2,KHN,T2,9C,A320
9C6904,7:30:00,9:40:00,50,KHN,T2,TSN,T2,9C,A321
9C6927,12:55:00,15:15:00,50,URC,T2,YTW,T1,9C,A321
9C6928,19:05:00,23:55:00,50,URC,T2,SHA,T1,9C,A321
9C6937,15:15:00,19:20:00,50,PVG,T2,DLU,T1,9C,A320
9C6938,20:10:00,23:55:00,50,DLU,T1,PVG,T2,9C,A320
9C6951,14:55:00,16:10:00,50,KMG,T1,LUM,T1,9C,A321
9C6952,16:55:00,18:15:00,50,LUM,T1,KMG,T1,9C,A320
9C7001,14:20:00,16:20:00,50,KHN,T2,XIY,T5,9C,A321
9C7002,6:05:00,8:10:00,50,XIY,T5,KHN,T2,9C,A321
9C7025,15:35:00,18:10:00,50,HDG,T1,XMN,T4,9C,A320
9C7045,8:35:00,11:40:00,50,LHW,T3,KRL,T2,9C,A320
9C7046,12:30:00,15:20:00,50,KRL,T2,LHW,T3,9C,A320
9C7067,10:00:00,12:00:00,50,DLC,T1,CGO,T2,9C,A320
9C7068,8:40:00,10:40:00,50,CGO,T2,DLC,T1,9C,A320
9C7069,18:55:00,21:05:00,50,DLC,T1,CGO,T2,9C,A320
9C7070,22:05:00,23:55:00,50,CGO,T2,DLC,T1,9C,A320
9C7079,9:30:00,12:00:00,50,YTY,T1,KWL,T2,9C,A321
9C7080,12:45:00,15:10:00,50,KWL,T2,YTY,T1,9C,A321
9C7087,15:10:00,18:25:00,50,LHW,T3,HGH,T3,9C,A320
9C7088,11:10:00,14:30:00,50,HGH,T3,LHW,T3,9C,A321
9C7091,17:15:00,18:40:00,50,SJW,T2,ZQZ,T2,9C,A320
9C7092,17:15:00,19:50:00,50,SJW,T2,PVG,T2,9C,A321
9C7099,9:50:00,12:10:00,50,SJW,T2,XNN,T3,9C,A320
9C7100,12:55:00,15:15:00,50,XNN,T3,SJW,T2,9C,A320
9C7109,16:20:00,19:35:00,50,LHW,T3,KRY,T1,9C,A321
9C7110,20:20:00,23:10:00,50,KRY,T1,LHW,T3,9C,A320
9C7115,13:45:00,17:35:00,50,PVG,T2,LJG,T1,9C,A321
9C7116,18:20:00,21:50:00,50,LJG,T1,PVG,T2,9C,A320
9C7117,7:05:00,10:00:00,50,SHA,T1,KWE,T2,9C,A320
9C7118,11:10:00,13:35:00,50,KWE,T2,SHA,T1,9C,A320
9C7125,7:15:00,11:00:00,50,LHW,T3,YIN,T1,9C,A321
9C7126,13:25:00,16:25:00,50,YIN,T1,LHW,T3,9C,A320
9C7135,10:40:00,13:10:00,50,LHW,T3,TSN,T2,9C,A320
9C7136,14:10:00,16:40:00,50,TSN,T2,LHW,T3,9C,A320
9C7137,13:00:00,18:10:00,50,CGO,T2,YIN,T1,9C,A320
9C7138,18:55:00,23:20:00,50,YIN,T1,CGO,T2,9C,A321
9C7151,7:30:00,12:40:00,50,CGO,T2,YIN,T1,9C,A321
9C7152,11:45:00,15:55:00,50,YIN,T1,CGO,T2,9C,A320
9C7161,12:05:00,15:05:00,50,PKX,T1,SWA,T1,9C,A321
9C7162,8:05:00,11:00:00,50,SWA,T1,PKX,T1,9C,A320
9C7163,18:20:00,21:15:00,50,SJW,T2,KWE,T2,9C,A320
9C7164,11:15:00,13:50:00,50,KWE,T2,SJW,T2,9C,A320
9C7171,7:10:00,9:30:00,50,LHW,T3,TNA,T1,9C,A321
9C7172,10:30:00,13:00:00,50,TNA,T1,LHW,T3,9C,A320
9C7179,11:10:00,13:50:00,50,SJW,T2,TFU,T2,9C,A320
9C7180,7:40:00,10:20:00,50,TFU,T2,SJW,T2,9C,A320
9C7203,15:20:00,18:20:00,50,SJW,T2,SWA,T1,9C,A321
9C7204,13:00:00,16:00:00,50,SWA,T1,SJW,T2,9C,A320
9C7237,14:40:00,17:35:00,50,SJW,T2,FOC,T1,9C,A321
9C7238,14:50:00,17:30:00,50,FOC,T1,SJW,T2,9C,A321
9C7251,17:55:00,19:55:00,50,YTY,T1,XMN,T4,9C,A320
9C7252,20:05:00,21:55:00,50,XMN,T4,YTY,T1,9C,A320
9C7263,12:20:00,16:25:00,50,LHW,T3,KHG,T2,9C,A320
9C7264,17:10:00,20:45:00,50,KHG,T2,LHW,T3,9C,A321
9C7275,7:30:00,10:05:00,50,PVG,T2,KWL,T2,9C,A321
9C7276,11:00:00,13:30:00,50,KWL,T2,PVG,T2,9C,A321
9C7277,9:50:00,12:15:00,50,SJW,T2,HLD,T1,9C,A320
9C7278,16:20:00,18:15:00,50,SJW,T2,SHA,T1,9C,A321
9C7325,18:05:00,20:45:00,50,TFU,T2,HGH,T3,9C,A320
9C7326,21:50:00,0:55:00,50,HGH,T3,TFU,T2,9C,A320
9C7329,12:00:00,14:45:00,50,TFU,T2,TAO,T1,9C,A321
9C7330,15:45:00,18:55:00,50,TAO,T1,TFU,T2,9C,A321
9C7331,18:05:00,20:40:00,50,TFU,T2,TAO,T1,9C,A321
9C7333,16:55:00,20:40:00,50,TFU,T2,URC,T2,9C,A321
9C7334,21:40:00,1:30:00,50,URC,T2,TFU,T2,9C,A321
9C7355,11:30:00,15:00:00,50,LHW,T3,KCA,T1,9C,A320
9C7356,16:25:00,19:35:00,50,KCA,T1,LHW,T3,9C,A321
9C7359,7:00:00,10:00:00,50,PVG,T2,YSQ,T1,9C,A321
9C7360,10:45:00,13:35:00,50,YSQ,T1,PVG,T2,9C,A320
9C7368,6:45:00,8:50:00,50,SWA,T1,SHA,T1,9C,A321
9C7369,8:15:00,12:50:00,50,TFU,T2,YIN,T1,9C,A321
9C7370,13:35:00,17:45:00,50,YIN,T1,TFU,T2,9C,A321
9C7371,11:05:00,13:55:00,50,LHW,T3,URC,T2,9C,A320
9C7372,18:50:00,21:45:00,50,LHW,T3,YTY,T1,9C,A321
9C7377,6:55:00,8:35:00,50,SHE,T3,TAO,T1,9C,A321
9C7378,9:50:00,11:30:00,50,TAO,T1,SHE,T3,9C,A320
9C7385,18:50:00,21:50:00,50,NGB,T2,SYX,T1,9C,A320
9C7386,20:45:00,23:35:00,50,SYX,T2,NGB,T2,9C,A321
9C7391,7:50:00,10:40:00,50,CAN,T3,SJW,T2,9C,A320
9C7392,11:35:00,14:50:00,50,SJW,T2,CAN,T3,9C,A320
9C7395,10:45:00,14:25:00,50,LHW,T3,AKU,T1,9C,A321
9C7396,16:50:00,20:00:00,50,AKU,T1,LHW,T3,9C,A320
9C7401,17:25:00,20:05:00,50,LHW,T3,KHN,T2,9C,A320
9C7402,21:05:00,23:45:00,50,KHN,T2,LHW,T3,9C,A320
9C7415,14:50:00,16:55:00,50,CSX,T2,SWA,T1,9C,A320
9C7416,21:00:00,23:40:00,50,CSX,T2,LHW,T3,9C,A320
9C7461,18:00:00,19:45:00,50,SWA,T1,HAK,T1,9C,A321
9C7507,16:20:00,19:05:00,50,TFU,T2,SWA,T1,9C,A320
9C7508,14:10:00,17:00:00,50,SWA,T1,TFU,T2,9C,A320
9C7511,11:45:00,13:55:00,50,CAN,T3,NGB,T2,9C,A320
9C7512,8:10:00,10:30:00,50,NGB,T2,CAN,T3,9C,A320
9C7517,10:30:00,12:55:00,50,PKX,T1,LHW,T3,9C,A321
9C7518,14:05:00,16:20:00,50,LHW,T3,PKX,T1,9C,A320
9C7519,9:35:00,12:05:00,50,SHA,T1,SZX,T3,9C,A320
9C7520,13:15:00,15:35:00,50,SZX,T3,SHA,T1,9C,A320
9C7535,16:30:00,18:50:00,50,TNA,T1,ENH,T1,9C,A320
9C7536,13:35:00,15:20:00,50,ENH,T1,TNA,T1,9C,A321
9C7553,9:30:00,11:35:00,50,YNZ,T2,FOC,T1,9C,A320
9C7554,15:10:00,16:50:00,50,YNZ,T2,DLC,T1,9C,A321
9C7555,23:00:00,1:30:00,50,SHA,T1,SZX,T3,9C,A320
9C7556,5:55:00,7:55:00,50,SZX,T3,SHA,T1,9C,A320
9C7579,12:40:00,15:30:00,50,CTU,T2,NGB,T2,9C,A320
9C7580,8:25:00,11:35:00,50,NGB,T2,CTU,T2,9C,A321
9C7593,7:25:00,9:40:00,50,SHE,T3,YTY,T1,9C,A320
9C7594,21:00:00,23:05:00,50,YTY,T1,SHE,T3,9C,A320
9C7595,10:30:00,13:10:00,50,YTY,T1,ZUH,T1,9C,A320
9C7596,14:00:00,16:30:00,50,ZUH,T1,YTY,T1,9C,A320
9C7603,14:30:00,16:55:00,50,YTY,T1,CGQ,T2,9C,A320
9C7604,17:45:00,20:20:00,50,CGQ,T2,YTY,T1,9C,A320
9C7607,17:10:00,21:10:00,50,PVG,T2,JHG,T1,9C,A321
9C7608,21:55:00,1:45:00,50,JHG,T1,PVG,T2,9C,A321
9C7609,6:50:00,8:50:00,50,SWA,T1,WUH,T2,9C,A320
9C7610,9:50:00,11:50:00,50,WUH,T2,SWA,T1,9C,A321
9C7611,9:50:00,11:35:00,50,NGB,T2,SWA,T1,9C,A320
9C7612,15:00:00,16:55:00,50,NGB,T2,DLC,T1,9C,A321
9C7617,17:00:00,18:55:00,50,TYN,T2,KHN,T2,9C,A320
9C7618,13:50:00,16:00:00,50,KHN,T2,TYN,T2,9C,A320
9C7621,16:25:00,18:30:00,50,CZX,T1,AKA,T1,9C,A320
9C7622,22:15:00,23:55:00,50,CZX,T1,DLC,T1,9C,A320
9C7635,6:35:00,8:55:00,50,PVG,T2,SHE,T3,9C,A320
9C7636,10:00:00,12:35:00,50,SHE,T3,PVG,T2,9C,A320
9C7649,6:55:00,10:00:00,50,DLC,T1,FOC,T1,9C,A320
9C7650,21:30:00,0:10:00,50,FOC,T1,DLC,T1,9C,A320
9C7651,9:55:00,15:20:00,50,HFE,T1,YIN,T1,9C,A320
9C7652,16:10:00,21:00:00,50,YIN,T1,HFE,T1,9C,A321
9C7665,10:35:00,13:20:00,50,SHE,T3,NGB,T2,9C,A320
9C7666,7:00:00,9:35:00,50,NGB,T2,SHE,T3,9C,A321
9C7681,10:20:00,12:30:00,50,SHA,T1,SWA,T1,9C,A320
9C7682,20:20:00,22:25:00,50,SWA,T1,SHA,T1,9C,A320
9C7683,22:35:00,0:45:00,50,SHA,T1,SWA,T1,9C,A320
9C7684,6:40:00,8:30:00,50,SWA,T1,SHA,T1,9C,A320
9C7685,9:20:00,12:25:00,50,SHA,T1,CTU,T2,9C,A320
9C7686,13:35:00,16:10:00,50,CTU,T2,SHA,T1,9C,A320
9C7747,12:15:00,15:20:00,50,LHW,T3,SHF,T1,9C,A321
9C7748,17:10:00,20:00:00,50,SHF,T1,LHW,T3,9C,A321
9C7749,17:05:00,18:55:00,50,CAN,T3,NGB,T2,9C,A320
9C7755,9:50:00,11:55:00,50,SHA,T1,TYN,T2,9C,A321
9C7756,19:40:00,21:40:00,50,TYN,T2,SHA,T1,9C,A320
9C7757,17:15:00,18:55:00,50,WEH,T1,NKG,T1,9C,A320
9C7758,22:30:00,0:05:00,50,WEH,T1,SHE,T3,9C,A320
9C8501,17:35:00,20:05:00,50,NGB,T2,KWL,T2,9C,A320
9C8502,20:50:00,23:05:00,50,KWL,T2,NGB,T2,9C,A321
9C8513,8:30:00,11:30:00,50,YTY,T1,LHW,T3,9C,A320
9C8514,8:15:00,11:00:00,50,LHW,T3,YTY,T1,9C,A321
9C8519,17:40:00,20:00:00,50,NGB,T2,TSN,T2,9C,A320
9C8523,7:05:00,9:35:00,50,PVG,T2,ENH,T1,9C,A321
9C8524,10:20:00,12:35:00,50,ENH,T1,PVG,T2,9C,A320
9C8537,7:40:00,10:00:00,50,SJW,T2,MIG,T1,9C,A320
9C8538,11:35:00,13:50:00,50,MIG,T1,SJW,T2,9C,A321
9C8546,15:50:00,18:35:00,50,NGB,T2,CGQ,T2,9C,A320
9C8547,18:50:00,21:05:00,50,SJW,T2,HGH,T3,9C,A320
9C8548,20:05:00,22:30:00,50,HGH,T3,SJW,T2,9C,A321
9C8553,7:35:00,10:55:00,50,SHE,T3,LHW,T3,9C,A321
9C8554,12:55:00,16:00:00,50,LHW,T3,SHE,T3,9C,A321
9C8555,12:55:00,14:55:00,50,SJW,T2,HGH,T3,9C,A320
9C8556,16:20:00,18:35:00,50,HGH,T3,SJW,T2,9C,A320
9C8605,14:25:00,17:35:00,50,NGB,T2,KMG,T1,9C,A320
9C8606,18:40:00,21:40:00,50,KMG,T1,NGB,T2,9C,A320
9C8611,16:15:00,18:20:00,50,SWA,T1,NKG,T1,9C,A320
9C8612,10:20:00,12:25:00,50,NKG,T1,SWA,T1,9C,A320
9C8613,6:30:00,8:40:00,50,SZX,T3,CKG,T3,9C,A320
9C8614,9:45:00,11:45:00,50,CKG,T3,SZX,T3,9C,A320
9C8627,17:00:00,19:40:00,50,SJW,T2,KWL,T2,9C,A320
9C8628,20:30:00,23:15:00,50,KWL,T2,SJW,T2,9C,A320
9C8631,14:45:00,17:10:00,50,NGB,T2,ZUH,T1,9C,A320
9C8632,18:00:00,20:15:00,50,ZUH,T1,NGB,T2,9C,A321
9C8633,10:55:00,13:00:00,50,SWA,T1,NKG,T1,9C,A320
9C8634,14:05:00,16:00:00,50,NKG,T1,SWA,T1,9C,A320
9C8661,16:55:00,19:00:00,50,SJW,T2,CGQ,T2,9C,A320
9C8662,12:45:00,15:00:00,50,CGQ,T2,SJW,T2,9C,A320
9C8671,10:05:00,12:40:00,50,HIA,T1,HRB,T2,9C,A320
9C8672,14:35:00,17:15:00,50,HIA,T1,SZX,T3,9C,A320
9C8673,16:20:00,18:30:00,50,SJW,T2,HRB,T2,9C,A320
9C8674,19:30:00,22:05:00,50,HRB,T2,SJW,T2,9C,A320
9C8677,8:05:00,10:10:00,50,SHA,T1,SWA,T1,9C,A320
9C8678,9:55:00,12:00:00,50,SWA,T1,SHA,T1,9C,A321
9C8679,19:05:00,22:00:00,50,CAN,T3,SJW,T2,9C,A321
9C8680,14:35:00,17:55:00,50,SJW,T2,CAN,T3,9C,A321
9C8683,8:40:00,11:45:00,50,NGB,T2,HRB,T2,9C,A320
9C8684,12:45:00,16:00:00,50,HRB,T2,NGB,T2,9C,A320
9C8697,17:45:00,21:15:00,50,PVG,T2,YZY,T1,9C,A320
9C8701,16:35:00,19:20:00,50,NGB,T2,KWE,T2,9C,A320
9C8702,14:20:00,16:45:00,50,KWE,T2,NGB,T2,9C,A321
9C8727,16:40:00,20:20:00,50,XMN,T4,CGQ,T2,9C,A320
9C8728,11:25:00,15:25:00,50,CGQ,T2,XMN,T4,9C,A320
9C8729,11:50:00,15:00:00,50,YTY,T1,KMG,T1,9C,A320
9C8730,16:05:00,19:05:00,50,KMG,T1,YTY,T1,9C,A321
9C8731,14:00:00,16:45:00,50,SHE,T3,NGB,T2,9C,A321
9C8732,17:20:00,19:55:00,50,NGB,T2,SHE,T3,9C,A320
9C8733,14:35:00,17:00:00,50,PVG,T2,TYN,T2,9C,A321
9C8734,17:55:00,20:25:00,50,TYN,T2,PVG,T2,9C,A321
9C8737,7:05:00,9:05:00,50,SHA,T1,DOY,T1,9C,A320
9C8738,9:50:00,11:40:00,50,DOY,T1,SHA,T1,9C,A320
9C8749,16:45:00,18:55:00,50,PVG,T2,TYN,T2,9C,A321
9C8751,18:35:00,19:55:00,50,JGS,T1,NGB,T2,9C,A320
9C8752,16:10:00,18:05:00,50,JGS,T1,CKG,T3,9C,A321
9C8753,6:25:00,9:05:00,50,SZX,T3,XIY,T5,9C,A320
9C8754,10:10:00,13:05:00,50,XIY,T5,SZX,T3,9C,A320
9C8763,14:05:00,15:40:00,50,YTY,T1,FOC,T1,9C,A320
9C8764,16:30:00,18:10:00,50,FOC,T1,YTY,T1,9C,A320
9C8775,14:15:00,16:45:00,50,SHA,T1,SZX,T3,9C,A321
9C8776,17:50:00,20:15:00,50,SZX,T3,SHA,T1,9C,A320
9C8779,7:25:00,10:55:00,50,PVG,T2,SYX,T1,9C,A320
9C8780,11:55:00,15:20:00,50,SYX,T2,PVG,T2,9C,A320
9C8785,13:00:00,14:55:00,50,YNZ,T2,FOC,T1,9C,A321
9C8786,18:45:00,20:45:00,50,YNZ,T2,SHE,T3,9C,A320
9C8803,19:15:00,21:10:00,50,SHA,T1,XMN,T4,9C,A321
9C8804,22:10:00,23:55:00,50,XMN,T4,SHA,T1,9C,A321
9C8805,7:45:00,9:40:00,50,PVG,T2,XMN,T4,9C,A321
9C8806,10:40:00,12:35:00,50,XMN,T4,PVG,T2,9C,A321
9C8809,7:20:00,9:55:00,50,PVG,T2,CGQ,T2,9C,A320
9C8810,11:00:00,13:45:00,50,CGQ,T2,PVG,T2,9C,A320
9C8815,7:15:00,9:05:00,50,SHA,T1,XMN,T4,9C,A321
9C8816,10:05:00,11:45:00,50,XMN,T4,SHA,T1,9C,A320
9C8819,7:50:00,10:50:00,50,SHA,T1,TFU,T2,9C,A320
9C8820,20:35:00,23:10:00,50,TFU,T2,SHA,T1,9C,A320
9C8825,9:30:00,12:00:00,50,SJW,T2,NGB,T2,9C,A320
9C8826,14:40:00,16:55:00,50,NGB,T2,SJW,T2,9C,A321
9C8829,16:25:00,18:15:00,50,CGD,T1,KMG,T1,9C,A320
9C8830,22:05:00,23:55:00,50,CGD,T1,SHA,T1,9C,A320
9C8831,6:45:00,9:45:00,50,SHE,T3,XIY,T5,9C,A320
9C8832,6:25:00,9:00:00,50,XIY,T5,SHE,T3,9C,A321
9C8835,7:15:00,9:40:00,50,SHA,T1,CAN,T3,9C,A321
9C8836,10:45:00,13:10:00,50,CAN,T3,SHA,T1,9C,A321
9C8837,11:55:00,13:50:00,50,SHA,T1,XMN,T4,9C,A321
9C8838,14:50:00,16:45:00,50,XMN,T4,SHA,T1,9C,A321
9C8843,8:00:00,9:55:00,50,PVG,T2,DLC,T1,9C,A321
9C8844,10:55:00,12:55:00,50,DLC,T1,PVG,T2,9C,A320
9C8845,10:50:00,14:40:00,50,XIY,T5,URC,T2,9C,A320
9C8846,15:55:00,19:25:00,50,URC,T2,XIY,T5,9C,A321
9C8847,13:40:00,17:00:00,50,PVG,T2,LHW,T3,9C,A321
9C8848,14:50:00,17:35:00,50,LHW,T3,PVG,T2,9C,A320
9C8853,19:10:00,21:00:00,50,PVG,T2,XMN,T4,9C,A320
9C8854,22:00:00,23:45:00,50,XMN,T4,PVG,T2,9C,A320
9C8855,12:50:00,15:25:00,50,SHA,T1,CAN,T3,9C,A320
9C8856,16:30:00,18:45:00,50,CAN,T3,SHA,T1,9C,A320
9C8859,7:10:00,9:55:00,50,PVG,T2,HRB,T2,9C,A321
9C8860,13:40:00,16:50:00,50,HRB,T1,PVG,T2,9C,A321
9C8865,12:10:00,17:40:00,50,SHA,T1,URC,T2,9C,A321
9C8866,18:40:00,23:20:00,50,URC,T2,SHA,T1,9C,A321
9C8867,18:05:00,20:50:00,50,PVG,T2,CKG,T2,9C,A321
9C8868,22:05:00,0:45:00,50,CKG,T3,PVG,T2,9C,A321
9C8869,16:00:00,19:00:00,50,PVG,T2,HRB,T1,9C,A320
9C8879,16:10:00,17:55:00,50,SJW,T2,DLC,T1,9C,A320
9C8880,8:35:00,10:10:00,50,DLC,T1,SJW,T2,9C,A320
9C8881,10:40:00,13:10:00,50,SHA,T1,SZX,T3,9C,A320
9C8882,14:15:00,16:30:00,50,SZX,T3,SHA,T1,9C,A321
9C8885,17:05:00,19:55:00,50,SHA,T1,KWE,T2,9C,A321
9C8886,20:55:00,23:30:00,50,KWE,T2,SHA,T1,9C,A321
9C8897,7:40:00,10:30:00,50,SHA,T1,CKG,T3,9C,A320
9C8898,11:35:00,13:55:00,50,CKG,T3,SHA,T1,9C,A321
9C8901,12:15:00,15:30:00,50,PVG,T2,MIG,T1,9C,A321
9C8902,16:15:00,19:00:00,50,MIG,T1,PVG,T2,9C,A320
9C8909,7:00:00,8:35:00,50,SHA,T1,JJN,T1,9C,A320
9C8910,9:20:00,10:50:00,50,JJN,T1,SHA,T1,9C,A320
9C8917,6:40:00,8:55:00,50,SHA,T1,SZX,T3,9C,A320
9C8918,10:10:00,12:35:00,50,SZX,T3,SHA,T1,9C,A320
9C8919,21:10:00,23:45:00,50,HGH,T3,SHE,T3,9C,A320
9C8920,17:00:00,19:50:00,50,SHE,T3,HGH,T3,9C,A320
9C8929,21:50:00,0:30:00,50,SHA,T1,CAN,T3,9C,A320
9C8930,6:45:00,9:10:00,50,CAN,T3,SHA,T1,9C,A321
9C8931,17:35:00,20:00:00,50,SHA,T1,CAN,T3,9C,A320
9C8932,21:10:00,23:25:00,50,CAN,T3,SHA,T1,9C,A320
9C8935,15:10:00,17:50:00,50,PVG,T2,CGQ,T2,9C,A320
9C8936,19:30:00,22:20:00,50,CGQ,T2,PVG,T2,9C,A320
9C8943,7:25:00,10:05:00,50,YTY,T1,HRB,T2,9C,A320
9C8944,11:15:00,14:15:00,50,HRB,T2,YTY,T1,9C,A321
9C8945,20:55:00,23:40:00,50,SHA,T1,XIY,T5,9C,A320
9C8946,6:00:00,8:10:00,50,XIY,T5,SHA,T1,9C,A320
9C8947,13:50:00,16:25:00,50,SHA,T1,XIY,T5,9C,A321
9C8948,17:30:00,19:55:00,50,XIY,T5,SHA,T1,9C,A320
9C8949,17:20:00,19:45:00,50,SHA,T1,SZX,T3,9C,A321
9C8950,20:50:00,23:20:00,50,SZX,T3,SHA,T1,9C,A321
9C8953,7:55:00,11:20:00,50,SHA,T1,KMG,T1,9C,A320
9C8954,12:45:00,16:00:00,50,KMG,T1,SHA,T1,9C,A320
9C8955,21:40:00,0:15:00,50,SHA,T1,SZX,T3,9C,A320
9C8956,7:15:00,9:35:00,50,SZX,T3,SHA,T1,9C,A320
9C8969,16:40:00,19:20:00,50,YTY,T1,KWE,T2,9C,A320
9C8970,20:55:00,23:25:00,50,KWE,T2,YTY,T1,9C,A320
9C8975,7:05:00,9:50:00,50,SJW,T2,XMN,T4,9C,A321
9C8976,10:50:00,13:40:00,50,XMN,T4,SJW,T2,9C,A320
9C8977,12:55:00,15:00:00,50,PVG,T2,DLC,T1,9C,A320
9C8978,17:00:00,19:05:00,50,DLC,T1,PVG,T2,9C,A321
9C8981,22:50:00,0:55:00,50,PVG,T2,DLC,T1,9C,A321
9C8982,22:15:00,0:25:00,50,DLC,T1,PVG,T2,9C,A321
9C8993,19:25:00,22:00:00,50,SJW,T2,CKG,T3,9C,A321
9C8994,23:05:00,1:10:00,50,CKG,T3,SJW,T2,9C,A321
9C8995,16:05:00,19:00:00,50,SHA,T1,CKG,T3,9C,A320
9C8996,20:15:00,22:40:00,50,CKG,T3,SHA,T1,9C,A320
9C8999,8:35:00,11:05:00,50,SJW,T2,CKG,T3,9C,A321
9C9000,12:10:00,14:20:00,50,CKG,T3,SJW,T2,9C,A321
CA1014,15:40:00,18:15:00,50,PEK,T1,PVG,T1,CA,A320
CA1082,1:05:00,3:25:00,50,PVG,T1,PEK,T1,CA,A320
CA1109,10:40:00,12:20:00,50,PEK,T2,XIL,T1,CA,A321
CA1110,13:00:00,14:25:00,50,XIL,T1,PEK,T2,CA,A320
CA1111,20:55:00,22:20:00,50,PEK,T2,HET,T1,CA,B738
CA1112,8:30:00,9:45:00,50,HET,T1,PEK,T2,CA,E190
CA1119,15:15:00,16:35:00,50,PEK,T3,CIH,T1,CA,E190
CA1120,17:15:00,18:45:00,50,CIH,T1,PEK,T3,CA,A321
CA1127,12:25:00,14:15:00,50,PEK,T2,YCU,T1,CA,B738
CA1128,15:15:00,17:15:00,50,YCU,T1,PEK,T2,CA,B738
CA1129,18:15:00,20:30:00,50,PEK,T3,HLD,T1,CA,B738
CA1130,21:15:00,23:25:00,50,HLD,T1,PEK,T3,CA,A321
CA1135,7:00:00,8:45:00,50,PEK,T3,HLH,T1,CA,B738
CA1136,9:30:00,11:25:00,50,HLH,T1,PEK,T3,CA,B738
CA1139,17:45:00,19:20:00,50,PEK,T2,YCU,T1,CA,B738
CA1140,20:05:00,21:45:00,50,YCU,T1,PEK,T3,CA,B737
CA1141,6:45:00,8:10:00,50,PEK,T2,DSN,T1,CA,B738
CA1142,8:55:00,10:25:00,50,DSN,T1,PEK,T2,CA,ARJ21
CA1143,8:15:00,9:40:00,50,PEK,T3,LLV,T1,CA,B738
CA1144,10:25:00,12:10:00,50,LLV,T1,PEK,T3,CA,A320
CA1145,7:00:00,8:15:00,50,PEK,T3,TYN,T1,CA,E190
CA1146,9:05:00,10:20:00,50,TYN,T1,PEK,T3,CA,A321
CA1147,9:00:00,10:40:00,50,PEK,T3,RLK,T1,CA,A319
CA1148,11:25:00,13:05:00,50,RLK,T1,PEK,T3,CA,A321
CA1149,16:15:00,17:45:00,50,PEK,T2,DSN,T1,CA,ARJ21
CA1150,18:30:00,20:00:00,50,DSN,T1,PEK,T2,CA,A320
CA1201,13:55:00,16:25:00,50,PEK,T3,XIY,T2,CA,B737
CA1202,17:30:00,20:15:00,50,XIY,T2,PEK,T3,CA,A320
CA1203,12:25:00,14:45:00,50,PEK,T3,XNN,T3,CA,A319
CA1204,16:00:00,18:30:00,50,XNN,T3,PEK,T3,CA,A320
CA1205,19:45:00,22:15:00,50,PEK,T3,XIY,T2,CA,B738
CA1206,8:30:00,10:55:00,50,XIY,T2,PEK,T3,CA,B737
CA1207,10:15:00,12:40:00,50,PEK,T3,LHW,T3,CA,A320
CA1208,13:45:00,16:00:00,50,LHW,T3,PEK,T3,CA,ARJ21
CA1209,9:55:00,12:15:00,50,PEK,T3,XIY,T2,CA,B738
CA1210,13:30:00,16:15:00,50,XIY,T2,PEK,T3,CA,A320
CA1211,11:25:00,15:45:00,50,PEK,T3,URC,T1,CA,A333
CA1212,16:55:00,20:45:00,50,URC,T1,PEK,T3,CA,A321
CA1213,6:45:00,8:40:00,50,PEK,T2,INC,T1,CA,B738
CA1214,9:45:00,11:40:00,50,INC,T1,PEK,T2,CA,A321
CA1215,6:40:00,12:25:00,50,PEK,T3,KHG,T2,CA,A333
CA1216,13:30:00,18:30:00,50,KHG,T2,PEK,T3,CA,B789
CA1219,14:45:00,16:40:00,50,PEK,T2,INC,T1,CA,A321
CA1220,17:30:00,19:30:00,50,INC,T1,PEK,T2,CA,A320
CA1221,16:30:00,18:50:00,50,PEK,T3,LHW,T3,CA,A320
CA1222,19:40:00,21:55:00,50,LHW,T3,PEK,T3,CA,A320
CA1226,11:35:00,14:00:00,50,XIY,T2,PEK,T3,CA,B737
CA1227,11:55:00,14:00:00,50,PEK,T2,INC,T1,CA,A320
CA1228,14:50:00,16:35:00,50,INC,T1,PEK,T2,CA,A321
CA1229,16:00:00,18:15:00,50,PEK,T3,XIY,T2,CA,A320
CA1231,7:15:00,9:45:00,50,PEK,T3,XIY,T2,CA,ARJ21
CA1232,11:00:00,13:25:00,50,XIY,T2,PEK,T3,CA,B737
CA1233,7:15:00,11:55:00,50,PEK,T3,KRY,T1,CA,A333
CA1234,12:40:00,16:35:00,50,KRY,T1,PEK,T3,CA,B738
CA1237,6:15:00,9:50:00,50,PEK,T3,HMI,T1,CA,A333
CA1238,11:00:00,13:55:00,50,HMI,T1,PEK,T3,CA,A320
CA1242,11:55:00,16:00:00,50,AAT,T1,PEK,T3,CA,B789
CA1245,12:40:00,18:55:00,50,PEK,T3,HTN,T1,CA,A333
CA1251,7:40:00,12:05:00,50,PEK,T3,URC,T1,CA,A333
CA1252,13:15:00,17:00:00,50,URC,T1,PEK,T3,CA,B738
CA1253,10:40:00,15:15:00,50,PEK,T3,URC,T1,CA,B789
CA1254,16:25:00,20:30:00,50,URC,T1,PEK,T3,CA,B738
CA1255,15:35:00,20:45:00,50,PEK,T3,YIN,T1,CA,A333
CA1256,21:25:00,1:35:00,50,YIN,T1,PEK,T2,CA,A333
CA1257,7:30:00,12:25:00,50,PEK,T2,KRL,T1,CA,B738
CA1258,13:10:00,17:15:00,50,KRL,T1,PEK,T2,CA,A333
CA1263,18:30:00,20:15:00,50,PEK,T2,INC,T1,CA,A320
CA1264,21:05:00,22:55:00,50,INC,T1,PEK,T2,CA,B738
CA1267,6:20:00,8:40:00,50,PEK,T3,XNN,T3,CA,B738
CA1268,9:25:00,11:45:00,50,XNN,T3,PEK,T3,CA,ARJ21
CA1269,17:10:00,19:10:00,50,PEK,T3,ENY,T1,CA,A321
CA1270,20:00:00,21:55:00,50,ENY,T1,PEK,T3,CA,B737
CA1271,11:40:00,14:15:00,50,PEK,T3,LHW,T3,CA,A320
CA1272,15:30:00,18:00:00,50,LHW,T3,PEK,T3,CA,A320
CA1273,13:40:00,16:05:00,50,PEK,T3,LHW,T3,CA,A320
CA1274,17:00:00,19:30:00,50,LHW,T3,PEK,T3,CA,A320
CA1277,19:45:00,22:15:00,50,PEK,T3,LHW,T3,CA,B737
CA1278,8:15:00,10:25:00,50,LHW,T3,PEK,T3,CA,B737
CA1279,7:00:00,8:50:00,50,PEK,T3,ENY,T1,CA,B737
CA1280,9:35:00,11:20:00,50,ENY,T1,PEK,T2,CA,A320
CA1283,16:15:00,18:30:00,50,PEK,T3,HZG,T1,CA,B738
CA1284,19:15:00,21:30:00,50,HZG,T1,PEK,T3,CA,B738
CA1285,11:40:00,15:10:00,50,PEK,T3,DNH,T1,CA,A333
CA1286,16:00:00,19:15:00,50,DNH,T1,PEK,T3,CA,A321
CA1289,9:00:00,11:15:00,50,PEK,T3,XIY,T2,CA,B738
CA1290,12:30:00,14:45:00,50,XIY,T2,PEK,T3,CA,A321
CA1291,15:30:00,19:50:00,50,PEK,T3,URC,T1,CA,A320
CA1292,21:10:00,0:55:00,50,URC,T1,PEK,T3,CA,A321
CA1293,14:40:00,18:40:00,50,PEK,T3,URC,T1,CA,A333
CA1295,20:15:00,0:30:00,50,PEK,T3,URC,T1,CA,A333
CA1296,10:45:00,14:30:00,50,URC,T1,PEK,T3,CA,A321
CA1297,17:45:00,18:40:00,50,AKU,T1,TWC,T1,CA,A320
CA1298,19:25:00,20:15:00,50,TWC,T1,AKU,T1,CA,A319
CA1299,12:55:00,14:30:00,50,PEK,T3,UYN,T1,CA,A319
CA1300,15:15:00,17:00:00,50,UYN,T1,PEK,T3,CA,A320
CA1301,15:00:00,18:20:00,50,PEK,T3,CAN,T3,CA,A320
CA1302,19:40:00,22:55:00,50,CAN,T3,PEK,T3,CA,A333
CA1303,12:55:00,16:25:00,50,PEK,T3,SZX,T3,CA,A333
CA1304,18:00:00,21:30:00,50,SZX,T3,PEK,T3,CA,B789
CA1305,18:00:00,21:35:00,50,PEK,T3,SZX,T3,CA,A333
CA1306,8:55:00,12:10:00,50,SZX,T3,PEK,T3,CA,A320
CA1307,20:15:00,23:35:00,50,PEK,T3,SZX,T3,CA,A321
CA1308,10:30:00,13:45:00,50,SZX,T3,PEK,T3,CA,A321
CA1309,18:15:00,21:35:00,50,PEK,T3,CAN,T3,CA,B789
CA1311,9:15:00,12:40:00,50,PEK,T3,NNG,T2,CA,A333
CA1312,13:40:00,17:15:00,50,NNG,T2,PEK,T3,CA,A320
CA1313,10:40:00,14:25:00,50,PEK,T3,SZX,T3,CA,B789
CA1314,16:00:00,19:15:00,50,SZX,T3,PEK,T3,CA,B738
CA1315,10:55:00,14:25:00,50,PEK,T3,CAN,T3,CA,B789
CA1316,15:40:00,19:00:00,50,CAN,T3,PEK,T3,CA,A321
CA1318,14:40:00,18:00:00,50,CAN,T3,PEK,T3,CA,A333
CA1321,9:00:00,12:20:00,50,PEK,T3,CAN,T3,CA,B738
CA1322,13:40:00,16:45:00,50,CAN,T3,PEK,T3,CA,A320
CA1323,14:10:00,17:40:00,50,PEK,T3,ZUH,T1,CA,A320
CA1324,18:30:00,22:00:00,50,ZUH,T1,PEK,T3,CA,A320
CA1325,17:30:00,20:10:00,50,PEK,T3,CSX,T1,CA,A319
CA1326,21:20:00,23:50:00,50,CSX,T1,PEK,T3,CA,A320
CA1328,18:40:00,21:55:00,50,CAN,T3,PEK,T3,CA,A321
CA1329,21:00:00,0:20:00,50,PEK,T3,CAN,T3,CA,A333
CA1330,10:30:00,13:45:00,50,CAN,T3,PEK,T3,CA,A321
CA1331,8:00:00,11:25:00,50,PEK,T3,SZX,T3,CA,B789
CA1332,13:00:00,16:15:00,50,SZX,T3,PEK,T3,CA,A320
CA1333,17:30:00,21:05:00,50,PEK,T3,SZX,T3,CA,A321
CA1337,16:15:00,19:40:00,50,PEK,T3,SZX,T3,CA,B738
CA1338,21:00:00,0:25:00,50,SZX,T3,PEK,T3,CA,A333
CA1339,11:55:00,15:20:00,50,PEK,T3,CAN,T3,CA,A321
CA1340,16:40:00,20:00:00,50,CAN,T3,PEK,T3,CA,A320
CA1341,11:55:00,15:40:00,50,PEK,T3,SZX,T3,CA,A333
CA1342,17:00:00,20:45:00,50,SZX,T3,PEK,T3,CA,A321
CA1343,6:45:00,9:20:00,50,PEK,T3,CSX,T1,CA,A321
CA1344,10:30:00,12:55:00,50,CSX,T1,PEK,T3,CA,B738
CA1347,10:40:00,13:55:00,50,PEK,T3,SWA,T1,CA,A333
CA1348,15:00:00,18:15:00,50,SWA,T1,PEK,T3,CA,A333
CA1349,20:00:00,22:30:00,50,PEK,T3,CSX,T1,CA,B738
CA1350,8:30:00,10:55:00,50,CSX,T1,PEK,T3,CA,A321
CA1351,8:00:00,11:20:00,50,PEK,T3,CAN,T3,CA,A333
CA1352,12:40:00,16:00:00,50,CAN,T3,PEK,T3,CA,A321
CA1358,20:00:00,23:15:00,50,SZX,T3,PEK,T3,CA,A321
CA1359,7:00:00,10:25:00,50,PEK,T3,CAN,T3,CA,B738
CA1360,11:40:00,14:55:00,50,CAN,T3,PEK,T3,CA,B738
CA1361,8:15:00,12:10:00,50,PEK,T3,HAK,T1,CA,A333
CA1362,13:15:00,16:55:00,50,HAK,T1,PEK,T3,CA,B738
CA1363,15:10:00,17:55:00,50,PEK,T3,CSX,T1,CA,B738
CA1364,19:10:00,21:40:00,50,CSX,T1,PEK,T3,CA,B737
CA1365,16:00:00,19:25:00,50,PEK,T3,CAN,T3,CA,B789
CA1366,20:40:00,23:55:00,50,CAN,T3,PEK,T3,CA,A333
CA1367,9:00:00,12:35:00,50,PEK,T3,SZX,T3,CA,A321
CA1368,14:00:00,17:15:00,50,SZX,T3,PEK,T3,CA,B738
CA1369,7:30:00,11:40:00,50,PEK,T3,SYX,T2,CA,A320
CA1370,12:55:00,16:55:00,50,SYX,T2,PEK,T3,CA,B789
CA1373,12:55:00,15:45:00,50,PEK,T3,CSX,T1,CA,A321
CA1374,16:45:00,19:15:00,50,CSX,T1,PEK,T3,CA,A320
CA1375,8:30:00,11:55:00,50,PEK,T3,SZX,T3,CA,B789
CA1376,13:30:00,16:55:00,50,SZX,T3,PEK,T3,CA,A333
CA1377,15:15:00,19:25:00,50,PEK,T3,SYX,T2,CA,A333
CA1378,20:40:00,0:40:00,50,SYX,T2,PEK,T3,CA,B738
CA1379,19:15:00,22:35:00,50,PEK,T3,CAN,T3,CA,A321
CA1380,9:15:00,12:30:00,50,CAN,T3,PEK,T3,CA,B738
CA1381,13:30:00,16:55:00,50,CAN,T3,HET,T1,CA,A333
CA1382,18:25:00,22:05:00,50,HET,T1,CAN,T3,CA,A321
CA1383,10:00:00,13:25:00,50,PEK,T3,SZX,T3,CA,B789
CA1384,15:00:00,18:15:00,50,SZX,T3,PEK,T3,CA,A320
CA1385,20:15:00,23:30:00,50,PEK,T3,CAN,T3,CA,A333
CA1386,6:25:00,9:35:00,50,CAN,T3,PEK,T3,CA,A321
CA1389,8:30:00,11:20:00,50,PEK,T3,CSX,T1,CA,A320
CA1390,12:20:00,14:50:00,50,CSX,T1,PEK,T3,CA,B737
CA1391,13:00:00,16:20:00,50,PEK,T3,CAN,T3,CA,A333
CA1392,17:40:00,20:55:00,50,CAN,T3,PEK,T3,CA,A321
CA1393,6:30:00,10:10:00,50,PEK,T3,SZX,T3,CA,A321
CA1394,11:25:00,14:55:00,50,SZX,T3,PEK,T3,CA,A320
CA1397,14:00:00,17:25:00,50,PEK,T3,SZX,T3,CA,A321
CA1398,19:00:00,22:25:00,50,SZX,T3,PEK,T3,CA,B738
CA1399,10:00:00,12:40:00,50,PEK,T3,CSX,T1,CA,A321
CA1400,14:00:00,16:25:00,50,CSX,T1,PEK,T3,CA,A320
CA1401,16:00:00,19:00:00,50,PEK,T3,CTU,T2,CA,A320
CA1402,20:30:00,23:10:00,50,CTU,T2,PEK,T3,CA,B738
CA1403,6:40:00,10:20:00,50,PEK,T3,KMG,T1,CA,A321
CA1404,11:35:00,15:15:00,50,KMG,T1,PEK,T3,CA,B738
CA1405,7:30:00,10:30:00,50,PEK,T3,CTU,T2,CA,A321
CA1406,11:45:00,14:25:00,50,CTU,T2,PEK,T3,CA,B738
CA1407,16:45:00,19:40:00,50,PEK,T3,CTU,T2,CA,ARJ21
CA1408,21:00:00,23:40:00,50,CTU,T2,PEK,T3,CA,B738
CA1409,15:55:00,18:50:00,50,PEK,T3,CKG,T3,CA,A320
CA1410,20:20:00,22:45:00,50,CKG,T3,PEK,T3,CA,A320
CA1411,15:00:00,18:00:00,50,PEK,T3,CKG,T3,CA,B738
CA1412,19:15:00,21:40:00,50,CKG,T3,PEK,T3,CA,B737
CA1413,15:15:00,18:50:00,50,PEK,T3,KMG,T1,CA,A333
CA1415,9:30:00,12:30:00,50,PEK,T3,CTU,T2,CA,A333
CA1416,13:45:00,16:30:00,50,CTU,T2,PEK,T3,CA,ARJ21
CA1417,12:35:00,15:35:00,50,PEK,T3,TFU,T2,CA,A333
CA1418,16:40:00,19:25:00,50,TFU,T2,PEK,T3,CA,B738
CA1421,8:30:00,11:25:00,50,PEK,T3,CTU,T2,CA,A320
CA1422,12:45:00,15:25:00,50,CTU,T2,PEK,T3,CA,A320
CA1423,14:25:00,18:55:00,50,PEK,T2,JHG,T1,CA,B738
CA1424,19:40:00,23:40:00,50,JHG,T1,PEK,T3,CA,B738
CA1425,17:45:00,20:45:00,50,PEK,T3,CTU,T2,CA,B738
CA1426,22:00:00,0:45:00,50,CTU,T2,PEK,T3,CA,A320
CA1429,8:45:00,11:45:00,50,PEK,T3,CKG,T3,CA,A321
CA1430,13:00:00,15:30:00,50,CKG,T3,PEK,T3,CA,A321
CA1433,9:25:00,12:55:00,50,PEK,T3,KWE,T3,CA,A321
CA1434,13:55:00,16:55:00,50,KWE,T3,PEK,T3,CA,A333
CA1435,17:00:00,19:55:00,50,PEK,T3,CKG,T3,CA,B737
CA1436,21:25:00,23:45:00,50,CKG,T3,PEK,T3,CA,B737
CA1437,7:00:00,10:05:00,50,PEK,T3,CKG,T3,CA,A333
CA1438,16:00:00,18:30:00,50,CKG,T3,PEK,T3,CA,A321
CA1439,13:55:00,16:40:00,50,PEK,T3,CKG,T3,CA,B738
CA1441,6:30:00,10:20:00,50,PEK,T2,DLU,T1,CA,B738
CA1442,19:30:00,22:55:00,50,DLU,T1,PEK,T2,CA,A320
CA1445,10:25:00,14:15:00,50,PEK,T3,KMG,T1,CA,A321
CA1446,15:30:00,19:30:00,50,KMG,T1,PEK,T3,CA,A333
CA1447,17:30:00,21:15:00,50,PEK,T3,KMG,T1,CA,A333
CA1448,22:20:00,1:55:00,50,KMG,T1,PEK,T3,CA,A321
CA1449,19:00:00,21:45:00,50,PEK,T3,CKG,T3,CA,A321
CA1450,10:00:00,12:30:00,50,CKG,T3,PEK,T3,CA,B738
CA1453,7:30:00,10:10:00,50,PEK,T2,MIG,T2,CA,A320
CA1454,10:55:00,13:25:00,50,MIG,T2,PEK,T3,CA,B737
CA1455,18:30:00,21:00:00,50,PEK,T2,MIG,T2,CA,B738
CA1457,15:00:00,17:40:00,50,PEK,T3,GYS,T1,CA,B737
CA1458,18:25:00,20:55:00,50,GYS,T1,PEK,T3,CA,B737
CA1459,16:45:00,20:30:00,50,PEK,T2,LJG,T1,CA,B738
CA1460,21:15:00,0:55:00,50,LJG,T1,PEK,T2,CA,B738
CA1461,7:00:00,10:30:00,50,PEK,T3,KWE,T3,CA,A333
CA1462,11:45:00,14:40:00,50,KWE,T3,PEK,T3,CA,B737
CA1463,16:00:00,19:25:00,50,PEK,T3,KWE,T3,CA,A321
CA1469,7:00:00,10:50:00,50,PEK,T2,LJG,T1,CA,A320
CA1470,11:45:00,15:30:00,50,LJG,T1,PEK,T3,CA,A321
CA1475,7:45:00,11:35:00,50,PEK,T3,KMG,T1,CA,A321
CA1476,12:50:00,16:30:00,50,KMG,T1,PEK,T3,CA,B738
CA1483,12:40:00,15:50:00,50,PEK,T2,LZO,T1,CA,A321
CA1484,17:05:00,20:00:00,50,LZO,T1,PEK,T2,CA,B738
CA1485,11:40:00,15:50:00,50,PEK,T2,PZI,T1,CA,A320
CA1486,17:00:00,20:45:00,50,PZI,T1,PEK,T3,CA,B789
CA1491,8:15:00,11:25:00,50,PEK,T3,WMT,T1,CA,A321
CA1492,12:10:00,14:50:00,50,WMT,T1,PEK,T3,CA,B738
CA1495,16:15:00,19:15:00,50,PEK,T2,YBP,T1,CA,B738
CA1496,20:00:00,22:40:00,50,YBP,T1,PEK,T3,CA,A320
CA1497,14:20:00,17:45:00,50,PEK,T3,XIC,T1,CA,A321
CA1498,18:40:00,21:40:00,50,XIC,T1,PEK,T3,CA,A321
CA1499,14:25:00,18:30:00,50,PEK,T2,DLU,T1,CA,A333
CA1500,9:55:00,13:25:00,50,DLU,T1,PEK,T2,CA,B738
CA1501,8:30:00,10:55:00,50,PEK,T3,SHA,T2,CA,A320
CA1502,12:25:00,14:40:00,50,SHA,T2,PEK,T3,CA,B738
CA1505,9:15:00,11:55:00,50,PEK,T3,FOC,T1,CA,B738
CA1506,13:05:00,16:00:00,50,FOC,T1,PEK,T3,CA,B738
CA1507,7:30:00,10:00:00,50,PEK,T3,SHA,T2,CA,B738
CA1508,11:30:00,13:45:00,50,SHA,T2,PEK,T3,CA,A321
CA1509,17:45:00,20:05:00,50,PEK,T3,SHA,T2,CA,A321
CA1510,21:30:00,23:55:00,50,SHA,T2,PEK,T3,CA,B738
CA1511,12:25:00,14:50:00,50,PEK,T3,KHN,T2,CA,A320
CA1512,16:10:00,18:30:00,50,KHN,T2,PEK,T3,CA,A319
CA1513,15:05:00,17:05:00,50,PEK,T3,NTG,T1,CA,A320
CA1514,18:10:00,20:30:00,50,NTG,T1,PEK,T3,CA,A320
CA1515,16:00:00,18:10:00,50,PEK,T3,SHA,T2,CA,A321
CA1516,19:25:00,21:40:00,50,SHA,T2,PEK,T3,CA,A320
CA1517,13:30:00,16:00:00,50,PEK,T3,SHA,T2,CA,A319
CA1518,17:30:00,20:15:00,50,SHA,T2,PEK,T3,CA,A320
CA1519,9:30:00,11:55:00,50,PEK,T3,SHA,T2,CA,B738
CA1520,13:30:00,16:00:00,50,SHA,T2,PEK,T3,CA,B737
CA1521,14:30:00,17:00:00,50,PEK,T3,SHA,T2,CA,B738
CA1522,18:30:00,21:15:00,50,SHA,T2,PEK,T3,CA,B738
CA1523,10:40:00,13:15:00,50,PEK,T3,SHA,T2,CA,A320
CA1524,14:45:00,17:15:00,50,SHA,T2,PEK,T3,CA,A320
CA1525,20:20:00,21:45:00,50,PEK,T3,TAO,T1,CA,ARJ21
CA1532,13:55:00,16:15:00,50,SHA,T2,PEK,T3,CA,B738
CA1533,12:25:00,14:45:00,50,PEK,T3,SHA,T2,CA,B738
CA1534,16:35:00,19:15:00,50,SHA,T2,PEK,T3,CA,A319
CA1537,8:30:00,10:55:00,50,PEK,T3,KHN,T2,CA,B738
CA1538,11:55:00,14:25:00,50,KHN,T2,PEK,T3,CA,A319
CA1539,19:15:00,21:45:00,50,PEK,T3,WNZ,T2,CA,A320
CA1540,8:05:00,10:40:00,50,WNZ,T2,PEK,T3,CA,A319
CA1541,13:25:00,15:55:00,50,PEK,T3,NGB,T2,CA,B738
CA1542,17:30:00,20:15:00,50,NGB,T2,PEK,T3,CA,A321
CA1543,17:15:00,20:00:00,50,WNZ,T2,PEK,T3,CA,A320
CA1544,16:05:00,18:45:00,50,PEK,T3,WNZ,T2,CA,A320
CA1545,8:15:00,9:30:00,50,PEK,T3,YNT,T2,CA,A319
CA1546,10:20:00,11:40:00,50,YNT,T2,PEK,T3,CA,A319
CA1549,16:30:00,19:00:00,50,PEK,T3,SHA,T2,CA,A321
CA1550,20:25:00,22:50:00,50,SHA,T2,PEK,T3,CA,A320
CA1553,15:15:00,18:00:00,50,WNZ,T2,PEK,T3,CA,A319
CA1554,11:40:00,14:15:00,50,PEK,T3,WNZ,T2,CA,B737
CA1557,11:25:00,13:50:00,50,PEK,T3,SHA,T2,CA,A320
CA1558,15:25:00,17:45:00,50,SHA,T2,PEK,T3,CA,B737
CA1559,12:25:00,13:45:00,50,PEK,T3,YNT,T2,CA,A321
CA1560,14:35:00,16:00:00,50,YNT,T2,PEK,T3,CA,ARJ21
CA1561,14:15:00,16:05:00,50,PEK,T3,NKG,T1,CA,A320
CA1562,17:10:00,19:15:00,50,NKG,T1,PEK,T3,CA,A321
CA1563,19:30:00,21:50:00,50,PEK,T3,SHA,T2,CA,A321
CA1564,7:55:00,10:10:00,50,SHA,T2,PEK,T3,CA,B738
CA1565,18:30:00,20:55:00,50,PEK,T3,SHA,T2,CA,A320
CA1566,22:30:00,0:55:00,50,SHA,T2,PEK,T3,CA,A320
CA1567,9:00:00,11:25:00,50,PEK,T3,WNZ,T2,CA,A321
CA1568,12:40:00,15:25:00,50,WNZ,T2,PEK,T3,CA,B738
CA1571,18:15:00,19:35:00,50,PEK,T3,TAO,T1,CA,A321
CA1572,20:35:00,22:15:00,50,TAO,T1,PEK,T3,CA,A320
CA1574,19:45:00,22:25:00,50,WNZ,T2,PEK,T3,CA,B738
CA1575,9:00:00,10:30:00,50,PEK,T3,TAO,T1,CA,A320
CA1576,11:30:00,13:10:00,50,TAO,T1,PEK,T3,CA,A321
CA1577,17:10:00,19:30:00,50,PEK,T3,KHN,T2,CA,A320
CA1578,20:20:00,22:40:00,50,KHN,T2,PEK,T3,CA,A320
CA1581,18:30:00,20:50:00,50,PEK,T3,KHN,T2,CA,A320
CA1587,7:00:00,8:30:00,50,PEK,T2,WEH,T1,CA,A321
CA1588,9:15:00,10:40:00,50,WEH,T1,PEK,T2,CA,A319
CA1589,20:30:00,22:40:00,50,PEK,T3,SHA,T2,CA,A321
CA1590,8:55:00,11:10:00,50,SHA,T2,PEK,T3,CA,A321
CA1591,7:15:00,9:05:00,50,PEK,T2,YNZ,T1,CA,A321
CA1592,9:50:00,11:35:00,50,YNZ,T1,PEK,T2,CA,A321
CA1593,20:25:00,21:50:00,50,PEK,T3,YNT,T2,CA,B737
CA1594,22:40:00,23:55:00,50,YNT,T2,PEK,T3,CA,B737
CA1597,20:30:00,22:00:00,50,PEK,T2,WEH,T1,CA,A320
CA1598,22:50:00,0:15:00,50,WEH,T1,PEK,T2,CA,A320
CA1601,21:00:00,22:30:00,50,PEK,T3,SHE,T3,CA,B737
CA1602,9:05:00,10:40:00,50,SHE,T3,PEK,T3,CA,B738
CA1603,10:15:00,11:40:00,50,HRB,T2,JSJ,T1,CA,A320
CA1604,15:05:00,17:10:00,50,HRB,T2,PEK,T3,CA,B738
CA1605,9:45:00,11:00:00,50,PEK,T3,DLC,T1,CA,B738
CA1606,12:15:00,13:40:00,50,DLC,T1,PEK,T3,CA,B738
CA1607,14:30:00,16:30:00,50,PEK,T3,HRB,T2,CA,B738
CA1608,17:45:00,19:45:00,50,HRB,T2,PEK,T3,CA,A319
CA1609,7:15:00,9:10:00,50,PEK,T3,CGQ,T2,CA,A321
CA1610,10:00:00,11:55:00,50,CGQ,T2,PEK,T3,CA,A320
CA1611,17:25:00,19:30:00,50,PEK,T3,HRB,T2,CA,A320
CA1612,20:45:00,22:45:00,50,HRB,T2,PEK,T3,CA,ARJ21
CA1615,19:05:00,21:05:00,50,PEK,T3,YNJ,T1,CA,B737
CA1616,17:45:00,20:15:00,50,YNJ,T1,PEK,T3,CA,B738
CA1621,6:45:00,8:45:00,50,PEK,T3,HRB,T2,CA,B738
CA1623,11:55:00,14:15:00,50,PEK,T3,HRB,T2,CA,A320
CA1624,15:25:00,17:30:00,50,HRB,T2,PEK,T3,CA,B738
CA1627,9:55:00,12:00:00,50,PEK,T3,CGQ,T2,CA,ARJ21
CA1628,13:05:00,15:15:00,50,CGQ,T2,PEK,T3,CA,B737
CA1635,18:45:00,20:20:00,50,PEK,T3,SHE,T3,CA,ARJ21
CA1636,21:20:00,23:05:00,50,SHE,T3,PEK,T3,CA,A320
CA1639,20:15:00,22:10:00,50,PEK,T3,HRB,T2,CA,B737
CA1640,8:30:00,10:35:00,50,HRB,T2,PEK,T3,CA,A320
CA1641,19:15:00,21:15:00,50,PEK,T3,HRB,T2,CA,A319
CA1642,22:20:00,0:25:00,50,HRB,T2,PEK,T3,CA,B738
CA1643,8:15:00,10:15:00,50,PEK,T3,HRB,T2,CA,B738
CA1644,11:25:00,13:35:00,50,HRB,T2,PEK,T3,CA,A319
CA1647,19:30:00,21:15:00,50,PEK,T3,CGQ,T2,CA,A320
CA1648,22:05:00,23:55:00,50,CGQ,T2,PEK,T3,CA,B737
CA1649,12:55:00,14:55:00,50,PEK,T3,CGQ,T2,CA,ARJ21
CA1650,16:15:00,18:15:00,50,CGQ,T2,PEK,T3,CA,B738
CA1651,8:20:00,10:00:00,50,PEK,T3,SHE,T3,CA,B738
CA1652,11:00:00,12:40:00,50,SHE,T3,PEK,T3,CA,B737
CA1687,12:40:00,15:00:00,50,PEK,T2,DQA,T1,CA,A321
CA1688,16:45:00,18:55:00,50,DQA,T1,PEK,T2,CA,A320
CA1690,15:05:00,17:10:00,50,HRB,T2,PEK,T3,CA,B737
CA1691,6:20:00,8:30:00,50,PEK,T3,JMU,T1,CA,A321
CA1692,9:15:00,11:40:00,50,JMU,T1,PEK,T3,CA,B738
CA1697,7:15:00,9:20:00,50,PEK,T2,DQA,T1,CA,A319
CA1698,10:35:00,12:40:00,50,DQA,T1,PEK,T2,CA,B738
CA1701,7:00:00,9:20:00,50,HGH,T4,PEK,T3,CA,A320
CA1703,8:00:00,10:10:00,50,HGH,T4,PEK,T3,CA,B737
CA1704,7:30:00,9:45:00,50,PEK,T3,HGH,T4,CA,A321
CA1705,9:00:00,11:20:00,50,HGH,T4,PEK,T3,CA,ARJ21
CA1706,8:30:00,10:45:00,50,PEK,T3,HGH,T4,CA,B738
CA1707,10:00:00,12:15:00,50,HGH,T4,PEK,T3,CA,A320
CA1708,9:30:00,11:45:00,50,PEK,T3,HGH,T4,CA,B738
CA1709,11:00:00,13:20:00,50,HGH,T4,PEK,T3,CA,A319
CA1710,10:25:00,12:45:00,50,PEK,T3,HGH,T4,CA,A321
CA1711,12:00:00,14:20:00,50,HGH,T4,PEK,T3,CA,A321
CA1712,11:30:00,13:45:00,50,PEK,T3,HGH,T4,CA,A319
CA1713,13:00:00,15:25:00,50,HGH,T4,PEK,T3,CA,A321
CA1714,12:25:00,14:45:00,50,PEK,T3,HGH,T4,CA,A321
CA1715,14:00:00,16:25:00,50,HGH,T4,PEK,T3,CA,A319
CA1716,13:30:00,15:55:00,50,PEK,T3,HGH,T4,CA,A321
CA1717,15:00:00,17:20:00,50,HGH,T4,PEK,T3,CA,B737
CA1718,14:25:00,16:45:00,50,PEK,T3,HGH,T4,CA,A319
CA1719,16:00:00,18:25:00,50,HGH,T4,PEK,T3,CA,B738
CA1720,15:30:00,18:00:00,50,PEK,T3,HGH,T4,CA,B737
CA1721,17:00:00,19:25:00,50,HGH,T4,PEK,T3,CA,ARJ21
CA1722,16:30:00,18:45:00,50,PEK,T3,HGH,T4,CA,B738
CA1723,18:00:00,20:30:00,50,HGH,T4,PEK,T3,CA,A319
CA1724,17:30:00,19:45:00,50,PEK,T3,HGH,T4,CA,A319
CA1725,19:00:00,21:10:00,50,HGH,T4,PEK,T3,CA,A320
CA1726,18:30:00,20:45:00,50,PEK,T3,HGH,T4,CA,B737
CA1727,20:00:00,22:25:00,50,HGH,T4,PEK,T3,CA,B738
CA1729,21:00:00,23:30:00,50,HGH,T4,PEK,T3,CA,A321
CA1730,20:30:00,23:00:00,50,PEK,T3,HGH,T4,CA,A321
CA1732,21:35:00,0:05:00,50,PEK,T3,HGH,T4,CA,ARJ21
CA1733,14:10:00,16:30:00,50,HGH,T4,SZX,T3,CA,B738
CA1734,17:50:00,20:05:00,50,SZX,T3,HGH,T4,CA,A320
CA1735,19:00:00,21:10:00,50,HGH,T4,SZX,T3,CA,A320
CA1736,22:15:00,0:15:00,50,SZX,T3,HGH,T4,CA,A320
CA1737,7:30:00,9:40:00,50,HGH,T4,SZX,T3,CA,A320
CA1738,10:55:00,12:55:00,50,SZX,T3,HGH,T4,CA,A320
CA1739,17:00:00,20:00:00,50,HGH,T4,CTU,T2,CA,A333
CA1740,21:25:00,0:10:00,50,CTU,T2,HGH,T4,CA,B738
CA1741,7:40:00,10:40:00,50,HGH,T4,CTU,T2,CA,A321
CA1742,11:55:00,14:25:00,50,CTU,T2,HGH,T4,CA,B738
CA1743,16:00:00,19:15:00,50,HGH,T4,CTU,T2,CA,A320
CA1744,20:30:00,23:15:00,50,CTU,T2,HGH,T4,CA,A321
CA1745,13:00:00,16:15:00,50,HGH,T4,CTU,T2,CA,B738
CA1746,17:30:00,20:15:00,50,CTU,T2,HGH,T4,CA,B738
CA1747,8:55:00,11:55:00,50,HGH,T4,CTU,T2,CA,A333
CA1748,13:15:00,15:45:00,50,CTU,T2,HGH,T4,CA,A320
CA1749,15:00:00,18:10:00,50,HGH,T4,CTU,T2,CA,A333
CA1750,19:40:00,22:40:00,50,CTU,T2,HGH,T4,CA,B738
CA1751,7:35:00,10:35:00,50,HGH,T4,KMG,T1,CA,B738
CA1752,11:50:00,15:00:00,50,KMG,T1,HGH,T4,CA,B738
CA1753,16:10:00,19:15:00,50,HGH,T4,KMG,T1,CA,A321
CA1754,20:45:00,23:55:00,50,KMG,T1,HGH,T4,CA,B789
CA1759,7:30:00,9:55:00,50,HGH,T4,CKG,T3,CA,A319
CA1760,11:25:00,13:55:00,50,CKG,T3,HGH,T4,CA,B738
CA1761,16:15:00,19:00:00,50,HGH,T4,CKG,T3,CA,B738
CA1762,20:20:00,22:45:00,50,CKG,T3,HGH,T4,CA,B737
CA1771,8:30:00,11:00:00,50,HGH,T4,TSN,T2,CA,B738
CA1772,20:00:00,22:05:00,50,TSN,T2,HGH,T4,CA,B738
CA1773,6:30:00,9:25:00,50,HGH,T4,GYS,T1,CA,A320
CA1774,11:15:00,13:55:00,50,GYS,T1,HGH,T4,CA,B738
CA1779,8:30:00,11:20:00,50,HGH,T4,KWE,T3,CA,A319
CA1780,19:55:00,22:25:00,50,KWE,T3,HGH,T4,CA,A320
CA1781,10:55:00,15:15:00,50,YCU,T1,URC,T1,CA,B738
CA1782,16:15:00,20:05:00,50,URC,T1,YCU,T1,CA,A321
CA1783,6:35:00,9:10:00,50,HGH,T4,ZHA,T1,CA,A321
CA1784,10:55:00,13:15:00,50,ZHA,T1,HGH,T4,CA,B738
CA1787,9:10:00,11:05:00,50,WEH,T1,HRB,T2,CA,A321
CA1788,15:00:00,17:00:00,50,WEH,T1,HGH,T4,CA,ARJ21
CA1789,7:15:00,9:20:00,50,HGH,T4,CAN,T3,CA,B737
CA1790,10:35:00,12:45:00,50,CAN,T3,HGH,T4,CA,ARJ21
CA1793,14:05:00,16:15:00,50,HGH,T4,CAN,T3,CA,B738
CA1794,17:30:00,19:55:00,50,CAN,T3,HGH,T4,CA,B738
CA1795,15:15:00,17:40:00,50,HGH,T4,CAN,T3,CA,A320
CA1796,18:55:00,21:00:00,50,CAN,T3,HGH,T4,CA,A320
CA1797,21:20:00,23:20:00,50,HGH,T4,CAN,T3,CA,B737
CA1798,9:10:00,11:45:00,50,CAN,T3,HGH,T4,CA,A320
CA1801,20:20:00,23:10:00,50,PEK,T3,XMN,T4,CA,ARJ21
CA1802,7:30:00,10:25:00,50,XMN,T4,PEK,T3,CA,A320
CA1805,8:00:00,10:40:00,50,PEK,T3,JGS,T1,CA,B737
CA1807,18:00:00,20:45:00,50,PEK,T3,FOC,T1,CA,A320
CA1808,8:35:00,11:15:00,50,FOC,T1,PEK,T3,CA,B738
CA1809,9:30:00,12:25:00,50,PEK,T3,XMN,T4,CA,A321
CA1810,13:35:00,16:30:00,50,XMN,T4,PEK,T3,CA,B738
CA1811,17:35:00,20:35:00,50,PEK,T3,XMN,T4,CA,B738
CA1813,7:55:00,9:45:00,50,PEK,T3,HFE,T1,CA,A321
CA1814,10:35:00,12:25:00,50,HFE,T1,PEK,T3,CA,A320
CA1815,16:30:00,19:30:00,50,PEK,T3,XMN,T4,CA,B738
CA1817,8:10:00,10:20:00,50,PEK,T3,NKG,T1,CA,A321
CA1818,11:20:00,13:20:00,50,NKG,T1,PEK,T3,CA,B738
CA1819,21:00:00,22:45:00,50,PEK,T3,NKG,T1,CA,A321
CA1820,8:45:00,10:35:00,50,NKG,T1,PEK,T3,CA,B737
CA1829,16:20:00,18:40:00,50,CAN,T3,SHA,T2,CA,B738
CA1830,19:55:00,22:20:00,50,SHA,T2,CAN,T3,CA,B738
CA1831,6:30:00,9:25:00,50,PEK,T3,XMN,T4,CA,A320
CA1832,10:40:00,13:45:00,50,XMN,T4,PEK,T3,CA,B789
CA1833,11:25:00,14:30:00,50,PEK,T3,XMN,T4,CA,A321
CA1834,15:40:00,19:00:00,50,XMN,T4,PEK,T3,CA,A321
CA1837,9:00:00,11:20:00,50,CAN,T3,SHA,T2,CA,A319
CA1838,12:35:00,15:05:00,50,SHA,T2,CAN,T3,CA,B738
CA1841,6:30:00,8:15:00,50,PEK,T2,YTY,T1,CA,A320
CA1842,9:00:00,10:40:00,50,YTY,T1,PEK,T2,CA,A321
CA1843,13:15:00,15:20:00,50,PEK,T3,HFE,T1,CA,A321
CA1844,16:40:00,18:55:00,50,HFE,T1,PEK,T3,CA,B738
CA1845,20:30:00,22:25:00,50,PEK,T3,HFE,T1,CA,B737
CA1848,13:40:00,15:40:00,50,NKG,T1,PEK,T3,CA,A319
CA1851,7:15:00,9:45:00,50,PEK,T3,HYN,T1,CA,A320
CA1852,10:30:00,13:10:00,50,HYN,T1,PEK,T3,CA,B737
CA1853,21:05:00,23:25:00,50,PEK,T3,NGB,T2,CA,A320
CA1854,9:25:00,11:50:00,50,NGB,T2,PEK,T3,CA,B737
CA1859,18:30:00,21:15:00,50,PEK,T3,FOC,T1,CA,A320
CA1865,17:05:00,19:40:00,50,PVG,T2,CAN,T3,CA,A320
CA1866,20:55:00,23:20:00,50,CAN,T3,PVG,T2,CA,B737
CA1867,12:40:00,14:45:00,50,PEK,T3,FUG,T1,CA,B738
CA1868,15:55:00,18:00:00,50,FUG,T1,PEK,T3,CA,B738
CA1871,14:25:00,17:30:00,50,PEK,T3,XMN,T4,CA,B789
CA1872,18:45:00,21:55:00,50,XMN,T4,PEK,T3,CA,A333
CA1873,15:15:00,17:40:00,50,PEK,T3,LIJ,T1,CA,A321
CA1874,18:35:00,20:55:00,50,LIJ,T1,PEK,T3,CA,B737
CA1879,8:15:00,10:25:00,50,PEK,T3,YIW,T1,CA,A320
CA1880,11:10:00,13:30:00,50,YIW,T1,PEK,T3,CA,B738
CA1881,19:05:00,21:35:00,50,PEK,T3,HYN,T1,CA,B738
CA1883,20:30:00,22:50:00,50,PEK,T3,PVG,T2,CA,A321
CA1884,16:20:00,19:00:00,50,PVG,T2,PEK,T3,CA,A321
CA1885,9:15:00,11:15:00,50,PEK,T3,JNH,T1,CA,A319
CA1886,12:00:00,14:15:00,50,JNH,T1,PEK,T3,CA,A320
CA1887,17:30:00,19:40:00,50,PEK,T3,JDZ,T1,CA,A321
CA1888,20:25:00,22:45:00,50,JDZ,T1,PEK,T3,CA,A320
CA1891,13:20:00,15:45:00,50,PEK,T3,JUZ,T1,CA,A321
CA1892,16:30:00,18:55:00,50,JUZ,T1,PEK,T3,CA,B738
CA1893,7:30:00,10:00:00,50,PVG,T2,SZX,T3,CA,A319
CA1894,11:15:00,13:50:00,50,SZX,T3,PVG,T2,CA,A320
CA1895,7:55:00,10:15:00,50,PEK,T2,SQD,T1,CA,B738
CA1896,11:00:00,13:20:00,50,SQD,T1,PEK,T2,CA,A320
CA1897,12:15:00,14:00:00,50,PEK,T3,LYG,T1,CA,B738
CA1898,14:45:00,16:35:00,50,LYG,T1,PEK,T3,CA,A320
CA1899,8:15:00,10:05:00,50,PEK,T3,NTG,T1,CA,A321
CA1900,10:50:00,12:40:00,50,NTG,T1,PEK,T3,CA,A320
CA1901,9:15:00,13:35:00,50,PEK,T3,URC,T1,CA,B738
CA1902,14:45:00,18:30:00,50,URC,T1,PEK,T3,CA,A333
CA1905,8:30:00,12:00:00,50,PEK,T3,ZUH,T1,CA,A333
CA1906,12:50:00,16:05:00,50,ZUH,T1,PEK,T3,CA,A321
CA1907,18:35:00,22:00:00,50,PEK,T3,ZUH,T1,CA,A321
CA1908,7:30:00,10:35:00,50,ZUH,T1,PEK,T3,CA,B738
CA1911,16:15:00,19:45:00,50,PEK,T2,BHY,T1,CA,A321
CA1913,14:35:00,16:15:00,50,PEK,T3,CGO,T2,CA,B738
CA1914,17:15:00,19:15:00,50,CGO,T2,PEK,T3,CA,A320
CA1915,21:05:00,22:50:00,50,PEK,T3,CGO,T2,CA,B737
CA1916,9:05:00,10:40:00,50,CGO,T2,PEK,T3,CA,A321
CA1917,6:45:00,10:00:00,50,PEK,T3,HUZ,T1,CA,A320
CA1918,10:45:00,13:50:00,50,HUZ,T1,PEK,T3,CA,A321
CA1919,17:15:00,21:00:00,50,PEK,T3,HAK,T1,CA,A320
CA1920,9:05:00,12:45:00,50,HAK,T1,PEK,T3,CA,B789
CA1921,16:45:00,19:15:00,50,PEK,T2,HNY,T1,CA,B738
CA1923,9:00:00,11:15:00,50,PEK,T3,WDS,T1,CA,A321
CA1925,7:25:00,11:05:00,50,PEK,T3,ZHA,T1,CA,A333
CA1926,11:50:00,15:25:00,50,ZHA,T1,PEK,T3,CA,B738
CA1927,19:00:00,21:45:00,50,PEK,T3,CSX,T1,CA,A320
CA1929,17:45:00,19:55:00,50,PEK,T2,YIH,T1,CA,B737
CA1930,20:40:00,22:55:00,50,YIH,T1,PEK,T2,CA,B738
CA1931,19:30:00,23:05:00,50,PEK,T3,NNG,T2,CA,B738
CA1932,8:00:00,11:25:00,50,NNG,T2,PEK,T3,CA,A321
CA1933,15:15:00,18:45:00,50,PEK,T3,NNG,T2,CA,B738
CA1934,19:35:00,22:55:00,50,NNG,T2,PEK,T3,CA,B738
CA1935,11:10:00,14:50:00,50,PEK,T3,NNG,T2,CA,B738
CA1936,15:40:00,19:00:00,50,NNG,T2,PEK,T3,CA,A333
CA1937,17:30:00,20:30:00,50,PEK,T3,KWL,T2,CA,A321
CA1938,21:15:00,0:15:00,50,KWL,T2,PEK,T3,CA,B738
CA1939,8:00:00,11:15:00,50,PEK,T3,KWL,T1,CA,A320
CA1951,8:55:00,12:10:00,50,PEK,T3,LZH,T1,CA,A321
CA1955,9:55:00,12:45:00,50,PEK,T3,WGN,T1,CA,A321
CA1956,13:30:00,16:15:00,50,WGN,T1,PEK,T2,CA,A320
CA1971,16:15:00,18:40:00,50,PEK,T3,CSX,T1,CA,B738
CA1972,19:55:00,22:25:00,50,CSX,T1,PEK,T2,CA,A321
CA2501,13:45:00,17:35:00,50,TFU,T2,KRY,T1,CA,A321
CA2502,18:25:00,22:05:00,50,KRY,T1,TFU,T2,CA,B789
CA2503,15:20:00,19:55:00,50,TFU,T2,HTN,T1,CA,B738
CA2504,20:45:00,0:55:00,50,HTN,T1,TFU,T2,CA,B738
CA2505,12:55:00,17:10:00,50,TFU,T2,URC,T1,CA,A321
CA2506,6:50:00,11:00:00,50,URC,T1,TFU,T2,CA,A333
CA2507,18:10:00,22:00:00,50,TFU,T2,KRL,T1,CA,A333
CA2508,8:00:00,11:40:00,50,KRL,T1,TFU,T2,CA,A321
CA2509,6:50:00,11:30:00,50,TFU,T2,HTN,T1,CA,B738
CA2510,12:20:00,16:30:00,50,HTN,T1,TFU,T2,CA,A321
CA2515,16:25:00,20:50:00,50,TFU,T2,YIN,T1,CA,B738
CA2516,21:50:00,1:50:00,50,YIN,T1,TFU,T2,CA,A321
CA2521,7:05:00,10:55:00,50,TFU,T2,KRL,T1,CA,A320
CA2522,11:45:00,15:25:00,50,KRL,T1,TFU,T2,CA,B789
CA2525,7:05:00,11:50:00,50,TFU,T2,KHG,T2,CA,A333
CA2526,12:40:00,17:00:00,50,KHG,T2,TFU,T2,CA,A321
CA2527,14:40:00,18:50:00,50,TFU,T2,AKU,T1,CA,A320
CA2528,19:40:00,23:30:00,50,AKU,T1,TFU,T2,CA,A333
CA2529,15:40:00,19:20:00,50,TFU,T2,URC,T1,CA,B738
CA2531,14:20:00,16:55:00,50,TFU,T2,LXA,T3,CA,A320
CA2532,17:45:00,20:10:00,50,LXA,T3,TFU,T2,CA,ARJ21
CA2533,7:35:00,9:40:00,50,TFU,T2,LZY,T1,CA,ARJ21
CA2534,10:30:00,12:30:00,50,LZY,T1,TFU,T2,CA,A321
CA2535,11:10:00,13:30:00,50,AHJ,T1,LXA,T3,CA,B737
CA2536,13:50:00,14:55:00,50,AHJ,T1,TFU,T2,CA,ARJ21
CA2537,7:20:00,9:50:00,50,TFU,T2,LXA,T3,CA,A321
CA2538,10:50:00,13:10:00,50,LXA,T3,TFU,T2,CA,B738
CA2539,6:35:00,8:50:00,50,TFU,T2,LZY,T1,CA,A321
CA2540,11:40:00,13:30:00,50,LZY,T1,TFU,T2,CA,A320
CA2541,21:30:00,23:10:00,50,TFU,T2,KMG,T1,CA,B737
CA2542,9:05:00,10:30:00,50,KMG,T1,TFU,T2,CA,B738
CA2545,13:50:00,15:20:00,50,TFU,T2,KMG,T1,CA,A319
CA2546,16:25:00,17:45:00,50,KMG,T1,TFU,T2,CA,A320
CA2549,8:30:00,10:20:00,50,TFU,T2,LUM,T1,CA,A321
CA2550,11:05:00,12:45:00,50,LUM,T1,TFU,T2,CA,A319
CA2551,7:25:00,8:55:00,50,TFU,T2,DLU,T1,CA,B738
CA2552,11:05:00,12:40:00,50,DLU,T1,TFU,T2,CA,A319
CA2555,13:35:00,15:05:00,50,TFU,T2,DLU,T1,CA,B738
CA2556,16:25:00,17:50:00,50,DLU,T1,TFU,T2,CA,A320
CA2557,15:55:00,17:50:00,50,TFU,T2,JHG,T1,CA,B738
CA2558,18:40:00,20:35:00,50,JHG,T1,TFU,T2,CA,B737
CA2559,15:35:00,16:50:00,50,TFU,T2,KWE,T3,CA,ARJ21
CA2560,17:55:00,19:00:00,50,KWE,T3,TFU,T2,CA,A319
CA2561,7:25:00,8:40:00,50,TFU,T2,DCY,T1,CA,A320
CA2562,9:30:00,10:40:00,50,DCY,T1,TFU,T2,CA,A320
CA2563,7:50:00,9:00:00,50,TFU,T2,XIC,T1,CA,ARJ21
CA2564,9:50:00,10:50:00,50,XIC,T1,TFU,T2,CA,B738
CA2567,13:40:00,15:00:00,50,TFU,T2,LJG,T1,CA,B737
CA2568,15:50:00,17:20:00,50,LJG,T1,TFU,T2,CA,A321
CA2569,18:50:00,20:20:00,50,TFU,T2,LJG,T1,CA,A320
CA2581,17:35:00,19:25:00,50,TFU,T2,LHW,T3,CA,B737
CA2582,20:25:00,22:20:00,50,LHW,T3,TFU,T2,CA,B738
CA2593,7:40:00,9:15:00,50,TFU,T2,XNN,T3,CA,B737
CA2594,10:10:00,11:50:00,50,XNN,T3,TFU,T2,CA,B738
CA2595,10:45:00,12:40:00,50,TFU,T2,INC,T1,CA,A319
CA2596,13:30:00,15:45:00,50,INC,T1,TFU,T2,CA,B738
CA2599,18:25:00,19:55:00,50,TFU,T2,XNN,T3,CA,A319
CA2600,20:45:00,22:25:00,50,XNN,T3,TFU,T2,CA,B737
CA2601,9:00:00,11:35:00,50,TFU,T2,NTG,T1,CA,B737
CA2602,12:25:00,15:20:00,50,NTG,T1,TFU,T2,CA,B738
CA2603,17:45:00,20:30:00,50,TFU,T2,NTG,T1,CA,A320
CA2605,16:30:00,19:10:00,50,TFU,T2,LYG,T1,CA,A321
CA2609,8:15:00,10:55:00,50,TFU,T2,YNT,T2,CA,B737
CA2610,12:00:00,14:55:00,50,YNT,T2,TFU,T2,CA,A321
CA2611,16:15:00,18:55:00,50,TFU,T2,TAO,T1,CA,A319
CA2612,20:05:00,23:15:00,50,TAO,T1,TFU,T2,CA,A333
CA2615,17:15:00,19:20:00,50,TFU,T2,KHN,T2,CA,B738
CA2616,20:15:00,22:45:00,50,KHN,T2,TFU,T2,CA,A320
CA2617,20:25:00,22:55:00,50,TFU,T2,NKG,T1,CA,A320
CA2618,9:10:00,11:50:00,50,NKG,T1,TFU,T2,CA,A321
CA2619,11:35:00,13:10:00,50,WUH,T3,JUZ,T1,CA,B738
CA2620,16:55:00,19:15:00,50,WUH,T3,TFU,T2,CA,A320
CA2621,11:35:00,14:15:00,50,TFU,T2,YNT,T2,CA,A320
CA2622,15:05:00,18:15:00,50,YNT,T2,TFU,T2,CA,A333
CA2627,7:35:00,10:00:00,50,TFU,T2,CZX,T1,CA,ARJ21
CA2628,11:00:00,13:45:00,50,CZX,T1,TFU,T2,CA,A321
CA2629,9:30:00,11:30:00,50,TFU,T2,HFE,T1,CA,A319
CA2630,12:20:00,15:00:00,50,HFE,T1,TFU,T2,CA,A320
CA2633,17:35:00,20:00:00,50,TFU,T2,CZX,T1,CA,B737
CA2634,20:50:00,23:30:00,50,CZX,T1,TFU,T2,CA,A320
CA2639,17:35:00,19:50:00,50,TFU,T2,TNA,T1,CA,A320
CA2640,21:00:00,23:40:00,50,TNA,T1,TFU,T2,CA,A320
CA2641,9:50:00,12:20:00,50,TFU,T2,KHN,T2,CA,ARJ21
CA2642,13:10:00,15:40:00,50,KHN,T2,TFU,T2,CA,B738
CA2649,11:55:00,14:25:00,50,TFU,T2,WUS,T1,CA,A319
CA2650,15:15:00,17:45:00,50,WUS,T1,TFU,T2,CA,A321
CA2653,8:45:00,10:40:00,50,TFU,T2,CSX,T1,CA,A319
CA2654,11:50:00,13:45:00,50,CSX,T1,TFU,T2,CA,A321
CA2657,17:25:00,19:45:00,50,TFU,T2,ZHA,T1,CA,ARJ21
CA2659,18:15:00,20:30:00,50,TFU,T2,HUZ,T1,CA,A320
CA2660,21:20:00,23:35:00,50,HUZ,T1,TFU,T2,CA,A320
CA2662,11:35:00,13:45:00,50,ZHA,T1,TFU,T2,CA,A321
CA2663,15:15:00,17:50:00,50,TFU,T2,SWA,T1,CA,B737
CA2664,19:00:00,21:40:00,50,SWA,T1,TFU,T2,CA,A321
CA2665,14:00:00,16:00:00,50,TFU,T2,BHY,T1,CA,B737
CA2666,17:00:00,19:05:00,50,BHY,T1,TFU,T2,CA,A319
CA2667,11:45:00,13:45:00,50,TFU,T2,NNG,T2,CA,B737
CA2668,14:55:00,16:45:00,50,NNG,T2,TFU,T2,CA,B738
CA2671,7:55:00,10:05:00,50,TFU,T2,BHY,T1,CA,A320
CA2672,10:55:00,13:00:00,50,BHY,T1,TFU,T2,CA,A321
CA2673,17:40:00,20:25:00,50,TFU,T2,NGB,T2,CA,A321
CA2674,13:35:00,16:35:00,50,NGB,T2,TFU,T2,CA,B789
CA2677,7:20:00,9:45:00,50,TFU,T2,ZUH,T1,CA,ARJ21
CA2678,10:55:00,13:35:00,50,ZUH,T1,TFU,T2,CA,ARJ21
CA2681,8:50:00,10:50:00,50,TFU,T2,HNY,T1,CA,B738
CA2682,11:45:00,14:00:00,50,HNY,T1,TFU,T2,CA,B737
CA2689,17:55:00,19:45:00,50,TFU,T2,NNG,T2,CA,A321
CA2693,17:25:00,19:45:00,50,TFU,T2,ZUH,T1,CA,A319
CA2694,20:35:00,23:00:00,50,ZUH,T1,TFU,T2,CA,A321
CA2695,9:55:00,11:50:00,50,TFU,T2,CGO,T2,CA,B737
CA2696,12:50:00,15:10:00,50,CGO,T2,TFU,T2,CA,A321
CA2701,15:30:00,17:10:00,50,TFU,T2,YCU,T1,CA,A320
CA2702,18:00:00,19:55:00,50,YCU,T1,TFU,T2,CA,B738
CA2703,18:35:00,20:40:00,50,TFU,T2,TYN,T1,CA,B737
CA2704,21:35:00,0:05:00,50,TYN,T1,TFU,T2,CA,A321
CA2705,14:50:00,16:55:00,50,TFU,T2,DSN,T1,CA,A320
CA2706,17:45:00,20:05:00,50,DSN,T1,TFU,T2,CA,B737
CA2707,16:05:00,18:25:00,50,TFU,T2,SJW,T1,CA,B738
CA2708,19:30:00,22:15:00,50,SJW,T1,TFU,T2,CA,A321
CA2711,16:20:00,19:35:00,50,TFU,T2,SHE,T3,CA,A333
CA2712,20:35:00,0:45:00,50,SHE,T3,TFU,T2,CA,B738
CA2713,7:45:00,11:30:00,50,TFU,T2,CGQ,T2,CA,A320
CA2714,12:30:00,16:55:00,50,CGQ,T2,TFU,T2,CA,A320
CA2718,14:50:00,17:35:00,50,DOY,T1,TFU,T2,CA,A320
CA2719,19:05:00,22:50:00,50,TFU,T2,CGQ,T2,CA,B789
CA2721,12:55:00,16:40:00,50,TFU,T2,CGQ,T2,CA,A321
CA2722,17:35:00,22:05:00,50,CGQ,T2,TFU,T2,CA,A321
CA2731,8:40:00,10:45:00,50,TFU,T2,TYN,T1,CA,B738
CA2732,11:35:00,13:55:00,50,TYN,T1,TFU,T2,CA,A321
CA2733,8:35:00,10:50:00,50,TFU,T2,SJW,T1,CA,A320
CA2734,11:40:00,14:15:00,50,SJW,T1,TFU,T2,CA,B738
CA2735,16:25:00,20:15:00,50,TFU,T2,HRB,T2,CA,B789
CA2736,9:50:00,14:30:00,50,HRB,T2,TFU,T2,CA,B738
CA2737,14:40:00,16:30:00,50,TFU,T2,KWL,T2,CA,B738
CA2738,17:20:00,19:05:00,50,KWL,T2,TFU,T2,CA,A320
CA2739,7:00:00,10:50:00,50,TFU,T2,HRB,T2,CA,B738
CA2740,11:50:00,16:25:00,50,HRB,T2,TFU,T2,CA,A321
CA2741,7:35:00,11:00:00,50,TFU,T2,SHE,T3,CA,A321
CA2742,12:05:00,16:15:00,50,SHE,T3,TFU,T2,CA,B789
CA2747,7:50:00,10:35:00,50,TFU,T2,LYI,T2,CA,B737
CA2748,11:25:00,14:20:00,50,LYI,T2,TFU,T2,CA,B738
CA2751,7:00:00,11:20:00,50,TFU,T2,YIN,T1,CA,A333
CA2752,12:20:00,16:20:00,50,YIN,T1,TFU,T2,CA,B738
CA2753,15:25:00,18:10:00,50,TFU,T2,JUZ,T1,CA,B738
CA2754,19:00:00,21:50:00,50,JUZ,T1,TFU,T2,CA,A319
CA2757,17:20:00,19:55:00,50,TFU,T2,SWA,T1,CA,B738
CA2761,7:50:00,10:10:00,50,TFU,T2,TNA,T1,CA,A320
CA2762,11:25:00,14:10:00,50,TNA,T1,TFU,T2,CA,A320
CA2763,11:40:00,14:15:00,50,TFU,T2,LXA,T3,CA,B738
CA2764,15:05:00,17:20:00,50,LXA,T3,TFU,T2,CA,B738
CA2765,12:50:00,15:30:00,50,TFU,T2,JJN,T1,CA,B738
CA2766,16:20:00,19:20:00,50,JJN,T1,TFU,T2,CA,A333
CA2767,16:55:00,19:30:00,50,TFU,T2,YIW,T1,CA,A320
CA2768,20:20:00,22:55:00,50,YIW,T1,TFU,T2,CA,A320
CA2773,18:50:00,20:55:00,50,TFU,T2,CGO,T2,CA,A320
CA2775,18:10:00,21:00:00,50,TFU,T2,HMI,T1,CA,B738
CA2787,7:45:00,10:35:00,50,TFU,T2,XMN,T4,CA,A321
CA2788,11:35:00,14:25:00,50,XMN,T4,TFU,T2,CA,B738
CA2791,15:15:00,17:40:00,50,TFU,T2,TNA,T1,CA,B738
CA2792,18:45:00,21:25:00,50,TNA,T1,TFU,T2,CA,B737
CA2801,7:20:00,10:35:00,50,TSN,T2,CAN,T3,CA,B738
CA2802,11:45:00,14:55:00,50,CAN,T3,TSN,T2,CA,A320
CA2803,14:55:00,18:15:00,50,TSN,T2,CAN,T3,CA,B738
CA2804,19:20:00,22:35:00,50,CAN,T3,TSN,T2,CA,B738
CA2805,18:00:00,21:20:00,50,TSN,T2,CAN,T3,CA,B789
CA2811,14:30:00,17:55:00,50,TSN,T2,SZX,T3,CA,A321
CA2812,19:25:00,22:50:00,50,SZX,T3,TSN,T2,CA,B738
CA2813,7:20:00,10:50:00,50,TSN,T2,SZX,T3,CA,B738
CA2814,11:55:00,15:15:00,50,SZX,T3,TSN,T2,CA,B738
CA2817,18:30:00,21:50:00,50,TSN,T2,SZX,T3,CA,B738
CA2819,12:30:00,15:40:00,50,TSN,T2,SZX,T3,CA,A321
CA2820,16:45:00,19:55:00,50,SZX,T3,TSN,T2,CA,A333
CA2821,14:55:00,17:05:00,50,TSN,T2,SHA,T2,CA,A321
CA2822,18:25:00,21:00:00,50,SHA,T2,TSN,T2,CA,B738
CA2823,16:30:00,18:35:00,50,TSN,T2,SHA,T2,CA,A321
CA2824,19:40:00,22:00:00,50,SHA,T2,TSN,T2,CA,A320
CA2825,7:40:00,9:45:00,50,TSN,T2,SHA,T2,CA,B737
CA2826,10:50:00,12:55:00,50,SHA,T2,TSN,T2,CA,A321
CA2831,16:30:00,18:50:00,50,TSN,T2,PVG,T2,CA,A320
CA2835,15:55:00,18:05:00,50,TSN,T2,HGH,T4,CA,B737
CA2836,19:10:00,21:30:00,50,HGH,T4,TSN,T2,CA,B738
CA2837,6:55:00,9:50:00,50,TSN,T2,XMN,T4,CA,B737
CA2838,11:05:00,13:55:00,50,XMN,T4,TSN,T2,CA,A320
CA2839,8:15:00,10:45:00,50,TSN,T2,PVG,T2,CA,B738
CA2840,11:55:00,14:15:00,50,PVG,T2,TSN,T2,CA,A321
CA2841,15:45:00,17:50:00,50,TSN,T2,WUH,T3,CA,A320
CA2842,18:50:00,20:55:00,50,WUH,T3,TSN,T2,CA,ARJ21
CA2845,8:20:00,10:35:00,50,TSN,T2,HGH,T4,CA,B738
CA2846,12:00:00,13:55:00,50,HGH,T4,TSN,T2,CA,B738
CA2847,10:00:00,12:10:00,50,TSN,T2,HGH,T4,CA,B738
CA2848,13:15:00,15:30:00,50,HGH,T4,TSN,T2,CA,B738
CA2861,7:50:00,10:40:00,50,TSN,T2,CKG,T3,CA,A320
CA2862,12:00:00,14:40:00,50,CKG,T3,TSN,T2,CA,A320
CA2865,8:55:00,12:40:00,50,TSN,T2,KWE,T3,CA,A321
CA2866,13:50:00,16:55:00,50,KWE,T3,TSN,T2,CA,A320
CA2867,15:40:00,19:20:00,50,TSN,T2,KMG,T1,CA,A333
CA2868,20:25:00,23:50:00,50,KMG,T1,TSN,T2,CA,A320
CA2872,14:05:00,17:30:00,50,KMG,T1,TSN,T2,CA,A321
CA2875,7:15:00,9:20:00,50,TSN,T2,XIY,T2,CA,A320
CA2876,10:25:00,12:25:00,50,XIY,T2,TSN,T2,CA,A321
CA2885,16:15:00,18:50:00,50,TSN,T2,CSX,T1,CA,B738
CA2887,7:50:00,11:20:00,50,TSN,T2,ZUH,T1,CA,A321
CA2888,12:20:00,15:30:00,50,ZUH,T1,TSN,T2,CA,A321
CA2889,14:55:00,18:35:00,50,TSN,T2,ZUH,T1,CA,A333
CA2890,19:45:00,23:00:00,50,ZUH,T1,TSN,T2,CA,B738
CA2891,7:15:00,9:55:00,50,TSN,T2,LHW,T3,CA,B738
CA2892,11:00:00,13:30:00,50,LHW,T3,TSN,T2,CA,A319
CA2893,17:30:00,19:35:00,50,TSN,T2,XIY,T2,CA,B738
CA2905,16:35:00,20:15:00,50,TSN,T2,NNG,T2,CA,A333
CA2906,21:20:00,0:45:00,50,NNG,T2,TSN,T2,CA,B738
CA2915,12:30:00,14:40:00,50,TSN,T2,XIY,T2,CA,B737
CA2916,15:45:00,17:50:00,50,XIY,T2,TSN,T2,CA,A321
CA2919,7:00:00,8:00:00,50,TSN,T2,DLC,T1,CA,A320
CA2920,9:05:00,10:00:00,50,DLC,T1,TSN,T2,CA,B737
CA2931,13:50:00,15:00:00,50,TSN,T2,DLC,T1,CA,B738
CA2932,16:05:00,17:20:00,50,DLC,T1,TSN,T2,CA,A320
CA2937,8:00:00,9:40:00,50,TSN,T2,CGQ,T2,CA,A320
CA2938,11:05:00,12:55:00,50,CGQ,T2,TSN,T2,CA,A320
CA2951,7:30:00,10:35:00,50,TSN,T2,TFU,T2,CA,A321
CA2952,11:40:00,14:30:00,50,TFU,T2,TSN,T2,CA,B737
CA2953,9:30:00,12:35:00,50,TSN,T2,TFU,T2,CA,A320
CA2954,13:45:00,16:30:00,50,TFU,T2,TSN,T2,CA,B738
CA2955,13:00:00,15:50:00,50,TSN,T2,TFU,T2,CA,B738
CA2956,17:10:00,19:35:00,50,TFU,T2,TSN,T2,CA,A320
CA2957,16:00:00,19:10:00,50,TSN,T2,TFU,T2,CA,A321
CA2961,8:30:00,11:40:00,50,TSN,T2,CTU,T2,CA,A333
CA2962,12:45:00,15:30:00,50,CTU,T2,TSN,T2,CA,A320
CA2963,15:00:00,18:10:00,50,TSN,T2,CTU,T2,CA,B738
CA2964,19:15:00,21:55:00,50,CTU,T2,TSN,T2,CA,B738
CA2969,19:30:00,22:30:00,50,TSN,T2,CTU,T2,CA,A320
CA2970,9:15:00,11:55:00,50,CTU,T2,TSN,T2,CA,B737
CA2975,11:00:00,13:50:00,50,TSN,T2,KWL,T2,CA,A319
CA2976,14:40:00,17:20:00,50,KWL,T2,TSN,T2,CA,A321
CA3099,2:05:00,4:55:00,50,CTU,T1,PVG,T1,CA,B738
CA3121,2:00:00,4:30:00,50,CAN,T1,PEK,T1,CA,A320
CA3133,1:10:00,4:00:00,50,PVG,T1,PEK,T1,CA,B738
CA3203,18:45:00,21:25:00,50,PVG,T2,TEN,T1,CA,ARJ21
CA3204,22:10:00,0:25:00,50,TEN,T1,PVG,T2,CA,B737
CA3208,18:25:00,20:45:00,50,CAN,T3,PVG,T2,CA,A321
CA3209,10:30:00,12:40:00,50,YKH,T1,PVG,T2,CA,A320
CA3210,16:50:00,19:45:00,50,PVG,T2,CIF,T1,CA,B738
CA3211,8:10:00,12:15:00,50,PVG,T2,JHG,T1,CA,A333
CA3213,10:30:00,13:00:00,50,HSC,T1,PVG,T2,CA,A320
CA3214,7:35:00,9:45:00,50,PVG,T2,YKH,T1,CA,B738
CA3215,12:55:00,16:10:00,50,SHA,T2,TFU,T2,CA,A333
CA3216,23:15:00,1:10:00,50,SHA,T2,CSX,T2,CA,B737
CA3217,7:00:00,8:55:00,50,CSX,T2,SHA,T2,CA,A320
CA3218,8:10:00,11:25:00,50,PVG,T2,TFU,T2,CA,A321
CA3219,15:35:00,18:25:00,50,WUX,T2,TFU,T2,CA,B738
CA3220,10:20:00,13:25:00,50,SHA,T2,TFU,T2,CA,B738
CA3221,10:05:00,13:25:00,50,PVG,T2,KMG,T1,CA,A333
CA3222,14:30:00,17:40:00,50,KMG,T1,PVG,T2,CA,B789
CA3223,18:15:00,20:05:00,50,SHA,T2,XMN,T4,CA,B737
CA3224,21:10:00,23:05:00,50,XMN,T4,PVG,T2,CA,B738
CA3225,19:35:00,21:10:00,50,PVG,T2,TAO,T1,CA,A321
CA3228,20:30:00,23:05:00,50,CIF,T1,PVG,T2,CA,A319
CA3229,7:50:00,11:15:00,50,SHA,T2,KMG,T1,CA,A321
CA3230,12:20:00,15:25:00,50,KMG,T1,SHA,T2,CA,A320
CA3231,14:55:00,16:50:00,50,SHA,T2,CSX,T2,CA,A319
CA3232,17:50:00,20:00:00,50,CSX,T2,SHA,T2,CA,ARJ21
CA3233,16:15:00,19:25:00,50,SHA,T2,SYX,T1,CA,A333
CA3234,12:40:00,15:55:00,50,SHA,T2,SYX,T1,CA,B789
CA3235,16:55:00,20:10:00,50,SYX,T1,SHA,T2,CA,B738
CA3236,18:30:00,20:45:00,50,SHA,T2,TYN,T2,CA,A321
CA3237,11:40:00,14:10:00,50,PVG,T2,DYG,T1,CA,B738
CA3238,16:05:00,18:35:00,50,SHA,T2,ZUH,T1,CA,A320
CA3239,6:35:00,9:20:00,50,PVG,T2,ZUH,T1,CA,B737
CA3240,15:10:00,17:55:00,50,PVG,T2,XIY,T3,CA,A319
CA3241,21:35:00,23:40:00,50,DYG,T1,PVG,T2,CA,B737
CA3242,16:05:00,19:10:00,50,PVG,T2,NNG,T2,CA,A333
CA3245,9:20:00,12:30:00,50,SHA,T2,SYX,T1,CA,A333
CA3246,13:35:00,16:50:00,50,SYX,T1,SHA,T2,CA,A333
CA3248,7:40:00,10:20:00,50,PVG,T2,CGQ,T2,CA,B737
CA3249,9:45:00,11:50:00,50,TYN,T2,SHA,T2,CA,A321
CA3250,21:40:00,23:05:00,50,WNZ,T2,PVG,T2,CA,B738
CA3251,13:55:00,16:45:00,50,PVG,T2,KWE,T3,CA,A321
CA3252,18:00:00,20:45:00,50,KWE,T3,PVG,T2,CA,A320
CA3253,10:50:00,13:40:00,50,SHA,T2,KWE,T3,CA,A321
CA3254,15:25:00,18:00:00,50,KWE,T3,SHA,T2,CA,A321
CA3255,10:55:00,13:25:00,50,SHA,T2,XIY,T3,CA,B738
CA3256,14:40:00,17:10:00,50,XIY,T3,SHA,T2,CA,A320
CA3257,7:35:00,10:20:00,50,SHA,T2,XIY,T3,CA,A320
CA3258,11:30:00,13:55:00,50,XIY,T3,SHA,T2,CA,B738
CA3261,7:50:00,11:05:00,50,SHA,T2,NNG,T2,CA,B789
CA3262,12:05:00,14:50:00,50,NNG,T2,SHA,T2,CA,A320
CA3263,10:50:00,12:45:00,50,DLC,T1,PVG,T2,CA,A320
CA3264,21:35:00,23:40:00,50,DLC,T1,PVG,T2,CA,B738
CA3265,8:00:00,11:40:00,50,PVG,T2,LJG,T1,CA,A321
CA3266,12:25:00,15:55:00,50,LJG,T1,PVG,T2,CA,A321
CA3267,7:40:00,9:45:00,50,PVG,T2,CSX,T2,CA,A321
CA3268,10:45:00,12:45:00,50,CSX,T2,PVG,T2,CA,B738
CA3269,21:00:00,23:30:00,50,SHA,T2,XIY,T3,CA,A320
CA3270,7:35:00,9:45:00,50,XIY,T3,SHA,T2,CA,B737
CA3271,6:40:00,8:55:00,50,SHA,T2,TYN,T2,CA,B737
CA3272,10:05:00,15:25:00,50,SHA,T2,URC,T1,CA,A333
CA3273,16:25:00,21:10:00,50,URC,T1,SHA,T2,CA,A333
CA3274,10:20:00,12:55:00,50,KWL,T2,PVG,T2,CA,A321
CA3275,17:00:00,19:15:00,50,SHA,T2,SZX,T3,CA,A321
CA3276,20:30:00,22:35:00,50,SZX,T3,SHA,T2,CA,A319
CA3277,18:05:00,20:25:00,50,SHA,T2,CAN,T3,CA,B737
CA3278,21:30:00,23:50:00,50,CAN,T3,SHA,T2,CA,B738
CA3279,21:45:00,0:15:00,50,SHA,T2,CAN,T3,CA,A321
CA3280,6:40:00,8:55:00,50,CAN,T3,SHA,T2,CA,B738
CA3281,10:50:00,13:10:00,50,CAN,T3,SHA,T2,CA,A320
CA3282,10:40:00,13:00:00,50,SHA,T2,CAN,T3,CA,B738
CA3283,14:15:00,16:35:00,50,CAN,T3,SHA,T2,CA,B738
CA3287,7:40:00,10:05:00,50,SHA,T2,SZX,T3,CA,A320
CA3288,11:20:00,13:35:00,50,SZX,T3,SHA,T2,CA,B738
CA3289,9:45:00,12:05:00,50,SHA,T2,SZX,T3,CA,A319
CA3290,13:20:00,15:30:00,50,SZX,T3,SHA,T2,CA,A320
CA3291,14:35:00,16:50:00,50,SHA,T2,SZX,T3,CA,ARJ21
CA3292,18:05:00,20:20:00,50,SZX,T3,SHA,T2,CA,B737
CA3293,17:50:00,20:10:00,50,SHA,T2,SZX,T3,CA,B737
CA3294,21:25:00,23:35:00,50,SZX,T3,SHA,T2,CA,B738
CA3295,21:25:00,23:50:00,50,SHA,T2,SZX,T3,CA,B738
CA3296,7:30:00,9:50:00,50,SZX,T3,SHA,T2,CA,A320
CA3298,16:50:00,18:40:00,50,CGO,T2,PVG,T2,CA,A320
CA3299,6:40:00,9:05:00,50,PVG,T2,DYG,T1,CA,A321
CA3307,14:00:00,16:10:00,50,SZX,T3,HGH,T3,CA,A320
CA3308,17:30:00,19:50:00,50,HGH,T3,SZX,T3,CA,B737
CA3309,21:20:00,23:30:00,50,PEK,T3,WUX,T2,CA,B738
CA3310,21:55:00,0:05:00,50,WUX,T2,PEK,T3,CA,B737
CA3311,12:00:00,14:25:00,50,SZX,T3,SHA,T2,CA,B738
CA3312,15:35:00,18:05:00,50,SHA,T2,SZX,T3,CA,B738
CA3313,14:50:00,17:20:00,50,SZX,T3,PVG,T2,CA,B738
CA3314,18:30:00,21:30:00,50,PVG,T2,SZX,T3,CA,B738
CA3317,8:30:00,11:10:00,50,TFU,T2,YTY,T1,CA,A320
CA3318,12:35:00,15:15:00,50,YTY,T1,TFU,T2,CA,B737
CA3319,15:30:00,17:05:00,50,YCU,T1,WUH,T3,CA,A320
CA3320,13:15:00,14:40:00,50,WUH,T3,YCU,T1,CA,A319
CA3321,9:05:00,11:20:00,50,HFE,T1,MIG,T2,CA,B738
CA3322,12:10:00,14:20:00,50,MIG,T2,HFE,T1,CA,A321
CA3323,14:10:00,16:45:00,50,WUX,T2,KWE,T3,CA,A320
CA3324,17:45:00,20:10:00,50,KWE,T3,WUX,T2,CA,B738
CA3325,11:40:00,14:05:00,50,CAN,T3,NKG,T2,CA,A319
CA3326,15:10:00,17:35:00,50,NKG,T2,CAN,T3,CA,A321
CA3327,15:25:00,17:40:00,50,NKG,T2,CGQ,T2,CA,B738
CA3328,18:45:00,21:30:00,50,CGQ,T2,NKG,T2,CA,B738
CA3329,13:40:00,16:55:00,50,SZX,T3,TAO,T1,CA,A333
CA3330,17:55:00,21:15:00,50,TAO,T1,SZX,T3,CA,B738
CA3333,15:25:00,17:55:00,50,SZX,T3,PVG,T2,CA,B738
CA3334,19:00:00,21:40:00,50,PVG,T2,SZX,T3,CA,A320
CA3335,7:45:00,11:05:00,50,SZX,T3,TAO,T1,CA,A320
CA3336,12:25:00,15:45:00,50,TAO,T1,SZX,T3,CA,A333
CA3337,9:35:00,11:40:00,50,SZX,T3,HGH,T3,CA,B738
CA3338,12:55:00,15:15:00,50,HGH,T3,SZX,T3,CA,A321
CA3339,9:25:00,11:45:00,50,CAN,T3,YTY,T1,CA,A320
CA3340,12:30:00,14:50:00,50,YTY,T1,CAN,T3,CA,A319
CA3341,20:45:00,23:10:00,50,CGO,T2,CAN,T3,CA,A320
CA3342,8:05:00,10:15:00,50,CAN,T3,CGO,T2,CA,A320
CA3345,11:55:00,14:10:00,50,SZX,T3,HFE,T1,CA,A320
CA3346,15:15:00,17:40:00,50,HFE,T1,SZX,T3,CA,B737
CA3347,23:00:00,0:25:00,50,SZX,T3,ZHA,T1,CA,ARJ21
CA3349,7:05:00,9:40:00,50,JJN,T1,YBP,T1,CA,A320
CA3350,10:25:00,13:00:00,50,YBP,T1,JJN,T1,CA,A319
CA3353,7:45:00,11:10:00,50,SZX,T3,INC,T1,CA,A321
CA3354,12:10:00,15:25:00,50,INC,T1,SZX,T3,CA,A333
CA3355,21:50:00,23:45:00,50,YCU,T1,NKG,T2,CA,B738
CA3356,19:05:00,20:55:00,50,NKG,T2,YCU,T1,CA,B738
CA3357,20:35:00,23:20:00,50,SZX,T3,XIY,T2,CA,A319
CA3358,8:35:00,11:25:00,50,XIY,T2,SZX,T3,CA,A321
CA3359,9:50:00,11:50:00,50,NTG,T3,TSN,T2,CA,B738
CA3360,15:35:00,17:20:00,50,NTG,T3,JJN,T1,CA,B738
CA3367,12:05:00,14:40:00,50,NTG,T3,ZUH,T1,CA,ARJ21
CA3368,15:30:00,17:50:00,50,ZUH,T1,NTG,T3,CA,A320
CA3370,9:35:00,11:55:00,50,NKG,T2,SZX,T3,CA,B737
CA3372,18:55:00,21:15:00,50,NTG,T3,PEK,T3,CA,B737
CA3373,12:45:00,14:45:00,50,KHN,T2,CKG,T3,CA,A321
CA3374,16:05:00,18:00:00,50,CKG,T3,KHN,T2,CA,A321
CA3375,15:10:00,17:45:00,50,WUX,T2,NNG,T2,CA,A321
CA3377,20:25:00,22:50:00,50,CAN,T3,WUX,T2,CA,A320
CA3378,8:00:00,10:30:00,50,WUX,T2,CAN,T3,CA,A320
CA3379,19:30:00,21:50:00,50,SZX,T3,SHA,T2,CA,A321
CA3380,9:05:00,11:40:00,50,SHA,T2,SZX,T3,CA,A320
CA3381,16:10:00,18:35:00,50,CAN,T3,WUX,T1,CA,B737
CA3382,19:55:00,22:40:00,50,WUX,T2,CAN,T3,CA,B738
CA3385,14:40:00,16:25:00,50,SZX,T3,SYX,T2,CA,B737
CA3386,17:30:00,19:20:00,50,SYX,T2,SZX,T3,CA,A320
CA3387,21:10:00,23:45:00,50,CAN,T3,WUX,T2,CA,A320
CA3388,7:10:00,9:40:00,50,WUX,T2,CAN,T3,CA,A321
CA3389,18:25:00,20:45:00,50,XIY,T2,NTG,T3,CA,A320
CA3390,15:00:00,17:20:00,50,NTG,T3,XIY,T2,CA,B737
CA3391,8:00:00,10:25:00,50,WUX,T2,ZUH,T1,CA,A319
CA3392,11:15:00,13:15:00,50,ZUH,T1,WUX,T2,CA,ARJ21
CA3393,21:35:00,23:05:00,50,CAN,T3,HAK,T1,CA,A320
CA3394,6:40:00,8:05:00,50,HAK,T1,CAN,T3,CA,ARJ21
CA3395,10:40:00,12:55:00,50,WUX,T2,SHE,T3,CA,A320
CA3396,7:15:00,9:45:00,50,SHE,T3,WUX,T2,CA,B737
CA3399,13:55:00,16:15:00,50,CAN,T3,NKG,T2,CA,A321
CA3400,17:40:00,20:05:00,50,NKG,T2,CAN,T3,CA,B738
CA3401,7:30:00,11:00:00,50,SZX,T3,PEK,T3,CA,A321
CA3402,12:15:00,15:50:00,50,PEK,T3,SZX,T3,CA,A321
CA3403,10:00:00,13:25:00,50,SZX,T3,PEK,T3,CA,B738
CA3404,14:30:00,18:05:00,50,PEK,T3,SZX,T3,CA,A321
CA3405,12:20:00,15:45:00,50,SZX,T3,PEK,T3,CA,A333
CA3406,17:00:00,20:35:00,50,PEK,T3,SZX,T3,CA,B738
CA3407,14:20:00,17:45:00,50,SZX,T3,PEK,T3,CA,B738
CA3408,19:00:00,22:35:00,50,PEK,T3,SZX,T3,CA,A320
CA3409,16:15:00,19:45:00,50,SZX,T3,PEK,T3,CA,B738
CA3410,21:00:00,0:30:00,50,PEK,T3,SZX,T3,CA,A333
CA3411,15:40:00,18:15:00,50,YIC,T1,PEK,T3,CA,A319
CA3412,10:20:00,12:05:00,50,YIC,T1,SZX,T3,CA,ARJ21
CA3413,20:45:00,0:15:00,50,SZX,T3,PEK,T3,CA,A321
CA3414,7:30:00,11:15:00,50,PEK,T3,SZX,T3,CA,A333
CA3417,9:05:00,11:20:00,50,SZX,T3,NTG,T3,CA,A320
CA3418,21:40:00,0:15:00,50,NTG,T3,SZX,T3,CA,B738
CA3421,10:50:00,13:15:00,50,SZX,T3,NTG,T3,CA,A320
CA3422,14:35:00,17:10:00,50,NTG,T1,SZX,T3,CA,A320
CA3423,18:00:00,20:40:00,50,CAN,T3,XIY,T2,CA,A320
CA3424,21:45:00,0:35:00,50,XIY,T2,CAN,T3,CA,A320
CA3427,7:30:00,10:05:00,50,NKG,T2,ZUH,T1,CA,A320
CA3428,11:00:00,13:15:00,50,ZUH,T1,NKG,T2,CA,B738
CA3429,20:50:00,23:15:00,50,SZX,T3,NKG,T2,CA,B737
CA3430,7:15:00,9:50:00,50,NKG,T2,SZX,T3,CA,B738
CA3431,21:00:00,23:20:00,50,SZX,T3,NTG,T3,CA,A320
CA3432,8:30:00,11:00:00,50,NTG,T3,SZX,T3,CA,B737
CA3433,17:05:00,19:55:00,50,SZX,T3,SJW,T2,CA,A321
CA3434,20:55:00,0:10:00,50,SJW,T2,SZX,T3,CA,A321
CA3440,12:15:00,14:55:00,50,TFU,T2,NTG,T3,CA,B738
CA3441,9:40:00,12:45:00,50,CAN,T3,INC,T1,CA,A321
CA3442,13:35:00,16:55:00,50,INC,T1,CAN,T3,CA,B738
CA3443,7:20:00,9:00:00,50,SZX,T3,SYX,T2,CA,B738
CA3444,22:05:00,23:40:00,50,SYX,T2,SZX,T3,CA,A320
CA3445,12:05:00,14:40:00,50,SZX,T3,BZX,T1,CA,A321
CA3447,7:05:00,10:05:00,50,SZX,T3,SJW,T2,CA,A320
CA3448,11:15:00,14:30:00,50,SJW,T2,SZX,T3,CA,A321
CA3451,21:55:00,23:50:00,50,YCU,T1,WUX,T2,CA,B738
CA3452,19:20:00,21:10:00,50,WUX,T2,YCU,T1,CA,A320
CA3453,14:00:00,16:00:00,50,PEK,T3,WUX,T2,CA,A320
CA3454,18:10:00,20:15:00,50,WUX,T2,PEK,T3,CA,B738
CA3455,9:25:00,11:15:00,50,JJN,T1,ZHA,T1,CA,A321
CA3456,14:45:00,16:20:00,50,JJN,T1,NKG,T2,CA,B738
CA3457,7:00:00,9:35:00,50,CAN,T3,LYI,T2,CA,A320
CA3458,10:20:00,12:50:00,50,LYI,T2,CAN,T3,CA,A321
CA3459,18:40:00,21:15:00,50,NTG,T3,CKG,T3,CA,A321
CA3460,22:20:00,0:40:00,50,CKG,T3,NTG,T3,CA,A319
CA3463,21:15:00,23:50:00,50,CAN,T3,NTG,T3,CA,A320
CA3464,8:20:00,10:40:00,50,NTG,T3,CAN,T3,CA,A319
CA3465,15:40:00,18:45:00,50,YCU,T1,HAK,T1,CA,B738
CA3466,19:45:00,22:40:00,50,HAK,T1,YCU,T1,CA,B738
CA3467,9:15:00,12:35:00,50,NNG,T2,PEK,T3,CA,A333
CA3468,13:40:00,17:15:00,50,PEK,T3,NNG,T2,CA,A320
CA3471,7:50:00,10:40:00,50,NTG,T3,KWE,T3,CA,A319
CA3472,11:40:00,14:10:00,50,KWE,T3,NTG,T3,CA,A321
CA3473,13:10:00,15:50:00,50,WNZ,T2,SYX,T2,CA,A320
CA3474,20:55:00,23:50:00,50,WNZ,T2,SHE,T3,CA,A320
CA3475,7:45:00,10:20:00,50,SZX,T3,PVG,T2,CA,B738
CA3476,11:25:00,14:00:00,50,PVG,T2,SZX,T3,CA,A320
CA3477,22:10:00,23:50:00,50,SZX,T3,KHN,T2,CA,A320
CA3478,21:55:00,23:40:00,50,KHN,T2,SZX,T3,CA,A321
CA3479,8:10:00,10:50:00,50,SZX,T3,LYI,T2,CA,B738
CA3480,12:00:00,14:45:00,50,LYI,T2,SZX,T3,CA,A321
CA3481,10:00:00,11:55:00,50,SZX,T3,WNZ,T2,CA,A319
CA3482,18:45:00,20:35:00,50,WNZ,T2,SZX,T3,CA,B738
CA3483,13:55:00,16:30:00,50,SZX,T3,PVG,T2,CA,B737
CA3484,17:45:00,20:20:00,50,PVG,T2,SZX,T3,CA,B738
CA3485,21:15:00,23:45:00,50,SZX,T3,WUX,T2,CA,A320
CA3486,8:35:00,11:05:00,50,WUX,T2,SZX,T3,CA,B738
CA3487,7:00:00,8:35:00,50,JJN,T1,HSN,T1,CA,B738
CA3488,9:20:00,11:05:00,50,HSN,T1,JJN,T1,CA,A320
CA3489,6:55:00,8:50:00,50,KHN,T2,CKG,T3,CA,A321
CA3490,9:55:00,11:45:00,50,CKG,T3,KHN,T2,CA,B738
CA3491,20:50:00,23:40:00,50,SZX,T3,LYI,T2,CA,B737
CA3492,8:10:00,11:05:00,50,LYI,T2,SZX,T3,CA,A319
CA3495,14:50:00,18:05:00,50,SZX,T3,INC,T1,CA,A333
CA3496,18:55:00,22:25:00,50,INC,T1,SZX,T3,CA,A320
CA3499,16:15:00,17:40:00,50,CAN,T3,HAK,T1,CA,A320
CA3500,18:40:00,20:05:00,50,HAK,T1,CAN,T3,CA,E190
CA3501,8:05:00,10:30:00,50,SZX,T3,SHA,T2,CA,A320
CA3502,11:45:00,14:10:00,50,SHA,T2,SZX,T3,CA,B738
CA3503,7:20:00,9:30:00,50,SZX,T3,CZX,T1,CA,A321
CA3504,10:15:00,12:35:00,50,CZX,T1,SZX,T3,CA,A319
CA3505,19:25:00,21:45:00,50,SZX,T3,CZX,T1,CA,A320
CA3506,22:35:00,1:00:00,50,CZX,T1,SZX,T3,CA,A320
CA3507,7:35:00,9:45:00,50,SZX,T3,XFN,T2,CA,A319
CA3508,10:50:00,13:00:00,50,XFN,T2,SZX,T3,CA,B737
CA3509,20:20:00,23:10:00,50,CAN,T3,XIY,T2,CA,A320
CA3510,7:50:00,10:35:00,50,XIY,T2,CAN,T3,CA,B737
CA3511,7:00:00,9:40:00,50,SZX,T3,XIY,T2,CA,B738
CA3512,10:45:00,13:40:00,50,XIY,T2,SZX,T3,CA,A320
CA3517,19:50:00,22:05:00,50,SZX,T3,XFN,T2,CA,A321
CA3518,22:50:00,0:55:00,50,XFN,T2,SZX,T3,CA,A319
CA3519,7:05:00,9:15:00,50,SZX,T3,JUH,T1,CA,A320
CA3520,10:10:00,12:15:00,50,JUH,T1,SZX,T3,CA,A320
CA3521,9:55:00,12:40:00,50,CAN,T3,XIY,T2,CA,B738
CA3522,14:00:00,16:45:00,50,XIY,T2,CAN,T3,CA,A321
CA3525,8:40:00,11:00:00,50,SZX,T3,NGB,T2,CA,B737
CA3526,11:55:00,14:05:00,50,NGB,T2,SZX,T3,CA,A320
CA3527,20:55:00,22:40:00,50,NNG,T2,CKG,T3,CA,B737
CA3528,8:25:00,10:10:00,50,CKG,T3,NNG,T2,CA,B737
CA3529,18:55:00,21:00:00,50,SZX,T3,YIH,T2,CA,B737
CA3530,21:55:00,23:50:00,50,YIH,T2,SZX,T3,CA,A320
CA3533,12:50:00,15:50:00,50,CGO,T2,HAK,T1,CA,A333
CA3534,16:50:00,19:45:00,50,HAK,T1,CGO,T2,CA,A321
CA3535,7:25:00,10:50:00,50,SZX,T3,XNN,T3,CA,A321
CA3536,11:40:00,15:10:00,50,XNN,T3,SZX,T3,CA,A321
CA3537,21:30:00,23:30:00,50,SZX,T3,WNZ,T2,CA,A320
CA3538,6:50:00,8:45:00,50,WNZ,T2,SZX,T3,CA,A320
CA3539,7:55:00,11:05:00,50,SZX,T3,YNT,T2,CA,A333
CA3540,11:55:00,15:20:00,50,YNT,T2,SZX,T3,CA,A333
CA3541,15:20:00,17:50:00,50,CAN,T3,PVG,T2,CA,A320
CA3542,19:25:00,22:10:00,50,PVG,T2,CAN,T3,CA,A320
CA3543,17:50:00,20:30:00,50,CAN,T3,LYI,T1,CA,A319
CA3544,21:40:00,0:25:00,50,LYI,T2,CAN,T3,CA,A320
CA3545,17:00:00,19:55:00,50,WUX,T2,CTU,T2,CA,A320
CA3546,21:00:00,23:35:00,50,CTU,T2,WUX,T2,CA,B737
CA3547,22:00:00,23:55:00,50,SZX,T3,WNZ,T2,CA,A321
CA3548,9:30:00,11:20:00,50,WNZ,T2,SZX,T3,CA,A321
CA3551,21:25:00,22:45:00,50,SZX,T3,HAK,T1,CA,E190
CA3552,9:35:00,10:55:00,50,HAK,T1,SZX,T3,CA,A320
CA3555,7:45:00,10:20:00,50,SZX,T3,KMG,T1,CA,B737
CA3556,11:25:00,13:35:00,50,KMG,T1,SZX,T3,CA,A320
CA3557,9:35:00,11:50:00,50,SZX,T3,KMG,T1,CA,A320
CA3558,12:55:00,15:05:00,50,KMG,T1,SZX,T3,CA,A321
CA3559,7:05:00,10:15:00,50,CAN,T3,PEK,T3,CA,A321
CA3560,11:25:00,14:55:00,50,PEK,T3,CAN,T3,CA,A320
CA3563,14:30:00,17:15:00,50,SZX,T3,CTU,T2,CA,A321
CA3564,18:30:00,21:00:00,50,CTU,T2,SZX,T3,CA,A319
CA3565,11:05:00,13:25:00,50,SZX,T3,KMG,T1,CA,B737
CA3566,14:45:00,16:55:00,50,KMG,T1,SZX,T3,CA,A321
CA3567,16:10:00,18:40:00,50,SZX,T3,KMG,T1,CA,A320
CA3568,19:45:00,22:05:00,50,KMG,T1,SZX,T3,CA,B737
CA3569,8:45:00,11:40:00,50,PEK,T3,TFU,T2,CA,A321
CA3570,20:40:00,23:15:00,50,TFU,T2,PEK,T3,CA,B738
CA3571,16:10:00,19:00:00,50,SZX,T3,LJG,T1,CA,A321
CA3572,19:55:00,22:30:00,50,LJG,T1,SZX,T3,CA,A321
CA3573,10:20:00,13:10:00,50,SZX,T3,XIY,T2,CA,A319
CA3574,14:35:00,17:35:00,50,XIY,T2,SZX,T3,CA,B738
CA3575,19:35:00,22:55:00,50,SZX,T3,PEK,T3,CA,A320
CA3576,9:20:00,12:50:00,50,PEK,T3,SZX,T3,CA,B738
CA3577,14:35:00,17:55:00,50,SZX,T3,TSN,T2,CA,A321
CA3578,19:00:00,22:15:00,50,TSN,T2,SZX,T3,CA,A333
CA3579,14:00:00,17:00:00,50,SZX,T3,XIY,T2,CA,B738
CA3580,18:15:00,21:05:00,50,XIY,T2,SZX,T3,CA,A321
CA3581,18:15:00,21:05:00,50,SZX,T3,XIY,T2,CA,A319
CA3582,22:10:00,1:05:00,50,XIY,T2,SZX,T3,CA,B738
CA3583,18:10:00,20:35:00,50,CAN,T3,YTY,T1,CA,B738
CA3584,21:20:00,23:45:00,50,YTY,T1,CAN,T3,CA,A320
CA3585,19:05:00,21:25:00,50,SZX,T3,YBP,T1,CA,A321
CA3586,22:10:00,0:25:00,50,YBP,T1,SZX,T3,CA,B738
CA3587,7:25:00,9:55:00,50,SZX,T3,WUX,T2,CA,A321
CA3588,11:00:00,13:30:00,50,WUX,T2,SZX,T3,CA,B738
CA3589,8:40:00,11:25:00,50,SZX,T3,WUX,T2,CA,A319
CA3590,14:25:00,17:05:00,50,WUX,T2,SZX,T3,CA,B738
CA3591,11:35:00,14:05:00,50,SZX,T3,WUX,T1,CA,A320
CA3592,15:35:00,18:25:00,50,WUX,T2,SZX,T3,CA,B737
CA3593,12:10:00,14:40:00,50,SZX,T3,WUX,T2,CA,A321
CA3594,22:25:00,0:50:00,50,WUX,T2,SZX,T3,CA,A321
CA3595,17:30:00,20:55:00,50,SZX,T3,PEK,T3,CA,A321
CA3596,19:30:00,23:00:00,50,PEK,T3,SZX,T3,CA,B738
CA3597,17:00:00,19:30:00,50,SZX,T3,WUX,T2,CA,B737
CA3598,20:40:00,23:10:00,50,WUX,T2,SZX,T3,CA,A321
CA3599,10:45:00,16:30:00,50,SZX,T3,URC,T2,CA,A333
CA3600,17:50:00,23:20:00,50,URC,T2,SZX,T3,CA,A333
CA3601,14:00:00,15:40:00,50,LYI,T2,SHE,T3,CA,A319
CA3602,16:40:00,18:40:00,50,SHE,T3,LYI,T2,CA,B738
CA3603,11:15:00,14:40:00,50,SZX,T3,HET,T1,CA,A333
CA3604,15:40:00,19:00:00,50,HET,T1,SZX,T3,CA,A321
CA3605,18:05:00,20:15:00,50,CAN,T3,HGH,T3,CA,B738
CA3606,21:20:00,23:40:00,50,HGH,T3,CAN,T3,CA,A321
CA3607,15:15:00,17:35:00,50,KHN,T2,TSN,T2,CA,A320
CA3608,18:35:00,20:55:00,50,TSN,T2,KHN,T2,CA,ARJ21
CA3609,7:50:00,10:35:00,50,SZX,T3,CGO,T2,CA,B737
CA3610,12:10:00,14:40:00,50,CGO,T2,SZX,T3,CA,A320
CA3611,8:55:00,11:55:00,50,SZX,T3,TYN,T1,CA,A321
CA3612,13:00:00,16:00:00,50,TYN,T1,SZX,T3,CA,A321
CA3613,10:45:00,12:40:00,50,CAN,T3,WNZ,T2,CA,B738
CA3614,13:55:00,16:00:00,50,WNZ,T2,CAN,T3,CA,A321
CA3615,12:30:00,15:05:00,50,SZX,T3,CGO,T2,CA,A320
CA3616,16:10:00,18:50:00,50,CGO,T2,SZX,T3,CA,B738
CA3617,10:55:00,12:55:00,50,PEK,T3,WUX,T2,CA,A320
CA3618,7:40:00,9:45:00,50,WUX,T2,PEK,T3,CA,A320
CA3619,19:05:00,21:15:00,50,SZX,T3,HYN,T1,CA,A320
CA3620,22:05:00,0:05:00,50,HYN,T1,SZX,T3,CA,B738
CA3623,11:00:00,15:00:00,50,SZX,T3,SHE,T3,CA,B738
CA3624,16:35:00,21:15:00,50,SHE,T3,SZX,T3,CA,A321
CA3625,15:35:00,19:30:00,50,SZX,T3,SHE,T3,CA,B738
CA3626,20:45:00,0:50:00,50,SHE,T3,SZX,T3,CA,B789
CA3628,9:15:00,13:30:00,50,SHE,T3,SZX,T3,CA,A321
CA3629,7:55:00,12:15:00,50,SZX,T3,CGQ,T2,CA,B738
CA3630,13:30:00,18:00:00,50,CGQ,T2,SZX,T3,CA,A333
CA3631,13:35:00,15:25:00,50,NTG,T3,XMN,T4,CA,A319
CA3632,19:30:00,21:50:00,50,NTG,T3,SHE,T3,CA,A320
CA3635,12:50:00,15:20:00,50,SZX,T3,SHA,T2,CA,B738
CA3636,16:35:00,19:10:00,50,SHA,T2,SZX,T3,CA,B738
CA3637,16:25:00,19:05:00,50,SZX,T3,PVG,T2,CA,A320
CA3638,20:10:00,22:45:00,50,PVG,T2,SZX,T3,CA,B737
CA3639,21:05:00,23:55:00,50,SZX,T3,YCU,T1,CA,B738
CA3640,7:05:00,9:50:00,50,YCU,T1,SZX,T3,CA,A320
CA3645,21:15:00,23:25:00,50,YNT,T2,HRB,T2,CA,ARJ21
CA3646,9:10:00,11:10:00,50,HRB,T2,YNT,T2,CA,ARJ21
CA3647,13:05:00,16:05:00,50,SZX,T3,TYN,T1,CA,B738
CA3648,16:55:00,20:00:00,50,TYN,T1,SZX,T3,CA,A333
CA3649,8:15:00,10:45:00,50,NNG,T2,NKG,T2,CA,A320
CA3650,12:05:00,15:10:00,50,NKG,T2,NNG,T2,CA,A321
CA3651,18:45:00,21:15:00,50,SZX,T3,NKG,T2,CA,B737
CA3652,21:00:00,23:35:00,50,NKG,T2,SZX,T3,CA,B737
CA3653,13:30:00,16:10:00,50,YCU,T1,NNG,T2,CA,A320
CA3654,17:15:00,19:40:00,50,NNG,T2,YCU,T1,CA,A321
CA3655,6:45:00,9:10:00,50,CAN,T3,WUX,T2,CA,A321
CA3656,21:15:00,23:40:00,50,WUX,T2,CAN,T3,CA,B737
CA3657,8:40:00,10:50:00,50,CAN,T3,WUX,T2,CA,B738
CA3658,11:40:00,14:15:00,50,WUX,T2,CAN,T3,CA,B738
CA3659,10:15:00,13:25:00,50,SZX,T3,LHW,T3,CA,B789
CA3660,14:15:00,17:35:00,50,LHW,T3,SZX,T3,CA,A333
CA3663,11:40:00,14:25:00,50,WUX,T2,TFU,T2,CA,A321
CA3664,8:15:00,10:50:00,50,TFU,T2,WUX,T2,CA,A321
CA3665,15:50:00,17:30:00,50,SZX,T3,SYX,T2,CA,ARJ21
CA3666,18:40:00,20:25:00,50,SYX,T2,SZX,T3,CA,A319
CA3669,14:20:00,16:20:00,50,NNG,T2,FOC,T1,CA,A321
CA3670,17:15:00,19:30:00,50,FOC,T1,NNG,T2,CA,A321
CA3671,11:25:00,13:50:00,50,YTY,T1,CGQ,T2,CA,A320
CA3672,19:00:00,21:45:00,50,YTY,T1,CAN,T3,CA,A319
CA3673,15:50:00,18:10:00,50,XIY,T2,YTY,T1,CA,A320
CA3674,19:40:00,22:05:00,50,YTY,T1,XIY,T2,CA,A321
CA3677,12:15:00,15:25:00,50,YCU,T1,SYX,T2,CA,A320
CA3678,16:25:00,19:25:00,50,SYX,T2,YCU,T1,CA,A333
CA3679,9:15:00,11:40:00,50,SZX,T3,NKG,T2,CA,B738
CA3680,12:40:00,15:10:00,50,NKG,T2,SZX,T3,CA,B738
CA3681,15:55:00,17:55:00,50,CGO,T2,WNZ,T2,CA,B738
CA3682,12:45:00,14:50:00,50,WNZ,T2,CGO,T2,CA,ARJ21
CA3683,7:50:00,10:35:00,50,SZX,T3,CTU,T2,CA,A320
CA3684,11:50:00,14:15:00,50,CTU,T2,SZX,T3,CA,A320
CA3685,8:30:00,11:15:00,50,SZX,T3,CTU,T2,CA,B737
CA3686,12:30:00,14:55:00,50,CTU,T2,SZX,T3,CA,A319
CA3687,18:30:00,21:10:00,50,WUX,T2,CKG,T3,CA,A320
CA3688,14:50:00,17:10:00,50,CKG,T3,WUX,T2,CA,B738
CA3689,15:30:00,17:50:00,50,CAN,T3,TFU,T2,CA,A320
CA3691,11:45:00,14:10:00,50,SZX,T3,NKG,T2,CA,A321
CA3692,15:35:00,18:15:00,50,NKG,T2,SZX,T3,CA,A320
CA3693,11:50:00,14:10:00,50,CAN,T3,WUX,T2,CA,B738
CA3694,15:50:00,18:15:00,50,WUX,T2,CAN,T3,CA,A321
CA3695,16:20:00,18:30:00,50,SZX,T3,NKG,T2,CA,A320
CA3696,19:30:00,22:05:00,50,NKG,T2,SZX,T3,CA,B737
CA3697,11:20:00,13:45:00,50,SZX,T3,CKG,T3,CA,A321
CA3698,15:50:00,18:05:00,50,CKG,T3,SZX,T3,CA,ARJ21
CA3699,7:10:00,9:25:00,50,CAN,T3,NKG,T2,CA,B738
CA3700,10:25:00,12:45:00,50,NKG,T2,CAN,T3,CA,A321
CA3701,16:50:00,19:10:00,50,SZX,T3,CKG,T3,CA,ARJ21
CA3702,20:15:00,22:40:00,50,CKG,T3,SZX,T3,CA,B737
CA3703,16:35:00,19:10:00,50,SZX,T3,CTU,T2,CA,A319
CA3704,20:30:00,22:50:00,50,CTU,T2,SZX,T3,CA,A320
CA3705,12:00:00,14:35:00,50,SZX,T3,CTU,T2,CA,B738
CA3706,16:00:00,18:30:00,50,CTU,T2,SZX,T3,CA,A321
CA3707,19:00:00,21:15:00,50,SZX,T3,CKG,T3,CA,A320
CA3708,22:20:00,0:35:00,50,CKG,T3,SZX,T3,CA,B738
CA3709,21:05:00,23:25:00,50,SZX,T3,CKG,T3,CA,A319
CA3710,8:15:00,10:35:00,50,CKG,T3,SZX,T3,CA,A321
CA3713,14:15:00,17:00:00,50,SHE,T3,HFE,T1,CA,A320
CA3714,10:40:00,13:15:00,50,HFE,T1,SHE,T3,CA,A320
CA3715,9:40:00,12:35:00,50,WNZ,T2,YBP,T1,CA,B737
CA3716,13:25:00,16:10:00,50,YBP,T1,WNZ,T2,CA,A319
CA3717,8:45:00,10:45:00,50,CAN,T3,HFE,T1,CA,A321
CA3718,11:55:00,13:55:00,50,HFE,T1,CAN,T3,CA,A321
CA3719,16:20:00,19:05:00,50,NNG,T2,NKG,T2,CA,B737
CA3720,20:10:00,23:05:00,50,NKG,T2,NNG,T2,CA,A320
CA3721,15:25:00,18:35:00,50,SZX,T3,TAO,T1,CA,A321
CA3722,19:35:00,22:50:00,50,TAO,T1,SZX,T3,CA,A320
CA3723,9:25:00,11:55:00,50,SZX,T3,PVG,T2,CA,A321
CA3724,13:20:00,15:50:00,50,PVG,T2,SZX,T3,CA,A321
CA3725,21:20:00,23:40:00,50,XIY,T2,WUX,T2,CA,B738
CA3726,18:00:00,20:15:00,50,WUX,T2,XIY,T2,CA,A321
CA3727,14:10:00,15:55:00,50,WUH,T3,TYN,T1,CA,A319
CA3728,19:45:00,22:00:00,50,WUH,T3,NNG,T2,CA,A321
CA3731,9:05:00,11:25:00,50,CAN,T3,NKG,T2,CA,B738
CA3732,12:30:00,14:50:00,50,NKG,T2,CAN,T3,CA,ARJ21
CA3733,13:10:00,15:25:00,50,HFE,T1,CGQ,T2,CA,B737
CA3734,20:40:00,23:20:00,50,HFE,T1,NNG,T2,CA,A320
CA3735,7:40:00,10:40:00,50,NNG,T2,NTG,T3,CA,A320
CA3736,11:40:00,14:25:00,50,NTG,T3,NNG,T2,CA,A319
CA3737,14:40:00,16:50:00,50,CGO,T2,SHE,T3,CA,A319
CA3738,21:30:00,0:10:00,50,CGO,T2,NNG,T2,CA,B738
CA3740,9:30:00,12:05:00,50,CTU,T2,SZX,T3,CA,A319
CA3741,8:20:00,10:40:00,50,CAN,T3,CTU,T2,CA,B737
CA3742,11:45:00,13:55:00,50,CTU,T2,CAN,T3,CA,B738
CA3747,14:35:00,17:00:00,50,SZX,T3,NKG,T2,CA,B738
CA3748,18:35:00,21:25:00,50,NKG,T2,SZX,T3,CA,B738
CA3751,19:50:00,22:35:00,50,WUX,T2,TFU,T2,CA,A320
CA3752,16:25:00,19:00:00,50,TFU,T2,WUX,T2,CA,B737
CA3753,21:15:00,23:35:00,50,CAN,T3,NKG,T2,CA,A321
CA3754,7:25:00,9:50:00,50,NKG,T2,CAN,T3,CA,A321
CA3755,13:20:00,15:10:00,50,NNG,T2,TFU,T2,CA,B738
CA3756,10:10:00,11:55:00,50,TFU,T2,NNG,T2,CA,A320
CA3757,7:05:00,9:40:00,50,WUX,T2,CKG,T3,CA,ARJ21
CA3758,10:45:00,13:05:00,50,CKG,T3,WUX,T2,CA,B737
CA3761,15:00:00,17:15:00,50,SZX,T3,HGH,T3,CA,B737
CA3762,18:30:00,20:50:00,50,HGH,T3,SZX,T3,CA,A320
CA3763,18:05:00,20:40:00,50,SZX,T3,PVG,T2,CA,A321
CA3764,21:45:00,0:20:00,50,PVG,T2,SZX,T3,CA,B737
CA3765,7:10:00,9:15:00,50,SZX,T3,HGH,T3,CA,B738
CA3766,10:30:00,12:50:00,50,HGH,T3,SZX,T3,CA,A319
CA3767,7:10:00,9:45:00,50,NKG,T2,INC,T1,CA,A321
CA3768,10:35:00,12:50:00,50,INC,T1,NKG,T2,CA,ARJ21
CA3773,17:20:00,19:55:00,50,NKG,T2,TFU,T2,CA,A320
CA3774,21:00:00,23:25:00,50,TFU,T2,NKG,T2,CA,B738
CA3775,16:35:00,18:45:00,50,SZX,T3,HGH,T3,CA,A321
CA3776,20:00:00,22:25:00,50,HGH,T3,SZX,T3,CA,A319
CA3777,6:55:00,9:15:00,50,XIY,T2,WUX,T2,CA,B738
CA3778,10:25:00,12:40:00,50,WUX,T2,XIY,T2,CA,A321
CA3785,8:20:00,11:10:00,50,SZX,T3,YCU,T1,CA,B738
CA3786,12:20:00,14:50:00,50,YCU,T1,SZX,T3,CA,A320
CA3787,20:25:00,23:10:00,50,NKG,T2,TFU,T2,CA,A320
CA3788,16:40:00,19:15:00,50,TFU,T2,NKG,T2,CA,A320
CA3791,11:35:00,13:15:00,50,CZX,T1,DLC,T1,CA,A319
CA3792,17:15:00,20:05:00,50,CZX,T1,NNG,T2,CA,A321
CA3795,15:35:00,18:45:00,50,CAN,T3,TAO,T1,CA,B738
CA3797,9:50:00,13:10:00,50,SZX,T3,TAO,T1,CA,A333
CA3798,14:40:00,18:00:00,50,TAO,T1,SZX,T3,CA,B738
CA3799,17:25:00,20:00:00,50,SZX,T3,PVG,T2,CA,A320
CA3800,21:10:00,23:50:00,50,PVG,T2,SZX,T3,CA,A320
CA3801,7:20:00,10:25:00,50,CAN,T3,TAO,T1,CA,B738
CA3802,11:25:00,14:50:00,50,TAO,T1,CAN,T3,CA,A321
CA3803,11:25:00,15:15:00,50,SZX,T3,DLC,T1,CA,A333
CA3804,16:15:00,19:40:00,50,DLC,T1,SZX,T3,CA,A321
CA3805,13:20:00,15:50:00,50,SZX,T3,YTY,T1,CA,A320
CA3806,13:40:00,16:15:00,50,YTY,T1,SZX,T3,CA,A320
CA3807,15:45:00,18:20:00,50,SZX,T3,SHA,T2,CA,A320
CA3808,19:50:00,22:20:00,50,SHA,T2,SZX,T3,CA,A320
CA3811,6:45:00,9:50:00,50,SZX,T3,TAO,T1,CA,A321
CA3812,10:55:00,14:10:00,50,TAO,T1,SZX,T3,CA,B738
CA3813,8:25:00,10:55:00,50,SZX,T3,PVG,T2,CA,B737
CA3814,12:10:00,14:35:00,50,PVG,T2,SZX,T3,CA,B738
CA3815,20:45:00,23:20:00,50,SZX,T3,YTY,T1,CA,B737
CA3816,7:00:00,9:25:00,50,YTY,T1,SZX,T3,CA,B738
CA3817,13:00:00,15:30:00,50,HFE,T1,YBP,T1,CA,B737
CA3818,16:20:00,18:40:00,50,YBP,T1,HFE,T1,CA,B738
CA3824,19:05:00,20:55:00,50,KHN,T2,YCU,T1,CA,A321
CA3825,22:45:00,0:15:00,50,SZX,T3,HAK,T1,CA,A320
CA3826,6:55:00,8:30:00,50,HAK,T1,SZX,T3,CA,ARJ21
CA3829,10:55:00,13:15:00,50,CAN,T3,TFU,T2,CA,A321
CA3830,21:45:00,0:05:00,50,TFU,T2,CAN,T3,CA,A320
CA3831,13:55:00,15:35:00,50,TFU,T2,LHW,T3,CA,A319
CA3832,16:45:00,18:30:00,50,LHW,T3,TFU,T2,CA,B737
CA3835,13:40:00,15:30:00,50,NTG,T3,DLC,T1,CA,A319
CA3836,16:40:00,18:35:00,50,DLC,T1,NTG,T3,CA,A319
CA3841,14:50:00,17:50:00,50,HRB,T2,CZX,T1,CA,B738
CA3842,11:10:00,13:50:00,50,CZX,T1,HRB,T2,CA,A320
CA3845,17:40:00,21:00:00,50,NTG,T3,SYX,T2,CA,B738
CA3846,14:25:00,16:35:00,50,NTG,T3,SHE,T3,CA,A320
CA3847,15:40:00,18:15:00,50,SZX,T3,WUX,T2,CA,ARJ21
CA3848,19:20:00,21:50:00,50,WUX,T2,SZX,T3,CA,A320
CA3851,11:45:00,14:00:00,50,SZX,T3,HGH,T3,CA,A320
CA3852,15:30:00,17:50:00,50,HGH,T3,SZX,T3,CA,B738
CA3853,19:20:00,21:50:00,50,SZX,T3,WUX,T2,CA,B738
CA3854,7:20:00,9:55:00,50,WUX,T2,SZX,T3,CA,A321
CA3855,7:15:00,8:55:00,50,NTG,T1,DLC,T1,CA,A321
CA3857,9:00:00,11:05:00,50,YCU,T1,HGH,T3,CA,B738
CA3858,12:10:00,14:20:00,50,HGH,T3,YCU,T1,CA,ARJ21
CA3863,19:10:00,22:25:00,50,SZX,T3,TAO,T1,CA,A333
CA3864,8:10:00,11:20:00,50,TAO,T1,SZX,T3,CA,A320
CA3867,13:10:00,15:55:00,50,SZX,T3,TNA,T1,CA,B738
CA3868,17:00:00,20:15:00,50,TNA,T1,SZX,T3,CA,A321
CA3869,21:50:00,0:05:00,50,SZX,T3,HFE,T1,CA,ARJ21
CA3870,7:05:00,9:30:00,50,HFE,T1,SZX,T3,CA,B738
CA3873,14:10:00,17:00:00,50,SZX,T3,TNA,T1,CA,A320
CA3874,18:00:00,20:55:00,50,TNA,T1,SZX,T3,CA,B737
CA3877,13:50:00,16:15:00,50,CAN,T3,WUX,T2,CA,A321
CA3878,17:35:00,20:05:00,50,WUX,T2,CAN,T3,CA,B738
CA3879,18:20:00,21:05:00,50,SZX,T3,TNA,T1,CA,A320
CA3880,22:10:00,1:10:00,50,TNA,T1,SZX,T3,CA,A333
CA3883,8:30:00,10:35:00,50,SZX,T3,HFE,T1,CA,A320
CA3884,11:45:00,13:45:00,50,HFE,T1,SZX,T3,CA,A321
CA3885,8:35:00,10:35:00,50,SZX,T3,KWE,T3,CA,B737
CA3886,11:35:00,13:35:00,50,KWE,T3,SZX,T3,CA,B738
CA3887,6:55:00,9:35:00,50,PEK,T3,JJN,T1,CA,A321
CA3888,20:35:00,23:30:00,50,JJN,T1,PEK,T3,CA,ARJ21
CA3893,14:00:00,15:55:00,50,CAN,T3,WNZ,T2,CA,A319
CA3894,16:55:00,19:10:00,50,WNZ,T2,CAN,T3,CA,A321
CA3895,7:55:00,9:55:00,50,PEK,T3,XFN,T2,CA,A319
CA3896,10:55:00,12:55:00,50,XFN,T2,PEK,T3,CA,B738
CA3897,7:25:00,10:15:00,50,CAN,T3,TNA,T1,CA,ARJ21
CA3898,11:15:00,13:45:00,50,TNA,T1,CAN,T3,CA,B738
CA3899,15:50:00,18:35:00,50,CAN,T3,TNA,T1,CA,A320
CA3900,19:55:00,22:40:00,50,TNA,T1,CAN,T3,CA,B738
CA3904,18:05:00,19:50:00,50,GYS,T1,DLU,T1,CA,A320
CA3905,9:20:00,11:25:00,50,CTU,T2,LXA,T3,CA,ARJ21
CA3906,12:45:00,14:25:00,50,LXA,T3,CTU,T2,CA,A320
CA3908,14:10:00,17:55:00,50,HGH,T3,DLU,T1,CA,B738
CA3909,12:50:00,15:30:00,50,KMG,T1,YCU,T1,CA,B738
CA3910,16:30:00,19:10:00,50,YCU,T1,KMG,T1,CA,A319
CA3911,9:50:00,12:20:00,50,RKZ,T1,CTU,T2,CA,A321
CA3912,6:10:00,8:50:00,50,CTU,T2,RKZ,T1,CA,A320
CA3915,6:25:00,8:55:00,50,XIY,T3,HGH,T3,CA,B737
CA3921,7:20:00,9:55:00,50,XIY,T3,BPX,T1,CA,B738
CA3922,10:40:00,12:35:00,50,BPX,T1,XIY,T3,CA,A321
CA3923,7:20:00,9:50:00,50,XIY,T3,LZY,T1,CA,A321
CA3924,10:30:00,12:50:00,50,LZY,T1,XIY,T3,CA,A320
CA3925,9:00:00,11:05:00,50,CTU,T2,TNA,T1,CA,A321
CA3926,19:05:00,21:50:00,50,TNA,T1,CTU,T2,CA,A320
CA3927,9:55:00,11:40:00,50,LZY,T1,CTU,T2,CA,A321
CA3928,7:15:00,8:55:00,50,CTU,T2,LZY,T1,CA,A320
CA3929,8:00:00,9:50:00,50,LXA,T3,NGQ,T1,CA,B737
CA3930,10:30:00,12:30:00,50,NGQ,T1,LXA,T3,CA,A321
CA3931,16:10:00,17:50:00,50,YIH,T1,XUZ,T2,CA,B738
CA3932,21:10:00,0:20:00,50,YIH,T1,LXA,T3,CA,B738
CA3933,6:40:00,9:05:00,50,CTU,T2,SYX,T1,CA,A320
CA3934,10:15:00,12:50:00,50,SYX,T1,CTU,T2,CA,A320
CA3937,15:05:00,17:55:00,50,CKG,T3,LXA,T3,CA,A319
CA3938,21:45:00,0:20:00,50,LXA,T3,CKG,T3,CA,A321
CA3939,9:45:00,13:35:00,50,LXA,T3,PEK,T3,CA,A320
CA3940,14:55:00,19:10:00,50,PEK,T3,LXA,T3,CA,A333
CA3941,13:00:00,15:10:00,50,LXA,T3,GYS,T1,CA,A319
CA3943,15:50:00,17:50:00,50,TFU,T2,DLU,T1,CA,B737
CA3944,22:30:00,0:05:00,50,DLU,T1,TFU,T2,CA,A320
CA3945,13:40:00,15:00:00,50,XNN,T3,GOQ,T1,CA,B737
CA3946,18:00:00,19:40:00,50,XNN,T3,CTU,T2,CA,B738
CA3947,9:50:00,12:15:00,50,LXA,T3,CKG,T3,CA,B738
CA3948,13:10:00,15:50:00,50,CKG,T3,LXA,T3,CA,A320
CA3949,10:40:00,13:45:00,50,LXA,T3,XIY,T3,CA,B738
CA3951,7:00:00,8:15:00,50,LXA,T3,BPX,T1,CA,A319
CA3952,8:55:00,10:10:00,50,BPX,T1,LXA,T3,CA,B737
CA3953,10:15:00,12:55:00,50,MIG,T1,SZX,T3,CA,B737
CA3954,17:50:00,20:30:00,50,MIG,T1,LXA,T3,CA,B738
CA3955,11:00:00,14:00:00,50,CTU,T2,LYI,T2,CA,B789
CA3956,16:50:00,19:50:00,50,LYI,T2,CTU,T2,CA,A321
CA3957,7:35:00,9:00:00,50,LXA,T3,BPX,T1,CA,E190
CA3958,10:20:00,11:40:00,50,BPX,T1,LXA,T3,CA,B738
CA3959,13:50:00,16:05:00,50,MIG,T1,NNG,T1,CA,A319
CA3960,17:00:00,19:00:00,50,NNG,T1,MIG,T1,CA,A321
CA3961,7:20:00,9:15:00,50,LXA,T3,NGQ,T1,CA,B738
CA3962,10:00:00,11:55:00,50,NGQ,T1,LXA,T3,CA,B738
CA3963,10:00:00,12:50:00,50,CTU,T2,SHA,T2,CA,A319
CA3964,16:45:00,19:50:00,50,SHA,T2,CTU,T2,CA,B789
CA3965,15:55:00,18:25:00,50,LXA,T3,KMG,T1,CA,B738
CA3966,16:55:00,20:00:00,50,KMG,T1,LXA,T3,CA,A333
CA3967,9:35:00,11:40:00,50,LXA,T3,CTU,T2,CA,B737
CA3968,18:15:00,20:25:00,50,CTU,T2,LXA,T3,CA,A320
CA3969,9:05:00,11:15:00,50,CTU,T2,ZUH,T1,CA,B738
CA3970,12:05:00,14:20:00,50,ZUH,T1,CTU,T2,CA,A319
CA3971,14:20:00,16:55:00,50,LZO,T1,HGH,T3,CA,A321
CA3972,10:05:00,13:10:00,50,HGH,T3,LZO,T1,CA,A321
CA3973,9:30:00,11:40:00,50,CTU,T2,SJW,T2,CA,A321
CA3974,12:30:00,14:50:00,50,SJW,T2,CTU,T2,CA,A320
CA3977,14:00:00,16:35:00,50,CTU,T2,SZX,T3,CA,B737
CA3978,17:50:00,20:20:00,50,SZX,T3,CTU,T2,CA,A320
CA3979,8:15:00,10:10:00,50,CKG,T3,BPX,T1,CA,A320
CA3980,10:50:00,12:40:00,50,BPX,T1,CKG,T3,CA,B737
CA3981,16:05:00,17:50:00,50,XIY,T3,TNA,T1,CA,A321
CA3982,12:30:00,14:20:00,50,TNA,T1,XIY,T3,CA,B737
CA3983,15:50:00,17:10:00,50,XNN,T3,GOQ,T1,CA,A320
CA3984,20:00:00,21:40:00,50,XNN,T3,CKG,T3,CA,B737
CA3985,9:15:00,10:35:00,50,CTU,T2,DLU,T1,CA,B737
CA3986,20:40:00,22:10:00,50,DLU,T1,CTU,T2,CA,B738
CA3989,15:50:00,18:05:00,50,XNN,T3,TNA,T1,CA,A321
CA3990,17:30:00,20:00:00,50,XNN,T3,LXA,T3,CA,A319
CA3991,8:15:00,9:20:00,50,CTU,T2,LJG,T1,CA,A319
CA3992,21:30:00,23:05:00,50,LJG,T1,CTU,T2,CA,A320
CA3993,13:40:00,16:15:00,50,CTU,T2,SYX,T1,CA,A320
CA3994,17:15:00,19:50:00,50,SYX,T1,CTU,T2,CA,B738
CA3995,13:30:00,16:15:00,50,TYN,T1,HRB,T2,CA,B738
CA3996,21:50:00,0:10:00,50,TYN,T1,CTU,T2,CA,B737
CA3997,6:25:00,8:40:00,50,CTU,T2,LXA,T3,CA,ARJ21
CA3998,18:45:00,20:45:00,50,LXA,T3,CTU,T2,CA,A320
CA3999,9:15:00,10:55:00,50,CTU,T2,LZY,T1,CA,A320
CA4000,11:45:00,13:25:00,50,LZY,T1,CTU,T2,CA,A321
CA4001,16:20:00,18:55:00,50,CKG,T3,TSN,T2,CA,B738
CA4006,17:15:00,20:10:00,50,HET,T1,CKG,T3,CA,B738
CA4011,7:05:00,11:00:00,50,CKG,T3,HRB,T2,CA,B738
CA4012,12:00:00,16:20:00,50,HRB,T2,CKG,T3,CA,B789
CA4013,9:30:00,11:55:00,50,YCU,T1,SHE,T3,CA,A321
CA4014,16:35:00,18:15:00,50,YCU,T1,CKG,T3,CA,A320
CA4015,7:40:00,11:10:00,50,CKG,T3,CGQ,T2,CA,A321
CA4016,12:00:00,15:50:00,50,CGQ,T2,CKG,T3,CA,A333
CA4031,16:15:00,18:05:00,50,CTU,T2,WUH,T3,CA,A321
CA4032,19:15:00,21:15:00,50,WUH,T3,CTU,T2,CA,B738
CA4035,8:25:00,11:05:00,50,CTU,T2,SYX,T2,CA,B738
CA4036,12:15:00,14:55:00,50,SYX,T2,CTU,T2,CA,A321
CA4037,14:45:00,16:40:00,50,CTU,T2,CGO,T2,CA,A320
CA4038,17:45:00,19:55:00,50,CGO,T2,CTU,T2,CA,A321
CA4043,18:20:00,20:20:00,50,CTU,T2,WUH,T3,CA,A321
CA4044,21:25:00,23:15:00,50,WUH,T3,CTU,T2,CA,A321
CA4046,11:15:00,14:10:00,50,TSN,T2,CTU,T2,CA,B737
CA4049,6:45:00,8:35:00,50,CTU,T2,CGO,T2,CA,B738
CA4050,9:35:00,11:40:00,50,CGO,T2,CTU,T2,CA,B738
CA4061,7:05:00,11:05:00,50,KMG,T1,SHE,T3,CA,A333
CA4062,12:10:00,16:45:00,50,SHE,T3,KMG,T1,CA,A321
CA4069,9:50:00,11:50:00,50,KWE,T3,YCU,T1,CA,A321
CA4070,12:50:00,15:05:00,50,YCU,T1,KWE,T3,CA,B738
CA4101,9:00:00,11:40:00,50,CTU,T2,PEK,T3,CA,B738
CA4102,12:55:00,16:00:00,50,PEK,T3,CTU,T2,CA,A321
CA4103,14:30:00,17:15:00,50,CTU,T2,PEK,T3,CA,A319
CA4104,18:30:00,21:30:00,50,PEK,T3,CTU,T2,CA,B789
CA4105,16:00:00,18:45:00,50,CTU,T2,PEK,T3,CA,B737
CA4106,20:30:00,23:30:00,50,PEK,T3,CTU,T2,CA,B789
CA4107,10:00:00,12:40:00,50,CTU,T2,PEK,T3,CA,A320
CA4108,14:00:00,17:15:00,50,PEK,T3,CTU,T2,CA,A321
CA4109,15:00:00,18:00:00,50,CTU,T2,PEK,T3,CA,B789
CA4110,19:30:00,22:30:00,50,PEK,T3,CTU,T2,CA,B789
CA4113,8:00:00,10:40:00,50,CTU,T2,PEK,T3,CA,A321
CA4114,11:55:00,14:55:00,50,PEK,T3,CTU,T2,CA,B738
CA4115,11:00:00,13:40:00,50,CTU,T2,PEK,T3,CA,A320
CA4116,15:00:00,17:50:00,50,PEK,T3,CTU,T2,CA,B737
CA4117,17:00:00,20:00:00,50,CTU,T2,PEK,T3,CA,A321
CA4118,21:55:00,0:55:00,50,PEK,T3,CTU,T2,CA,B738
CA4119,7:00:00,9:40:00,50,CTU,T2,PEK,T3,CA,B738
CA4120,10:55:00,13:55:00,50,PEK,T3,CTU,T2,CA,A321
CA4123,12:40:00,17:10:00,50,PEK,T3,LXA,T3,CA,A320
CA4124,18:05:00,22:15:00,50,LXA,T3,PEK,T3,CA,A321
CA4125,7:45:00,12:15:00,50,PEK,T3,LXA,T3,CA,B738
CA4126,13:20:00,17:15:00,50,LXA,T3,PEK,T3,CA,A321
CA4127,6:30:00,10:50:00,50,PEK,T3,LZY,T1,CA,B738
CA4128,9:35:00,13:25:00,50,LZY,T1,PEK,T3,CA,A320
CA4131,8:00:00,10:25:00,50,CKG,T3,PEK,T3,CA,B738
CA4132,11:55:00,14:50:00,50,PEK,T3,CKG,T3,CA,A320
CA4135,11:30:00,13:55:00,50,CKG,T3,PEK,T3,CA,B737
CA4136,20:30:00,23:10:00,50,PEK,T3,CKG,T3,CA,B738
CA4137,9:00:00,11:25:00,50,CKG,T3,PEK,T3,CA,A320
CA4138,12:55:00,15:45:00,50,PEK,T3,CKG,T3,CA,B737
CA4141,13:55:00,16:30:00,50,CKG,T3,PEK,T3,CA,A320
CA4142,18:15:00,21:00:00,50,PEK,T3,CKG,T3,CA,B737
CA4143,14:55:00,17:30:00,50,CKG,T3,PEK,T3,CA,A320
CA4144,19:30:00,22:20:00,50,PEK,T3,CKG,T3,CA,A321
CA4147,17:30:00,20:30:00,50,CKG,T3,PEK,T3,CA,B738
CA4148,10:55:00,13:50:00,50,PEK,T3,CKG,T3,CA,A320
CA4161,6:55:00,9:50:00,50,KWE,T3,PEK,T3,CA,A321
CA4162,10:55:00,14:25:00,50,PEK,T3,KWE,T3,CA,B738
CA4163,9:00:00,11:50:00,50,KWE,T3,PEK,T3,CA,A320
CA4164,12:55:00,16:35:00,50,PEK,T3,KWE,T3,CA,A320
CA4165,16:50:00,20:15:00,50,KWE,T3,PEK,T3,CA,A321
CA4172,11:40:00,15:45:00,50,PEK,T3,KMG,T1,CA,A321
CA4173,17:05:00,21:00:00,50,KMG,T1,PEK,T3,CA,A321
CA4181,18:00:00,21:00:00,50,CTU,T2,PEK,T3,CA,A321
CA4182,7:00:00,9:55:00,50,PEK,T3,CTU,T2,CA,A320
CA4183,19:00:00,21:40:00,50,CTU,T2,PEK,T3,CA,B737
CA4184,9:00:00,11:55:00,50,PEK,T3,CTU,T2,CA,ARJ21
CA4185,20:00:00,22:40:00,50,CTU,T2,PEK,T3,CA,B737
CA4186,10:00:00,12:55:00,50,PEK,T3,CTU,T2,CA,B737
CA4201,7:15:00,10:45:00,50,CTU,T2,URC,T1,CA,A333
CA4202,11:55:00,15:25:00,50,URC,T1,CTU,T2,CA,B738
CA4203,17:15:00,19:00:00,50,CTU,T2,INC,T1,CA,A321
CA4204,20:00:00,22:00:00,50,INC,T1,CTU,T2,CA,B738
CA4207,7:15:00,8:35:00,50,CTU,T2,LHW,T3,CA,B737
CA4208,9:25:00,10:50:00,50,LHW,T3,CTU,T2,CA,A319
CA4209,17:30:00,21:00:00,50,CTU,T2,URC,T1,CA,B789
CA4210,22:10:00,1:40:00,50,URC,T1,CTU,T2,CA,A321
CA4211,14:10:00,15:35:00,50,CTU,T2,XNN,T3,CA,A320
CA4212,16:20:00,17:50:00,50,XNN,T3,CTU,T2,CA,B738
CA4216,12:25:00,15:30:00,50,TAO,T1,CTU,T2,CA,A321
CA4217,10:05:00,12:40:00,50,CTU,T2,HGH,T4,CA,B737
CA4218,14:00:00,17:00:00,50,HGH,T4,CTU,T2,CA,A321
CA4223,17:50:00,20:45:00,50,KWE,T3,PVG,T2,CA,A320
CA4224,21:50:00,0:45:00,50,PVG,T2,KWE,T3,CA,A321
CA4225,16:25:00,18:25:00,50,CTU,T2,FUG,T1,CA,B738
CA4226,12:00:00,14:20:00,50,FUG,T1,CTU,T2,CA,A320
CA4227,9:50:00,12:25:00,50,CTU,T2,YTY,T1,CA,A321
CA4228,13:15:00,15:55:00,50,YTY,T1,CTU,T2,CA,A321
CA4229,16:05:00,18:45:00,50,CTU,T2,FOC,T1,CA,A321
CA4230,19:55:00,23:15:00,50,FOC,T1,CTU,T2,CA,A333
CA4231,18:55:00,21:05:00,50,CTU,T2,HFE,T1,CA,A321
CA4232,21:55:00,0:20:00,50,HFE,T1,CTU,T2,CA,A321
CA4233,7:00:00,9:15:00,50,CTU,T2,HFE,T1,CA,B738
CA4234,10:05:00,12:25:00,50,HFE,T1,CTU,T2,CA,A320
CA4235,9:15:00,11:55:00,50,CTU,T2,FOC,T1,CA,A321
CA4236,13:05:00,16:20:00,50,FOC,T1,CTU,T2,CA,A321
CA4237,7:05:00,9:35:00,50,CTU,T2,SHA,T2,CA,A320
CA4238,10:40:00,14:00:00,50,SHA,T2,CTU,T2,CA,B738
CA4239,9:40:00,12:15:00,50,BZX,T1,PVG,T2,CA,A319
CA4240,17:00:00,18:00:00,50,BZX,T1,CTU,T2,CA,B737
CA4255,8:45:00,13:00:00,50,CKG,T3,URC,T1,CA,B738
CA4256,14:05:00,18:00:00,50,URC,T1,CKG,T3,CA,A320
CA4267,10:25:00,12:20:00,50,CKG,T3,INC,T1,CA,A321
CA4268,13:10:00,15:10:00,50,INC,T1,CKG,T3,CA,A320
CA4269,22:05:00,23:55:00,50,CKG,T3,INC,T1,CA,B738
CA4270,7:20:00,9:20:00,50,INC,T1,CKG,T3,CA,B738
CA4281,16:15:00,18:55:00,50,CTU,T2,XMN,T4,CA,B738
CA4293,17:30:00,20:10:00,50,CTU,T2,TAO,T1,CA,ARJ21
CA4294,21:20:00,0:30:00,50,TAO,T1,CTU,T2,CA,B738
CA4297,10:40:00,13:15:00,50,CTU,T2,HAK,T1,CA,B738
CA4298,14:20:00,16:45:00,50,HAK,T1,CTU,T2,CA,B738
CA4301,13:00:00,15:20:00,50,CTU,T2,CAN,T3,CA,A320
CA4302,16:35:00,18:55:00,50,CAN,T3,CTU,T2,CA,B738
CA4303,15:30:00,17:50:00,50,CTU,T2,CAN,T3,CA,A320
CA4304,19:30:00,22:00:00,50,CAN,T3,CTU,T2,CA,B738
CA4305,8:30:00,10:35:00,50,CTU,T2,CAN,T3,CA,A320
CA4306,12:15:00,14:45:00,50,CAN,T3,CTU,T2,CA,A321
CA4309,18:30:00,21:05:00,50,TFU,T2,CAN,T3,CA,A321
CA4310,7:55:00,10:15:00,50,CAN,T3,TFU,T2,CA,A321
CA4311,14:55:00,17:35:00,50,CTU,T2,SZX,T3,CA,A319
CA4312,18:55:00,21:30:00,50,SZX,T3,CTU,T2,CA,A321
CA4313,13:30:00,16:00:00,50,CTU,T2,SZX,T3,CA,B738
CA4314,17:25:00,20:15:00,50,SZX,T3,CTU,T2,CA,A320
CA4315,14:15:00,16:35:00,50,CTU,T2,HAK,T1,CA,A320
CA4316,17:40:00,20:05:00,50,HAK,T1,CTU,T2,CA,A320
CA4317,12:00:00,14:35:00,50,CTU,T2,CAN,T3,CA,B737
CA4318,16:00:00,18:25:00,50,CAN,T3,CTU,T2,CA,B738
CA4319,9:30:00,11:50:00,50,TFU,T2,CAN,T3,CA,A319
CA4320,14:00:00,16:30:00,50,CAN,T3,TFU,T2,CA,ARJ21
CA4323,16:30:00,19:05:00,50,CTU,T2,SZX,T3,CA,B737
CA4325,8:55:00,11:35:00,50,CTU,T2,SZX,T3,CA,A319
CA4326,12:55:00,15:25:00,50,SZX,T3,CTU,T2,CA,A319
CA4327,8:30:00,10:55:00,50,CAN,T3,CTU,T2,CA,B738
CA4328,19:30:00,22:15:00,50,CTU,T2,CAN,T3,CA,A320
CA4329,11:30:00,14:00:00,50,TFU,T2,SZX,T3,CA,A320
CA4330,8:05:00,10:25:00,50,SZX,T3,TFU,T2,CA,B738
CA4333,14:00:00,16:30:00,50,TFU,T2,CAN,T3,CA,A320
CA4334,18:00:00,20:25:00,50,CAN,T3,TFU,T2,CA,A321
CA4335,17:30:00,20:05:00,50,CTU,T2,SZX,T1,CA,A320
CA4336,21:30:00,23:55:00,50,SZX,T3,CTU,T2,CA,A320
CA4337,7:30:00,10:00:00,50,CTU,T2,SZX,T3,CA,B738
CA4338,11:15:00,13:45:00,50,SZX,T3,CTU,T2,CA,B738
CA4339,21:00:00,23:25:00,50,CTU,T2,SZX,T3,CA,B737
CA4340,7:10:00,9:45:00,50,SZX,T3,CTU,T2,CA,ARJ21
CA4341,16:50:00,18:50:00,50,CKG,T3,CAN,T3,CA,A321
CA4342,19:55:00,22:15:00,50,CAN,T3,CKG,T3,CA,B738
CA4343,7:10:00,9:20:00,50,CKG,T3,SZX,T3,CA,B737
CA4344,10:35:00,12:45:00,50,SZX,T3,CKG,T3,CA,B738
CA4345,17:15:00,19:15:00,50,CKG,T3,SZX,T3,CA,B738
CA4346,20:40:00,22:55:00,50,SZX,T3,CKG,T3,CA,B738
CA4349,14:30:00,16:35:00,50,CKG,T3,CAN,T3,CA,B738
CA4350,17:40:00,19:50:00,50,CAN,T3,CKG,T3,CA,A321
CA4351,6:30:00,8:50:00,50,CAN,T3,LZO,T1,CA,B738
CA4352,9:50:00,12:05:00,50,LZO,T1,CAN,T3,CA,A319
CA4353,21:15:00,23:20:00,50,CKG,T3,CAN,T3,CA,B737
CA4359,19:30:00,21:40:00,50,CKG,T3,ZHA,T1,CA,B738
CA4360,22:35:00,1:00:00,50,ZHA,T1,CKG,T3,CA,A321
CA4361,7:55:00,10:05:00,50,CKG,T3,CAN,T3,CA,A320
CA4362,11:10:00,13:20:00,50,CAN,T3,CKG,T3,CA,A321
CA4367,21:10:00,23:30:00,50,CKG,T3,SZX,T3,CA,A320
CA4368,7:45:00,10:00:00,50,SZX,T3,CKG,T3,CA,A321
CA4369,18:40:00,23:55:00,50,URC,T1,CAN,T3,CA,B789
CA4370,8:10:00,13:50:00,50,CAN,T3,URC,T1,CA,A321
CA4371,8:00:00,10:05:00,50,CKG,T3,ZUH,T1,CA,A320
CA4372,17:25:00,20:00:00,50,ZUH,T1,CKG,T3,CA,A321
CA4379,19:10:00,21:15:00,50,CKG,T3,HAK,T1,CA,A321
CA4380,22:20:00,0:55:00,50,HAK,T1,CKG,T3,CA,A321
CA4381,18:55:00,20:55:00,50,CKG,T3,WUH,T3,CA,A320
CA4382,21:55:00,23:55:00,50,WUH,T3,CKG,T3,CA,B737
CA4391,12:10:00,14:05:00,50,CTU,T2,CSX,T1,CA,ARJ21
CA4392,15:05:00,17:05:00,50,CSX,T1,CTU,T2,CA,B738
CA4393,20:00:00,21:50:00,50,CTU,T2,CSX,T1,CA,B738
CA4394,9:10:00,10:55:00,50,CSX,T1,CTU,T2,CA,B737
CA4397,8:00:00,9:50:00,50,CTU,T2,WUH,T3,CA,A320
CA4398,10:50:00,12:55:00,50,WUH,T3,CTU,T2,CA,B738
CA4399,9:55:00,12:00:00,50,CTU,T2,CSX,T1,CA,B737
CA4400,13:05:00,15:00:00,50,CSX,T1,CTU,T2,CA,A321
CA4401,7:45:00,10:10:00,50,CTU,T2,LXA,T3,CA,A321
CA4402,11:15:00,13:15:00,50,LXA,T3,CTU,T2,CA,B737
CA4403,14:50:00,17:10:00,50,CTU,T2,LXA,T3,CA,B738
CA4404,18:30:00,20:35:00,50,LXA,T3,CTU,T2,CA,A319
CA4405,15:35:00,17:50:00,50,CTU,T2,LXA,T3,CA,B738
CA4406,18:55:00,21:00:00,50,LXA,T3,CTU,T2,CA,A319
CA4407,6:25:00,8:10:00,50,CTU,T2,BPX,T1,CA,B737
CA4408,8:55:00,10:20:00,50,BPX,T1,CTU,T2,CA,A320
CA4409,8:15:00,9:40:00,50,CTU,T2,BPX,T1,CA,A320
CA4410,10:25:00,11:40:00,50,BPX,T1,CTU,T2,CA,ARJ21
CA4411,18:55:00,20:35:00,50,CTU,T2,KMG,T1,CA,A319
CA4412,22:00:00,23:45:00,50,KMG,T1,CTU,T2,CA,B738
CA4413,10:50:00,12:20:00,50,CTU,T2,KMG,T1,CA,B737
CA4414,13:25:00,15:00:00,50,KMG,T1,CTU,T2,CA,A320
CA4417,20:30:00,22:10:00,50,CTU,T2,KMG,T1,CA,B737
CA4418,17:50:00,19:25:00,50,KMG,T1,CTU,T2,CA,A321
CA4423,8:55:00,11:00:00,50,CTU,T2,LZY,T1,CA,A320
CA4424,12:00:00,14:00:00,50,LZY,T1,CTU,T2,CA,A321
CA4435,9:15:00,11:20:00,50,CTU,T2,LGZ,T1,CA,A319
CA4436,12:05:00,14:15:00,50,LGZ,T1,CTU,T2,CA,A320
CA4447,12:45:00,15:00:00,50,CTU,T2,LXA,T3,CA,ARJ21
CA4448,15:55:00,18:00:00,50,LXA,T3,CTU,T2,CA,B737
CA4461,11:25:00,12:40:00,50,CTU,T2,PZI,T1,CA,A320
CA4462,13:25:00,14:40:00,50,PZI,T1,CTU,T2,CA,B738
CA4485,13:40:00,15:30:00,50,CKG,T3,DLU,T1,CA,B737
CA4486,15:55:00,18:00:00,50,DLU,T1,CKG,T3,CA,B738
CA4501,16:45:00,19:30:00,50,CTU,T2,SHA,T2,CA,A320
CA4502,20:45:00,0:05:00,50,SHA,T2,CTU,T2,CA,A321
CA4504,11:25:00,14:40:00,50,PVG,T2,CTU,T2,CA,A320
CA4505,13:30:00,15:55:00,50,CTU,T2,NKG,T1,CA,A321
CA4506,16:55:00,19:25:00,50,NKG,T1,CTU,T2,CA,A321
CA4507,9:15:00,12:05:00,50,CTU,T2,PVG,T2,CA,A320
CA4508,13:10:00,16:30:00,50,PVG,T2,CTU,T2,CA,A333
CA4509,14:55:00,17:55:00,50,CTU,T2,PVG,T2,CA,B738
CA4510,19:30:00,23:00:00,50,PVG,T2,CTU,T2,CA,A321
CA4511,6:55:00,9:35:00,50,CTU,T2,TAO,T1,CA,B738
CA4512,10:50:00,13:50:00,50,TAO,T1,CTU,T2,CA,B738
CA4513,16:10:00,19:10:00,50,TFU,T2,PVG,T2,CA,A333
CA4514,13:30:00,16:50:00,50,PVG,T2,TFU,T2,CA,A333
CA4515,7:55:00,10:40:00,50,CTU,T2,SHA,T2,CA,B737
CA4516,12:00:00,15:15:00,50,SHA,T2,CTU,T2,CA,B738
CA4518,14:05:00,17:20:00,50,PVG,T2,CTU,T2,CA,A321
CA4519,7:00:00,9:40:00,50,CTU,T2,HGH,T4,CA,A321
CA4520,10:55:00,13:50:00,50,HGH,T4,CTU,T2,CA,A320
CA4523,17:50:00,20:15:00,50,CTU,T2,NKG,T1,CA,A319
CA4524,21:30:00,0:05:00,50,NKG,T1,CTU,T2,CA,A321
CA4525,9:00:00,11:30:00,50,CTU,T2,NKG,T1,CA,A321
CA4526,13:00:00,15:35:00,50,NKG,T1,CTU,T2,CA,A320
CA4527,21:00:00,23:30:00,50,CTU,T2,NKG,T1,CA,ARJ21
CA4528,7:00:00,9:35:00,50,NKG,T1,CTU,T2,CA,B738
CA4529,9:45:00,12:35:00,50,CTU,T2,NGB,T2,CA,B738
CA4530,21:15:00,0:15:00,50,NGB,T2,CTU,T2,CA,B789
CA4531,15:30:00,17:35:00,50,CTU,T2,KHN,T2,CA,B737
CA4532,18:45:00,21:05:00,50,KHN,T2,CTU,T2,CA,A320
CA4533,18:30:00,21:15:00,50,CTU,T2,HGH,T4,CA,A320
CA4534,22:30:00,1:30:00,50,HGH,T4,CTU,T2,CA,A321
CA4535,17:00:00,19:50:00,50,TFU,T2,PVG,T2,CA,A319
CA4537,7:20:00,10:10:00,50,TFU,T2,PVG,T2,CA,A319
CA4538,11:25:00,14:40:00,50,PVG,T2,TFU,T2,CA,A321
CA4539,11:55:00,14:45:00,50,CTU,T2,XMN,T4,CA,A321
CA4540,15:45:00,18:50:00,50,XMN,T4,CTU,T2,CA,A333
CA4541,17:30:00,20:00:00,50,CKG,T3,SHA,T2,CA,B737
CA4542,21:20:00,0:15:00,50,SHA,T2,CKG,T3,CA,A320
CA4543,8:05:00,10:30:00,50,CKG,T3,SHA,T2,CA,A319
CA4544,11:45:00,14:40:00,50,SHA,T2,CKG,T3,CA,B737
CA4545,7:10:00,9:20:00,50,CKG,T3,NKG,T1,CA,B738
CA4546,10:20:00,12:45:00,50,NKG,T1,CKG,T3,CA,B737
CA4547,11:25:00,13:30:00,50,TSN,T2,TNH,T1,CA,A320
CA4548,17:25:00,20:35:00,50,TSN,T2,CAN,T3,CA,A333
CA4549,7:40:00,10:15:00,50,CKG,T3,NGB,T2,CA,B737
CA4550,11:05:00,13:50:00,50,NGB,T2,CKG,T3,CA,B738
CA4553,7:30:00,10:05:00,50,CKG,T3,HGH,T4,CA,A321
CA4554,11:20:00,13:50:00,50,HGH,T4,CKG,T3,CA,B738
CA4555,15:55:00,18:45:00,50,CKG,T3,PVG,T2,CA,A319
CA4556,20:00:00,23:05:00,50,PVG,T2,CKG,T3,CA,A321
CA4557,16:55:00,19:25:00,50,CKG,T3,NKG,T1,CA,B737
CA4559,10:45:00,12:50:00,50,CKG,T3,NKG,T1,CA,A321
CA4560,13:55:00,16:10:00,50,NKG,T1,CKG,T3,CA,A319
CA4561,7:00:00,8:50:00,50,CKG,T3,KHN,T2,CA,A320
CA4562,9:45:00,11:45:00,50,KHN,T2,CKG,T3,CA,A321
CA4563,8:00:00,9:55:00,50,CKG,T3,HFE,T1,CA,B737
CA4564,10:55:00,13:00:00,50,HFE,T1,CKG,T3,CA,A319
CA4567,16:15:00,18:40:00,50,CKG,T3,XMN,T4,CA,A320
CA4568,19:50:00,22:50:00,50,XMN,T4,CKG,T3,CA,B738
CA4569,18:05:00,20:30:00,50,CKG,T3,FOC,T1,CA,A320
CA4570,21:25:00,0:15:00,50,FOC,T1,CKG,T3,CA,B737
CA4573,17:15:00,19:35:00,50,CKG,T3,HGH,T4,CA,A320
CA4574,20:40:00,23:00:00,50,HGH,T4,CKG,T3,CA,A319
CA4575,8:35:00,11:00:00,50,CKG,T3,PVG,T2,CA,A319
CA4576,12:05:00,14:55:00,50,PVG,T2,CKG,T3,CA,A321
CA4577,15:40:00,18:05:00,50,CKG,T3,HGH,T4,CA,A320
CA4578,19:20:00,22:00:00,50,HGH,T4,CKG,T3,CA,A320
CA4591,19:15:00,21:55:00,50,TFU,T2,PVG,T2,CA,B738
CA4592,9:30:00,12:45:00,50,PVG,T2,TFU,T2,CA,B738
CA4593,7:10:00,9:40:00,50,CAN,T3,YCU,T1,CA,A321
CA4594,10:25:00,12:55:00,50,YCU,T1,CAN,T3,CA,B738
CA4597,16:00:00,18:45:00,50,CTU,T2,HGH,T4,CA,ARJ21
CA4598,20:00:00,23:00:00,50,HGH,T4,CTU,T2,CA,A333
CA4601,10:40:00,14:15:00,50,PEK,T3,ZUH,T1,CA,B738
CA4602,15:35:00,19:00:00,50,ZUH,T1,PEK,T3,CA,A321
CA4603,20:20:00,23:45:00,50,PEK,T3,ZUH,T1,CA,A321
CA4604,20:00:00,23:00:00,50,ZUH,T1,PEK,T3,CA,B789
CA4605,6:55:00,10:25:00,50,PEK,T3,ZUH,T1,CA,A333
CA4606,9:00:00,12:15:00,50,ZUH,T1,PEK,T3,CA,B789
CA4607,17:25:00,19:15:00,50,TNA,T1,PVG,T2,CA,A321
CA4608,20:20:00,22:10:00,50,PVG,T2,TNA,T1,CA,A319
CA4609,8:55:00,11:45:00,50,TNA,T1,CAN,T3,CA,B737
CA4610,12:50:00,15:30:00,50,CAN,T3,TNA,T1,CA,ARJ21
CA4611,17:40:00,22:45:00,50,HGH,T3,URC,T2,CA,A333
CA4612,11:20:00,16:10:00,50,URC,T2,HGH,T3,CA,A333
CA4613,16:05:00,19:05:00,50,TNA,T1,CAN,T3,CA,A333
CA4614,20:10:00,22:55:00,50,CAN,T3,TNA,T1,CA,B738
CA4615,17:30:00,20:15:00,50,TNA,T1,CAN,T3,CA,B738
CA4616,21:20:00,0:10:00,50,CAN,T3,TNA,T1,CA,B738
CA4619,13:35:00,16:20:00,50,XMN,T4,TFU,T2,CA,A321
CA4620,17:25:00,20:15:00,50,TFU,T2,XMN,T4,CA,B737
CA4623,12:15:00,14:55:00,50,TNA,T1,ZUH,T1,CA,A321
CA4624,15:50:00,18:40:00,50,ZUH,T1,TNA,T1,CA,A320
CA4625,10:25:00,12:20:00,50,WNZ,T2,ZUH,T1,CA,A321
CA4626,16:00:00,18:15:00,50,WNZ,T2,TNA,T1,CA,B737
CA4627,13:25:00,15:15:00,50,TNA,T1,KHN,T2,CA,A320
CA4628,18:40:00,20:20:00,50,ZUH,T1,KHN,T1,CA,B738
CA4629,9:05:00,10:55:00,50,XMN,T4,KWE,T3,CA,A320
CA4630,20:50:00,23:00:00,50,KWE,T3,XMN,T4,CA,B738
CA4631,15:30:00,19:00:00,50,PEK,T3,ZUH,T1,CA,A320
CA4632,11:05:00,14:25:00,50,ZUH,T1,PEK,T3,CA,A333
CA4633,9:30:00,11:35:00,50,HGH,T3,DLC,T1,CA,B738
CA4634,12:40:00,14:55:00,50,DLC,T1,HGH,T3,CA,B737
CA4635,8:10:00,9:40:00,50,TNA,T1,SHA,T2,CA,A319
CA4636,10:45:00,12:25:00,50,SHA,T2,TNA,T1,CA,A320
CA4637,19:30:00,21:15:00,50,XMN,T4,PVG,T2,CA,B737
CA4638,22:20:00,0:20:00,50,PVG,T2,XMN,T4,CA,B738
CA4639,9:30:00,12:25:00,50,XMN,T4,PEK,T3,CA,A320
CA4640,6:55:00,9:45:00,50,PEK,T3,XMN,T4,CA,A321
CA4641,15:00:00,18:00:00,50,XMN,T4,PEK,T3,CA,A333
CA4642,13:30:00,16:30:00,50,PEK,T3,XMN,T4,CA,A321
CA4643,17:30:00,20:30:00,50,XMN,T4,PEK,T3,CA,A333
CA4644,21:40:00,0:30:00,50,PEK,T3,XMN,T4,CA,B738
CA4645,19:30:00,22:30:00,50,XMN,T4,PEK,T3,CA,A320
CA4646,19:00:00,21:50:00,50,PEK,T3,XMN,T4,CA,A321
CA4648,15:50:00,17:00:00,50,WUS,T1,XMN,T4,CA,A320
CA4649,7:55:00,11:00:00,50,XMN,T4,XIY,T2,CA,A333
CA4650,12:05:00,15:10:00,50,XIY,T2,XMN,T4,CA,A333
CA4651,8:30:00,11:25:00,50,XMN,T4,PEK,T3,CA,B737
CA4652,10:25:00,13:15:00,50,PEK,T3,XMN,T4,CA,B737
CA4653,9:55:00,13:00:00,50,PEK,T3,FOC,T1,CA,A321
CA4654,14:15:00,17:30:00,50,FOC,T1,PEK,T3,CA,A333
CA4657,9:45:00,11:20:00,50,WUH,T2,TYN,T1,CA,B738
CA4658,15:00:00,16:45:00,50,WUH,T2,XMN,T4,CA,ARJ21
CA4661,14:25:00,16:40:00,50,CGQ,T2,TNA,T1,CA,A321
CA4662,11:40:00,13:35:00,50,TNA,T1,CGQ,T2,CA,A321
CA4668,10:20:00,12:20:00,50,XUZ,T2,XMN,T4,CA,B738
CA4669,12:35:00,15:20:00,50,PEK,T3,FOC,T1,CA,B737
CA4670,16:10:00,19:15:00,50,FOC,T1,PEK,T3,CA,A333
CA4671,19:00:00,23:50:00,50,NKG,T1,URC,T2,CA,A333
CA4672,12:40:00,14:25:00,50,NKG,T1,XMN,T4,CA,A321
CA4679,7:10:00,8:45:00,50,TAO,T1,PEK,T3,CA,B738
CA4680,9:50:00,11:20:00,50,PEK,T3,TAO,T1,CA,ARJ21
CA4681,13:25:00,16:25:00,50,PEK,T3,FOC,T1,CA,A333
CA4682,17:40:00,20:35:00,50,FOC,T1,PEK,T3,CA,B737
CA4683,19:50:00,21:30:00,50,YNT,T2,PEK,T3,CA,A319
CA4684,22:10:00,23:25:00,50,PEK,T3,YNT,T2,CA,ARJ21
CA4685,18:00:00,19:30:00,50,TAO,T1,PEK,T3,CA,B738
CA4686,21:15:00,22:45:00,50,PEK,T3,TAO,T1,CA,A321
CA4687,7:20:00,8:55:00,50,XMN,T4,CSX,T1,CA,B738
CA4688,9:55:00,11:30:00,50,CSX,T1,XMN,T4,CA,B738
CA4689,10:20:00,12:00:00,50,TAO,T1,SHA,T2,CA,B737
CA4690,13:15:00,15:00:00,50,SHA,T2,TAO,T1,CA,A319
CA4691,8:00:00,10:00:00,50,XMN,T4,PVG,T2,CA,A321
CA4692,11:05:00,13:00:00,50,PVG,T2,XMN,T4,CA,B737
CA4693,19:40:00,21:20:00,50,TAO,T1,SHA,T2,CA,A320
CA4694,22:25:00,0:10:00,50,SHA,T2,TAO,T1,CA,ARJ21
CA4695,11:30:00,13:10:00,50,TAO,T1,SHA,T2,CA,A320
CA4696,15:20:00,17:00:00,50,SHA,T2,TAO,T1,CA,B738
CA4697,15:10:00,16:50:00,50,TAO,T1,SHA,T2,CA,A321
CA4698,17:55:00,19:25:00,50,SHA,T2,TAO,T1,CA,A320
CA4699,9:55:00,11:30:00,50,WUS,T1,CAN,T3,CA,A320
CA4700,15:05:00,16:55:00,50,WUS,T1,TAO,T1,CA,ARJ21
CA4701,11:30:00,13:00:00,50,TAO,T1,SHE,T3,CA,B738
CA4702,18:55:00,20:40:00,50,SHE,T3,TAO,T1,CA,A320
CA4703,15:55:00,17:30:00,50,NGB,T2,TAO,T1,CA,A321
CA4704,13:15:00,14:55:00,50,TAO,T1,NGB,T2,CA,A321
CA4705,13:25:00,15:10:00,50,TAO,T1,SHE,T3,CA,A320
CA4706,19:05:00,23:40:00,50,TAO,T1,URC,T2,CA,A321
CA4709,7:05:00,8:50:00,50,TAO,T1,SHE,T3,CA,B738
CA4710,21:15:00,23:00:00,50,SHE,T3,TAO,T1,CA,A320
CA4711,18:20:00,20:05:00,50,TAO,T1,PVG,T2,CA,B738
CA4712,21:10:00,22:40:00,50,PVG,T2,TAO,T1,CA,B737
CA4713,15:05:00,17:50:00,50,PEK,T3,FOC,T1,CA,A321
CA4714,18:55:00,21:50:00,50,FOC,T1,PEK,T3,CA,A321
CA4715,7:00:00,8:00:00,50,TAO,T1,DLC,T1,CA,A320
CA4716,9:05:00,9:55:00,50,DLC,T1,TAO,T1,CA,A320
CA4717,13:50:00,16:20:00,50,TAO,T1,HRB,T2,CA,A321
CA4718,17:20:00,19:15:00,50,HRB,T2,TAO,T1,CA,B737
CA4719,8:45:00,11:50:00,50,TAO,T1,SZX,T3,CA,A333
CA4720,12:55:00,16:05:00,50,SZX,T3,TAO,T1,CA,B789
CA4721,17:10:00,19:05:00,50,TAO,T1,HRB,T2,CA,B737
CA4724,10:15:00,12:20:00,50,HRB,T2,TAO,T1,CA,A320
CA4727,8:45:00,10:25:00,50,TAO,T1,PVG,T2,CA,B738
CA4728,12:15:00,13:50:00,50,PVG,T2,TAO,T1,CA,A321
CA4731,10:20:00,14:50:00,50,CGO,T2,KRL,T2,CA,A321
CA4732,15:35:00,19:30:00,50,KRL,T1,CGO,T2,CA,A320
CA4733,10:05:00,12:25:00,50,HGH,T3,KWL,T2,CA,A321
CA4734,13:10:00,15:15:00,50,KWL,T2,HGH,T3,CA,A320
CA4737,14:35:00,16:15:00,50,TAO,T1,SHA,T2,CA,B737
CA4738,10:15:00,11:55:00,50,SHA,T2,TAO,T1,CA,A321
CA4739,7:30:00,9:10:00,50,TAO,T1,SHA,T2,CA,A320
CA4740,17:20:00,18:50:00,50,SHA,T2,TAO,T1,CA,B738
CA4741,21:25:00,23:25:00,50,XIY,T2,KWE,T3,CA,A321
CA4742,22:10:00,0:20:00,50,XIY,T2,TAO,T1,CA,A320
CA4743,12:15:00,15:10:00,50,KWE,T3,TAO,T1,CA,B738
CA4744,7:55:00,11:15:00,50,TAO,T1,KWE,T3,CA,A321
CA4745,16:25:00,20:10:00,50,TAO,T1,KMG,T1,CA,A333
CA4746,21:15:00,0:35:00,50,KMG,T1,TAO,T1,CA,A333
CA4747,9:50:00,12:40:00,50,NKG,T1,KMG,T1,CA,A320
CA4748,17:35:00,18:55:00,50,NKG,T1,TAO,T1,CA,A319
CA4750,9:10:00,11:35:00,50,CKG,T3,TAO,T1,CA,A320
CA4751,15:00:00,18:15:00,50,TAO,T1,CAN,T3,CA,A320
CA4752,20:15:00,23:25:00,50,CAN,T3,TAO,T1,CA,B738
CA4753,8:15:00,10:45:00,50,TAO,T1,CSX,T1,CA,B738
CA4754,11:45:00,14:10:00,50,CSX,T1,TAO,T1,CA,A321
CA4757,15:40:00,18:05:00,50,JUZ,T1,NNG,T2,CA,B738
CA4758,22:10:00,0:20:00,50,JUZ,T1,TAO,T1,CA,B738
CA4759,9:25:00,11:05:00,50,KHN,T2,ZUH,T1,CA,B737
CA4760,14:35:00,16:35:00,50,KHN,T2,TAO,T1,CA,B738
CA4761,13:40:00,17:50:00,50,XIY,T2,AKU,T2,CA,A320
CA4763,15:45:00,17:25:00,50,WDS,T1,KWE,T3,CA,B737
CA4767,12:45:00,14:00:00,50,YNT,T2,PEK,T3,CA,A320
CA4768,19:15:00,20:30:00,50,PEK,T3,YNT,T2,CA,B738
CA4769,21:25:00,23:05:00,50,YNT,T2,SHE,T3,CA,A319
CA4770,21:00:00,22:25:00,50,SHE,T3,YNT,T2,CA,A320
CA4771,19:10:00,21:10:00,50,YNT,T2,HGH,T3,CA,A321
CA4772,22:15:00,0:10:00,50,HGH,T3,YNT,T2,CA,A321
CA4773,13:40:00,15:55:00,50,YNT,T2,WUH,T2,CA,A320
CA4774,16:55:00,18:55:00,50,WUH,T2,YNT,T1,CA,B738
CA4775,17:55:00,18:55:00,50,TAO,T1,DLC,T1,CA,B738
CA4776,20:00:00,21:05:00,50,DLC,T1,TAO,T1,CA,A321
CA4777,6:55:00,9:00:00,50,TAO,T1,CGQ,T2,CA,A320
CA4778,9:50:00,11:45:00,50,CGQ,T2,TAO,T1,CA,A320
CA4781,13:10:00,16:10:00,50,TAO,T1,CKG,T3,CA,B789
CA4782,10:55:00,13:30:00,50,CKG,T3,TAO,T1,CA,A320
CA4785,14:05:00,16:15:00,50,TSN,T2,CGQ,T2,CA,A321
CA4786,20:15:00,23:35:00,50,TSN,T2,ZUH,T1,CA,B789
CA4788,14:00:00,17:30:00,50,SHE,T3,XMN,T4,CA,B738
CA4789,10:45:00,13:30:00,50,TNA,T1,KWE,T3,CA,A320
CA4790,14:40:00,17:15:00,50,KWE,T3,TNA,T1,CA,A321
CA4791,16:55:00,18:20:00,50,DLC,T1,TNA,T1,CA,A320
CA4792,15:50:00,17:00:00,50,TNA,T1,DLC,T1,CA,A319
CA4793,11:50:00,14:10:00,50,TNA,T1,XMN,T4,CA,B737
CA4794,14:00:00,16:20:00,50,XMN,T4,TNA,T1,CA,B738
CA4795,18:00:00,20:20:00,50,HRB,T2,TNA,T1,CA,ARJ21
CA4796,11:05:00,13:25:00,50,XMN,T4,TNA,T1,CA,A320
CA4797,16:30:00,18:50:00,50,DYG,T1,TNA,T1,CA,A320
CA4798,12:20:00,14:40:00,50,TNA,T1,DYG,T2,CA,A320
CA4799,15:40:00,18:40:00,50,TAO,T1,SZX,T3,CA,A321
CA4800,19:50:00,23:05:00,50,SZX,T3,TAO,T1,CA,A320
CA4802,15:40:00,18:10:00,50,XIY,T2,TAO,T1,CA,A321
CA4805,10:40:00,11:50:00,50,INC,T1,XNN,T3,CA,A320
CA4806,14:30:00,16:25:00,50,INC,T1,TNA,T1,CA,B738
CA4809,13:55:00,16:10:00,50,TNA,T1,MIG,T2,CA,A320
CA4810,20:55:00,23:10:00,50,MIG,T2,TNA,T1,CA,B737
CA4812,15:10:00,17:35:00,50,XMN,T4,TAO,T1,CA,A320
CA4813,18:10:00,20:35:00,50,TAO,T1,CSX,T1,CA,A321
CA4814,21:35:00,0:15:00,50,CSX,T1,TAO,T1,CA,B737
CA4815,13:00:00,14:50:00,50,CGQ,T2,TAO,T1,CA,A321
CA4816,9:55:00,12:05:00,50,TAO,T1,CGQ,T2,CA,A320
CA4817,22:10:00,23:55:00,50,HSN,T1,XMN,T4,CA,A321
CA4818,9:00:00,10:30:00,50,HSN,T1,TAO,T1,CA,A320
CA4819,15:20:00,17:45:00,50,CZX,T1,KWE,T3,CA,A321
CA4820,9:55:00,10:55:00,50,CZX,T1,TAO,T1,CA,E190
CA4821,7:10:00,9:55:00,50,TNA,T1,NNG,T2,CA,A319
CA4822,10:55:00,13:55:00,50,NNG,T2,TNA,T1,CA,B738
CA4823,10:00:00,12:25:00,50,TNA,T1,CKG,T3,CA,A321
CA4824,7:00:00,9:10:00,50,CKG,T3,TNA,T1,CA,ARJ21
CA4827,16:10:00,19:05:00,50,TAO,T1,LHW,T3,CA,A321
CA4828,19:55:00,22:40:00,50,LHW,T3,TAO,T1,CA,A320
CA4830,17:15:00,19:40:00,50,CKG,T3,TAO,T1,CA,A320
CA4833,11:10:00,14:15:00,50,TAO,T1,CKG,T3,CA,A333
CA4834,15:20:00,18:05:00,50,CKG,T3,TAO,T1,CA,A321
CA4835,19:00:00,21:20:00,50,TNA,T1,CKG,T3,CA,A321
CA4837,15:10:00,18:05:00,50,TAO,T1,CKG,T3,CA,A321
CA4841,9:30:00,12:20:00,50,TNA,T1,TFU,T2,CA,B738
CA4842,16:50:00,18:55:00,50,TNA,T1,HRB,T2,CA,A321
CA4843,14:00:00,15:45:00,50,TNA,T1,WUH,T2,CA,A320
CA4845,17:35:00,20:35:00,50,TAO,T1,TFU,T2,CA,B738
CA4846,21:40:00,0:10:00,50,TFU,T2,TAO,T1,CA,B738
CA4850,14:15:00,16:15:00,50,WUS,T1,TNA,T1,CA,B738
CA4851,11:25:00,14:20:00,50,TNA,T1,SZX,T3,CA,A319
CA4852,15:25:00,18:10:00,50,SZX,T3,TNA,T1,CA,A319
CA4855,11:00:00,13:10:00,50,TAO,T1,WUH,T2,CA,A319
CA4856,14:45:00,17:05:00,50,WUH,T2,TAO,T1,CA,A321
CA4857,11:50:00,13:15:00,50,KWL,T2,HAK,T1,CA,B738
CA4858,16:25:00,19:20:00,50,KWL,T2,TNA,T1,CA,B738
CA4859,9:45:00,12:25:00,50,NGB,T2,HAK,T1,CA,A319
CA4860,16:55:00,18:30:00,50,NGB,T2,TAO,T1,CA,A319
CA4861,6:40:00,8:00:00,50,XMN,T4,HGH,T3,CA,A319
CA4862,9:05:00,10:45:00,50,HGH,T3,XMN,T4,CA,B737
CA4863,20:05:00,21:40:00,50,XMN,T4,HGH,T3,CA,B738
CA4864,22:45:00,0:45:00,50,HGH,T3,XMN,T4,CA,B738
CA4869,16:05:00,17:35:00,50,FOC,T1,ZUH,T1,CA,A319
CA4870,21:05:00,23:20:00,50,FOC,T1,TAO,T1,CA,A321
CA4871,9:50:00,11:20:00,50,XIY,T2,LNL,T1,CA,B738
CA4872,12:30:00,13:45:00,50,LNL,T1,XIY,T2,CA,ARJ21
CA4875,13:20:00,15:30:00,50,TAO,T1,XIY,T2,CA,A321
CA4876,16:35:00,18:40:00,50,XIY,T2,TAO,T1,CA,ARJ21
CA4877,16:20:00,18:55:00,50,XMN,T4,CKG,T3,CA,ARJ21
CA4878,8:20:00,10:55:00,50,CKG,T3,XMN,T4,CA,A320
CA4879,7:15:00,10:00:00,50,XMN,T4,KMG,T1,CA,B737
CA4880,11:20:00,14:05:00,50,KMG,T1,XMN,T4,CA,A320
CA4881,7:00:00,9:10:00,50,TAO,T1,HET,T1,CA,A321
CA4882,10:00:00,12:00:00,50,HET,T1,TAO,T1,CA,A320
CA4883,14:30:00,16:30:00,50,KWL,T2,CGO,T2,CA,A321
CA4884,20:15:00,21:55:00,50,KWL,T2,XMN,T4,CA,A321
CA4885,12:20:00,14:40:00,50,TYN,T1,CGQ,T2,CA,A320
CA4886,15:40:00,18:40:00,50,CGQ,T2,TYN,T1,CA,A333
CA4887,11:40:00,13:45:00,50,ZUH,T1,HGH,T3,CA,A320
CA4888,14:50:00,17:10:00,50,HGH,T3,ZUH,T1,CA,A319
CA4889,11:40:00,13:35:00,50,CGO,T2,NGB,T2,CA,A320
CA4890,14:45:00,16:45:00,50,NGB,T2,CGO,T2,CA,B737
CA4891,16:00:00,17:55:00,50,TYN,T1,SHE,T3,CA,B738
CA4892,9:20:00,11:45:00,50,TYN,T1,KWE,T3,CA,B738
CA4893,7:30:00,9:55:00,50,ZUH,T1,SHA,T2,CA,A321
CA4894,11:15:00,13:50:00,50,SHA,T2,ZUH,T1,CA,B738
CA4895,16:55:00,19:25:00,50,ZUH,T1,SHA,T2,CA,B738
CA4896,20:35:00,22:55:00,50,SHA,T2,ZUH,T1,CA,A321
CA4897,18:05:00,20:25:00,50,ZUH,T1,SHA,T2,CA,B737
CA4898,21:35:00,23:55:00,50,SHA,T2,ZUH,T1,CA,A320
CA4899,18:25:00,20:35:00,50,CKG,T3,NKG,T1,CA,A321
CA4900,21:40:00,0:05:00,50,NKG,T1,CKG,T3,CA,ARJ21
CA4901,7:55:00,9:40:00,50,TAO,T1,HGH,T3,CA,B738
CA4902,20:20:00,22:15:00,50,HGH,T3,TAO,T1,CA,B738
CA4903,11:30:00,13:40:00,50,CGO,T2,SHE,T3,CA,B738
CA4904,14:45:00,17:15:00,50,SHE,T3,CGO,T2,CA,B737
CA4905,11:55:00,16:25:00,50,URC,T2,TAO,T1,CA,A333
CA4906,13:45:00,19:00:00,50,TAO,T1,URC,T2,CA,B789
CA4907,18:45:00,23:10:00,50,TNA,T1,URC,T2,CA,B738
CA4908,12:35:00,14:40:00,50,TNA,T1,FOC,T1,CA,A320
CA4909,18:30:00,20:10:00,50,TAO,T1,HGH,T3,CA,A321
CA4910,21:15:00,23:15:00,50,HGH,T3,TAO,T1,CA,A319
CA4911,19:30:00,21:05:00,50,YNT,T2,PEK,T3,CA,A321
CA4912,20:05:00,21:30:00,50,PEK,T3,YNT,T2,CA,B738
CA4915,16:00:00,17:50:00,50,YNT,T2,SHA,T2,CA,A320
CA4916,18:55:00,20:35:00,50,SHA,T2,YNT,T2,CA,B737
CA4917,7:25:00,10:40:00,50,YNT,T2,CAN,T3,CA,B738
CA4918,12:00:00,15:10:00,50,CAN,T3,YNT,T2,CA,B789
CA4919,12:10:00,15:30:00,50,YNT,T2,SZX,T3,CA,A333
CA4920,20:40:00,22:05:00,50,YNT,T2,SHE,T3,CA,ARJ21
CA4923,11:55:00,13:55:00,50,TAO,T1,HGH,T3,CA,A320
CA4924,15:10:00,17:05:00,50,HGH,T3,TAO,T1,CA,A320
CA4925,21:30:00,0:10:00,50,YNT,T2,XMN,T4,CA,B737
CA4926,12:30:00,15:15:00,50,XMN,T4,YNT,T2,CA,B738
CA4927,11:00:00,13:00:00,50,WUH,T2,ZUH,T1,CA,A320
CA4928,14:00:00,15:55:00,50,ZUH,T1,WUH,T2,CA,A319
CA4929,9:30:00,11:05:00,50,TAO,T1,HGH,T3,CA,B738
CA4930,12:10:00,14:10:00,50,HGH,T3,TAO,T1,CA,B737
CA4933,12:10:00,13:10:00,50,DLC,T1,TAO,T1,CA,B737
CA4934,10:15:00,11:10:00,50,TAO,T1,DLC,T1,CA,A320
CA4935,8:50:00,11:55:00,50,TAO,T1,TFU,T2,CA,A321
CA4936,13:40:00,16:15:00,50,TFU,T2,TAO,T1,CA,A320
CA4937,14:50:00,17:50:00,50,TAO,T1,TFU,T2,CA,B738
CA4938,18:55:00,21:30:00,50,TFU,T2,TAO,T1,CA,A321
CA4939,7:40:00,10:35:00,50,TAO,T1,CTU,T2,CA,B738
CA4940,11:45:00,14:25:00,50,CTU,T2,TAO,T1,CA,B737
CA4941,11:25:00,13:35:00,50,TYN,T1,HGH,T3,CA,A321
CA4942,18:00:00,22:00:00,50,TYN,T1,URC,T2,CA,A320
CA4943,11:50:00,14:00:00,50,YNT,T2,CGQ,T2,CA,A320
CA4944,16:25:00,18:15:00,50,CGQ,T2,YNT,T1,CA,A321
CA4948,9:20:00,14:05:00,50,KHG,T2,TNA,T1,CA,B738
CA4949,12:05:00,14:35:00,50,YNT,T2,CSX,T1,CA,B738
CA4950,15:35:00,18:00:00,50,CSX,T1,YNT,T2,CA,A320
CA4951,10:05:00,14:10:00,50,URC,T2,TNA,T1,CA,A333
CA4952,20:35:00,0:45:00,50,TNA,T1,URC,T2,CA,A333
CA4953,13:15:00,15:50:00,50,TNA,T1,TFU,T2,CA,A319
CA4954,16:55:00,19:10:00,50,TFU,T2,TNA,T1,CA,A321
CA4955,8:00:00,10:35:00,50,TNA,T1,TFU,T2,CA,B737
CA4956,12:00:00,14:45:00,50,TFU,T2,TNA,T1,CA,ARJ21
CA4957,7:10:00,9:05:00,50,TNA,T1,CGQ,T2,CA,B738
CA4958,9:55:00,12:10:00,50,CGQ,T2,TNA,T1,CA,B738
CA4959,17:30:00,19:55:00,50,TNA,T1,CTU,T2,CA,B738
CA4960,21:10:00,23:25:00,50,CTU,T2,TNA,T1,CA,A320
CA4963,10:10:00,13:50:00,50,XIY,T2,KRL,T2,CA,A321
CA4964,14:45:00,18:10:00,50,KRL,T2,XIY,T2,CA,A320
CA4967,19:45:00,20:55:00,50,DLC,T1,TNA,T1,CA,E190
CA4968,11:30:00,13:40:00,50,CKG,T3,TNA,T1,CA,A320
CA4970,13:30:00,15:45:00,50,CKG,T3,TNA,T1,CA,A321
CA4971,8:45:00,12:10:00,50,TNA,T1,KMG,T1,CA,B738
CA4972,13:15:00,16:10:00,50,KMG,T1,TNA,T1,CA,A321
CA4973,17:00:00,18:45:00,50,HET,T1,TNA,T1,CA,A319
CA4974,10:30:00,12:55:00,50,XMN,T4,TNA,T1,CA,B737
CA4975,10:40:00,13:15:00,50,TNA,T1,TFU,T2,CA,A321
CA4976,14:20:00,16:45:00,50,TFU,T2,TNA,T1,CA,A320
CA4977,9:45:00,11:20:00,50,HSN,T1,JJN,T1,CA,A320
CA4978,14:20:00,16:25:00,50,HSN,T1,TNA,T1,CA,B737
CA4981,14:40:00,17:30:00,50,NNG,T2,TNA,T1,CA,B737
CA4982,10:20:00,13:25:00,50,TNA,T1,NNG,T2,CA,A333
CA4983,14:50:00,17:35:00,50,TNA,T1,KWE,T3,CA,A321
CA4984,18:35:00,21:20:00,50,KWE,T3,TNA,T1,CA,B738
CA4985,13:20:00,14:30:00,50,DLC,T1,TNA,T1,CA,ARJ21
CA4986,11:00:00,12:15:00,50,TNA,T1,DLC,T1,CA,E190
CA4987,13:25:00,15:45:00,50,XMN,T4,CGO,T2,CA,A321
CA4989,7:20:00,8:50:00,50,YNT,T2,PEK,T3,CA,B738
CA4990,9:55:00,11:10:00,50,PEK,T3,YNT,T2,CA,B737
CA4991,7:10:00,9:00:00,50,YNT,T2,SHA,T2,CA,B738
CA4992,10:10:00,11:55:00,50,SHA,T2,YNT,T2,CA,A320
CA4993,15:00:00,18:00:00,50,INC,T1,URC,T2,CA,A320
CA4994,22:40:00,0:35:00,50,INC,T1,TNA,T1,CA,A319
CA4995,14:25:00,16:50:00,50,TNA,T1,LHW,T3,CA,A321
CA4996,11:15:00,13:25:00,50,LHW,T3,TNA,T1,CA,A321
CA4999,9:55:00,12:05:00,50,NKG,T1,KWL,T2,CA,B738
CA5000,15:55:00,17:25:00,50,NKG,T1,YNT,T2,CA,A321
CA5331,14:10:00,16:25:00,50,LXA,T3,LHW,T3,CA,B738
CA5332,17:20:00,20:05:00,50,LHW,T3,LXA,T3,CA,B738
CA5335,10:10:00,12:35:00,50,YBP,T1,HGH,T3,CA,B737
CA5336,17:40:00,20:20:00,50,YBP,T1,LXA,T3,CA,A320
CA5337,16:00:00,18:10:00,50,GYS,T1,NKG,T1,CA,A319
CA5338,14:30:00,16:55:00,50,GYS,T1,LXA,T3,CA,A321
CA5341,12:40:00,15:25:00,50,LXA,T3,XIY,T3,CA,B738
CA5343,15:10:00,16:20:00,50,XNN,T3,YUS,T1,CA,ARJ21
CA5344,17:00:00,18:10:00,50,YUS,T1,XNN,T3,CA,A320
CA5345,14:00:00,16:30:00,50,LJG,T1,YCU,T1,CA,B737
CA5346,21:00:00,23:15:00,50,LJG,T1,LXA,T3,CA,ARJ21
CA5347,18:10:00,21:05:00,50,LXA,T3,KWE,T3,CA,B737
CA5348,21:55:00,0:45:00,50,KWE,T3,LXA,T3,CA,A321
CA5349,16:50:00,19:00:00,50,BZX,T1,CSX,T1,CA,B738
CA5350,19:50:00,22:30:00,50,BZX,T1,LXA,T3,CA,A321
CA5351,10:05:00,11:30:00,50,CTU,T2,KMG,T1,CA,A321
CA5352,21:20:00,23:00:00,50,KMG,T1,CTU,T2,CA,B737
CA5353,8:30:00,11:00:00,50,CKG,T3,LZY,T1,CA,A319
CA5354,12:00:00,14:05:00,50,LZY,T1,CKG,T3,CA,B738
CA5355,11:00:00,13:50:00,50,CTU,T2,SQJ,T1,CA,A319
CA5356,20:10:00,22:30:00,50,CTU,T2,LXA,T3,CA,B738
CA5357,18:15:00,21:05:00,50,CTU,T2,XMN,T4,CA,A320
CA5358,22:05:00,0:55:00,50,XMN,T4,CTU,T2,CA,ARJ21
CA5363,7:20:00,9:05:00,50,XMN,T4,CSX,T1,CA,B738
CA5364,22:10:00,0:20:00,50,CSX,T1,XMN,T4,CA,A320
CA5365,16:40:00,18:40:00,50,LXA,T3,LJG,T1,CA,B738
CA5366,10:10:00,11:55:00,50,LJG,T1,LXA,T3,CA,A321
CA5367,15:50:00,17:55:00,50,NAO,T3,YTY,T1,CA,B738
CA5368,18:45:00,21:15:00,50,YTY,T1,NAO,T3,CA,A320
CA5371,14:00:00,16:00:00,50,XNN,T3,SJW,T2,CA,B737
CA5372,19:50:00,22:05:00,50,XNN,T3,LXA,T3,CA,A319
CA5373,13:50:00,15:30:00,50,CTU,T2,NNG,T1,CA,B737
CA5374,16:50:00,19:05:00,50,NNG,T1,CTU,T2,CA,A319
CA5377,16:10:00,18:20:00,50,CKG,T3,SYM,T1,CA,B738
CA5379,10:15:00,11:50:00,50,CTU,T2,YCU,T1,CA,B737
CA5380,22:10:00,0:15:00,50,YCU,T1,CTU,T2,CA,A320
CA5381,12:10:00,14:30:00,50,XIY,T3,NTG,T3,CA,B738
CA5382,16:30:00,18:50:00,50,NTG,T3,XIY,T3,CA,ARJ21
CA5389,14:00:00,16:20:00,50,JHG,T1,SZX,T3,CA,B738
CA5554,10:30:00,12:45:00,50,LZY,T1,TFU,T2,CA,A320
CA5572,17:00:00,19:05:00,50,XNN,T3,CTU,T2,CA,B737
CA5575,7:30:00,9:40:00,50,MIG,T1,LZY,T1,CA,B738
CA5576,10:20:00,12:10:00,50,LZY,T1,MIG,T1,CA,A320
CA5577,9:40:00,11:00:00,50,BPX,T1,CTU,T2,CA,A320
CA5578,8:25:00,9:40:00,50,CTU,T2,BPX,T1,CA,A320
CA5581,7:30:00,10:00:00,50,CTU,T2,CAN,T3,CA,A319
CA5582,11:15:00,13:30:00,50,CAN,T3,CTU,T2,CA,B737
CA5583,7:30:00,9:30:00,50,LXA,T3,NGQ,T1,CA,A320
CA5584,10:15:00,12:00:00,50,NGQ,T1,LXA,T3,CA,A321
CA5590,9:45:00,12:15:00,50,RKZ,T1,CKG,T3,CA,A321
CA5701,8:20:00,12:15:00,50,KMG,T1,PEK,T3,CA,A320
CA5702,13:25:00,17:15:00,50,PEK,T3,KMG,T1,CA,A321
CA5703,19:00:00,21:05:00,50,KMG,T1,CAN,T3,CA,B737
CA5704,22:10:00,0:30:00,50,CAN,T3,KMG,T1,CA,A320
CA5705,6:45:00,9:10:00,50,KMG,T1,HUZ,T1,CA,A321
CA5706,10:30:00,13:05:00,50,HUZ,T1,KMG,T1,CA,B737
CA5707,9:20:00,12:15:00,50,KMG,T1,NKG,T1,CA,B738
CA5708,13:15:00,16:10:00,50,NKG,T1,KMG,T1,CA,B738
CA5709,21:30:00,0:30:00,50,KMG,T1,NTG,T3,CA,A320
CA5710,7:00:00,9:50:00,50,NTG,T3,KMG,T1,CA,B738
CA5713,18:00:00,20:55:00,50,KMG,T1,NTG,T3,CA,A321
CA5714,21:45:00,0:40:00,50,NTG,T3,KMG,T1,CA,A321
CA5717,9:10:00,11:25:00,50,KMG,T1,XIY,T2,CA,A319
CA5718,12:35:00,14:55:00,50,XIY,T2,KMG,T1,CA,A320
CA5719,15:20:00,17:50:00,50,TYN,T1,KWE,T3,CA,A321
CA5720,18:55:00,21:30:00,50,KWE,T3,TYN,T1,CA,B738
CA5721,8:25:00,10:25:00,50,KMG,T1,CAN,T3,CA,B738
CA5722,11:30:00,13:50:00,50,CAN,T3,KMG,T1,CA,B738
CA5725,19:25:00,21:45:00,50,KMG,T1,HUZ,T1,CA,ARJ21
CA5726,22:30:00,1:00:00,50,HUZ,T1,KMG,T1,CA,ARJ21
CA5727,17:15:00,20:00:00,50,KMG,T1,CGO,T2,CA,A320
CA5728,21:10:00,0:05:00,50,CGO,T2,KMG,T1,CA,A319
CA5729,17:45:00,20:10:00,50,KMG,T1,XIY,T2,CA,B738
CA5730,21:20:00,23:40:00,50,XIY,T2,KMG,T1,CA,B738
CA5733,8:45:00,12:05:00,50,KMG,T1,TNA,T1,CA,A320
CA5734,13:15:00,16:30:00,50,TNA,T1,KMG,T1,CA,A333
CA5735,8:35:00,11:05:00,50,KMG,T1,WUH,T2,CA,A320
CA5736,12:15:00,14:35:00,50,WUH,T2,KMG,T1,CA,ARJ21
CA5739,11:15:00,12:45:00,50,XFN,T2,TYN,T1,CA,B738
CA5740,16:50:00,19:00:00,50,XFN,T2,KMG,T1,CA,A320
CA5743,11:50:00,14:50:00,50,KMG,T1,TNA,T1,CA,A321
CA5744,15:50:00,19:00:00,50,TNA,T1,KMG,T1,CA,A321
CA5745,8:10:00,10:25:00,50,KMG,T1,XIY,T2,CA,A319
CA5746,11:35:00,13:50:00,50,XIY,T2,KMG,T1,CA,B738
CA5749,17:40:00,19:25:00,50,JHG,T1,TFU,T2,CA,A321
CA5750,15:05:00,17:00:00,50,TFU,T2,JHG,T1,CA,A321
CA5751,9:00:00,11:40:00,50,KMG,T1,CGO,T2,CA,A321
CA5752,12:40:00,15:20:00,50,CGO,T2,KMG,T1,CA,B737
CA5753,16:30:00,18:25:00,50,CSX,T1,YCU,T1,CA,B738
CA5754,19:15:00,21:10:00,50,YCU,T1,CSX,T1,CA,B738
CA5755,8:20:00,11:20:00,50,KMG,T1,YTY,T1,CA,B738
CA5756,12:05:00,15:05:00,50,YTY,T1,KMG,T1,CA,A333
CA5759,20:30:00,21:45:00,50,JHG,T1,LJG,T1,CA,A319
CA5760,22:25:00,23:30:00,50,LJG,T1,JHG,T1,CA,A321
CA5762,12:50:00,15:45:00,50,CZX,T1,KMG,T1,CA,B737
CA5763,9:30:00,11:30:00,50,TFU,T2,TCZ,T1,CA,B737
CA5764,12:10:00,13:45:00,50,TCZ,T1,TFU,T2,CA,B737
CA5765,9:00:00,10:30:00,50,TFU,T2,LJG,T1,CA,A321
CA5766,11:40:00,13:00:00,50,LJG,T1,TFU,T2,CA,B738
CA5767,16:50:00,19:45:00,50,KMG,T1,XMN,T4,CA,B738
CA5769,18:20:00,21:00:00,50,YTY,T1,TFU,T2,CA,B738
CA5770,14:45:00,17:30:00,50,TFU,T2,YTY,T1,CA,A320
CA5771,9:10:00,12:00:00,50,KMG,T1,XMN,T4,CA,B737
CA5772,13:05:00,15:50:00,50,XMN,T4,KMG,T1,CA,B738
CA5774,12:50:00,16:10:00,50,NTG,T3,KMG,T1,CA,A321
CA5775,9:05:00,10:20:00,50,KMG,T1,TCZ,T1,CA,ARJ21
CA5776,18:40:00,20:00:00,50,TCZ,T1,KMG,T1,CA,ARJ21
CA5777,10:55:00,13:50:00,50,KMG,T1,YTY,T1,CA,B738
CA5778,14:50:00,17:45:00,50,YTY,T1,KMG,T1,CA,B737
CA5779,20:55:00,22:20:00,50,KMG,T1,LUM,T1,CA,B737
CA5780,23:25:00,0:35:00,50,LUM,T1,KMG,T1,CA,A320
CA5781,6:50:00,8:50:00,50,KMG,T1,XIY,T2,CA,B738
CA5782,9:55:00,11:55:00,50,XIY,T2,KMG,T1,CA,B738
CA5783,14:55:00,17:35:00,50,KMG,T1,XMN,T4,CA,A320
CA5784,18:55:00,22:00:00,50,XMN,T4,KMG,T1,CA,B789
CA5785,15:10:00,18:25:00,50,KMG,T1,TNA,T1,CA,A321
CA5786,19:35:00,22:55:00,50,TNA,T1,KMG,T1,CA,B738
CA5787,14:20:00,17:10:00,50,KMG,T1,NKG,T1,CA,A320
CA5788,18:15:00,21:00:00,50,NKG,T1,KMG,T1,CA,B738
CA5789,8:40:00,12:00:00,50,KMG,T1,PVG,T2,CA,A333
CA5791,11:05:00,12:50:00,50,SHS,T1,TNA,T1,CA,A320
CA5792,16:30:00,18:20:00,50,SHS,T1,KMG,T1,CA,A319
CA5793,15:00:00,18:10:00,50,KMG,T1,PVG,T2,CA,A320
CA5794,19:15:00,22:50:00,50,PVG,T2,KMG,T1,CA,A333
CA5795,11:10:00,13:00:00,50,CSX,T1,YTY,T1,CA,B738
CA5796,14:00:00,15:55:00,50,YTY,T1,CSX,T1,CA,A320
CA5797,10:25:00,12:20:00,50,CSX,T1,LYI,T2,CA,A320
CA5798,13:05:00,14:55:00,50,LYI,T2,CSX,T1,CA,A320
CA5799,16:00:00,19:00:00,50,KMG,T1,NKG,T1,CA,A321
CA5800,20:05:00,23:00:00,50,NKG,T1,KMG,T1,CA,B738
CA5805,9:55:00,12:20:00,50,CKG,T3,TCZ,T1,CA,A321
CA5806,13:55:00,16:05:00,50,TCZ,T1,CKG,T3,CA,A319
CA5808,17:45:00,19:45:00,50,CSX,T1,TYN,T1,CA,B737
CA5811,12:25:00,14:15:00,50,YCU,T1,TAO,T1,CA,A321
CA5812,17:50:00,20:15:00,50,YCU,T1,KMG,T1,CA,A320
CA5813,9:00:00,11:05:00,50,TYN,T1,CKG,T3,CA,A319
CA5814,12:10:00,14:15:00,50,CKG,T3,TYN,T1,CA,A321
CA5815,16:50:00,19:55:00,50,KMG,T1,SJW,T1,CA,B738
CA5816,21:00:00,0:10:00,50,SJW,T1,KMG,T1,CA,B789
CA5819,9:40:00,12:10:00,50,KMG,T1,WUH,T2,CA,A320
CA5820,13:15:00,15:40:00,50,WUH,T2,KMG,T1,CA,A320
CA5829,19:00:00,20:20:00,50,KMG,T1,LUM,T1,CA,B737
CA5830,21:10:00,22:20:00,50,LUM,T1,KMG,T1,CA,B738
CA5833,7:00:00,10:05:00,50,LUM,T1,CGO,T2,CA,A333
CA5834,10:55:00,14:00:00,50,CGO,T2,LUM,T1,CA,A321
CA779,17:15:00,21:25:00,50,CKG,T3,URC,T1,CA,A333
CA782,10:15:00,14:10:00,50,URC,T1,PEK,T3,CA,B789
CA7901,17:05:00,19:10:00,50,SZX,T3,HFE,T1,CA,B738
CA7902,20:00:00,22:15:00,50,HFE,T1,SZX,T3,CA,A321
CA7903,20:05:00,22:20:00,50,SZX,T3,HFE,T1,CA,B737
CA7904,23:15:00,1:35:00,50,HFE,T1,SZX,T3,CA,B738
CA7905,17:25:00,20:20:00,50,CAN,T3,TNA,T1,CA,A321
CA7907,7:45:00,9:50:00,50,CAN,T3,HFE,T1,CA,A319
CA7908,17:50:00,20:10:00,50,HFE,T1,CAN,T3,CA,A321
CA7909,22:05:00,1:05:00,50,PEK,T3,JJN,T1,CA,A321
CA7910,18:10:00,21:00:00,50,JJN,T1,PEK,T3,CA,ARJ21
CA7911,15:45:00,18:40:00,50,NTG,T3,TFU,T2,CA,A320
CA7912,19:45:00,22:25:00,50,TFU,T2,NTG,T3,CA,B737
CA7919,8:20:00,10:25:00,50,SZX,T3,HGH,T3,CA,B738
CA7920,11:35:00,13:50:00,50,HGH,T3,SZX,T3,CA,A320
CA7921,6:20:00,8:35:00,50,SZX,T3,NKG,T2,CA,A321
CA7923,13:50:00,16:10:00,50,CAN,T3,NTG,T3,CA,B738
CA7924,16:55:00,19:20:00,50,NTG,T3,CAN,T3,CA,A320
CA7925,23:15:00,1:25:00,50,SZX,T3,HGH,T3,CA,B737
CA7926,6:20:00,8:30:00,50,HGH,T3,SZX,T3,CA,A319
CA7927,15:25:00,17:05:00,50,LYI,T2,WNZ,T2,CA,A321
CA7928,20:30:00,22:40:00,50,LYI,T2,HRB,T2,CA,A321
CA7929,12:00:00,14:35:00,50,NTG,T3,CKG,T3,CA,B737
CA7930,8:20:00,10:45:00,50,CKG,T3,NTG,T3,CA,A320
CA7935,16:05:00,18:25:00,50,NNG,T2,HFE,T1,CA,A319
CA7936,19:35:00,22:05:00,50,HFE,T1,NNG,T2,CA,A320
CA7939,9:10:00,12:00:00,50,SZX,T3,TNA,T1,CA,A319
CA7940,13:00:00,15:55:00,50,TNA,T1,SZX,T3,CA,B738
CA7943,13:20:00,15:10:00,50,YTY,T1,JJN,T1,CA,A321
CA7944,18:45:00,20:50:00,50,YTY,T1,SHE,T3,CA,A320
CA7945,8:45:00,14:40:00,50,SZX,T3,URC,T2,CA,A333
CA7946,15:55:00,21:00:00,50,URC,T2,SZX,T3,CA,A333
CA7949,8:25:00,11:00:00,50,SZX,T3,CKG,T3,CA,A321
CA7950,12:05:00,14:05:00,50,CKG,T3,SZX,T3,CA,A319
CA7957,14:45:00,17:20:00,50,CAN,T3,CZX,T1,CA,A319
CA7958,18:40:00,21:10:00,50,CZX,T1,CAN,T3,CA,A320
CA7959,8:50:00,10:50:00,50,SZX,T3,WUH,T3,CA,B738
CA7960,12:00:00,14:10:00,50,WUH,T3,SZX,T3,CA,ARJ21
CA7961,20:20:00,22:50:00,50,YCU,T1,WNZ,T2,CA,B738
CA7962,17:05:00,19:30:00,50,WNZ,T2,YCU,T1,CA,B738
CA7965,9:20:00,12:10:00,50,HRB,T2,YTY,T1,CA,A321
CA7966,19:05:00,21:40:00,50,YTY,T1,HRB,T2,CA,A319
CA7967,12:15:00,13:55:00,50,LYI,T2,NGB,T2,CA,B738
CA7968,17:40:00,20:00:00,50,LYI,T2,HRB,T2,CA,B738
CA7969,7:20:00,9:30:00,50,SZX,T3,HFE,T1,CA,B738
CA7970,10:20:00,12:45:00,50,HFE,T1,SZX,T3,CA,B738
CA7971,15:15:00,20:00:00,50,HRB,T2,SZX,T3,CA,A321
CA7972,9:25:00,13:50:00,50,SZX,T3,HRB,T2,CA,B738
CA8101,15:55:00,18:15:00,50,HET,T1,SHE,T3,CA,A320
CA8105,7:55:00,10:00:00,50,HET,T1,XIY,T2,CA,A321
CA8106,11:05:00,12:50:00,50,XIY,T2,HET,T1,CA,A321
CA8107,11:05:00,13:00:00,50,HET,T1,TGO,T1,CA,ARJ21
CA8108,13:50:00,15:55:00,50,TGO,T1,HET,T1,CA,A320
CA8119,9:50:00,12:15:00,50,HET,T1,WUH,T3,CA,A321
CA8120,13:15:00,15:20:00,50,WUH,T3,HET,T1,CA,A320
CA8127,14:55:00,16:35:00,50,HET,T1,CIF,T1,CA,A319
CA8128,17:25:00,19:05:00,50,CIF,T1,HET,T1,CA,B738
CA8130,13:35:00,15:10:00,50,CIF,T1,HET,T1,CA,A320
CA8133,8:30:00,10:20:00,50,HET,T1,TGO,T1,CA,B738
CA8134,11:10:00,13:05:00,50,TGO,T1,HET,T1,CA,A320
CA8139,7:20:00,8:55:00,50,HET,T1,TSN,T2,CA,A320
CA814,11:55:00,14:15:00,50,XIY,T2,PEK,T3,CA,B737
CA8140,15:55:00,17:35:00,50,TSN,T2,HET,T1,CA,B738
CA8151,13:00:00,14:50:00,50,INC,T1,TFU,T2,CA,A320
CA8152,19:00:00,20:30:00,50,INC,T1,HET,T1,CA,A320
CA8156,12:10:00,13:30:00,50,XIL,T1,HET,T1,CA,A321
CA8157,14:40:00,17:00:00,50,HET,T1,CGQ,T2,CA,A320
CA8158,18:00:00,20:20:00,50,CGQ,T2,HET,T1,CA,A321
CA8159,9:35:00,11:55:00,50,HET,T1,CGQ,T2,CA,A319
CA8160,12:50:00,15:05:00,50,CGQ,T2,HET,T1,CA,A320
CA8163,12:55:00,14:50:00,50,HET,T1,HLH,T1,CA,B738
CA8164,15:50:00,17:50:00,50,HLH,T1,HET,T1,CA,A319
CA8165,17:20:00,19:15:00,50,HET,T1,HLH,T1,CA,A321
CA8166,20:00:00,22:00:00,50,HLH,T1,HET,T1,CA,A320
CA8167,8:00:00,10:10:00,50,HET,T1,HLH,T1,CA,B737
CA8171,7:40:00,9:20:00,50,HET,T1,CIF,T1,CA,B737
CA8172,10:20:00,12:00:00,50,CIF,T1,HET,T1,CA,B737
CA8177,19:00:00,20:15:00,50,HET,T1,XIL,T1,CA,A319
CA8178,8:45:00,10:00:00,50,XIL,T1,HET,T1,CA,A319
CA8179,17:55:00,20:00:00,50,HET,T1,SHE,T3,CA,A321
CA8180,15:00:00,16:55:00,50,SHE,T3,HET,T1,CA,A320
CA8181,13:15:00,14:45:00,50,XIL,T1,SHE,T3,CA,A321
CA8182,18:30:00,19:50:00,50,XIL,T1,HET,T1,CA,A321
CA8191,10:30:00,12:20:00,50,TSN,T2,DSN,T1,CA,A321
CA8192,13:05:00,14:55:00,50,DSN,T1,TSN,T2,CA,A320
CA8201,8:00:00,10:00:00,50,WUH,T3,PEK,T3,CA,A320
CA8202,8:10:00,10:25:00,50,PEK,T3,WUH,T3,CA,B738
CA8203,9:15:00,11:20:00,50,WUH,T3,PEK,T3,CA,B738
CA8204,10:00:00,12:15:00,50,PEK,T3,WUH,T3,CA,A320
CA8205,11:30:00,13:30:00,50,WUH,T3,PEK,T3,CA,A320
CA8206,11:05:00,13:20:00,50,PEK,T3,WUH,T3,CA,A319
CA8207,13:30:00,16:00:00,50,WUH,T3,PEK,T3,CA,B738
CA8208,13:15:00,15:30:00,50,PEK,T3,WUH,T3,CA,A321
CA8209,15:30:00,18:00:00,50,WUH,T3,PEK,T3,CA,A319
CA8210,14:35:00,16:50:00,50,PEK,T3,WUH,T3,CA,B737
CA8211,17:50:00,20:00:00,50,WUH,T3,PEK,T3,CA,B738
CA8212,17:45:00,20:00:00,50,PEK,T3,WUH,T3,CA,A321
CA8213,19:55:00,22:00:00,50,WUH,T3,PEK,T3,CA,A320
CA8214,19:45:00,22:00:00,50,PEK,T3,WUH,T3,CA,B738
CA8215,21:15:00,23:15:00,50,WUH,T3,PEK,T3,CA,B738
CA8216,21:05:00,23:20:00,50,PEK,T3,WUH,T3,CA,A321
CA8223,10:15:00,12:10:00,50,LFQ,T1,PEK,T3,CA,B737
CA8224,21:20:00,23:05:00,50,LFQ,T1,WUH,T3,CA,B737
CA8225,14:00:00,16:00:00,50,WUH,T3,TSN,T2,CA,A320
CA8226,17:00:00,19:00:00,50,TSN,T2,WUH,T3,CA,A320
CA8227,19:40:00,21:30:00,50,WUH,T3,XMN,T4,CA,A320
CA8228,22:35:00,0:10:00,50,XMN,T4,WUH,T3,CA,A320
CA8229,20:15:00,22:20:00,50,WUH,T3,SWA,T1,CA,A320
CA8230,15:00:00,16:50:00,50,SWA,T1,WUH,T3,CA,A321
CA8233,7:45:00,10:05:00,50,WUH,T3,SZX,T3,CA,B737
CA8234,11:10:00,13:05:00,50,SZX,T3,WUH,T3,CA,A321
CA8239,19:40:00,21:35:00,50,WUH,T3,ZUH,T1,CA,A320
CA8240,22:25:00,0:05:00,50,ZUH,T1,WUH,T3,CA,A321
CA8241,17:00:00,19:15:00,50,WUH,T3,TAO,T1,CA,B737
CA8242,20:15:00,22:10:00,50,TAO,T1,WUH,T3,CA,A321
CA8243,19:10:00,20:50:00,50,WUH,T3,KWE,T3,CA,A319
CA8244,21:50:00,23:55:00,50,KWE,T3,WUH,T3,CA,A320
CA8247,8:05:00,10:45:00,50,WUH,T3,SHE,T3,CA,A320
CA8248,11:45:00,14:30:00,50,SHE,T3,WUH,T3,CA,ARJ21
CA8255,8:05:00,10:10:00,50,WUH,T3,HET,T1,CA,A320
CA8256,11:00:00,13:00:00,50,HET,T1,WUH,T3,CA,A320
CA8257,14:05:00,16:05:00,50,WUH,T3,HUZ,T1,CA,A320
CA8258,16:50:00,18:40:00,50,HUZ,T1,WUH,T3,CA,ARJ21
CA8261,7:40:00,9:50:00,50,WUH,T3,CTU,T2,CA,A320
CA8262,10:55:00,12:45:00,50,CTU,T2,WUH,T3,CA,B738
CA8265,13:45:00,16:00:00,50,WUH,T3,CTU,T2,CA,A320
CA8266,17:05:00,18:50:00,50,CTU,T2,WUH,T3,CA,B737
CA8269,18:00:00,20:05:00,50,WUH,T3,CTU,T2,CA,B738
CA8270,21:15:00,23:00:00,50,CTU,T2,WUH,T3,CA,A320
CA8275,14:20:00,16:20:00,50,WUH,T3,BAV,T1,CA,A320
CA8276,17:05:00,19:15:00,50,BAV,T1,WUH,T3,CA,B738
CA8283,12:25:00,14:55:00,50,WUH,T3,XNN,T3,CA,A320
CA8284,15:45:00,18:10:00,50,XNN,T3,WUH,T3,CA,B737
CA8285,8:50:00,12:05:00,50,WUH,T3,CGQ,T2,CA,A333
CA8286,13:05:00,16:25:00,50,CGQ,T2,WUH,T3,CA,A321
CA8291,8:00:00,10:00:00,50,WUH,T3,TFU,T2,CA,A320
CA8292,11:05:00,13:00:00,50,TFU,T2,WUH,T3,CA,A320
CA8293,14:00:00,15:55:00,50,WUH,T3,TFU,T2,CA,A321
CA8294,17:05:00,18:40:00,50,TFU,T2,WUH,T3,CA,A319
CA8295,19:55:00,22:00:00,50,WUH,T3,TFU,T2,CA,B738
CA8296,9:35:00,11:25:00,50,TFU,T2,WUH,T3,CA,A320
CA8297,17:25:00,19:00:00,50,WUH,T3,NGB,T2,CA,A321
CA8298,20:55:00,23:00:00,50,NGB,T2,WUH,T3,CA,A320
CA8301,7:00:00,9:55:00,50,PVG,T2,HRB,T2,CA,A320
CA8302,10:55:00,13:55:00,50,HRB,T1,PVG,T2,CA,A321
CA8303,6:45:00,9:55:00,50,PVG,T2,KWE,T3,CA,B738
CA8304,10:55:00,13:30:00,50,KWE,T3,PVG,T2,CA,A321
CA8305,9:00:00,11:30:00,50,WNZ,T2,ZHA,T1,CA,B737
CA8306,12:20:00,14:30:00,50,ZHA,T1,WNZ,T2,CA,B738
CA8309,7:05:00,9:30:00,50,PVG,T2,HUZ,T1,CA,A319
CA8310,10:15:00,12:25:00,50,HUZ,T1,PVG,T2,CA,A319
CA8313,14:30:00,17:50:00,50,PKX,T1,NNG,T2,CA,A320
CA8314,18:40:00,21:55:00,50,NNG,T2,PKX,T1,CA,A321
CA8315,17:25:00,20:00:00,50,PVG,T2,SHE,T1,CA,A321
CA8316,21:00:00,23:40:00,50,SHE,T3,PVG,T2,CA,B738
CA8321,10:40:00,12:50:00,50,PKX,T1,PVG,T2,CA,ARJ21
CA8322,6:55:00,9:25:00,50,PVG,T2,PKX,T1,CA,A320
CA8325,8:30:00,11:00:00,50,PVG,T2,XIY,T2,CA,A320
CA8326,12:30:00,14:50:00,50,XIY,T2,PVG,T2,CA,A321
CA8327,8:20:00,10:25:00,50,PVG,T2,CAN,T3,CA,B738
CA8328,11:45:00,14:10:00,50,CAN,T3,PVG,T2,CA,B737
CA8329,15:30:00,18:40:00,50,PVG,T2,JMU,T1,CA,A333
CA8331,13:15:00,15:20:00,50,PEK,T3,PVG,T2,CA,B738
CA8332,9:40:00,11:55:00,50,PVG,T2,PEK,T3,CA,B738
CA8333,17:30:00,18:40:00,50,HET,T1,XIL,T1,CA,ARJ21
CA8334,21:25:00,23:45:00,50,HET,T1,PVG,T2,CA,B737
CA8337,18:15:00,20:10:00,50,HGH,T4,SWA,T1,CA,A321
CA8338,20:55:00,22:55:00,50,SWA,T1,HGH,T4,CA,A320
CA8341,22:00:00,23:45:00,50,PKX,T1,PVG,T2,CA,A320
CA8342,18:50:00,20:55:00,50,PVG,T2,PKX,T1,CA,A320
CA8343,15:15:00,17:55:00,50,PVG,T2,XIY,T2,CA,B738
CA8344,19:10:00,22:00:00,50,XIY,T2,PVG,T2,CA,B738
CA8345,10:35:00,12:20:00,50,HET,T1,HLH,T1,CA,B737
CA8346,15:45:00,18:10:00,50,HET,T1,HGH,T4,CA,A321
CA8347,16:05:00,18:20:00,50,PVG,T2,CAN,T3,CA,A321
CA8349,8:15:00,10:35:00,50,HGH,T4,CAN,T3,CA,A321
CA8350,12:00:00,14:15:00,50,CAN,T3,HGH,T4,CA,B738
CA8351,8:55:00,11:10:00,50,HGH,T4,ZUH,T1,CA,A320
CA8352,12:00:00,13:55:00,50,ZUH,T1,HGH,T4,CA,A320
CA8359,7:40:00,10:10:00,50,HGH,T4,DSN,T1,CA,B738
CA8360,11:30:00,13:50:00,50,DSN,T1,HGH,T4,CA,B737
CA8362,12:00:00,14:20:00,50,JUZ,T1,PKX,T1,CA,B738
CA8365,18:45:00,21:00:00,50,PKX,T1,YIW,T1,CA,ARJ21
CA8366,21:45:00,23:40:00,50,YIW,T1,PKX,T1,CA,A319
CA8367,7:55:00,10:20:00,50,HGH,T4,PKX,T1,CA,B738
CA8368,21:45:00,0:10:00,50,PKX,T1,HGH,T4,CA,A320
CA8375,18:45:00,21:15:00,50,PKX,T1,LHW,T3,CA,B738
CA8376,9:00:00,11:20:00,50,LHW,T3,PKX,T1,CA,A321
CA8377,8:10:00,10:40:00,50,WNZ,T2,PKX,T1,CA,A321
CA8378,12:15:00,14:45:00,50,PKX,T1,WNZ,T2,CA,A320
CA8379,10:55:00,13:20:00,50,PKX,T1,KHN,T2,CA,B737
CA8380,14:10:00,16:20:00,50,KHN,T2,PKX,T1,CA,B738
CA8387,18:20:00,20:40:00,50,PKX,T1,NGB,T2,CA,A319
CA8388,8:20:00,10:40:00,50,NGB,T2,PKX,T1,CA,B737
CA8389,12:55:00,15:55:00,50,PKX,T1,KWL,T2,CA,B738
CA8390,16:40:00,19:35:00,50,KWL,T2,PKX,T1,CA,A320
CA8391,17:55:00,19:20:00,50,PKX,T1,WEH,T1,CA,B738
CA8392,20:05:00,21:35:00,50,WEH,T1,PKX,T1,CA,A319
CA8393,15:50:00,19:05:00,50,CAN,T3,PKX,T1,CA,A333
CA8397,7:40:00,9:45:00,50,PKX,T1,KHN,T2,CA,B738
CA8398,10:45:00,13:00:00,50,KHN,T2,PKX,T1,CA,A321
CA8503,9:45:00,12:15:00,50,HGH,T4,XIY,T2,CA,A319
CA8504,20:50:00,23:45:00,50,XIY,T2,HGH,T4,CA,ARJ21
CA8509,17:10:00,20:15:00,50,HGH,T4,XNN,T3,CA,A321
CA8517,9:35:00,13:05:00,50,HGH,T4,LJG,T1,CA,A333
CA8518,14:00:00,17:10:00,50,LJG,T1,HGH,T4,CA,A320
CA8521,16:55:00,20:05:00,50,WNZ,T2,TFU,T2,CA,A320
CA8522,21:15:00,23:55:00,50,TFU,T2,WNZ,T2,CA,B738
CA8529,17:05:00,19:45:00,50,WNZ,T2,XIY,T2,CA,A320
CA8530,13:20:00,16:00:00,50,XIY,T2,WNZ,T2,CA,B737
CA8531,16:30:00,19:00:00,50,WNZ,T2,TSN,T2,CA,A321
CA8532,12:00:00,14:20:00,50,TSN,T2,WNZ,T2,CA,A321
CA8533,15:30:00,17:55:00,50,HGH,T4,XIY,T2,CA,A320
CA8534,19:05:00,21:40:00,50,XIY,T2,HGH,T4,CA,A320
CA8537,14:55:00,18:35:00,50,PVG,T2,KMG,T1,CA,B738
CA8538,19:40:00,22:45:00,50,KMG,T1,PVG,T2,CA,A321
CA8539,9:10:00,12:30:00,50,HGH,T4,XNN,T3,CA,B738
CA8540,13:40:00,16:50:00,50,XNN,T3,HGH,T4,CA,A321
CA8541,7:35:00,10:40:00,50,PVG,T2,TFU,T2,CA,A333
CA8542,11:45:00,14:45:00,50,TFU,T2,PVG,T2,CA,B738
CA8543,8:55:00,11:50:00,50,PVG,T2,CKG,T3,CA,A321
CA8544,13:10:00,15:30:00,50,CKG,T3,PVG,T2,CA,B738
CA8549,15:20:00,18:50:00,50,WNZ,T2,LHW,T3,CA,A321
CA8550,19:40:00,22:55:00,50,LHW,T3,WNZ,T2,CA,B738
CA8551,8:30:00,10:45:00,50,WNZ,T2,CAN,T3,CA,B737
CA8552,11:55:00,13:50:00,50,CAN,T3,WNZ,T2,CA,ARJ21
CA8553,8:00:00,10:35:00,50,WNZ,T2,CKG,T3,CA,B737
CA8554,11:50:00,14:25:00,50,CKG,T3,WNZ,T2,CA,B738
CA8557,8:15:00,11:25:00,50,PVG,T2,CTU,T2,CA,A321
CA8558,12:40:00,15:45:00,50,CTU,T2,PVG,T2,CA,B738
CA8560,13:00:00,16:20:00,50,LJG,T1,PVG,T2,CA,A333
CA8563,13:15:00,15:45:00,50,XNN,T3,URC,T1,CA,A320
CA8564,16:50:00,19:20:00,50,URC,T1,XNN,T1,CA,A320
CA8565,20:30:00,23:05:00,50,PVG,T2,CAN,T3,CA,B737
CA8566,7:40:00,9:55:00,50,CAN,T3,PVG,T2,CA,A321
CA8567,9:25:00,11:00:00,50,PVG,T2,WNZ,T2,CA,A321
CA8568,18:45:00,20:05:00,50,WNZ,T2,PVG,T2,CA,A319
CA8571,16:00:00,18:50:00,50,WNZ,T2,KWE,T3,CA,A320
CA8572,12:20:00,14:55:00,50,KWE,T3,WNZ,T2,CA,A321
CA8573,15:50:00,19:00:00,50,PVG,T2,HAK,T1,CA,A321
CA8574,20:00:00,22:45:00,50,HAK,T1,PVG,T2,CA,B738
CA8577,14:50:00,17:30:00,50,WNZ,T2,XIY,T2,CA,A319
CA8578,18:35:00,21:20:00,50,XIY,T2,WNZ,T2,CA,A320
CA8579,16:05:00,18:20:00,50,PVG,T2,SZX,T3,CA,B738
CA8580,19:35:00,22:05:00,50,SZX,T3,PVG,T2,CA,A320
CA8581,9:25:00,12:00:00,50,PVG,T2,CAN,T3,CA,A321
CA8582,13:10:00,15:40:00,50,CAN,T3,PVG,T2,CA,B737
CA8587,17:45:00,20:50:00,50,PVG,T2,DQA,T1,CA,A321
CA8589,7:45:00,9:45:00,50,HGH,T4,YNT,T2,CA,B737
CA8590,10:45:00,12:40:00,50,YNT,T2,HGH,T4,CA,B737
CA8591,15:30:00,18:55:00,50,PVG,T2,CTU,T2,CA,A333
CA8592,20:15:00,22:40:00,50,CTU,T2,PVG,T2,CA,A321
CA8593,16:35:00,19:40:00,50,PVG,T2,CTU,T2,CA,A333
CA8595,12:00:00,14:45:00,50,WNZ,T2,NAO,T1,CA,B737
CA8596,15:40:00,17:55:00,50,NAO,T1,WNZ,T2,CA,A320
CA8597,15:50:00,18:40:00,50,WNZ,T2,TYN,T1,CA,B737
CA8601,14:00:00,15:50:00,50,PKX,T1,NTG,T1,CA,B738
CA8602,16:35:00,18:30:00,50,NTG,T1,PKX,T1,CA,B737
CA8606,15:55:00,18:10:00,50,BZX,T1,PKX,T1,CA,A321
CA8607,12:55:00,15:00:00,50,PKX,T1,WUA,T1,CA,A321
CA8608,15:45:00,17:35:00,50,WUA,T1,PKX,T1,CA,B737
CA8609,13:55:00,16:30:00,50,PKX,T1,DYG,T1,CA,B738
CA8610,17:15:00,19:40:00,50,DYG,T1,PKX,T1,CA,B737
CA8611,21:05:00,23:35:00,50,PKX,T1,CSX,T1,CA,A319
CA8612,10:15:00,12:40:00,50,CSX,T1,PKX,T1,CA,B737
CA8613,12:40:00,14:15:00,50,PKX,T1,YNZ,T1,CA,B738
CA8614,15:10:00,17:00:00,50,YNZ,T1,PKX,T1,CA,A321
CA8617,10:55:00,14:15:00,50,PKX,T1,SWA,T1,CA,A321
CA8618,6:55:00,9:50:00,50,SWA,T1,PKX,T1,CA,B737
CA8621,6:45:00,8:00:00,50,PKX,T1,XIL,T1,CA,A319
CA8622,8:45:00,9:55:00,50,XIL,T1,PKX,T1,CA,A321
CA8629,17:00:00,20:25:00,50,PKX,T1,ZUH,T1,CA,B738
CA8633,13:20:00,15:50:00,50,PKX,T1,MIG,T2,CA,B737
CA8641,13:45:00,15:10:00,50,PKX,T1,WEH,T1,CA,ARJ21
CA8642,15:55:00,17:25:00,50,WEH,T1,PKX,T1,CA,A320
CA8643,20:15:00,21:55:00,50,PKX,T1,YTY,T1,CA,B738
CA8644,22:40:00,0:25:00,50,YTY,T1,PKX,T1,CA,A320
CA8647,17:25:00,21:05:00,50,PKX,T1,KMG,T1,CA,A320
CA8649,11:55:00,15:25:00,50,PKX,T1,BHY,T1,CA,A321
CA8650,16:10:00,19:45:00,50,BHY,T1,PKX,T1,CA,A321
CA8659,15:00:00,17:00:00,50,PKX,T1,NDG,T1,CA,B738
CA8660,17:45:00,19:55:00,50,NDG,T1,PKX,T1,CA,A319
CA8661,7:40:00,9:50:00,50,PKX,T1,JDZ,T1,CA,B738
CA8662,10:35:00,12:45:00,50,JDZ,T1,PKX,T1,CA,A320
CA8663,10:55:00,13:15:00,50,PKX,T1,YIH,T1,CA,B738
CA8664,14:00:00,16:15:00,50,YIH,T1,PKX,T1,CA,B737
CA8669,19:40:00,21:30:00,50,PKX,T1,SHE,T3,CA,A319
CA867,18:30:00,22:15:00,50,PEK,T3,SZX,T3,CA,B738
CA8670,9:30:00,11:15:00,50,SHE,T3,PKX,T1,CA,A320
CA8675,16:55:00,20:00:00,50,KWE,T3,PKX,T1,CA,A321
CA8676,21:20:00,0:30:00,50,PKX,T1,KWE,T3,CA,A333
CA8677,14:55:00,17:40:00,50,CKG,T3,PKX,T1,CA,B738
CA8678,19:00:00,21:50:00,50,PKX,T1,CKG,T3,CA,A321
CA8681,17:15:00,19:25:00,50,PKX,T1,JMU,T1,CA,A320
CA8682,20:10:00,22:40:00,50,JMU,T1,PKX,T1,CA,B737
CA8689,11:40:00,13:25:00,50,PKX,T1,TGO,T1,CA,A320
CA8690,14:10:00,15:55:00,50,TGO,T1,PKX,T1,CA,A320
CA8691,8:25:00,11:25:00,50,CAN,T3,PKX,T1,CA,A333
CA8692,13:55:00,17:25:00,50,PKX,T1,CAN,T3,CA,A333
CA8693,8:15:00,11:25:00,50,SZX,T3,PKX,T1,CA,A333
CA8694,15:00:00,18:25:00,50,PKX,T1,SZX,T3,CA,A321
CA8701,13:25:00,15:40:00,50,CGQ,T2,TNA,T1,CA,A320
CA8702,10:30:00,12:35:00,50,TNA,T1,CGQ,T2,CA,B737
CA8703,15:20:00,17:50:00,50,TNA,T1,KWL,T2,CA,B738
CA8704,18:35:00,21:15:00,50,KWL,T1,TNA,T1,CA,A320
CA8705,7:30:00,9:40:00,50,TNA,T1,HRB,T2,CA,A319
CA8706,10:40:00,13:00:00,50,HRB,T2,TNA,T1,CA,A321
CA8707,14:40:00,16:55:00,50,HRB,T2,TNA,T1,CA,A321
CA8708,11:35:00,13:40:00,50,TNA,T1,HRB,T2,CA,A321
CA8709,12:50:00,14:35:00,50,TNA,T1,XIY,T2,CA,B738
CA8710,14:50:00,17:00:00,50,XIY,T2,TNA,T1,CA,A321
CA8719,8:15:00,10:25:00,50,TNA,T1,CSX,T1,CA,A320
CA8720,11:25:00,13:30:00,50,CSX,T1,TNA,T1,CA,A321
CA8725,7:25:00,8:50:00,50,TNA,T1,DLC,T1,CA,A320
CA8726,21:55:00,23:15:00,50,DLC,T1,TNA,T1,CA,A320
CA8771,11:30:00,14:45:00,50,TNA,T1,HAK,T1,CA,B738
CA8772,15:45:00,18:50:00,50,HAK,T1,TNA,T1,CA,A320
CA8776,13:20:00,16:50:00,50,SYX,T2,TNA,T1,CA,A333
CA8777,6:40:00,9:40:00,50,TNA,T1,KMG,T1,CA,B738
CA8778,10:45:00,13:50:00,50,KMG,T1,TNA,T1,CA,A333
CA8785,15:00:00,17:25:00,50,TNA,T1,CKG,T3,CA,B738
CA8786,18:30:00,20:50:00,50,CKG,T3,TNA,T1,CA,A321
CA8793,16:20:00,17:20:00,50,TAO,T1,DLC,T1,CA,ARJ21
CA8794,18:20:00,19:25:00,50,DLC,T1,TAO,T1,CA,E190
CA8795,18:10:00,21:15:00,50,TAO,T1,CKG,T3,CA,A321
CA8815,6:55:00,8:35:00,50,URC,T2,KHG,T2,CA,B738
CA8902,20:00:00,21:10:00,50,PEK,T3,DLC,T1,CA,B737
CA8903,9:00:00,10:20:00,50,DLC,T1,PEK,T3,CA,B738
CA8928,21:25:00,0:15:00,50,CTU,T2,DLC,T1,CA,ARJ21
CA8937,10:45:00,12:50:00,50,WDS,T1,KMG,T1,CA,A319
CA8938,13:55:00,16:20:00,50,KMG,T1,WDS,T1,CA,A321
CA9002,16:50:00,17:45:00,50,ENY,T1,XIY,T3,CA,A320
CA9003,18:45:00,20:35:00,50,TFU,T2,JHG,T1,CA,A320
CA9004,21:25:00,23:15:00,50,JHG,T1,TFU,T2,CA,B737
CA9005,16:45:00,18:10:00,50,ENY,T1,CGO,T2,CA,A320
CA9006,21:15:00,22:50:00,50,ENY,T1,CKG,T3,CA,B737
CA9007,21:15:00,22:30:00,50,HET,T1,CIF,T1,CA,A320
CA9008,22:05:00,0:35:00,50,HET,T1,TFU,T2,CA,A321
CA9009,7:05:00,9:35:00,50,TFU,T2,LIJ,T1,CA,B737
CA9011,13:30:00,15:45:00,50,CKG,T3,JUZ,T1,CA,A320
CA9012,16:50:00,19:10:00,50,JUZ,T1,CKG,T3,CA,A320
CA9013,9:20:00,11:25:00,50,ENY,T1,SHE,T3,CA,B738
CA9014,16:00:00,17:30:00,50,ENY,T1,CKG,T3,CA,A320
CA9016,16:20:00,17:35:00,50,HDG,T1,HET,T1,CA,E190
CA9019,10:20:00,11:40:00,50,LZH,T1,BAR,T1,CA,ARJ21
CA9020,14:20:00,15:40:00,50,LZH,T1,CKG,T3,CA,A319
CA9021,9:40:00,12:10:00,50,LHW,T3,HMI,T1,CA,A319
CA9022,23:05:00,1:00:00,50,LHW,T3,CKG,T3,CA,B738
CA9023,14:40:00,15:30:00,50,QSZ,T1,KHG,T1,CA,A320
CA9024,9:35:00,11:10:00,50,QSZ,T1,KRL,T1,CA,A320
CA9026,15:35:00,16:45:00,50,UYN,T1,XIY,T3,CA,ARJ21
CA9027,9:10:00,10:20:00,50,CIH,T1,TSN,T2,CA,B737
CA9028,13:25:00,15:15:00,50,CIH,T1,CKG,T3,CA,A321
CA9029,10:30:00,11:55:00,50,JUH,T1,JJN,T1,CA,B738
CA9031,7:15:00,9:40:00,50,BAV,T1,HGH,T3,CA,A321
CA9032,10:50:00,13:35:00,50,HGH,T3,BAV,T1,CA,A321
CA9033,22:10:00,0:25:00,50,DLC,T1,JUZ,T1,CA,A321
CA9034,19:00:00,21:10:00,50,JUZ,T1,DLC,T1,CA,A321
CA9035,10:05:00,10:55:00,50,JGN,T2,DNH,T1,CA,A320
CA9037,16:05:00,18:15:00,50,XIY,T3,JUZ,T1,CA,A321
CA9038,22:00:00,0:30:00,50,JUZ,T1,XIY,T3,CA,A320
CA9040,21:05:00,23:05:00,50,DSN,T1,CKG,T3,CA,A321
CA9041,8:45:00,10:45:00,50,SHS,T1,TSN,T2,CA,B738
CA9042,14:25:00,15:45:00,50,SHS,T1,KWE,T2,CA,B737
CA9045,9:15:00,12:10:00,50,CIH,T1,HAK,T1,CA,B738
CA9046,16:50:00,17:55:00,50,CIH,T1,HET,T1,CA,E190
CA9048,14:40:00,17:20:00,50,WEF,T1,CKG,T3,CA,B737
CA9049,20:40:00,21:50:00,50,KCA,T1,KHG,T1,CA,ARJ21
CA9050,22:30:00,23:15:00,50,KCA,T1,YIN,T1,CA,A319
CA9051,8:40:00,10:10:00,50,HZG,T1,INC,T1,CA,A321
CA9052,12:55:00,14:20:00,50,HZG,T1,KWE,T2,CA,A319
CA9055,16:50:00,18:30:00,50,XIL,T1,TNA,T1,CA,B737
CA9056,22:45:00,23:45:00,50,XIL,T1,HET,T1,CA,B738
CA9057,19:00:00,21:05:00,50,KWE,T2,JUZ,T1,CA,A321
CA9058,15:30:00,17:50:00,50,JUZ,T1,KWE,T2,CA,A319
CA9059,18:05:00,19:45:00,50,LYG,T1,WUH,T2,CA,A319
CA9065,15:40:00,18:05:00,50,JUZ,T1,HAK,T1,CA,A319
CA9068,15:10:00,17:10:00,50,NDG,T1,TSN,T2,CA,B738
CA9069,8:55:00,11:00:00,50,CIF,T1,NKG,T1,CA,A321
CA9070,12:10:00,14:10:00,50,NKG,T1,CIF,T1,CA,A320
CA9071,7:10:00,9:45:00,50,JUZ,T1,KMG,T1,CA,B738
CA9072,12:25:00,14:50:00,50,KMG,T1,JUZ,T1,CA,A321
CA9075,9:05:00,10:25:00,50,HDG,T1,DLC,T1,CA,B737
CA9076,13:40:00,15:35:00,50,HDG,T1,CKG,T3,CA,A320
CA9077,18:25:00,20:40:00,50,CKG,T3,YNZ,T1,CA,A319
CA9078,21:25:00,23:55:00,50,YNZ,T1,CKG,T3,CA,A319
CA9079,17:35:00,18:30:00,50,WEF,T1,DLC,T1,CA,E190
CA9081,10:10:00,11:55:00,50,CIH,T1,DLC,T1,CA,A321
CA9082,15:20:00,17:15:00,50,CIH,T1,TFU,T2,CA,A320
CA9083,14:55:00,15:50:00,50,KRY,T1,YIN,T1,CA,B738
CA9084,11:10:00,12:25:00,50,KRY,T1,KRL,T1,CA,A319
CA9085,17:15:00,18:00:00,50,DOY,T1,TSN,T2,CA,ARJ21
CA9086,19:05:00,20:10:00,50,TSN,T2,DOY,T1,CA,B738
CA9087,17:20:00,18:35:00,50,JNG,T1,DLC,T1,CA,B737
CA9088,21:40:00,23:55:00,50,JNG,T1,TFU,T2,CA,B737
CA9089,10:20:00,12:25:00,50,CKG,T3,BAV,T1,CA,A320
CA9090,7:00:00,9:10:00,50,BAV,T1,CKG,T3,CA,B738
CA9092,20:20:00,21:55:00,50,LFQ,T1,CKG,T3,CA,B738
CA9093,9:25:00,11:05:00,50,DSN,T1,CIF,T1,CA,B738
CA9099,17:50:00,19:55:00,50,CKG,T3,XUZ,T2,CA,B738
CA9100,20:40:00,22:55:00,50,XUZ,T2,CKG,T3,CA,A321
CA9101,13:30:00,15:35:00,50,CKG,T3,XUZ,T2,CA,A320
CA9102,15:30:00,17:45:00,50,XUZ,T2,CKG,T3,CA,B737
CA9103,9:50:00,10:55:00,50,SJW,T2,CDE,T1,CA,B738
CA9104,13:40:00,16:10:00,50,SJW,T2,TFU,T2,CA,A320
CA9105,18:40:00,21:10:00,50,BAV,T1,CSX,T2,CA,A319
CA9106,22:20:00,0:45:00,50,CSX,T2,BAV,T1,CA,B737
CA9108,15:35:00,17:00:00,50,CIF,T1,HET,T1,CA,A320
CA9109,8:50:00,11:20:00,50,UYN,T1,HRB,T2,CA,A320
CA9110,12:20:00,15:15:00,50,HRB,T2,UYN,T1,CA,A321
CA9111,7:00:00,9:10:00,50,CKG,T3,XUZ,T2,CA,B737
CA9112,9:55:00,12:20:00,50,XUZ,T2,CKG,T3,CA,B738
CA9113,17:25:00,19:15:00,50,XIL,T1,HRB,T2,CA,B738
CA9114,22:50:00,0:10:00,50,XIL,T1,BAV,T1,CA,A319
CA9118,12:25:00,13:35:00,50,TEN,T1,CKG,T3,CA,E190
CA9119,17:25:00,19:20:00,50,YIN,T1,HMI,T1,CA,A320
CA9120,16:25:00,18:00:00,50,YIN,T1,KHG,T1,CA,A320
CA9121,21:55:00,23:25:00,50,XUZ,T2,HSN,T1,CA,B738
CA9122,15:30:00,17:00:00,50,HSN,T1,XUZ,T2,CA,B738
CA9123,17:15:00,18:35:00,50,CSX,T2,MXZ,T1,CA,B738
CA9127,15:55:00,17:25:00,50,HSN,T1,LYG,T1,CA,A321
CA9128,17:30:00,18:55:00,50,LYG,T1,HSN,T1,CA,ARJ21
CA9131,15:15:00,17:30:00,50,CKG,T3,YTY,T1,CA,B738
CA9132,21:45:00,0:15:00,50,YTY,T1,CKG,T3,CA,ARJ21
CA9133,11:55:00,14:05:00,50,SJW,T2,NDG,T1,CA,B738
CA9134,13:30:00,16:00:00,50,SJW,T2,TFU,T2,CA,A320
CA9135,9:55:00,11:40:00,50,WUA,T1,CIF,T1,CA,A320
CA9140,13:30:00,14:40:00,50,TYN,T2,BAV,T1,CA,A319
CA9141,10:40:00,12:05:00,50,CGO,T2,DOY,T1,CA,A321
CA9142,15:10:00,17:00:00,50,CGO,T2,JUZ,T1,CA,B738
CA9143,17:15:00,19:00:00,50,WMT,T1,ZHA,T1,CA,A320
CA9144,23:45:00,0:45:00,50,WMT,T1,CKG,T3,CA,A320
CA9145,18:05:00,20:15:00,50,CKG,T3,KOW,T1,CA,B738
CA9146,20:40:00,22:50:00,50,KOW,T1,CKG,T3,CA,A320
CA9147,14:40:00,16:10:00,50,BAV,T1,CGO,T2,CA,A320
CA9148,22:10:00,23:45:00,50,CGO,T2,BAV,T1,CA,B737
CA9149,8:55:00,10:25:00,50,CKG,T3,SHS,T1,CA,A319
CA9150,14:05:00,16:05:00,50,HYN,T1,SHS,T1,CA,B738
CA918,16:20:00,18:35:00,50,HLD,T1,PEK,T3,CA,B737
CA9801,6:55:00,9:25:00,50,HGH,T4,CGQ,T2,CA,A320
CA9802,10:25:00,13:50:00,50,CGQ,T2,HGH,T4,CA,A333
CA9803,16:40:00,18:40:00,50,HGH,T4,SWA,T1,CA,A320
CA9805,14:55:00,17:25:00,50,HGH,T4,ZHA,T1,CA,A321
CA9806,18:45:00,21:05:00,50,ZHA,T1,HGH,T4,CA,A321
CA9809,15:05:00,17:45:00,50,HGH,T4,HAK,T1,CA,B738
FM1035,14:35:00,18:27:00,70,XIY,T1,YNT,T3,FM,B738
FM1037,23:30:00,1:22:00,90,TFU,T1,HET,T2,FM,A319
FM1050,7:40:00,8:55:00,60,HUZ,T3,HFE,T2,FM,C919
FM1078,22:15:00,2:06:00,70,PEK,T2,CGO,T1,FM,ARJ21
FM1152,13:05:00,17:14:00,50,PVG,T2,TAO,T1,FM,ARJ21
FM1158,18:50:00,23:45:00,90,CTU,T1,PKX,T2,FM,B738
FM1168,21:30:00,1:29:00,70,PEK,T3,NTG,T2,FM,ARJ21
FM1189,14:25:00,16:49:00,70,XIY,T3,SHA,T1,FM,A320
FM1198,20:15:00,22:16:00,90,TFU,T3,ZUH,T1,FM,A321
FM1240,15:30:00,18:07:00,60,PEK,T2,WUH,T1,FM,C919
FM1260,15:15:00,20:12:00,70,CTU,T1,KHN,T3,FM,A320
FM1332,10:10:00,13:29:00,50,KWE,T2,XNN,T1,FM,A321
FM1334,18:45:00,23:36:00,70,TFU,T3,HFE,T3,FM,C919
FM1339,9:25:00,12:28:00,90,PEK,T2,SHA,T2,FM,A359
FM1356,16:10:00,21:11:00,50,TFU,T3,SZX,T3,FM,B789
FM1417,6:10:00,8:35:00,50,PVG,T2,INC,T1,FM,A359
FM1456,10:50:00,13:06:00,50,LYA,T1,WUH,T1,FM,C919
FM1458,8:40:00,11:53:00,70,CZX,T2,WEH,T1,FM,C919
FM1472,15:00:00,18:34:00,60,XIY,T1,YNT,T1,FM,A320
FM1479,15:20:00,18:28:00,70,SZX,T1,PVG,T1,FM,A319
FM1489,16:15:00,19:48:00,90,CTU,T1,NNG,T3,FM,C919
FM1496,7:45:00,11:33:00,90,YNT,T3,NTG,T1,FM,ARJ21
FM1521,14:15:00,17:43:00,90,XIY,T2,LYA,T3,FM,A321
FM1553,21:50:00,0:23:00,90,CAN,T2,KHN,T1,FM,ARJ21
FM1591,12:10:00,15:26:00,90,PKX,T3,NGB,T3,FM,B738
FM1616,19:40:00,0:14:00,50,XIY,T2,NKG,T3,FM,C919
FM1625,12:35:00,14:37:00,90,XIY,T2,SHA,T2,FM,A321
FM1653,11:40:00,14:18:00,60,PKX,T1,XIY,T1,FM,C919
FM1685,19:40:00,23:05:00,90,CTU,T3,FOC,T1,FM,A321
FM1732,9:20:00,11:17:00,70,PKX,T3,SYX,T3,FM,C919
FM1771,11:40:00,16:22:00,70,SZX,T2,PVG,T1,FM,A321
FM1774,12:45:00,16:09:00,60,WEH,T3,ZUH,T3,FM,A319
FM1824,15:55:00,17:57:00,90,YNT,T2,XIY,T1,FM,A319
FM1869,17:20:00,19:29:00,50,PKX,T3,ZUH,T2,FM,C919
FM1891,10:05:00,12:15:00,90,KMG,T1,YNT,T3,FM,A321
FM1894,18:20:00,20:09:00,90,CTU,T2,JJN,T1,FM,A319
FM1919,10:55:00,14:25:00,60,HGH,T1,SHE,T3,FM,ARJ21
FM1926,21:20:00,1:03:00,70,SHE,T2,NNG,T2,FM,B738
FM1927,22:20:00,1:38:00,90,TFU,T1,CAN,T3,FM,C919
FM1999,13:15:00,17:04:00,70,KMG,T2,XNN,T1,FM,ARJ21
FM2007,15:50:00,19:21:00,60,PKX,T3,NGB,T3,FM,A332
FM2016,17:10:00,21:35:00,50,KMG,T1,TFU,T1,FM,ARJ21
FM2039,6:10:00,9:21:00,50,PVG,T2,LXA,T3,FM,A319
FM2069,10:25:00,12:31:00,90,KHN,T2,TAO,T3,FM,A320
FM2082,17:30:00,21:50:00,50,CAN,T1,ZUH,T3,FM,C919
FM2118,10:10:00,12:20:00,90,PKX,T3,TSN,T3,FM,A319
FM2140,17:00:00,22:03:00,70,KWE,T1,WEH,T2,FM,A320
FM2152,23:50:00,3:33:00,70,CTU,T2,WEH,T1,FM,A319
FM2199,17:50:00,20:13:00,90,CAN,T1,PVG,T3,FM,A321
FM2215,18:35:00,20:26:00,60,WUX,T1,XUZ,T2,FM,A319
FM2251,16:20:00,19:37:00,50,CAN,T1,FOC,T2,FM,A320
FM2269,19:20:00,22:45:00,60,KMG,T1,WNZ,T1,FM,B738
FM2288,8:45:00,11:59:00,60,PVG,T2,HUZ,T3,FM,A332
FM2296,12:00:00,14:42:00,90,PKX,T2,KWL,T3,FM,ARJ21
FM2307,16:00:00,19:14:00,70,PKX,T1,CZX,T2,FM,ARJ21
FM2309,14:00:00,18:16:00,90,TFU,T3,FOC,T3,FM,B738
FM2312,11:30:00,16:00:00,60,KWE,T1,URC,T1,FM,A319
FM2337,21:15:00,1:13:00,50,PKX,T2,CGO,T2,FM,A320
FM2340,17:20:00,20:11:00,60,NKG,T3,LHW,T1,FM,B738
FM2376,21:20:00,0:10:00,70,PVG,T1,CSX,T3,FM,A359
FM2382,22:50:00,0:34:00,60,SHA,T2,PVG,T3,FM,A321
FM2438,18:10:00,22:27:00,70,XIY,T1,CZX,T1,FM,B738
FM2444,11:10:00,13:14:00,90,XIY,T1,ZUH,T3,FM,C919
FM2445,13:55:00,15:47:00,70,KMG,T1,WEH,T1,FM,A321
FM2447,17:35:00,22:39:00,90,TFU,T1,CZX,T2,FM,B738
FM2474,18:50:00,21:37:00,70,NTG,T2,TNA,T3,FM,A321
FM2509,21:45:00,0:40:00,60,PKX,T1,XMN,T1,FM,C919
FM2539,6:35:00,9:17:00,60,XMN,T3,LYA,T1,FM,C919
FM2554,22:20:00,0:36:00,90,SZX,T3,YTY,T3,FM,B738
FM2567,7:05:00,10:56:00,70,HGH,T2,URC,T1,FM,A319
FM2574,7:35:00,11:54:00,60,SZX,T1,CTU,T3,FM,A321
FM2582,8:10:00,12:32:00,70,PKX,T1,WNZ,T2,FM,A332
FM2586,11:35:00,16:00:00,50,KMG,T2,YTY,T1,FM,B738
FM2590,18:55:00,20:16:00,50,CTU,T1,CSX,T2,FM,A320
FM2618,15:40:00,20:00:00,60,SZX,T2,KWL,T1,FM,B738
FM2639,14:05:00,17:24:00,60,KMG,T1,LXA,T1,FM,A321
FM2649,14:00:00,16:23:00,70,URC,T2,WUH,T3,FM,A319
FM2678,10:15:00,12:59:00,70,PKX,T1,WEH,T3,FM,A321
FM2687,12:10:00,16:06:00,60,TFU,T2,DLC,T2,FM,A359
FM2692,9:05:00,13:06:00,70,SHE,T3,INC,T1,FM,C919
FM2731,13:50:00,16:28:00,50,KMG,T3,YTY,T2,FM,ARJ21
FM2753,15:25:00,18:38:00,70,CGO,T1,XNN,T2,FM,A321
FM2759,7:00:00,9:37:00,70,SZX,T3,TAO,T1,FM,ARJ21
FM2766,12:35:00,15:33:00,90,HUZ,T2,FOC,T3,FM,ARJ21
FM2856,13:00:00,17:39:00,90,PVG,T1,KMG,T1,FM,A319
FM2865,19:05:00,22:58:00,60,CTU,T3,WUH,T3,FM,B738
FM2925,7:50:00,11:58:00,70,LXA,T2,CZX,T1,FM,A320
FM2939,12:50:00,14:54:00,90,HFE,T2,HET,T2,FM,B789
FM2944,16:40:00,19:12:00,90,PEK,T1,TSN,T1,FM,B738
FM2962,12:15:00,16:32:00,90,SZX,T1,CSX,T2,FM,A319
FM3002,10:10:00,12:00:00,90,CTU,T1,SYX,T3,FM,A320
FM3008,21:45:00,2:19:00,70,PVG,T2,ZUH,T2,FM,B738
FM3013,18:30:00,22:26:00,50,TFU,T1,HAK,T2,FM,C919
FM3022,6:45:00,10:22:00,60,WUX,T1,CGO,T3,FM,A321
FM3034,19:05:00,20:50:00,70,SHA,T2,PKX,T2,FM,A321
FM3061,17:50:00,20:56:00,90,PKX,T1,HAK,T1,FM,A321
FM3096,9:25:00,11:10:00,60,HET,T1,KWL,T1,FM,A320
FM3132,18:30:00,23:15:00,90,NTG,T3,CKG,T2,FM,ARJ21
FM3139,15:50:00,17:49:00,50,SHA,T2,TAO,T2,FM,A333
FM3149,11:40:00,16:07:00,70,CTU,T3,TAO,T2,FM,C919
FM3163,14:35:00,19:31:00,60,JJN,T2,YNT,T3,FM,C919
FM3176,19:25:00,21:46:00,70,SZX,T2,FOC,T2,FM,A321
FM3199,13:15:00,16:27:00,60,YTY,T3,HAK,T2,FM,A320
FM3217,14:15:00,17:55:00,50,PKX,T2,WEH,T1,FM,A359
FM3223,6:35:00,9:54:00,70,CAN,T2,SHE,T3,FM,A320
FM3247,20:15:00,1:05:00,60,SZX,T1,YTY,T2,FM,A319
FM3255,12:25:00,15:37:00,60,CTU,T2,INC,T3,FM,A319
FM3290,6:45:00,9:14:00,70,TSN,T3,SHA,T2,FM,A332
FM3298,11:20:00,15:41:00,90,PVG,T3,TSN,T1,FM,A359
FM3333,20:25:00,23:55:00,70,PVG,T3,KWE,T1,FM,A321
FM3351,11:10:00,14:17:00,60,SZX,T2,KHN,T2,FM,ARJ21
FM3410,13:00:00,15:14:00,50,JJN,T3,WUH,T2,FM,A321
FM3447,13:10:00,16:36:00,50,SZX,T2,CTU,T3,FM,B738
FM3484,21:15:00,1:29:00,60,PKX,T1,YTY,T2,FM,A333
FM3492,9:30:00,13:41:00,60,PEK,T1,URC,T2,FM,A321
FM3509,14:15:00,16:26:00,90,PVG,T1,SHE,T1,FM,ARJ21
FM3517,21:10:00,1:06:00,70,PKX,T3,FOC,T2,FM,ARJ21
FM3537,18:35:00,19:43:00,70,NKG,T3,NGB,T1,FM,B738
FM3570,18:05:00,22:07:00,90,SZX,T2,HIA,T2,FM,ARJ21
FM3595,19:05:00,21:04:00,90,XIY,T3,XUZ,T2,FM,B738
FM3596,20:40:00,1:01:00,90,PVG,T2,SHE,T2,FM,B789
FM3611,10:15:00,14:55:00,90,PKX,T1,SYX,T2,FM,A319
FM3649,19:35:00,23:48:00,60,KMG,T2,CZX,T1,FM,ARJ21
FM3664,22:20:00,1:37:00,50,JJN,T1,CKG,T2,FM,ARJ21
FM3688,19:55:00,23:03:00,50,CAN,T3,HUZ,T3,FM,B738
FM3693,20:15:00,0:02:00,70,SZX,T1,YNT,T2,FM,A320
FM3694,9:45:00,14:51:00,50,NKG,T1,PVG,T3,FM,A320
FM3727,6:35:00,9:11:00,50,XIY,T1,JJN,T1,FM,A321
FM3728,21:00:00,1:29:00,90,XIY,T3,NTG,T1,FM,B738
FM3743,10:55:00,13:49:00,60,KMG,T1,LYA,T2,FM,A319
FM3744,16:40:00,18:51:00,90,CAN,T2,HAK,T2,FM,A319
FM3746,13:15:00,16:49:00,90,PVG,T1,URC,T1,FM,C919
FM3753,16:50:00,20:05:00,70,PKX,T1,CGO,T2,FM,A321
FM3770,21:30:00,2:36:00,70,SZX,T3,CSX,T2,FM,A319
FM3786,19:00:00,21:44:00,50,HUZ,T2,INC,T2,FM,A320
FM3844,19:55:00,22:30:00,90,KMG,T1,CTU,T2,FM,ARJ21
FM3870,9:05:00,11:09:00,60,NNG,T3,XIY,T1,FM,A321
FM3892,7:45:00,11:23:00,90,WNZ,T2,SZX,T2,FM,A321
FM3916,15:55:00,19:35:00,70,KHN,T1,JJN,T2,FM,ARJ21
FM3924,10:35:00,14:40:00,50,HET,T2,YNT,T1,FM,B738
FM3943,7:45:00,10:33:00,70,SYX,T3,HET,T2,FM,ARJ21
FM3973,10:40:00,15:08:00,90,PEK,T1,XMN,T3,FM,B738
FM3976,7:05:00,11:06:00,50,CKG,T2,XIY,T3,FM,A320
FM3981,11:40:00,15:23:00,50,PKX,T3,HRB,T2,FM,A321
FM4042,10:05:00,15:08:00,70,PEK,T3,XMN,T3,FM,C919
FM4050,11:10:00,13:47:00,60,PEK,T2,WEH,T2,FM,A320
FM4087,10:25:00,12:10:00,90,KMG,T2,KWL,T3,FM,ARJ21
FM4100,21:20:00,1:41:00,70,CAN,T2,HIA,T1,FM,A320
FM4122,22:10:00,0:23:00,90,CTU,T1,TAO,T2,FM,A320
FM4128,11:30:00,14:49:00,70,WNZ,T1,HFE,T2,FM,ARJ21
FM4155,17:55:00,22:46:00,60,XIY,T2,KWE,T3,FM,A321
FM4205,17:05:00,20:13:00,90,LXA,T3,PVG,T2,FM,A319
FM4229,19:40:00,23:48:00,60,PVG,T2,YTY,T1,FM,A321
FM4260,7:15:00,9:08:00,60,WEH,T2,KWL,T3,FM,A320
FM4263,18:55:00,22:27:00,70,JJN,T3,DLC,T2,FM,B738
FM4299,18:20:00,22:57:00,70,SZX,T1,HIA,T1,FM,B738
FM4301,9:00:00,12:11:00,90,KMG,T2,TAO,T2,FM,B738
FM4304,22:05:00,2:14:00,70,HRB,T3,SYX,T1,FM,C919
FM4310,8:55:00,13:45:00,50,SHA,T3,HGH,T3,FM,A332
FM4315,8:05:00,12:06:00,50,PKX,T1,LYA,T2,FM,B789
FM4318,6:20:00,8:02:00,60,SZX,T3,HAK,T3,FM,A319
FM4331,16:25:00,21:24:00,90,LXA,T2,XMN,T2,FM,B738
FM4343,18:25:00,21:57:00,90,XIY,T3,KMG,T1,FM,B738
FM4400,19:30:00,22:19:00,60,CKG,T1,NKG,T2,FM,B789
FM4441,21:05:00,0:07:00,70,CTU,T2,DLC,T1,FM,A320
FM4442,23:05:00,3:03:00,90,SYX,T3,CZX,T1,FM,A320
FM4456,6:35:00,10:04:00,70,HAK,T2,CGO,T3,FM,B738
FM4473,6:10:00,8:09:00,90,CTU,T3,TNA,T2,FM,A320
FM4561,8:50:00,10:36:00,90,KMG,T1,KWL,T2,FM,ARJ21
FM4585,15:25:00,19:08:00,90,LHW,T3,XIY,T2,FM,B738
FM4589,16:10:00,21:01:00,90,CTU,T1,SHE,T1,FM,A319
FM4608,21:20:00,0:27:00,60,SYX,T2,CAN,T2,FM,A321
FM4615,8:55:00,10:50:00,70,CTU,T3,TYN,T2,FM,ARJ21
FM4623,22:50:00,0:52:00,90,PEK,T1,PKX,T3,FM,A359
FM4636,23:35:00,3:06:00,70,PKX,T2,SHE,T2,FM,A321
FM4665,8:55:00,10:19:00,50,XIY,T1,XMN,T3,FM,B738
FM4720,8:35:00,13:11:00,50,HET,T2,SHA,T3,FM,A320
FM4729,8:25:00,12:57:00,60,SZX,T1,PVG,T2,FM,B789
FM4794,6:55:00,11:07:00,50,FOC,T1,TFU,T2,FM,A320
FM4808,12:00:00,16:20:00,60,CGO,T1,INC,T1,FM,B738
FM4851,17:00:00,22:05:00,90,HAK,T1,CSX,T1,FM,B738
FM4872,12:05:00,14:55:00,50,KMG,T3,TAO,T2,FM,A321
FM4893,21:15:00,23:46:00,50,SZX,T2,XNN,T1,FM,A319
FM4941,18:10:00,22:49:00,70,TFU,T1,DLC,T1,FM,A320
FM4957,12:40:00,15:30:00,60,YNT,T3,TFU,T1,FM,A319
FM4974,17:40:00,20:07:00,90,TFU,T3,HRB,T1,FM,B738
FM4984,8:30:00,10:32:00,60,TFU,T1,SZX,T1,FM,C919
FM4988,13:45:00,18:04:00,90,XNN,T3,WUX,T2,FM,C919
FM5067,10:40:00,13:25:00,50,SZX,T2,WNZ,T2,FM,ARJ21
FM5078,14:55:00,17:35:00,70,SZX,T2,HAK,T1,FM,B789
FM5099,14:05:00,18:44:00,90,CAN,T3,SHE,T2,FM,B738
FM5107,14:25:00,18:14:00,60,SZX,T2,TAO,T3,FM,B738
FM5154,12:55:00,16:04:00,50,PEK,T1,HET,T2,FM,B738
FM5160,18:00:00,20:19:00,70,SHE,T1,CZX,T2,FM,A319
FM5162,17:50:00,21:42:00,70,CSX,T1,PEK,T2,FM,A319
FM5177,10:35:00,13:05:00,50,SZX,T2,YNT,T1,FM,C919
FM5244,20:15:00,23:12:00,70,PKX,T2,URC,T2,FM,A319
FM5251,20:55:00,23:28:00,60,PEK,T2,KHN,T3,FM,C919
FM5266,21:35:00,2:27:00,70,PEK,T3,XMN,T2,FM,A321
FM5324,20:05:00,23:38:00,50,CAN,T2,INC,T2,FM,B738
FM5367,20:25:00,1:19:00,90,PKX,T3,FOC,T1,FM,B789
FM5370,17:50:00,19:27:00,70,CTU,T2,CKG,T3,FM,A320
FM5388,18:50:00,21:50:00,50,KMG,T2,LYA,T2,FM,C919
FM5405,23:05:00,3:02:00,70,CAN,T3,WNZ,T1,FM,C919
FM5457,11:40:00,15:07:00,60,FOC,T3,CSX,T3,FM,ARJ21
FM5462,8:40:00,12:45:00,50,PVG,T3,KWE,T1,FM,A332
FM5496,6:50:00,9:19:00,60,SHA,T2,ZUH,T3,FM,A319
FM5498,21:00:00,23:51:00,70,KMG,T2,TFU,T3,FM,B738
FM5574,21:15:00,1:55:00,90,TFU,T3,LHW,T1,FM,B738
FM5602,8:30:00,12:12:00,70,PVG,T3,ZUH,T3,FM,A319
FM5645,20:00:00,22:16:00,70,HGH,T2,XIY,T3,FM,B738
FM5691,21:05:00,0:37:00,50,LXA,T3,HUZ,T3,FM,A321
FM5693,17:55:00,20:01:00,90,XIY,T3,KHN,T1,FM,ARJ21
FM5728,18:30:00,21:57:00,50,WUX,T1,CKG,T1,FM,A321
FM5743,13:35:00,15:37:00,60,PKX,T3,WEH,T3,FM,B738
FM5744,8:25:00,12:33:00,50,KHN,T2,XIY,T3,FM,A321
FM5769,19:10:00,21:03:00,70,SHA,T2,CKG,T3,FM,A359
FM5777,15:35:00,19:09:00,70,KMG,T3,HAK,T3,FM,B738
FM5782,15:30:00,20:35:00,90,KMG,T2,DLC,T1,FM,A319
FM5787,6:35:00,11:38:00,60,ZUH,T1,SHE,T1,FM,C919
FM5820,14:40:00,16:52:00,70,PKX,T2,KHN,T1,FM,ARJ21
FM5822,10:35:00,12:56:00,60,TFU,T2,HAK,T3,FM,C919
FM5841,8:55:00,11:39:00,50,CTU,T1,HET,T2,FM,A333
FM5854,13:45:00,18:22:00,60,XIY,T2,TAO,T1,FM,A320
FM5863,17:25:00,22:13:00,70,PVG,T2,TAO,T2,FM,B738
FM5882,16:10:00,19:54:00,60,SHA,T1,XUZ,T1,FM,ARJ21
FM5886,19:55:00,0:30:00,90,PVG,T1,HET,T1,FM,A319
FM5891,17:30:00,20:15:00,60,TFU,T2,WUH,T2,FM,ARJ21
FM5908,22:35:00,2:04:00,70,PEK,T2,NGB,T2,FM,A321
FM5910,9:50:00,12:05:00,60,SZX,T1,WUX,T2,FM,ARJ21
FM5915,16:55:00,21:05:00,50,XIY,T2,CAN,T2,FM,ARJ21
FM5916,15:00:00,16:34:00,50,PKX,T2,PVG,T3,FM,A319
FM5961,10:45:00,14:58:00,60,SHA,T3,KHN,T1,FM,A320
FM6056,8:20:00,10:05:00,60,CAN,T3,SYX,T1,FM,A333
FM6095,15:30:00,18:46:00,60,CTU,T2,TYN,T3,FM,B738
FM6140,22:05:00,23:59:00,60,NKG,T1,KWE,T3,FM,A359
FM6149,16:20:00,19:17:00,50,PKX,T3,NKG,T1,FM,ARJ21
FM6183,13:40:00,15:40:00,70,PVG,T3,CZX,T1,FM,ARJ21
FM6209,19:05:00,22:26:00,90,KMG,T3,HGH,T2,FM,A321
FM6260,16:55:00,21:49:00,90,KWL,T1,TSN,T2,FM,A333
FM6294,11:20:00,15:11:00,90,PKX,T3,HIA,T1,FM,C919
FM6312,23:25:00,2:38:00,90,PVG,T1,CTU,T3,FM,A320
FM6325,20:25:00,22:56:00,50,CAN,T3,WUX,T3,FM,A320
FM6364,11:50:00,15:10:00,50,CAN,T3,ZUH,T3,FM,A332
FM6385,10:20:00,12:04:00,60,PVG,T3,TYN,T3,FM,A359
FM6386,14:05:00,17:59:00,60,PKX,T1,CKG,T1,FM,ARJ21
FM6408,23:30:00,1:34:00,90,TFU,T3,NTG,T1,FM,A321
FM6429,20:25:00,22:15:00,90,DLC,T1,CKG,T3,FM,B738
FM6456,23:30:00,2:34:00,90,HFE,T1,SHE,T3,FM,A320
FM6470,9:40:00,14:21:00,70,SHA,T3,HIA,T3,FM,A320
FM6510,6:45:00,10:58:00,90,PVG,T1,CZX,T1,FM,A359
FM6516,10:55:00,15:37:00,90,KMG,T1,LYA,T1,FM,A320
FM6527,16:10:00,19:01:00,70,KHN,T3,WUX,T2,FM,B738
FM6546,13:25:00,17:47:00,60,PKX,T3,NNG,T3,FM,A321
FM6548,8:35:00,11:22:00,90,PKX,T3,ZUH,T2,FM,A320
FM6560,16:50:00,19:51:00,70,NTG,T3,CSX,T3,FM,C919
FM6607,6:40:00,11:48:00,60,XUZ,T2,CKG,T2,FM,B738
FM6628,10:45:00,14:29:00,90,KWL,T3,XNN,T2,FM,C919
FM6645,15:20:00,19:09:00,70,WUH,T1,SHE,T2,FM,C919
FM6664,12:20:00,15:18:00,70,KMG,T3,NGB,T3,FM,B738
FM6672,7:30:00,12:24:00,90,CAN,T3,WEH,T1,FM,A321
FM6708,10:50:00,14:22:00,70,SHA,T3,TSN,T3,FM,B738
FM6726,14:15:00,17:17:00,90,WUH,T1,PEK,T2,FM,A333
FM6753,13:30:00,16:46:00,50,SHA,T3,DLC,T2,FM,A320
FM6766,21:10:00,23:12:00,60,PEK,T1,DLC,T2,FM,A359
FM6805,10:20:00,15:20:00,50,PKX,T1,DLC,T3,FM,A359
FM6842,12:00:00,14:25:00,90,SZX,T2,NNG,T3,FM,A321
FM6885,17:25:00,22:14:00,70,ZUH,T3,NTG,T3,FM,B738
FM6962,13:30:00,17:51:00,70,PEK,T1,YTY,T1,FM,ARJ21
FM7041,14:50:00,18:42:00,90,CTU,T3,LHW,T1,FM,A321
FM7044,7:25:00,9:48:00,90,PKX,T2,FOC,T3,FM,A320
FM7050,12:40:00,14:12:00,50,CAN,T2,CZX,T3,FM,A320
FM7062,14:20:00,18:06:00,50,KMG,T2,SZX,T2,FM,A321
FM7063,18:15:00,21:50:00,70,HUZ,T1,TNA,T3,FM,C919
FM7100,15:45:00,20:06:00,60,PKX,T2,JJN,T3,FM,A319
FM7104,12:55:00,17:56:00,70,PVG,T3,HUZ,T3,FM,A320
FM7116,19:00:00,23:17:00,50,XIY,T3,LXA,T1,FM,A321
FM7153,14:35:00,18:18:00,60,HFE,T1,NGB,T3,FM,C919
FM7187,18:35:00,21:51:00,60,SZX,T2,CGO,T1,FM,C919
FM7205,22:10:00,0:03:00,60,CTU,T3,NTG,T2,FM,A321
FM7207,7:35:00,10:54:00,70,CTU,T2,PEK,T2,FM,A321
FM7208,18:55:00,20:48:00,70,CGO,T2,CZX,T2,FM,B738
FM7228,6:00:00,8:25:00,50,SHA,T1,KHN,T1,FM,B789
FM7237,12:40:00,14:04:00,50,KMG,T1,KWE,T3,FM,ARJ21
FM7250,20:30:00,23:02:00,70,XUZ,T3,HAK,T3,FM,A321
FM7278,22:05:00,2:41:00,90,HAK,T2,TAO,T3,FM,A359
FM7316,19:05:00,22:58:00,50,XIY,T1,URC,T2,FM,A333
FM7328,16:20:00,18:55:00,90,SHA,T1,LXA,T2,FM,A320
FM7343,18:40:00,20:22:00,60,HFE,T2,LHW,T1,FM,B738
FM7407,16:20:00,19:08:00,50,SZX,T1,CKG,T3,FM,A321
FM7426,15:30:00,18:07:00,60,HGH,T2,NGB,T2,FM,C919
FM7432,9:00:00,10:44:00,50,CTU,T3,CAN,T1,FM,A319
FM7439,13:00:00,15:26:00,90,KMG,T1,FOC,T2,FM,A320
FM7499,23:35:00,2:14:00,70,XIY,T1,CTU,T3,FM,A359
FM7500,10:15:00,13:38:00,90,TFU,T1,HFE,T2,FM,A321
FM7523,8:05:00,12:46:00,70,WEH,T1,LHW,T2,FM,A332
FM7541,14:50:00,19:50:00,60,FOC,T3,XMN,T2,FM,A319
FM7545,11:10:00,14:45:00,60,CAN,T2,HFE,T3,FM,A321
FM7553,18:05:00,22:34:00,50,TFU,T3,SHE,T1,FM,A319
FM7556,9:00:00,12:55:00,90,PEK,T3,LYA,T2,FM,A319
FM7560,13:20:00,17:54:00,70,SZX,T1,LYA,T3,FM,ARJ21
FM7583,16:40:00,20:05:00,50,PEK,T2,LHW,T1,FM,A319
FM7614,13:05:00,18:06:00,60,SHA,T2,WUH,T2,FM,B789
FM7641,15:45:00,18:03:00,70,PKX,T2,LXA,T2,FM,A320
FM7668,7:45:00,11:40:00,90,CTU,T2,SHE,T2,FM,A321
FM7689,6:10:00,10:29:00,90,SHA,T3,XMN,T1,FM,B738
FM7707,23:10:00,3:31:00,60,TSN,T3,SYX,T3,FM,A319
FM7722,15:15:00,16:57:00,70,TFU,T1,WUX,T2,FM,ARJ21
FM7727,18:40:00,20:51:00,60,KMG,T1,LYA,T1,FM,A319
FM7731,9:30:00,11:36:00,60,TFU,T1,WNZ,T3,FM,ARJ21
FM7750,19:15:00,23:20:00,90,NTG,T2,ZUH,T1,FM,A321
FM7753,8:10:00,9:48:00,60,KMG,T1,KWE,T2,FM,C919
FM7788,9:25:00,12:55:00,60,TFU,T1,KMG,T2,FM,A320
FM7794,12:25:00,16:03:00,70,TFU,T2,INC,T1,FM,C919
FM7837,17:20:00,19:55:00,60,SHA,T1,KWL,T3,FM,A359
FM7867,8:40:00,11:05:00,70,KMG,T3,WNZ,T1,FM,A319
FM7887,15:15:00,18:03:00,70,PKX,T2,KMG,T1,FM,A321
FM7904,11:30:00,13:53:00,90,HRB,T3,LHW,T2,FM,A320
FM7906,19:45:00,22:31:00,70,TFU,T1,KMG,T3,FM,C919
FM7912,7:40:00,12:39:00,90,PVG,T2,WUH,T2,FM,B789
FM7922,21:25:00,0:45:00,70,PVG,T3,CAN,T1,FM,B738
FM7927,23:30:00,4:15:00,90,PKX,T1,XUZ,T3,FM,A321
FM7931,13:50:00,17:07:00,70,SYX,T3,WEH,T1,FM,C919
FM7940,18:00:00,20:07:00,60,CAN,T2,CGO,T2,FM,ARJ21
FM7961,7:45:00,10:24:00,70,XIY,T2,HUZ,T2,FM,C919
FM8031,19:15:00,23:31:00,60,PEK,T3,SZX,T1,FM,A320
FM8042,16:55:00,20:33:00,50,CGO,T2,XIY,T3,FM,C919
FM8064,22:40:00,0:56:00,60,TYN,T1,FOC,T1,FM,A319
FM8070,20:40:00,23:55:00,60,CSX,T1,NTG,T3,FM,A321
FM8105,7:45:00,12:23:00,50,YTY,T2,KWL,T1,FM,A321
FM8112,19:30:00,23:52:00,90,PKX,T3,NNG,T3,FM,B738
FM8192,14:25:00,18:20:00,70,SZX,T1,HET,T1,FM,B738
FM8197,9:15:00,11:41:00,90,PKX,T1,TYN,T3,FM,B738
FM8225,15:20:00,17:59:00,50,KMG,T1,HET,T1,FM,ARJ21
FM8234,12:50:00,15:05:00,70,CTU,T3,HIA,T3,FM,B738
FM8282,16:05:00,19:51:00,60,HRB,T3,CGO,T1,FM,A319
FM8293,7:45:00,9:41:00,70,DLC,T2,HET,T3,FM,B738
FM8349,13:40:00,17:52:00,70,YNT,T3,FOC,T2,FM,A320
FM8357,17:20:00,22:13:00,90,CTU,T1,HET,T1,FM,A320
FM8373,20:00:00,22:48:00,90,KWL,T3,WNZ,T2,FM,A320
FM8394,13:15:00,18:02:00,50,SHA,T3,TFU,T1,FM,B789
FM8423,10:45:00,14:28:00,70,XIY,T2,CSX,T2,FM,ARJ21
FM8432,22:55:00,2:52:00,60,KMG,T3,SHE,T2,FM,A321
FM8440,12:45:00,14:53:00,50,TSN,T3,CZX,T3,FM,B738
FM8443,13:55:00,15:00:00,60,SZX,T2,SHE,T1,FM,A359
FM8456,17:55:00,21:47:00,60,XIY,T1,CAN,T3,FM,A320
FM8471,18:10:00,22:53:00,70,NNG,T1,SZX,T2,FM,B738
FM8473,10:35:00,15:30:00,60,TFU,T1,HIA,T3,FM,ARJ21
FM8504,14:05:00,17:25:00,90,PVG,T2,NNG,T1,FM,A321
FM8606,19:45:00,21:04:00,90,CKG,T1,CTU,T1,FM,A320
FM8671,12:50:00,15:21:00,70,KMG,T1,XMN,T2,FM,ARJ21
FM8678,6:30:00,9:45:00,50,PVG,T2,INC,T3,FM,B789
FM8679,11:00:00,15:55:00,70,KHN,T1,NKG,T3,FM,A319
FM8696,9:35:00,11:42:00,60,NNG,T2,CAN,T1,FM,A359
FM8710,18:30:00,20:35:00,70,JJN,T1,WUX,T2,FM,A333
FM8725,9:55:00,13:18:00,90,SHA,T3,TFU,T3,FM,ARJ21
FM8734,8:45:00,10:44:00,50,HRB,T3,HET,T2,FM,A319
FM8810,15:20:00,18:15:00,90,CTU,T2,KWE,T1,FM,ARJ21
FM8858,13:55:00,15:34:00,50,KWL,T2,KMG,T1,FM,A321
FM8865,10:40:00,15:42:00,90,FOC,T1,WEH,T3,FM,B789
FM8884,22:45:00,1:44:00,90,INC,T2,YNT,T3,FM,A319
FM8889,19:35:00,0:13:00,50,XIY,T3,CKG,T3,FM,A319
FM8903,8:00:00,12:43:00,60,CTU,T2,PVG,T3,FM,C919
FM8911,20:25:00,1:19:00,90,PKX,T3,KWL,T1,FM,ARJ21
FM8913,6:35:00,8:11:00,50,CAN,T3,CTU,T2,FM,C919
FM8926,12:15:00,14:02:00,90,TAO,T3,WNZ,T2,FM,B738
FM8935,18:10:00,22:59:00,70,CAN,T2,ZUH,T2,FM,A321
FM8988,19:45:00,21:06:00,70,PVG,T2,PKX,T3,FM,A319
FM9017,15:45:00,18:07:00,70,TAO,T1,WEH,T2,FM,A359
FM9033,14:25:00,19:07:00,70,XIY,T2,LXA,T1,FM,B738
FM9057,20:20:00,1:00:00,60,TFU,T3,HUZ,T1,FM,A333
FM9077,14:55:00,17:06:00,70,TFU,T1,HIA,T3,FM,B738
FM9106,16:35:00,21:07:00,90,SHA,T3,URC,T1,FM,A359
FM9122,7:30:00,9:49:00,90,PEK,T1,HUZ,T2,FM,B738
FM9130,9:25:00,11:22:00,70,PKX,T1,TYN,T1,FM,A319
FM9179,21:30:00,23:25:00,50,PEK,T2,NGB,T2,FM,A321
FM9202,12:50:00,15:07:00,90,HAK,T2,KWE,T3,FM,A321
FM9203,11:45:00,15:29:00,70,PEK,T2,TNA,T1,FM,ARJ21
FM9218,21:30:00,1:52:00,90,URC,T2,NNG,T1,FM,B738
FM9232,16:00:00,20:59:00,50,SHA,T2,NKG,T3,FM,ARJ21
FM9244,11:55:00,14:27:00,90,XIY,T3,SHE,T1,FM,C919
FM9249,14:15:00,17:25:00,50,PVG,T2,CTU,T1,FM,A333
FM9260,21:25:00,23:34:00,70,SHA,T1,SZX,T1,FM,A333
FM9284,11:05:00,14:41:00,60,CAN,T3,XNN,T2,FM,B789
FM9308,9:10:00,13:57:00,60,PVG,T3,TYN,T2,FM,B789
FM9315,9:00:00,10:40:00,90,HUZ,T2,NKG,T1,FM,A319
FM9337,12:25:00,16:02:00,50,TFU,T2,CKG,T3,FM,A320
FM9348,20:20:00,23:29:00,60,XIY,T2,CGO,T1,FM,A321
FM9356,8:40:00,12:35:00,50,XIY,T2,HAK,T1,FM,ARJ21
FM9358,16:00:00,19:20:00,50,XIY,T1,PEK,T3,FM,A319
FM9384,11:50:00,14:31:00,60,TFU,T2,WNZ,T1,FM,C919
FM9461,6:50:00,10:05:00,90,SHA,T1,KWE,T3,FM,A319
FM9479,8:55:00,12:32:00,60,SZX,T2,HGH,T3,FM,B738
FM9499,17:30:00,21:36:00,90,PKX,T3,TYN,T1,FM,B738
FM9510,14:25:00,17:12:00,90,TFU,T1,ZUH,T3,FM,A321
FM9542,16:25:00,21:01:00,50,SHA,T2,KHN,T3,FM,A359
FM9561,22:05:00,1:41:00,90,KMG,T1,JJN,T2,FM,ARJ21
FM9611,14:40:00,19:20:00,90,PKX,T1,HRB,T2,FM,A319
FM9617,20:50:00,22:50:00,60,KMG,T3,HUZ,T2,FM,ARJ21
FM9659,8:55:00,13:29:00,60,SHA,T3,FOC,T3,FM,A321
FM9698,14:00:00,17:20:00,60,SZX,T1,NGB,T2,FM,A320
FM9703,11:05:00,15:20:00,60,SZX,T3,TNA,T1,FM,A359
FM9705,6:05:00,10:25:00,90,XNN,T3,CAN,T3,FM,ARJ21
FM9726,10:50:00,12:59:00,90,XIY,T3,XNN,T3,FM,A319
FM9741,16:50:00,21:40:00,60,PVG,T2,CTU,T3,FM,A321
FM9755,10:10:00,11:57:00,90,SHA,T2,XUZ,T2,FM,A321
FM9757,17:45:00,19:38:00,60,XIY,T2,KWL,T1,FM,C919
FM9787,14:40:00,17:47:00,60,PVG,T3,CKG,T3,FM,A359
FM9810,20:25:00,22:57:00,90,SHA,T3,XIY,T1,FM,C919
FM9862,6:05:00,10:48:00,70,PKX,T3,KWE,T3,FM,B738
FM9865,13:30:00,16:21:00,60,CTU,T2,JJN,T2,FM,ARJ21
FM9870,23:20:00,0:44:00,70,KMG,T2,KHN,T3,FM,C919
FM9913,16:50:00,20:47:00,50,PEK,T2,URC,T3,FM,A321
FM9933,17:50:00,22:25:00,60,CTU,T2,NNG,T3,FM,A321
FM9992,14:45:00,16:50:00,50,TNA,T3,YTY,T2,FM,C919
FM9996,14:20:00,16:46:00,90,URC,T3,NKG,T2,FM,ARJ21
MU1004,18:20:00,20:54:00,60,SZX,T3,TYN,T3,MU,A320
MU1017,8:40:00,10:02:00,60,KMG,T1,KWE,T3,MU,A321
MU1020,13:15:00,16:40:00,90,SZX,T2,PVG,T1,MU,B789
MU1022,11:45:00,14:17:00,90,PKX,T1,SHE,T3,MU,A321
MU1026,18:25:00,20:41:00,70,XIY,T3,YTY,T2,MU,A320
MU1037,11:40:00,15:00:00,50,XIY,T2,INC,T3,MU,C919
MU1044,17:55:00,22:46:00,50,SZX,T1,XNN,T3,MU,A319
MU1048,15:45:00,19:54:00,60,KWL,T2,LYA,T2,MU,ARJ21
MU1051,17:05:00,22:12:00,90,PKX,T1,WUX,T1,MU,C919
MU1062,21:35:00,0:24:00,60,TNA,T3,LXA,T1,MU,C919
MU1068,15:50:00,18:22:00,50,JJN,T1,KHN,T2,MU,B738
MU1071,8:35:00,12:29:00,50,KMG,T2,CZX,T3,MU,C919
MU1073,19:45:00,23:09:00,60,PVG,T2,HUZ,T3,MU,ARJ21
MU1075,20:30:00,0:01:00,70,PVG,T1,HGH,T3,MU,A333
MU1091,19:25:00,23:47:00,70,TYN,T2,FOC,T3,MU,B738
MU1096,7:45:00,9:38:00,70,CTU,T3,WUX,T1,MU,A320
MU1097,15:25:00,20:30:00,70,PVG,T1,KWE,T1,MU,A332
MU1099,9:35:00,14:26:00,50,XIY,T3,KWE,T1,MU,A321
MU1104,20:55:00,22:44:00,50,PKX,T1,LYA,T3,MU,B738
MU1107,12:55:00,17:45:00,70,XIY,T1,NNG,T3,MU,ARJ21
MU1109,13:35:00,15:47:00,60,PKX,T2,ZUH,T1,MU,ARJ21
MU1115,7:05:00,9:33:00,60,HFE,T3,YTY,T2,MU,A319
MU1119,16:40:00,19:35:00,90,NGB,T1,KMG,T3,MU,B789
MU1126,6:20:00,9:53:00,50,PVG,T3,NNG,T3,MU,ARJ21
MU1134,13:00:00,17:48:00,70,PVG,T2,CZX,T2,MU,A320
MU1135,8:05:00,12:30:00,60,HGH,T3,XMN,T3,MU,B738
MU1140,15:15:00,16:56:00,50,PVG,T2,PEK,T1,MU,A359
MU1142,6:40:00,8:33:00,50,PKX,T3,LYA,T2,MU,C919
MU1143,23:30:00,3:47:00,70,PEK,T3,TNA,T2,MU,ARJ21
MU1148,19:35:00,22:01:00,70,PKX,T1,WUX,T2,MU,A333
MU1153,22:15:00,1:14:00,50,LHW,T1,NKG,T3,MU,C919
MU1170,12:50:00,15:34:00,60,SHA,T1,HRB,T3,MU,A359
MU1171,22:00:00,1:29:00,50,CTU,T2,KWL,T2,MU,ARJ21
MU1175,14:20:00,18:45:00,60,KWE,T2,WEH,T2,MU,ARJ21
MU1187,7:50:00,9:16:00,90,CAN,T2,CZX,T3,MU,A319
MU1190,21:00:00,0:26:00,70,KMG,T3,LYA,T1,MU,A321
MU1199,6:25:00,8:24:00,70,KMG,T2,KWL,T1,MU,ARJ21
MU1203,20:50:00,1:05:00,90,CTU,T3,HGH,T3,MU,A319
MU1215,8:25:00,11:46:00,90,PVG,T2,HUZ,T1,MU,B738
MU1217,12:50:00,16:31:00,70,PVG,T3,WUH,T2,MU,A333
MU1226,19:00:00,23:35:00,90,CAN,T3,XNN,T1,MU,A319
MU1242,18:55:00,22:40:00,50,TSN,T2,WEH,T2,MU,A320
MU1243,6:15:00,9:23:00,90,CTU,T3,PEK,T1,MU,B738
MU1248,22:00:00,2:23:00,60,PVG,T2,KWL,T1,MU,ARJ21
MU1257,23:40:00,3:16:00,60,KMG,T2,NTG,T2,MU,C919
MU1268,20:15:00,22:53:00,70,SHA,T2,INC,T1,MU,C919
MU1270,11:00:00,15:56:00,50,XIY,T3,WUX,T3,MU,A321
MU1274,16:50:00,20:37:00,50,SYX,T3,KHN,T1,MU,B738
MU1275,23:35:00,2:25:00,50,LYA,T3,SZX,T2,MU,A319
MU1276,22:55:00,3:43:00,90,PEK,T1,LYA,T2,MU,ARJ21
MU1282,22:55:00,2:18:00,60,SHA,T2,WEH,T2,MU,B738
MU1289,15:15:00,16:57:00,60,PKX,T2,WUX,T3,MU,A332
MU1292,21:10:00,1:15:00,50,CAN,T3,WUH,T3,MU,B738
MU1298,23:10:00,1:12:00,50,PKX,T1,SYX,T3,MU,A332
MU1319,18:15:00,21:32:00,50,SZX,T2,CZX,T2,MU,A319
MU1323,22:00:00,1:04:00,60,XIY,T3,URC,T3,MU,A321
MU1325,10:45:00,14:52:00,70,TFU,T3,SZX,T1,MU,ARJ21
MU1326,9:40:00,13:02:00,60,YTY,T2,HAK,T3,MU,ARJ21
MU1328,22:15:00,3:24:00,90,PKX,T3,CAN,T2,MU,B738
MU1334,14:40:00,19:14:00,50,TFU,T3,XUZ,T3,MU,ARJ21
MU1338,23:10:00,4:17:00,50,PVG,T2,XIY,T3,MU,A321
MU1345,10:35:00,15:39:00,90,CKG,T2,WNZ,T1,MU,A319
MU1346,6:45:00,9:52:00,50,PVG,T3,HUZ,T1,MU,A333
MU1353,13:35:00,17:57:00,60,CTU,T3,KWE,T2,MU,ARJ21
MU1370,12:20:00,15:36:00,90,PEK,T3,HET,T3,MU,A319
MU1371,6:35:00,10:39:00,50,XIY,T1,SYX,T1,MU,B738
MU1379,20:30:00,1:40:00,70,WEH,T1,SZX,T1,MU,A359
MU1382,19:10:00,21:16:00,50,SHA,T2,HUZ,T2,MU,A332
MU1397,16:40:00,21:17:00,90,SZX,T1,TYN,T3,MU,A332
MU1398,16:25:00,21:23:00,50,SYX,T1,HRB,T2,MU,A332
MU1404,12:45:00,17:32:00,70,PEK,T2,WUH,T2,MU,B738
MU1416,6:10:00,9:54:00,60,SZX,T1,TAO,T1,MU,B738
MU1420,17:40:00,22:43:00,90,SZX,T2,CAN,T3,MU,B738
MU1423,23:40:00,4:01:00,60,KHN,T1,YTY,T1,MU,ARJ21
MU1425,12:25:00,14:52:00,60,CAN,T1,JJN,T3,MU,C919
MU1427,16:35:00,21:10:00,50,PEK,T2,WEH,T3,MU,C919
MU1428,8:10:00,11:18:00,60,KMG,T1,SYX,T3,MU,A320
MU1429,14:10:00,16:30:00,60,HIA,T2,SHE,T1,MU,A320
MU1430,18:10:00,21:35:00,90,KMG,T3,SHE,T1,MU,A319
MU1431,8:10:00,10:28:00,90,KMG,T1,FOC,T1,MU,ARJ21
MU1434,11:55:00,14:54:00,60,CTU,T3,NGB,T2,MU,C919
MU1446,6:20:00,10:11:00,60,KMG,T3,HRB,T3,MU,A321
MU1452,10:35:00,12:28:00,70,HGH,T2,CGO,T1,MU,ARJ21
MU1456,23:30:00,2:43:00,70,KMG,T1,NGB,T3,MU,ARJ21
MU1457,11:30:00,15:30:00,60,HFE,T3,SHE,T1,MU,A319
MU1461,22:35:00,1:13:00,90,SHA,T3,HET,T3,MU,B789
MU1464,9:10:00,13:26:00,60,SHA,T1,TNA,T1,MU,A333
MU1466,15:35:00,18:49:00,60,SHA,T1,HIA,T2,MU,B789
MU1476,20:25:00,23:21:00,50,SZX,T2,XIY,T2,MU,A333
MU1478,19:00:00,21:10:00,60,SHA,T2,HIA,T2,MU,ARJ21
MU1485,10:35:00,12:36:00,60,WUH,T3,HFE,T2,MU,A321
MU1487,18:15:00,20:11:00,50,CTU,T2,PVG,T2,MU,A332
MU1499,8:25:00,12:56:00,70,SZX,T1,TYN,T3,MU,A321
MU1526,19:40:00,22:42:00,50,PEK,T2,HIA,T1,MU,A320
MU1532,8:40:00,13:29:00,60,SHA,T3,XUZ,T3,MU,A333
MU1534,6:55:00,10:02:00,50,PVG,T2,SZX,T1,MU,A332
MU1540,18:00:00,20:13:00,50,PVG,T2,DLC,T3,MU,B738
MU1541,8:30:00,12:51:00,90,TFU,T3,KWE,T2,MU,C919
MU1547,19:55:00,23:41:00,50,XIY,T2,CKG,T3,MU,A320
MU1551,21:55:00,3:03:00,70,SHA,T3,TSN,T2,MU,C919
MU1552,19:20:00,22:12:00,60,SHA,T3,PEK,T3,MU,B738
MU1556,7:20:00,12:02:00,60,KMG,T3,PKX,T1,MU,A321
MU1558,12:30:00,14:13:00,70,PKX,T3,KHN,T2,MU,C919
MU1559,12:45:00,17:10:00,60,CTU,T3,HRB,T1,MU,A320
MU1571,20:35:00,1:44:00,70,PKX,T2,CZX,T3,MU,A320
MU1573,12:45:00,15:38:00,70,TFU,T2,YNT,T1,MU,A320
MU1574,18:15:00,20:01:00,90,KMG,T2,HUZ,T1,MU,C919
MU1579,20:50:00,22:46:00,50,PVG,T2,TYN,T3,MU,A321
MU1583,22:15:00,0:04:00,50,SZX,T2,HGH,T1,MU,A319
MU1586,11:45:00,16:17:00,60,WUH,T1,HIA,T2,MU,C919
MU1596,10:45:00,11:52:00,90,CTU,T1,CZX,T3,MU,A319
MU1597,13:40:00,16:56:00,90,XIY,T2,KMG,T3,MU,C919
MU1598,14:05:00,16:01:00,60,NNG,T2,YNT,T2,MU,ARJ21
MU1607,16:35:00,19:30:00,60,XIY,T1,CAN,T2,MU,C919
MU1609,21:05:00,23:26:00,60,CTU,T2,TAO,T1,MU,B738
MU1618,8:35:00,10:19:00,90,NKG,T3,HUZ,T3,MU,A319
MU1621,10:20:00,12:14:00,90,PEK,T1,JJN,T3,MU,ARJ21
MU1629,15:25:00,20:28:00,60,XIY,T3,PKX,T3,MU,A319
MU1631,14:05:00,17:22:00,50,XIY,T3,CZX,T3,MU,C919
MU1633,18:45:00,22:04:00,50,LHW,T3,DLC,T1,MU,A319
MU1635,23:15:00,1:47:00,70,CKG,T2,NTG,T3,MU,A320
MU1644,7:35:00,12:07:00,70,SHA,T3,FOC,T1,MU,ARJ21
MU1657,15:45:00,20:02:00,70,SHA,T2,TSN,T1,MU,A359
MU1659,16:05:00,21:03:00,90,LXA,T2,CAN,T1,MU,A333
MU1660,14:50:00,18:01:00,60,WNZ,T2,CGO,T2,MU,C919
MU1664,21:35:00,2:13:00,90,PKX,T1,KWE,T2,MU,A321
MU1666,10:15:00,15:05:00,50,TFU,T3,LHW,T3,MU,ARJ21
MU1667,9:25:00,14:12:00,90,XIY,T1,HRB,T2,MU,B738
MU1678,18:10:00,20:04:00,70,LXA,T2,INC,T3,MU,A320
MU1679,6:05:00,8:18:00,50,SHA,T2,HET,T3,MU,A320
MU1680,6:35:00,10:47:00,90,KWL,T1,NGB,T2,MU,C919
MU1683,16:45:00,20:42:00,50,KMG,T2,DLC,T2,MU,B738
MU1685,8:35:00,11:21:00,50,KMG,T3,HAK,T1,MU,ARJ21
MU1696,20:30:00,1:16:00,60,INC,T3,CKG,T1,MU,C919
MU1713,7:15:00,10:31:00,70,INC,T1,HET,T3,MU,C919
MU1722,9:25:00,13:22:00,60,DLC,T3,WNZ,T3,MU,A319
MU1742,15:55:00,18:56:00,70,PKX,T3,XMN,T1,MU,B789
MU1753,11:00:00,12:37:00,70,SHA,T3,SZX,T2,MU,ARJ21
MU1763,8:55:00,13:12:00,60,CKG,T2,ZUH,T3,MU,ARJ21
MU1774,8:50:00,13:34:00,50,PKX,T1,HGH,T2,MU,B738
MU1783,21:35:00,0:27:00,90,KMG,T1,CAN,T1,MU,A320
MU1785,16:30:00,18:40:00,70,DLC,T1,LXA,T1,MU,A319
MU1794,21:10:00,0:22:00,70,SHA,T1,DLC,T2,MU,A320
MU1802,19:30:00,21:27:00,50,PEK,T1,HAK,T1,MU,A320
MU1810,16:15:00,18:54:00,50,PVG,T2,XIY,T1,MU,B789
MU1833,18:40:00,20:48:00,50,YTY,T3,HGH,T2,MU,A320
MU1837,14:15:00,17:36:00,90,PEK,T3,LXA,T1,MU,ARJ21
MU1838,9:50:00,12:57:00,70,CTU,T2,SHE,T1,MU,A321
MU1839,21:50:00,1:43:00,90,PKX,T3,KWE,T3,MU,A333
MU1840,11:40:00,15:23:00,50,SHA,T2,URC,T1,MU,ARJ21
MU1851,19:45:00,0:46:00,90,PVG,T3,HRB,T3,MU,ARJ21
MU1852,16:25:00,20:36:00,50,SHA,T1,PKX,T2,MU,C919
MU1872,22:45:00,2:52:00,70,XIY,T1,TYN,T1,MU,ARJ21
MU1874,9:40:00,12:34:00,50,PVG,T2,DLC,T2,MU,A321
MU1881,22:50:00,3:05:00,90,PEK,T1,HFE,T3,MU,B738
MU1889,10:00:00,13:46:00,50,TFU,T3,HIA,T3,MU,B738
MU1893,23:30:00,3:20:00,60,XIY,T2,URC,T1,MU,A321
MU1895,13:00:00,17:09:00,50,PKX,T1,HUZ,T1,MU,A321
MU1900,23:30:00,3:04:00,60,SYX,T1,WUX,T1,MU,A321
MU1904,9:30:00,12:09:00,70,PEK,T1,HUZ,T1,MU,ARJ21
MU1912,19:05:00,22:22:00,90,FOC,T2,WUX,T1,MU,B789
MU1919,12:50:00,16:31:00,90,PVG,T2,TSN,T1,MU,A332
MU1934,13:00:00,17:16:00,70,XIY,T1,CAN,T1,MU,A321
MU1944,6:00:00,8:28:00,90,KMG,T2,TSN,T3,MU,ARJ21
MU1945,14:20:00,16:43:00,50,INC,T1,WUH,T2,MU,A321
MU1959,15:15:00,18:28:00,60,SZX,T1,NGB,T3,MU,B738
MU1965,17:20:00,18:27:00,60,SZX,T1,SHE,T1,MU,A319
MU1966,17:10:00,19:02:00,90,CAN,T3,CTU,T3,MU,A333
MU1970,22:20:00,2:12:00,70,XIY,T1,CAN,T3,MU,A321
MU1973,9:45:00,14:09:00,70,SHA,T2,CZX,T3,MU,B738
MU1975,22:55:00,1:23:00,50,TNA,T1,CGO,T1,MU,B789
MU1980,21:10:00,23:26:00,50,SZX,T2,DLC,T3,MU,A321
MU1982,16:30:00,18:32:00,70,FOC,T1,PEK,T1,MU,A321
MU1999,8:45:00,11:49:00,50,PVG,T1,DLC,T1,MU,B738
MU2002,17:25:00,20:28:00,90,TFU,T1,SHE,T3,MU,ARJ21
MU2022,21:35:00,1:44:00,70,TYN,T3,XIY,T3,MU,C919
MU2026,16:30:00,20:54:00,70,PKX,T2,XIY,T2,MU,A321
MU2031,14:45:00,19:29:00,60,PEK,T1,SHE,T3,MU,ARJ21
MU2032,18:35:00,23:36:00,70,KMG,T3,CKG,T2,MU,B738
MU2033,18:25:00,21:29:00,70,HET,T1,WEH,T3,MU,C919
MU2035,15:40:00,18:14:00,90,TFU,T1,YNT,T1,MU,A319
MU2039,13:35:00,18:22:00,50,SHA,T2,ZUH,T1,MU,A359
MU2056,14:05:00,17:04:00,90,ZUH,T3,SHE,T2,MU,A320
MU2062,21:20:00,23:20:00,70,HGH,T2,NGB,T1,MU,A332
MU2077,22:00:00,1:13:00,90,SZX,T2,LXA,T3,MU,B738
MU2096,8:45:00,12:50:00,70,SZX,T1,CKG,T3,MU,B789
MU2097,17:20:00,22:25:00,70,PVG,T2,KWE,T3,MU,A321
MU2099,13:05:00,16:17:00,90,PEK,T1,HET,T1,MU,B738
MU2100,19:20:00,22:59:00,50,SZX,T1,KHN,T3,MU,B738
MU2101,20:35:00,0:06:00,60,CAN,T1,NNG,T2,MU,ARJ21
MU2102,13:10:00,15:13:00,50,SHA,T3,XUZ,T3,MU,B738
MU2103,10:30:00,12:40:00,50,PKX,T3,ZUH,T3,MU,A321
MU2107,19:55:00,22:51:00,70,SHA,T2,CKG,T3,MU,A319
MU2120,14:55:00,17:40:00,70,ZUH,T2,XMN,T1,MU,ARJ21
MU2121,17:20:00,20:52:00,50,CSX,T2,XMN,T2,MU,C919
MU2128,19:45:00,22:42:00,50,TFU,T1,XMN,T2,MU,A359
MU2141,11:45:00,13:26:00,50,XIY,T3,XNN,T1,MU,A320
MU2142,15:40:00,18:29:00,50,KMG,T3,JJN,T2,MU,A319
MU2145,11:30:00,16:27:00,60,SZX,T1,TFU,T2,MU,A359
MU2163,8:50:00,10:55:00,70,TFU,T3,INC,T1,MU,B738
MU2181,12:50:00,15:56:00,60,PVG,T1,LHW,T3,MU,ARJ21
MU2185,11:30:00,15:17:00,70,SHA,T3,TFU,T1,MU,A332
MU2213,19:00:00,21:16:00,50,TFU,T2,SHA,T2,MU,A359
MU2218,21:25:00,2:05:00,90,CAN,T1,DLC,T1,MU,ARJ21
MU2220,18:35:00,21:19:00,90,PKX,T3,LYA,T2,MU,A319
MU2235,10:55:00,15:45:00,60,KWE,T2,NNG,T1,MU,ARJ21
MU2236,16:10:00,19:00:00,70,ZUH,T3,KWE,T2,MU,A321
MU2238,17:50:00,22:17:00,70,CTU,T1,LHW,T3,MU,B789
MU2241,10:15:00,13:09:00,90,PEK,T3,NTG,T1,MU,B738
MU2243,12:45:00,16:06:00,50,SZX,T2,NTG,T3,MU,ARJ21
MU2249,9:10:00,13:02:00,60,XIY,T2,LXA,T1,MU,A319
MU2254,23:50:00,3:47:00,90,PVG,T2,ZUH,T2,MU,A333
MU2255,15:35:00,16:56:00,70,LXA,T1,LHW,T1,MU,A321
MU2264,19:15:00,23:55:00,70,HET,T3,LHW,T2,MU,ARJ21
MU2270,8:15:00,13:02:00,50,TFU,T2,WEH,T2,MU,A320
MU2276,14:00:00,15:36:00,50,SHA,T3,SZX,T1,MU,B789
MU2277,15:35:00,19:25:00,90,PEK,T2,URC,T1,MU,B789
MU2282,19:55:00,21:50:00,90,SHA,T1,HIA,T2,MU,A319
MU2290,21:20:00,1:06:00,90,XIY,T1,WNZ,T3,MU,ARJ21
MU2303,22:50:00,3:50:00,50,WUH,T2,NTG,T1,MU,ARJ21
MU2313,17:20:00,21:05:00,50,SHA,T2,HIA,T2,MU,B738
MU2323,15:35:00,18:14:00,70,CZX,T1,PKX,T2,MU,A319
MU2324,18:25:00,20:34:00,90,HET,T2,INC,T1,MU,A321
MU2326,12:20:00,14:41:00,60,PEK,T3,CSX,T1,MU,A320
MU2330,11:15:00,13:11:00,50,WNZ,T3,KWL,T1,MU,A333
MU2345,13:10:00,17:47:00,50,KMG,T3,XNN,T2,MU,A321
MU2349,17:30:00,22:10:00,90,KMG,T2,XIY,T3,MU,B738
MU2352,11:35:00,14:46:00,90,CAN,T1,TSN,T1,MU,A333
MU2359,16:20:00,18:33:00,50,PKX,T3,WUX,T3,MU,ARJ21
MU2369,12:15:00,13:46:00,90,SHE,T1,SZX,T2,MU,B738
MU2375,13:45:00,17:44:00,60,KMG,T2,SHA,T3,MU,ARJ21
MU2376,7:15:00,8:49:00,70,PKX,T3,PEK,T2,MU,B738
MU2404,9:10:00,11:04:00,90,PVG,T1,TNA,T2,MU,B738
MU2407,20:15:00,22:17:00,90,XIY,T1,URC,T3,MU,A321
MU2408,11:50:00,14:57:00,50,HRB,T2,PKX,T3,MU,B738
MU2413,17:35:00,20:28:00,60,KMG,T2,HIA,T1,MU,B738
MU2418,23:20:00,4:20:00,50,PVG,T2,TNA,T1,MU,A319
MU2424,9:05:00,13:56:00,50,TFU,T2,WUH,T2,MU,A319
MU2429,11:40:00,16:13:00,70,ZUH,T1,FOC,T3,MU,A319
MU2431,17:45:00,21:11:00,50,CTU,T3,WNZ,T3,MU,ARJ21
MU2433,9:10:00,11:26:00,70,WUH,T2,SYX,T1,MU,ARJ21
MU2440,14:20:00,17:15:00,60,XIY,T1,HIA,T1,MU,B738
MU2449,19:35:00,23:22:00,60,YTY,T3,HFE,T1,MU,A320
MU2455,17:35:00,20:55:00,50,XIY,T2,NKG,T1,MU,ARJ21
MU2456,11:30:00,15:50:00,60,SYX,T2,DLC,T2,MU,A321
MU2459,21:00:00,0:09:00,60,DLC,T2,SYX,T3,MU,C919
MU2463,17:10:00,19:29:00,50,HAK,T3,SZX,T3,MU,ARJ21
MU2466,22:20:00,0:12:00,60,SZX,T1,JJN,T1,MU,C919
MU2475,12:30:00,14:22:00,90,SHA,T2,HFE,T2,MU,A320
MU2478,19:45:00,22:34:00,90,SHA,T3,CSX,T2,MU,A320
MU2482,14:10:00,18:23:00,50,CAN,T1,LHW,T1,MU,A321
MU2485,11:20:00,12:29:00,50,TFU,T1,TAO,T1,MU,A321
MU2489,7:20:00,9:40:00,60,SZX,T3,URC,T3,MU,B738
MU2492,18:55:00,20:51:00,90,CTU,T3,HGH,T3,MU,C919
MU2497,16:00:00,18:16:00,60,TFU,T2,YNT,T2,MU,A321
MU2505,15:55:00,20:53:00,70,XIY,T3,LYA,T3,MU,A332
MU2509,17:50:00,20:55:00,50,TAO,T2,CGO,T3,MU,C919
MU2514,19:25:00,23:33:00,90,XIY,T3,KMG,T1,MU,A319
MU2515,14:15:00,17:36:00,70,CTU,T2,NKG,T3,MU,ARJ21
MU2516,9:40:00,12:48:00,70,PEK,T3,WUX,T1,MU,B738
MU2518,22:35:00,0:54:00,70,SHE,T2,TNA,T1,MU,ARJ21
MU2519,17:50:00,22:32:00,70,KMG,T3,HET,T2,MU,C919
MU2524,23:15:00,2:21:00,70,XIY,T2,HFE,T3,MU,B738
MU2525,20:55:00,22:38:00,90,HFE,T1,HIA,T3,MU,C919
MU2536,20:35:00,22:23:00,60,XIY,T1,KWL,T1,MU,ARJ21
MU2541,17:10:00,19:59:00,70,PVG,T3,YNT,T2,MU,A319
MU2544,17:50:00,21:04:00,60,WNZ,T1,XIY,T3,MU,A320
MU2545,7:10:00,9:39:00,90,CTU,T2,TFU,T3,MU,A319
MU2562,14:05:00,15:54:00,90,SHA,T3,HGH,T1,MU,B738
MU2568,16:50:00,19:31:00,60,TFU,T1,KWE,T2,MU,A333
MU2570,19:20:00,21:08:00,50,TFU,T1,INC,T3,MU,A321
MU2572,7:55:00,10:37:00,60,SZX,T1,HET,T3,MU,A321
MU2585,23:15:00,0:59:00,90,LHW,T1,HRB,T2,MU,ARJ21
MU2589,18:40:00,23:38:00,90,WEH,T3,NKG,T3,MU,C919
MU2591,22:00:00,1:27:00,70,TSN,T2,PKX,T1,MU,A320
MU2600,20:05:00,23:41:00,90,PKX,T2,XMN,T1,MU,ARJ21
MU2606,13:10:00,15:35:00,50,CTU,T2,ZUH,T3,MU,B738
MU2607,17:40:00,19:40:00,60,PKX,T3,XMN,T1,MU,C919
MU2640,10:50:00,12:36:00,50,CAN,T2,CKG,T1,MU,A319
MU2647,20:40:00,22:51:00,70,KMG,T2,WEH,T2,MU,A320
MU2649,13:00:00,17:51:00,90,SZX,T1,WUH,T2,MU,A319
MU2660,17:55:00,21:48:00,50,TFU,T1,XIY,T2,MU,ARJ21
MU2661,6:00:00,8:00:00,50,CTU,T1,TFU,T2,MU,A319
MU2668,11:30:00,16:12:00,60,TFU,T2,WUX,T3,MU,A320
MU2671,19:55:00,23:22:00,90,HUZ,T1,YTY,T3,MU,A320
MU2685,17:55:00,22:23:00,60,KMG,T2,PVG,T3,MU,A319
MU2690,11:40:00,15:12:00,90,SHE,T3,TAO,T1,MU,A320
MU2703,14:10:00,17:19:00,90,YNT,T1,TYN,T1,MU,A319
MU2711,9:15:00,14:11:00,90,PKX,T3,TAO,T2,MU,C919
MU2739,18:55:00,21:27:00,50,KMG,T3,INC,T3,MU,ARJ21
MU2740,15:20:00,19:10:00,50,LXA,T3,CTU,T3,MU,A319
MU2757,18:45:00,21:26:00,90,TFU,T3,YNT,T2,MU,B738
MU2759,20:45:00,22:45:00,70,KMG,T3,NGB,T1,MU,B738
MU2761,15:50:00,17:55:00,60,TFU,T1,KMG,T1,MU,A319
MU2762,7:45:00,12:00:00,60,SYX,T3,LYA,T2,MU,C919
MU2784,16:05:00,20:34:00,70,CAN,T1,INC,T3,MU,A319
MU2785,22:40:00,3:19:00,90,CAN,T1,HAK,T2,MU,B738
MU2788,11:20:00,13:04:00,60,PKX,T2,CZX,T3,MU,B738
MU2796,16:00:00,17:46:00,50,XIY,T2,LYA,T1,MU,A319
MU2797,10:25:00,12:18:00,70,NGB,T1,YTY,T3,MU,B738
MU2800,8:50:00,12:36:00,70,CAN,T2,TNA,T2,MU,C919
MU2801,7:05:00,9:49:00,70,LXA,T3,NTG,T2,MU,A333
MU2803,10:35:00,15:36:00,70,XMN,T3,KWE,T3,MU,A321
MU2807,20:15:00,22:56:00,50,CAN,T3,SHE,T3,MU,A319
MU2811,23:20:00,3:04:00,90,TYN,T2,SHA,T3,MU,ARJ21
MU2823,22:50:00,2:26:00,60,XIY,T3,NGB,T3,MU,ARJ21
MU2825,23:45:00,4:40:00,60,DLC,T3,FOC,T1,MU,A319
MU2826,17:15:00,20:54:00,70,PVG,T3,KWE,T1,MU,ARJ21
MU2830,14:25:00,18:19:00,50,KMG,T1,HFE,T1,MU,A321
MU2831,23:35:00,2:48:00,50,CAN,T1,PEK,T3,MU,B738
MU2832,10:50:00,15:25:00,50,XIY,T2,DLC,T3,MU,A321
MU2835,19:15:00,22:17:00,70,TFU,T3,INC,T3,MU,B738
MU2836,12:25:00,14:10:00,90,CAN,T1,XIY,T1,MU,B738
MU2838,15:45:00,17:52:00,60,PVG,T3,SYX,T3,MU,B789
MU2849,18:15:00,22:08:00,90,INC,T2,PEK,T2,MU,A320
MU2856,23:25:00,3:12:00,50,JJN,T3,CGO,T1,MU,A320
MU2857,19:20:00,0:29:00,90,CTU,T1,LXA,T3,MU,A320
MU2863,16:40:00,20:25:00,50,PVG,T1,INC,T3,MU,A359
MU2866,7:35:00,12:31:00,70,CTU,T1,SZX,T2,MU,A319
MU2870,11:50:00,14:55:00,90,PEK,T3,HFE,T1,MU,ARJ21
MU2875,22:00:00,0:06:00,60,CTU,T2,SZX,T2,MU,A359
MU2882,21:30:00,0:09:00,70,KHN,T3,NNG,T1,MU,B738
MU2883,7:40:00,12:42:00,60,PKX,T1,WUH,T1,MU,ARJ21
MU2885,23:15:00,1:59:00,90,SZX,T1,TSN,T2,MU,ARJ21
MU2899,11:55:00,13:53:00,70,TFU,T1,SZX,T2,MU,A321
MU2904,9:40:00,11:43:00,90,KMG,T3,PVG,T1,MU,C919
MU2914,10:55:00,12:56:00,60,CAN,T3,CTU,T2,MU,ARJ21
MU2927,6:35:00,8:29:00,90,CAN,T1,DLC,T3,MU,B738
MU2947,9:00:00,11:35:00,60,PVG,T1,CKG,T1,MU,A333
MU2953,10:50:00,15:06:00,90,SZX,T2,KMG,T1,MU,A319
MU2956,7:55:00,11:12:00,60,PKX,T3,SZX,T3,MU,B738
MU2960,17:20:00,19:34:00,50,TFU,T3,WNZ,T1,MU,A320
MU2962,23:15:00,2:10:00,60,XUZ,T2,HIA,T3,MU,A319
MU2964,16:10:00,21:17:00,60,ZUH,T3,URC,T1,MU,ARJ21
MU2978,16:00:00,18:46:00,50,XIY,T1,ZUH,T3,MU,ARJ21
MU2983,23:40:00,3:08:00,60,CAN,T3,TYN,T2,MU,A319
MU2985,14:40:00,17:40:00,70,TAO,T3,CZX,T1,MU,A319
MU2993,6:15:00,8:25:00,60,CAN,T2,NNG,T2,MU,C919
MU2996,16:55:00,20:59:00,50,PKX,T2,KWE,T3,MU,A321
MU2998,20:50:00,0:16:00,60,LYA,T2,FOC,T2,MU,C919
MU3003,18:25:00,23:10:00,70,KMG,T2,PKX,T3,MU,ARJ21
MU3014,21:25:00,0:17:00,70,SYX,T1,LYA,T1,MU,C919
MU3015,19:55:00,23:12:00,50,PKX,T3,SZX,T2,MU,A333
MU3021,7:50:00,11:55:00,60,KMG,T3,CSX,T3,MU,B738
MU3023,8:55:00,11:17:00,50,HGH,T1,WEH,T3,MU,B738
MU3024,15:20:00,18:40:00,60,PKX,T1,WUX,T3,MU,A321
MU3026,22:45:00,1:51:00,50,PVG,T2,HRB,T2,MU,A333
MU3036,17:25:00,21:04:00,70,PEK,T1,KHN,T1,MU,ARJ21
MU3052,16:20:00,21:19:00,60,SHA,T1,KMG,T3,MU,C919
MU3058,12:35:00,16:01:00,60,PKX,T2,LXA,T1,MU,A319
MU3060,11:15:00,15:22:00,50,SHE,T2,TYN,T2,MU,A321
MU3083,21:40:00,0:30:00,60,PKX,T3,URC,T2,MU,A320
MU3086,23:10:00,3:37:00,60,HAK,T1,CKG,T2,MU,A319
MU3109,14:25:00,16:57:00,90,TFU,T2,YTY,T2,MU,C919
MU3114,15:00:00,16:26:00,90,KMG,T2,KWL,T2,MU,C919
MU3126,14:45:00,17:40:00,70,XNN,T3,CSX,T1,MU,A320
MU3128,15:40:00,19:16:00,90,XNN,T2,TSN,T1,MU,ARJ21
MU3130,18:15:00,23:07:00,60,TFU,T1,HAK,T3,MU,A321
MU3133,10:35:00,13:10:00,60,PEK,T1,SHA,T2,MU,A321
MU3135,21:25:00,23:58:00,90,SHA,T2,TAO,T2,MU,A319
MU3137,19:25:00,22:47:00,70,CAN,T1,XNN,T2,MU,A332
MU3140,22:20:00,3:28:00,60,PKX,T2,LXA,T3,MU,B789
MU3166,21:10:00,0:00:00,70,INC,T1,HET,T2,MU,A320
MU3172,20:40:00,1:25:00,90,CAN,T2,KWE,T1,MU,ARJ21
MU3193,16:20:00,18:50:00,50,TFU,T1,NTG,T1,MU,A320
MU3196,17:45:00,20:13:00,70,XIY,T3,SHE,T2,MU,ARJ21
MU3201,18:00:00,20:38:00,50,XIY,T1,URC,T1,MU,B738
MU3213,19:05:00,23:50:00,50,PVG,T1,WUX,T1,MU,A321
MU3215,23:15:00,1:45:00,60,KWL,T3,FOC,T1,MU,B738
MU3233,20:15:00,22:22:00,60,PEK,T3,WNZ,T3,MU,B738
MU3236,14:35:00,18:10:00,70,XMN,T3,JJN,T1,MU,A320
MU3245,11:35:00,14:00:00,90,LYA,T1,YNT,T2,MU,B789
MU3252,14:55:00,16:37:00,70,PEK,T2,PVG,T3,MU,A333
MU3263,23:00:00,3:30:00,90,SZX,T1,HRB,T1,MU,B738
MU3264,9:50:00,14:29:00,50,TAO,T3,CAN,T1,MU,A320
MU3266,16:55:00,19:01:00,60,PVG,T2,CZX,T1,MU,A321
MU3271,18:50:00,23:40:00,50,TFU,T3,XNN,T2,MU,A321
MU3278,20:50:00,1:38:00,90,CAN,T1,NKG,T3,MU,C919
MU3291,23:45:00,4:28:00,70,PKX,T3,KMG,T3,MU,ARJ21
MU3296,11:15:00,14:40:00,70,TYN,T2,WUX,T3,MU,B738
MU3305,17:15:00,21:47:00,60,PVG,T3,NGB,T2,MU,B738
MU3318,15:55:00,19:18:00,70,PEK,T2,NNG,T2,MU,A319
MU3321,9:25:00,12:17:00,60,WUX,T2,DLC,T1,MU,A321
MU3324,13:45:00,17:42:00,70,PVG,T1,DLC,T3,MU,C919
MU3328,16:20:00,19:57:00,50,CAN,T3,XUZ,T3,MU,A321
MU3329,19:25:00,23:00:00,90,XIY,T3,HRB,T1,MU,ARJ21
MU3331,23:40:00,1:26:00,70,SZX,T3,NGB,T2,MU,C919
MU3339,6:55:00,10:20:00,90,CZX,T1,HET,T3,MU,A319
MU3347,13:30:00,18:38:00,70,HFE,T2,TFU,T3,MU,A319
MU3355,12:20:00,16:08:00,70,KMG,T2,HFE,T2,MU,B738
MU3360,7:10:00,9:08:00,60,WEH,T3,HAK,T3,MU,B738
MU3371,10:20:00,12:36:00,90,LXA,T1,PEK,T3,MU,C919
MU3373,16:15:00,19:54:00,50,SZX,T1,XMN,T1,MU,A320
MU3374,12:45:00,17:28:00,70,SHA,T2,YTY,T2,MU,A332
MU3377,6:25:00,10:20:00,50,PKX,T1,WUX,T1,MU,ARJ21
MU3388,7:05:00,10:52:00,90,CAN,T2,PEK,T3,MU,A320
MU3391,17:05:00,18:48:00,60,TFU,T3,LHW,T3,MU,C919
MU3392,6:50:00,11:50:00,50,PEK,T2,LHW,T3,MU,A320
MU3399,6:55:00,9:14:00,60,ZUH,T1,URC,T1,MU,A320
MU3400,23:50:00,1:04:00,70,CTU,T1,CGO,T1,MU,A319
MU3412,23:25:00,1:15:00,50,TSN,T3,TYN,T1,MU,A319
MU3414,15:30:00,20:04:00,60,PVG,T2,WEH,T1,MU,A320
MU3428,23:50:00,4:03:00,90,XIY,T1,CTU,T3,MU,A320
MU3445,14:30:00,19:37:00,90,HET,T3,KWE,T2,MU,A359
MU3446,16:45:00,20:42:00,70,SHA,T3,CKG,T2,MU,A320
MU3452,22:10:00,23:58:00,70,INC,T3,LXA,T2,MU,A320
MU3468,10:20:00,12:39:00,70,TFU,T3,LXA,T3,MU,C919
MU3490,18:45:00,22:14:00,50,CAN,T1,TAO,T3,MU,A333
MU3495,19:30:00,22:21:00,60,CAN,T3,WUX,T2,MU,B738
MU3496,22:50:00,23:56:00,50,CTU,T3,CKG,T2,MU,A320
MU3500,23:40:00,1:38:00,90,PEK,T2,SHE,T3,MU,A319
MU3506,21:25:00,0:04:00,90,SHA,T1,TAO,T2,MU,B738
MU3507,21:45:00,2:48:00,70,SZX,T3,WEH,T1,MU,B738
MU3508,16:05:00,18:58:00,60,CAN,T3,SZX,T2,MU,ARJ21
MU3527,9:20:00,12:36:00,70,HFE,T2,LXA,T2,MU,A319
MU3529,16:25:00,20:51:00,70,PKX,T3,SHA,T3,MU,A321
MU3531,20:30:00,23:54:00,60,TFU,T3,YTY,T3,MU,A319
MU3541,17:55:00,22:53:00,60,CAN,T1,XUZ,T3,MU,B789
MU3550,8:15:00,12:17:00,70,SZX,T2,JJN,T3,MU,A321
MU3558,11:30:00,13:25:00,50,CAN,T2,ZUH,T2,MU,A319
MU3562,22:40:00,2:11:00,70,PVG,T3,KHN,T2,MU,A320
MU3574,13:00:00,15:10:00,90,SHA,T2,LXA,T2,MU,B738
MU3578,10:25:00,14:18:00,90,TFU,T3,NGB,T1,MU,A321
MU3582,14:45:00,18:12:00,90,SHA,T3,CKG,T3,MU,A320
MU3585,18:40:00,21:56:00,90,XIY,T3,CGO,T2,MU,ARJ21
MU3590,7:30:00,10:36:00,60,FOC,T2,NTG,T3,MU,A321
MU3592,20:55:00,23:47:00,70,HIA,T2,YTY,T2,MU,A321
MU3595,8:00:00,13:09:00,90,SHA,T1,CTU,T1,MU,A333
MU3601,15:10:00,18:08:00,70,CAN,T1,XUZ,T3,MU,A333
MU3602,17:25:00,21:52:00,70,CAN,T2,NGB,T2,MU,B738
MU3603,17:00:00,18:59:00,50,SYX,T2,PVG,T3,MU,A320
MU3604,8:35:00,12:51:00,50,SZX,T3,DLC,T3,MU,A319
MU3608,10:45:00,14:29:00,60,KHN,T1,XIY,T1,MU,A320
MU3609,15:10:00,17:31:00,50,SYX,T3,PEK,T1,MU,A319
MU3614,11:05:00,16:08:00,90,CTU,T1,HUZ,T1,MU,A320
MU3615,18:50:00,22:06:00,90,NTG,T1,PEK,T3,MU,A359
MU3619,10:10:00,15:16:00,60,HGH,T3,NTG,T3,MU,A321
MU3623,18:55:00,20:39:00,90,INC,T1,NKG,T3,MU,A321
MU3630,23:00:00,3:57:00,60,INC,T2,KMG,T3,MU,B738
MU3635,15:45:00,17:31:00,70,XIY,T3,XNN,T1,MU,A333
MU3643,19:50:00,22:30:00,70,JJN,T1,SYX,T3,MU,C919
MU3645,12:45:00,14:45:00,90,TFU,T3,WUX,T2,MU,A319
MU3655,16:40:00,18:50:00,50,NNG,T2,HUZ,T3,MU,A333
MU3663,6:25:00,9:19:00,70,PVG,T3,INC,T3,MU,A321
MU3670,20:25:00,1:03:00,90,CAN,T1,WUX,T1,MU,ARJ21
MU3673,11:45:00,14:18:00,70,CAN,T2,XMN,T1,MU,A333
MU3674,18:20:00,20:23:00,50,PKX,T1,FOC,T3,MU,ARJ21
MU3676,21:05:00,23:00:00,70,SHA,T3,WEH,T3,MU,A333
MU3682,7:10:00,10:40:00,90,CTU,T2,XUZ,T2,MU,A320
MU3686,23:05:00,4:04:00,60,PVG,T3,HET,T3,MU,A333
MU3711,18:00:00,21:09:00,70,XIY,T2,CKG,T3,MU,C919
MU3716,8:50:00,13:55:00,60,LXA,T2,HET,T1,MU,A319
MU3718,14:50:00,18:07:00,70,CTU,T2,HGH,T1,MU,B789
MU3719,22:25:00,0:46:00,70,INC,T1,NTG,T1,MU,A320
MU3733,19:25:00,0:26:00,90,SHA,T1,URC,T1,MU,A321
MU3734,13:45:00,15:35:00,90,DLC,T3,WNZ,T3,MU,A320
MU3735,16:25:00,18:56:00,50,CAN,T2,HAK,T2,MU,A320
MU3736,23:30:00,1:48:00,90,LYA,T3,NGB,T2,MU,A321
MU3738,14:00:00,17:41:00,70,KMG,T1,XIY,T3,MU,ARJ21
MU3741,6:00:00,9:15:00,70,SHA,T1,WNZ,T1,MU,A319
MU3746,9:50:00,11:44:00,60,HIA,T2,HFE,T1,MU,A320
MU3752,9:25:00,11:40:00,50,KMG,T1,CKG,T1,MU,A320
MU3755,7:30:00,11:06:00,90,PKX,T2,WEH,T1,MU,B738
MU3756,8:55:00,13:51:00,90,LYA,T2,KHN,T2,MU,A319
MU3757,8:20:00,10:11:00,50,KMG,T3,WNZ,T1,MU,B738
MU3763,20:05:00,0:46:00,70,CTU,T3,JJN,T2,MU,A333
MU3768,6:55:00,11:26:00,90,KMG,T1,SZX,T3,MU,A320
MU3775,22:55:00,1:27:00,50,XNN,T1,HUZ,T3,MU,B738
MU3783,11:45:00,15:03:00,90,CZX,T2,NTG,T2,MU,ARJ21
MU3790,10:40:00,14:52:00,90,WUH,T1,NKG,T3,MU,A319
MU3797,14:30:00,17:24:00,90,SZX,T2,JJN,T3,MU,B738
MU3798,6:45:00,9:55:00,90,PKX,T2,ZUH,T3,MU,ARJ21
MU3800,12:05:00,16:00:00,60,HFE,T1,TAO,T2,MU,A319
MU3801,11:55:00,16:35:00,70,XIY,T3,JJN,T3,MU,B789
MU3806,20:40:00,0:06:00,90,TFU,T2,JJN,T2,MU,A321
MU3808,10:20:00,13:16:00,70,CTU,T2,XNN,T2,MU,A333
MU3827,19:40:00,22:13:00,70,SHA,T1,CZX,T3,MU,A332
MU3830,22:40:00,1:46:00,90,SHE,T3,YNT,T3,MU,A319
MU3835,11:10:00,14:45:00,70,PEK,T1,SZX,T3,MU,C919
MU3840,16:45:00,21:08:00,50,PVG,T2,HGH,T1,MU,A320
MU3843,22:05:00,0:12:00,50,XIY,T3,SHE,T1,MU,A319
MU3846,16:55:00,21:59:00,50,CZX,T3,YNT,T3,MU,C919
MU3847,12:25:00,16:40:00,70,SZX,T1,PVG,T3,MU,A359
MU3852,14:20:00,15:47:00,60,PKX,T2,PEK,T1,MU,ARJ21
MU3857,18:55:00,21:59:00,50,XMN,T1,ZUH,T1,MU,B738
MU3858,22:20:00,1:09:00,70,XNN,T1,CZX,T1,MU,A321
MU3861,14:35:00,19:08:00,70,TAO,T1,NGB,T3,MU,B738
MU3868,12:25:00,14:37:00,50,PEK,T3,NGB,T1,MU,A320
MU3869,21:15:00,2:24:00,60,PVG,T3,KWL,T1,MU,A333
MU3880,20:45:00,1:26:00,50,SZX,T2,CZX,T2,MU,B789
MU3890,18:25:00,23:33:00,60,SZX,T3,HIA,T2,MU,B738
MU3893,19:55:00,22:09:00,70,HGH,T3,FOC,T2,MU,A333
MU3894,16:05:00,17:12:00,70,KMG,T1,KHN,T3,MU,ARJ21
MU3895,22:55:00,0:37:00,50,SHA,T1,YNT,T1,MU,ARJ21
MU3926,10:00:00,13:34:00,70,NGB,T1,KWL,T1,MU,A321
MU3927,19:30:00,21:31:00,70,KHN,T3,DLC,T3,MU,A319
MU3939,18:25:00,23:21:00,60,CAN,T2,PVG,T1,MU,A321
MU3941,23:15:00,2:16:00,90,XIY,T2,INC,T1,MU,A321
MU3949,14:05:00,16:52:00,90,CGO,T2,PEK,T1,MU,A320
MU3953,9:25:00,12:09:00,60,LHW,T3,ZUH,T2,MU,A321
MU3956,16:50:00,19:47:00,90,KMG,T3,XNN,T3,MU,ARJ21
MU3957,11:00:00,13:54:00,90,HFE,T3,CAN,T3,MU,C919
MU3958,7:05:00,10:07:00,60,XIY,T3,FOC,T1,MU,A320
MU3963,22:50:00,3:42:00,50,CAN,T1,FOC,T2,MU,A319
MU3967,13:55:00,15:56:00,90,TFU,T3,PKX,T2,MU,C919
MU3968,16:35:00,20:44:00,90,CTU,T3,WNZ,T3,MU,C919
MU3972,22:30:00,0:33:00,70,SZX,T2,FOC,T3,MU,A319
MU3988,13:40:00,16:04:00,60,CTU,T1,XIY,T1,MU,ARJ21
MU3992,9:40:00,12:19:00,60,PKX,T1,CSX,T3,MU,A319
MU4002,12:35:00,16:01:00,90,SHA,T1,TFU,T3,MU,ARJ21
MU4006,18:40:00,23:12:00,60,PEK,T2,WNZ,T1,MU,C919
MU4010,7:55:00,12:50:00,70,CTU,T1,KHN,T3,MU,C919
MU4012,13:40:00,17:12:00,60,XIY,T2,KWL,T3,MU,A319
MU4030,17:20:00,19:32:00,50,XMN,T2,ZUH,T2,MU,C919
MU4044,10:10:00,12:18:00,90,PVG,T2,PKX,T3,MU,A320
MU4052,21:30:00,23:12:00,60,SHA,T1,CTU,T3,MU,C919
MU4055,13:00:00,14:27:00,90,HRB,T3,HET,T3,MU,A321
MU4060,10:50:00,14:22:00,50,PEK,T2,HAK,T1,MU,A332
MU4070,15:50:00,20:42:00,90,TNA,T3,CGO,T1,MU,A320
MU4084,8:10:00,11:19:00,50,TFU,T2,URC,T2,MU,ARJ21
MU4086,17:30:00,22:16:00,70,CTU,T1,KHN,T1,MU,B738
MU4105,21:10:00,0:51:00,60,PEK,T2,HET,T3,MU,A359
MU4116,12:25:00,17:04:00,60,KHN,T2,CZX,T1,MU,B738
MU4125,23:25:00,3:51:00,90,SZX,T1,LYA,T3,MU,C919
MU4127,11:00:00,15:37:00,60,CTU,T3,HRB,T1,MU,A321
MU4129,19:55:00,23:01:00,90,JJN,T3,DLC,T3,MU,A320
MU4138,11:55:00,14:49:00,90,PEK,T3,XUZ,T3,MU,A332
MU4142,23:20:00,1:19:00,50,LXA,T2,TFU,T3,MU,A319
MU4144,21:40:00,0:48:00,90,KMG,T3,LHW,T1,MU,B789
MU4153,11:05:00,14:27:00,90,JJN,T2,DLC,T1,MU,A319
MU4156,15:25:00,19:37:00,70,PVG,T3,XUZ,T3,MU,A321
MU4162,15:35:00,19:58:00,50,WNZ,T2,CGO,T1,MU,A321
MU4164,11:50:00,16:27:00,90,URC,T3,HET,T1,MU,B738
MU4166,17:30:00,22:27:00,70,FOC,T1,DLC,T1,MU,B738
MU4171,10:55:00,15:47:00,60,SZX,T3,LXA,T3,MU,A320
MU4172,7:35:00,8:52:00,70,KHN,T3,KWE,T3,MU,A319
MU4175,8:35:00,10:48:00,90,KMG,T1,WEH,T2,MU,A320
MU4185,13:20:00,16:55:00,90,LHW,T1,NGB,T2,MU,B738
MU4190,7:05:00,11:53:00,50,XIY,T3,HET,T3,MU,A321
MU4194,17:40:00,20:56:00,70,PEK,T3,HFE,T2,MU,B738
MU4201,19:40:00,23:07:00,90,PEK,T2,URC,T3,MU,B738
MU4202,21:45:00,0:28:00,60,SZX,T3,HUZ,T3,MU,A321
MU4203,18:10:00,21:03:00,60,TFU,T1,YNT,T2,MU,C919
MU4209,14:05:00,18:22:00,60,SHA,T1,CGO,T2,MU,A319
MU4222,8:25:00,10:07:00,60,TFU,T1,LYA,T2,MU,A320
MU4251,23:45:00,3:16:00,50,KMG,T3,SHA,T1,MU,C919
MU4259,9:50:00,11:35:00,90,XIY,T2,NNG,T1,MU,A333
MU4265,18:15:00,21:53:00,50,TFU,T2,NGB,T3,MU,ARJ21
MU4266,22:30:00,2:36:00,70,SZX,T3,PVG,T3,MU,A332
MU4268,23:30:00,1:33:00,60,SHA,T2,SYX,T2,MU,A332
MU4277,15:30:00,17:11:00,50,CAN,T3,CSX,T1,MU,A333
MU4285,14:10:00,18:30:00,90,SZX,T1,DLC,T1,MU,B738
MU4287,7:20:00,9:57:00,90,PVG,T1,SHA,T2,MU,A321
MU4288,13:30:00,17:39:00,90,PVG,T1,SZX,T2,MU,ARJ21
MU4289,20:20:00,23:10:00,70,KWE,T1,WNZ,T2,MU,ARJ21
MU4290,21:05:00,23:08:00,60,LXA,T1,XUZ,T1,MU,B738
MU4291,20:00:00,22:10:00,70,HFE,T3,XNN,T1,MU,A320
MU4297,8:40:00,11:46:00,60,SZX,T1,HET,T1,MU,ARJ21
MU4300,6:00:00,9:15:00,90,SZX,T3,YTY,T1,MU,A320
MU4303,11:20:00,13:29:00,90,HIA,T1,ZUH,T2,MU,ARJ21
MU4304,22:15:00,2:17:00,70,SZX,T2,HFE,T2,MU,ARJ21
MU4306,9:35:00,12:06:00,70,SHA,T1,CGO,T2,MU,C919
MU4308,11:55:00,15:34:00,50,SHA,T2,NTG,T3,MU,A319
MU4311,17:20:00,21:02:00,90,SHA,T2,KWE,T2,MU,A320
MU4315,7:20:00,11:24:00,70,PKX,T2,WNZ,T1,MU,B738
MU4318,12:20:00,16:32:00,60,SHE,T1,TYN,T3,MU,A321
MU4320,8:40:00,13:22:00,60,NGB,T2,PEK,T2,MU,A321
MU4323,6:20:00,10:31:00,70,INC,T2,CZX,T2,MU,B738
MU4326,7:20:00,10:39:00,90,SZX,T1,HAK,T2,MU,A321
MU4336,11:15:00,12:53:00,50,WUX,T2,WNZ,T2,MU,ARJ21
MU4345,14:05:00,16:59:00,90,PKX,T2,URC,T2,MU,A332
MU4349,18:05:00,22:58:00,60,TFU,T3,SYX,T3,MU,A321
MU4353,12:55:00,16:43:00,90,PVG,T2,NTG,T3,MU,A333
MU4356,6:55:00,10:54:00,50,TNA,T1,LHW,T2,MU,A320
MU4357,10:50:00,14:42:00,50,SHA,T1,NTG,T1,MU,A320
MU4364,11:50:00,14:51:00,50,SZX,T1,CZX,T2,MU,A321
MU4366,13:45:00,17:38:00,90,HUZ,T1,WEH,T1,MU,A321
MU4367,21:45:00,23:32:00,90,LXA,T1,CTU,T3,MU,ARJ21
MU4369,16:50:00,21:42:00,60,KMG,T3,HUZ,T3,MU,A321
MU4370,20:35:00,0:04:00,50,PEK,T2,CTU,T2,MU,A319
MU4375,22:05:00,23:21:00,50,SYX,T3,SHA,T3,MU,A320
MU4378,11:50:00,14:03:00,90,FOC,T1,CGO,T1,MU,B738
MU4379,7:45:00,10:57:00,70,PKX,T3,NGB,T1,MU,A320
MU4380,13:40:00,17:29:00,50,NKG,T3,FOC,T2,MU,A319
MU4403,23:05:00,2:24:00,90,PVG,T1,INC,T3,MU,ARJ21
MU4405,7:15:00,8:54:00,90,KMG,T1,KWL,T3,MU,A320
MU4411,23:10:00,3:57:00,60,LYA,T2,URC,T1,MU,A333
MU4412,22:30:00,1:41:00,90,NNG,T1,LXA,T1,MU,C919
MU4420,16:35:00,20:08:00,70,TNA,T3,DLC,T2,MU,C919
MU4442,8:25:00,12:21:00,70,XMN,T2,NNG,T3,MU,C919
MU4444,10:05:00,14:59:00,60,NKG,T1,TFU,T2,MU,C919
MU4451,14:05:00,17:40:00,50,SHA,T2,XUZ,T2,MU,ARJ21
MU4474,9:25:00,12:50:00,50,HFE,T3,WUX,T2,MU,ARJ21
MU4475,7:00:00,10:44:00,60,HUZ,T3,SHE,T2,MU,A319
MU4476,13:10:00,15:31:00,60,KMG,T2,WUH,T3,MU,B789
MU4480,19:50:00,0:02:00,90,PEK,T1,INC,T3,MU,C919
MU4483,16:40:00,18:35:00,70,SHA,T2,HUZ,T3,MU,C919
MU4488,17:30:00,22:10:00,50,SZX,T1,WEH,T2,MU,B738
MU4496,9:40:00,14:34:00,90,XIY,T1,DLC,T3,MU,A319
MU4504,13:45:00,17:24:00,90,KMG,T1,NKG,T3,MU,A332
MU4517,16:50:00,18:32:00,50,XMN,T1,XNN,T3,MU,A320
MU4520,15:55:00,20:50:00,70,NTG,T1,KHN,T1,MU,B738
MU4532,23:20:00,4:27:00,90,NNG,T3,WEH,T2,MU,A321
MU4537,15:30:00,17:59:00,60,SHA,T3,HIA,T1,MU,ARJ21
MU4538,23:10:00,2:16:00,90,TFU,T3,KHN,T2,MU,C919
MU4539,7:05:00,10:17:00,60,PKX,T3,TAO,T3,MU,ARJ21
MU4555,18:20:00,23:30:00,60,WEH,T1,KMG,T2,MU,C919
MU4560,23:50:00,3:19:00,60,WEH,T1,NKG,T3,MU,A321
MU4561,20:05:00,23:48:00,70,SHA,T3,XMN,T3,MU,A320
MU4566,16:35:00,19:46:00,90,PKX,T1,TYN,T3,MU,ARJ21
MU4578,18:15:00,22:56:00,50,PKX,T2,SZX,T2,MU,A359
MU4583,13:10:00,15:16:00,90,KMG,T2,KHN,T2,MU,A321
MU4585,6:55:00,9:00:00,70,PVG,T2,DLC,T3,MU,C919
MU4599,19:00:00,20:46:00,50,PEK,T1,LXA,T1,MU,A333
MU4606,22:30:00,2:18:00,50,TAO,T3,PVG,T2,MU,A319
MU4620,6:15:00,8:00:00,90,TSN,T3,YNT,T2,MU,A320
MU4629,14:50:00,17:05:00,50,PVG,T3,CZX,T2,MU,A319
MU4637,16:00:00,19:10:00,50,CAN,T3,TFU,T1,MU,B738
MU4639,11:00:00,14:02:00,90,PEK,T3,KWE,T1,MU,A332
MU4642,16:05:00,17:52:00,50,NKG,T1,YTY,T1,MU,ARJ21
MU4657,13:10:00,17:33:00,50,KMG,T3,HET,T3,MU,ARJ21
MU4658,13:25:00,18:10:00,90,KMG,T3,URC,T3,MU,C919
MU4667,15:15:00,17:51:00,50,TFU,T3,SHE,T1,MU,A321
MU4682,20:20:00,22:56:00,70,WUX,T3,KWE,T3,MU,A319
MU4686,22:05:00,2:22:00,90,PVG,T2,XUZ,T3,MU,C919
MU4700,23:00:00,2:31:00,60,PEK,T1,XNN,T1,MU,ARJ21
MU4702,6:05:00,10:26:00,50,PEK,T2,WUX,T2,MU,A320
MU4706,8:35:00,11:22:00,50,KMG,T3,NTG,T3,MU,B738
MU4707,18:05:00,22:16:00,90,TYN,T3,WUX,T1,MU,A321
MU4710,16:15:00,20:28:00,50,CZX,T2,KMG,T3,MU,C919
MU4723,14:55:00,18:37:00,70,CAN,T1,FOC,T1,MU,B738
MU4728,23:05:00,3:17:00,60,PVG,T2,JJN,T3,MU,A319
MU4736,20:50:00,1:37:00,60,HET,T1,WUH,T2,MU,A320
MU4742,20:20:00,22:40:00,90,PVG,T2,CKG,T1,MU,A332
MU4754,14:05:00,17:23:00,50,KWL,T1,CAN,T1,MU,B738
MU4758,18:25:00,21:41:00,90,TFU,T3,SZX,T3,MU,B738
MU4761,11:45:00,14:20:00,90,WUH,T1,CZX,T1,MU,A321
MU4762,9:30:00,12:06:00,90,SZX,T3,KHN,T1,MU,A320
MU4768,15:05:00,19:59:00,50,PVG,T2,CGO,T1,MU,A321
MU4772,16:30:00,21:10:00,90,PEK,T1,TAO,T1,MU,ARJ21
MU4779,11:10:00,16:03:00,70,TFU,T3,CZX,T1,MU,A333
MU4784,14:45:00,16:03:00,90,NTG,T3,NKG,T1,MU,A319
MU4788,23:05:00,3:57:00,50,CTU,T2,SHA,T3,MU,B738
MU4789,11:55:00,15:53:00,90,YTY,T3,XMN,T2,MU,C919
MU4794,14:05:00,15:59:00,90,SHA,T2,SHE,T2,MU,B738
MU4799,9:55:00,12:48:00,70,TFU,T3,WEH,T2,MU,A319
MU4807,22:30:00,0:43:00,90,NTG,T3,TSN,T1,MU,A319
MU4810,12:40:00,14:43:00,70,XIY,T1,CKG,T2,MU,ARJ21
MU4811,11:05:00,15:34:00,50,SZX,T3,PVG,T3,MU,A332
MU4812,13:10:00,17:00:00,90,PVG,T1,HFE,T1,MU,A319
MU4813,15:30:00,20:21:00,50,XIY,T2,HFE,T1,MU,A319
MU4821,11:50:00,13:40:00,90,PKX,T2,XUZ,T2,MU,A320
MU4825,7:15:00,11:16:00,50,PKX,T1,WEH,T2,MU,A320
MU4829,11:15:00,13:40:00,90,PEK,T2,KHN,T2,MU,ARJ21
MU4834,15:50:00,18:28:00,70,YNT,T1,SHE,T2,MU,C919
MU4838,22:50:00,0:59:00,60,SYX,T2,SHA,T1,MU,C919
MU4839,19:45:00,23:04:00,90,SZX,T3,LYA,T1,MU,ARJ21
MU4842,9:15:00,13:11:00,60,CAN,T2,PKX,T1,MU,A320
MU4843,22:25:00,0:11:00,90,TFU,T2,INC,T2,MU,B738
MU4848,22:05:00,1:31:00,70,KWE,T2,WUH,T1,MU,A321
MU4849,11:55:00,16:47:00,70,PKX,T1,SYX,T3,MU,A321
MU4862,15:20:00,18:11:00,60,PVG,T1,XMN,T3,MU,A359
MU4865,16:20:00,20:36:00,70,PEK,T3,XUZ,T1,MU,C919
MU4867,6:10:00,10:39:00,60,XIY,T1,HUZ,T2,MU,A319
MU4871,14:00:00,15:58:00,50,SHA,T1,JJN,T2,MU,A333
MU4889,10:00:00,14:14:00,70,PEK,T2,XIY,T1,MU,C919
MU4893,19:30:00,22:51:00,60,YTY,T3,NGB,T1,MU,B789
MU4895,21:00:00,23:48:00,60,KMG,T3,TYN,T2,MU,A320
MU4902,21:50:00,0:04:00,90,PKX,T1,HET,T1,MU,A333
MU4903,16:45:00,17:54:00,70,SZX,T1,SYX,T2,MU,B789
MU4917,8:40:00,12:39:00,90,HUZ,T2,XMN,T3,MU,A320
MU4929,17:45:00,21:52:00,60,SZX,T1,PKX,T2,MU,ARJ21
MU4930,17:20:00,19:53:00,70,SHA,T2,HRB,T1,MU,A319
MU4940,12:10:00,16:03:00,60,CTU,T1,XMN,T2,MU,C919
MU4943,20:50:00,22:56:00,90,WEH,T3,JJN,T3,MU,B738
MU4944,17:25:00,20:46:00,50,XMN,T1,KWL,T1,MU,B738
MU4948,14:05:00,16:37:00,70,CTU,T3,XNN,T3,MU,C919
MU4951,13:15:00,16:19:00,90,CZX,T2,HIA,T2,MU,A321
MU4979,20:55:00,0:03:00,70,CTU,T3,WNZ,T2,MU,A320
MU4983,14:00:00,15:26:00,90,KWL,T1,KHN,T3,MU,C919
MU4994,11:25:00,16:25:00,50,PVG,T1,NTG,T1,MU,A320
MU4995,22:45:00,3:28:00,90,SYX,T2,WNZ,T3,MU,B738
MU5003,16:10:00,18:36:00,50,HET,T1,KWL,T1,MU,ARJ21
MU5004,7:50:00,9:49:00,50,FOC,T3,PEK,T1,MU,A321
MU5010,11:45:00,15:49:00,70,SHA,T2,CKG,T3,MU,A320
MU5014,8:10:00,11:45:00,60,PEK,T1,CSX,T2,MU,A359
MU5018,15:40:00,17:28:00,50,PVG,T2,YTY,T3,MU,A319
MU5024,23:10:00,1:00:00,60,URC,T3,INC,T2,MU,A320
MU5027,23:25:00,3:26:00,60,NKG,T3,CSX,T3,MU,A320
MU5035,20:40:00,22:47:00,60,TFU,T1,KHN,T1,MU,A319
MU5045,6:50:00,10:29:00,70,TFU,T3,PEK,T2,MU,B789
MU5051,14:00:00,18:34:00,50,XMN,T2,CGO,T1,MU,C919
MU5054,7:00:00,11:35:00,60,KMG,T3,HIA,T3,MU,C919
MU5055,20:00:00,23:22:00,90,KMG,T1,YTY,T3,MU,A321
MU5056,22:05:00,23:47:00,70,XNN,T1,NNG,T1,MU,A332
MU5073,11:05:00,13:20:00,50,CTU,T3,LHW,T3,MU,A320
MU5079,6:15:00,10:05:00,50,TYN,T3,HET,T3,MU,A320
MU5081,18:50:00,22:22:00,90,PKX,T1,CGO,T3,MU,C919
MU5087,23:55:00,2:08:00,90,PEK,T1,HAK,T1,MU,A319
MU5095,15:05:00,17:57:00,50,PEK,T2,TNA,T2,MU,A320
MU5114,19:05:00,23:51:00,70,CTU,T1,NTG,T1,MU,C919
MU5117,15:20:00,19:40:00,70,SZX,T2,YTY,T3,MU,ARJ21
MU5118,14:40:00,16:40:00,70,SZX,T3,CZX,T2,MU,A319
MU5139,18:45:00,22:25:00,70,PVG,T1,URC,T1,MU,A320
MU5142,22:10:00,0:58:00,50,KMG,T2,XMN,T2,MU,B738
MU5150,10:25:00,14:58:00,50,JJN,T1,CGO,T2,MU,ARJ21
MU5168,23:45:00,2:54:00,50,PKX,T3,SZX,T1,MU,A319
MU5190,11:25:00,13:05:00,90,NGB,T1,NTG,T2,MU,A359
MU5197,9:10:00,11:05:00,90,XNN,T2,HUZ,T1,MU,ARJ21
MU5198,11:35:00,16:19:00,90,SHA,T3,KHN,T2,MU,B789
MU5202,10:00:00,12:50:00,90,PVG,T1,KMG,T2,MU,B789
MU5205,20:30:00,21:42:00,90,SHA,T2,SHE,T1,MU,B738
MU5206,9:15:00,13:31:00,50,YNT,T2,XUZ,T1,MU,C919
MU5210,15:30:00,17:36:00,50,PKX,T1,KHN,T3,MU,A321
MU5213,21:40:00,0:32:00,70,CAN,T2,NNG,T3,MU,A333
MU5218,13:30:00,15:25:00,60,SZX,T3,TSN,T3,MU,A319
MU5219,23:40:00,1:42:00,60,PVG,T2,FOC,T3,MU,A319
MU5220,11:35:00,15:28:00,50,PEK,T1,WNZ,T1,MU,ARJ21
MU5223,14:00:00,18:49:00,90,XMN,T2,HGH,T1,MU,ARJ21
MU5228,11:55:00,15:25:00,70,YTY,T1,HIA,T3,MU,A319
MU5236,7:10:00,9:06:00,90,TFU,T3,CZX,T3,MU,C919
MU5238,12:05:00,16:08:00,60,PKX,T3,CZX,T1,MU,ARJ21
MU5244,22:45:00,2:17:00,70,PEK,T2,WNZ,T2,MU,A321
MU5246,17:50:00,20:41:00,50,SHA,T1,ZUH,T1,MU,B738
MU5249,14:00:00,18:36:00,60,KMG,T3,LHW,T3,MU,A321
MU5252,21:45:00,1:04:00,50,KMG,T3,LYA,T2,MU,B789
MU5253,17:35:00,18:42:00,50,TFU,T1,TYN,T3,MU,C919
MU5259,23:25:00,2:17:00,60,KWE,T3,XIY,T2,MU,A320
MU5263,14:20:00,16:55:00,90,XIY,T3,HAK,T3,MU,B738
MU5282,7:30:00,12:35:00,60,CAN,T3,FOC,T3,MU,A359
MU5287,10:00:00,14:57:00,70,SZX,T2,HAK,T2,MU,A321
MU5292,17:50:00,20:12:00,60,PVG,T1,JJN,T3,MU,C919
MU5298,23:15:00,2:15:00,70,TFU,T2,ZUH,T3,MU,B738
MU5316,22:15:00,2:03:00,60,SZX,T2,TNA,T3,MU,A333
MU5319,22:50:00,1:31:00,90,PEK,T2,CSX,T2,MU,B738
MU5330,17:30:00,20:30:00,60,PVG,T2,KWL,T3,MU,A320
MU5339,20:10:00,22:40:00,50,FOC,T1,YNT,T3,MU,A320
MU5345,20:15:00,1:22:00,70,KMG,T1,PVG,T3,MU,B738
MU5346,20:55:00,23:12:00,50,URC,T3,SHE,T2,MU,C919
MU5350,10:50:00,12:54:00,60,TFU,T2,TSN,T3,MU,B738
MU5353,23:15:00,1:09:00,70,WNZ,T1,HIA,T1,MU,B738
MU5357,9:50:00,14:03:00,90,PKX,T2,HAK,T3,MU,B738
MU5364,12:50:00,16:22:00,70,TFU,T3,NTG,T2,MU,A320
MU5370,10:00:00,11:57:00,70,XIY,T2,LHW,T2,MU,ARJ21
MU5378,13:10:00,18:12:00,70,TFU,T3,CGO,T1,MU,A321
MU5387,15:05:00,19:22:00,90,SZX,T3,NNG,T1,MU,C919
MU5392,6:20:00,8:20:00,70,PEK,T2,HET,T1,MU,A320
MU5394,6:25:00,11:06:00,50,SHA,T2,FOC,T2,MU,A320
MU5407,13:50:00,17:16:00,70,PKX,T2,URC,T3,MU,B738
MU5411,8:20:00,12:37:00,70,CSX,T2,ZUH,T1,MU,ARJ21
MU5412,9:10:00,14:11:00,90,ZUH,T2,TNA,T2,MU,B738
MU5414,10:35:00,12:51:00,70,CTU,T3,TFU,T2,MU,B738
MU5420,15:45:00,20:02:00,60,CAN,T2,HFE,T2,MU,ARJ21
MU5424,17:25:00,21:28:00,90,JJN,T1,XIY,T1,MU,A321
MU5433,21:10:00,0:24:00,50,CTU,T1,WEH,T1,MU,A321
MU5434,10:10:00,15:07:00,90,XMN,T3,LYA,T1,MU,ARJ21
MU5440,14:55:00,16:14:00,60,CTU,T2,CGO,T2,MU,A320
MU5446,8:10:00,12:13:00,90,DLC,T2,SHE,T2,MU,ARJ21
MU5455,21:10:00,23:56:00,70,SZX,T3,XMN,T1,MU,A319
MU5457,14:55:00,16:51:00,50,PVG,T2,LYA,T3,MU,A320
MU5461,17:50:00,20:54:00,60,PVG,T1,XMN,T2,MU,A321
MU5462,19:55:00,0:52:00,90,KMG,T2,LHW,T3,MU,B738
MU5464,21:55:00,3:01:00,70,PVG,T3,WEH,T1,MU,C919
MU5470,20:05:00,23:29:00,60,PEK,T2,TNA,T1,MU,A320
MU5482,13:25:00,17:04:00,60,PEK,T3,SZX,T3,MU,A319
MU5487,7:00:00,10:58:00,90,SZX,T1,XNN,T1,MU,A332
MU5493,11:00:00,16:04:00,60,URC,T1,KHN,T2,MU,A359
MU5495,8:40:00,10:45:00,70,SHA,T2,CKG,T1,MU,A319
MU5498,20:10:00,0:41:00,50,SZX,T3,YTY,T2,MU,ARJ21
MU5506,16:10:00,19:48:00,70,PKX,T2,ZUH,T3,MU,A320
MU5510,23:30:00,1:56:00,70,ZUH,T2,SHA,T2,MU,C919
MU5512,16:55:00,21:05:00,60,KMG,T2,TNA,T2,MU,A319
MU5522,16:15:00,21:24:00,90,TYN,T1,KWL,T3,MU,A319
MU5530,14:30:00,17:31:00,90,KMG,T2,CKG,T1,MU,B738
MU5535,19:00:00,22:58:00,70,PEK,T3,KMG,T1,MU,A321
MU5541,16:35:00,19:25:00,60,PKX,T1,DLC,T3,MU,ARJ21
MU5549,18:10:00,21:57:00,60,NNG,T3,SHE,T3,MU,B789
MU5555,13:50:00,16:10:00,60,NNG,T2,YTY,T1,MU,A321
MU5558,13:50:00,18:09:00,50,SHA,T3,YTY,T1,MU,B738
MU5562,23:35:00,2:26:00,70,XIY,T2,CAN,T3,MU,ARJ21
MU5566,12:25:00,15:59:00,60,SZX,T2,LHW,T3,MU,A320
MU5568,12:35:00,15:55:00,60,SHA,T3,HUZ,T3,MU,A319
MU5587,19:05:00,23:49:00,60,KMG,T2,XUZ,T3,MU,A319
MU5591,18:10:00,21:04:00,90,TNA,T2,LHW,T2,MU,A320
MU5594,23:30:00,1:33:00,70,CTU,T2,JJN,T2,MU,A320
MU5601,13:50:00,18:59:00,90,XIY,T1,PVG,T2,MU,C919
MU5607,11:35:00,13:23:00,60,KMG,T3,HAK,T2,MU,A321
MU5611,22:00:00,1:15:00,70,KMG,T2,XUZ,T3,MU,A321
MU5623,15:20:00,17:30:00,90,SHA,T1,CTU,T2,MU,A332
MU5627,11:55:00,16:40:00,70,PVG,T3,CAN,T3,MU,A320
MU5631,13:20:00,15:58:00,90,CAN,T2,LXA,T1,MU,B789
MU5639,20:20:00,1:05:00,90,SHA,T1,XMN,T3,MU,C919
MU5644,6:45:00,9:00:00,90,FOC,T2,ZUH,T3,MU,A321
MU5648,9:05:00,12:11:00,60,TFU,T3,HET,T3,MU,ARJ21
MU5651,22:45:00,0:46:00,50,CTU,T2,CSX,T1,MU,B789
MU5654,20:05:00,22:45:00,60,NGB,T3,TYN,T2,MU,A333
MU5655,6:25:00,10:05:00,60,PKX,T3,TFU,T2,MU,A359
MU5658,7:40:00,11:59:00,60,SHA,T1,WUX,T1,MU,A321
MU5663,14:15:00,17:16:00,70,XIY,T3,TFU,T2,MU,ARJ21
MU5669,19:50:00,22:05:00,70,PKX,T3,HET,T2,MU,A319
MU5671,6:15:00,7:57:00,90,HRB,T3,TNA,T3,MU,ARJ21
MU5675,8:30:00,11:13:00,70,CGO,T3,TNA,T1,MU,B738
MU5679,8:45:00,11:41:00,50,PVG,T1,DLC,T1,MU,B789
MU5682,17:30:00,19:35:00,70,SHA,T2,XUZ,T3,MU,A320
MU5719,19:20:00,21:19:00,70,CTU,T2,SZX,T1,MU,A332
MU5721,22:05:00,0:15:00,90,PEK,T2,NKG,T2,MU,A332
MU5725,8:45:00,12:42:00,60,PVG,T3,HAK,T1,MU,C919
MU5729,9:45:00,14:16:00,50,XIY,T1,SHA,T1,MU,A320
MU5731,9:45:00,12:15:00,90,TFU,T2,URC,T2,MU,A319
MU5734,7:10:00,9:37:00,90,PKX,T2,KMG,T1,MU,A319
MU5738,10:55:00,13:00:00,90,PEK,T1,CKG,T2,MU,A333
MU5745,14:55:00,19:38:00,60,CAN,T3,TFU,T2,MU,A320
MU5746,10:50:00,13:47:00,90,CTU,T1,PVG,T2,MU,B789
MU5751,15:35:00,19:11:00,60,KMG,T2,TNA,T1,MU,A321
MU5756,21:00:00,1:05:00,50,PEK,T2,HAK,T1,MU,A320
MU5761,23:05:00,3:52:00,50,XIY,T3,CGO,T3,MU,B738
MU5777,8:35:00,11:22:00,60,PKX,T3,LYA,T1,MU,A320
MU5782,22:30:00,1:37:00,90,CAN,T2,NTG,T1,MU,B789
MU5783,15:50:00,19:29:00,90,HET,T1,KWE,T2,MU,C919
MU5790,20:35:00,0:49:00,60,PVG,T1,XIY,T3,MU,A321
MU5792,12:50:00,15:51:00,60,CAN,T2,TAO,T2,MU,C919
MU5803,16:00:00,19:32:00,60,LYA,T3,HRB,T3,MU,A319
MU5804,20:45:00,0:04:00,70,TFU,T3,PKX,T3,MU,A321
MU5814,19:45:00,23:17:00,60,SZX,T1,TAO,T2,MU,A321
MU5820,22:55:00,2:38:00,70,LHW,T2,CSX,T2,MU,A359
MU5831,17:15:00,22:07:00,90,CAN,T2,HRB,T3,MU,ARJ21
MU5832,22:40:00,2:54:00,90,SHA,T3,HRB,T3,MU,A320
MU5836,17:20:00,21:04:00,70,NKG,T2,SZX,T1,MU,A332
MU5839,19:55:00,0:31:00,50,JJN,T3,XMN,T2,MU,A333
MU5840,7:50:00,11:04:00,70,WNZ,T2,YTY,T2,MU,C919
MU5844,21:40:00,23:23:00,50,SHA,T2,HRB,T2,MU,A319
MU5846,16:10:00,21:00:00,70,PVG,T1,WUH,T3,MU,C919
MU5854,6:55:00,11:02:00,60,PEK,T2,TFU,T1,MU,A321
MU5858,10:05:00,13:18:00,50,PKX,T3,CZX,T2,MU,C919
MU5860,17:55:00,23:04:00,50,URC,T1,HET,T2,MU,B789
MU5882,7:10:00,10:47:00,50,CTU,T2,TSN,T3,MU,A321
MU5883,8:25:00,10:06:00,70,PVG,T1,NTG,T2,MU,A332
MU5901,20:40:00,23:58:00,60,PVG,T1,HIA,T3,MU,A321
MU5903,18:50:00,23:46:00,70,PEK,T1,LHW,T1,MU,C919
MU5911,11:50:00,16:17:00,90,CTU,T1,LHW,T2,MU,ARJ21
MU5914,16:10:00,18:07:00,70,CTU,T1,CGO,T1,MU,C919
MU5919,12:50:00,17:09:00,90,XUZ,T1,CSX,T1,MU,ARJ21
MU5933,19:00:00,22:35:00,60,XIY,T3,URC,T2,MU,A319
MU5951,20:25:00,23:26:00,90,PVG,T3,WEH,T1,MU,C919
MU5958,23:45:00,4:36:00,90,PEK,T3,NKG,T3,MU,A321
MU5959,8:25:00,11:27:00,70,TYN,T1,CAN,T3,MU,ARJ21
MU5965,15:15:00,17:59:00,50,INC,T2,KWE,T2,MU,A321
MU5967,16:30:00,20:12:00,90,NGB,T2,TYN,T2,MU,ARJ21
MU5970,8:35:00,12:04:00,60,NKG,T1,INC,T1,MU,A332
MU5974,21:35:00,23:28:00,60,TFU,T2,TYN,T3,MU,A319
MU5978,17:25:00,19:41:00,60,SHA,T3,URC,T2,MU,B738
MU5987,9:50:00,13:43:00,60,PVG,T1,TNA,T1,MU,A332
MU5993,10:25:00,12:42:00,50,SHA,T3,PVG,T1,MU,A332
MU6001,7:40:00,12:14:00,50,PVG,T1,ZUH,T2,MU,ARJ21
MU6009,9:20:00,12:13:00,90,TFU,T1,KWL,T3,MU,A320
MU6012,11:30:00,13:17:00,70,XUZ,T3,CSX,T3,MU,ARJ21
MU6014,11:45:00,14:17:00,50,PEK,T3,TYN,T2,MU,B738
MU6022,10:00:00,11:59:00,70,PVG,T3,PKX,T1,MU,A320
MU6039,8:10:00,10:57:00,60,KHN,T1,XIY,T3,MU,A321
MU6046,20:45:00,1:05:00,50,CAN,T2,LHW,T3,MU,C919
MU6050,16:15:00,18:43:00,60,XIY,T2,PKX,T2,MU,A319
MU6051,16:40:00,21:32:00,90,NGB,T1,CSX,T2,MU,A319
MU6054,8:55:00,13:30:00,90,PKX,T2,KHN,T1,MU,A319
MU6062,8:15:00,10:50:00,50,XUZ,T2,HFE,T1,MU,A333
MU6069,20:50:00,23:39:00,90,HET,T3,SHE,T2,MU,A332
MU6071,21:55:00,3:00:00,90,NNG,T2,CZX,T2,MU,A320
MU6072,7:40:00,11:21:00,70,PVG,T1,YNT,T1,MU,C919
MU6081,16:55:00,20:31:00,90,SZX,T2,HFE,T3,MU,C919
MU6086,17:20:00,19:40:00,70,SZX,T2,TYN,T2,MU,A319
MU6091,13:15:00,14:58:00,90,PEK,T1,NNG,T3,MU,B738
MU6097,9:10:00,14:03:00,50,PKX,T3,CGO,T3,MU,A320
MU6098,15:25:00,19:43:00,60,NTG,T3,SHE,T1,MU,ARJ21
MU6102,15:40:00,18:42:00,70,CTU,T1,URC,T2,MU,A321
MU6104,14:10:00,17:26:00,90,ZUH,T2,HGH,T3,MU,A332
MU6116,17:30:00,20:24:00,60,HAK,T2,PKX,T3,MU,C919
MU6127,16:20:00,20:06:00,50,CTU,T2,URC,T2,MU,A321
MU6129,13:45:00,17:00:00,60,SHA,T1,CTU,T3,MU,A333
MU6130,18:15:00,22:16:00,90,LYA,T3,DLC,T2,MU,B738
MU6134,9:05:00,11:53:00,50,DLC,T3,CZX,T1,MU,A321
MU6135,16:30:00,20:53:00,50,NKG,T3,CZX,T3,MU,B738
MU6143,9:00:00,14:09:00,60,CAN,T3,TYN,T1,MU,C919
MU6148,10:45:00,12:54:00,50,SZX,T3,HUZ,T2,MU,ARJ21
MU6152,16:20:00,20:24:00,50,CAN,T2,HET,T1,MU,ARJ21
MU6154,22:00:00,1:20:00,60,XNN,T2,KHN,T1,MU,C919
MU6155,8:30:00,10:51:00,50,XMN,T1,CZX,T2,MU,A332
MU6157,23:45:00,2:54:00,90,TSN,T2,LXA,T1,MU,C919
MU6159,10:45:00,12:44:00,90,KMG,T3,TSN,T3,MU,A320
MU6166,11:05:00,15:31:00,60,SHA,T2,KMG,T3,MU,B789
MU6180,23:45:00,1:54:00,70,XIY,T2,HFE,T3,MU,C919
MU6190,11:55:00,16:20:00,60,PVG,T2,TYN,T3,MU,A321
MU6191,22:55:00,3:09:00,60,KMG,T3,TSN,T2,MU,A359
MU6197,10:50:00,13:45:00,50,XIY,T3,PVG,T1,MU,C919
MU6211,21:30:00,23:41:00,90,SHA,T1,WUH,T1,MU,A320
MU6214,7:05:00,12:00:00,50,TFU,T2,CZX,T2,MU,ARJ21
MU6226,15:25:00,19:39:00,50,XIY,T3,ZUH,T2,MU,A359
MU6228,11:50:00,14:40:00,70,CZX,T2,WNZ,T2,MU,A320
MU6233,23:25:00,4:35:00,50,PEK,T2,CKG,T2,MU,A319
MU6239,14:00:00,15:52:00,50,CSX,T1,CGO,T3,MU,B738
MU6241,19:30:00,21:49:00,50,HIA,T2,CAN,T2,MU,A333
MU6265,12:45:00,16:43:00,50,XIY,T1,TAO,T2,MU,A333
MU6266,20:15:00,0:50:00,50,SHA,T1,YNT,T1,MU,ARJ21
MU6269,18:45:00,20:51:00,50,KHN,T2,TFU,T2,MU,C919
MU6274,14:05:00,16:53:00,70,CAN,T2,HUZ,T2,MU,A321
MU6281,21:00:00,1:04:00,90,PVG,T1,NTG,T3,MU,C919
MU6286,9:15:00,11:32:00,70,PEK,T3,NTG,T2,MU,ARJ21
MU6288,11:05:00,13:07:00,90,CSX,T3,KWE,T1,MU,A320
MU6295,7:40:00,11:23:00,90,KHN,T3,HIA,T2,MU,A319
MU6297,22:35:00,2:53:00,50,PKX,T1,TNA,T3,MU,A319
MU6303,15:15:00,17:41:00,70,WNZ,T3,HET,T3,MU,A320
MU6310,10:20:00,15:19:00,50,PVG,T2,INC,T3,MU,A320
MU6314,18:05:00,22:28:00,50,SZX,T3,INC,T1,MU,A319
MU6320,20:00:00,23:11:00,60,PKX,T3,HAK,T1,MU,B789
MU6325,13:50:00,16:35:00,60,CAN,T2,YTY,T1,MU,A321
MU6328,23:45:00,2:15:00,70,KMG,T3,HET,T1,MU,A320
MU6335,19:45:00,22:46:00,90,KMG,T1,DLC,T3,MU,A320
MU6339,6:55:00,9:43:00,50,CTU,T2,LYA,T3,MU,B738
MU6341,15:10:00,16:18:00,50,XMN,T1,XIY,T3,MU,C919
MU6349,10:20:00,15:07:00,60,PKX,T3,XIY,T3,MU,A320
MU6354,18:10:00,23:19:00,70,SHA,T1,KHN,T3,MU,ARJ21
MU6357,18:40:00,22:42:00,90,NNG,T2,PKX,T3,MU,C919
MU6360,23:10:00,2:17:00,70,CAN,T1,KWL,T2,MU,A319
MU6361,18:00:00,21:14:00,60,HFE,T1,LYA,T2,MU,C919
MU6362,11:30:00,15:34:00,90,CZX,T1,INC,T3,MU,B738
MU6365,20:50:00,1:24:00,70,KMG,T3,HGH,T2,MU,C919
MU6369,7:40:00,11:50:00,70,CTU,T2,PKX,T2,MU,ARJ21
MU6373,21:00:00,1:08:00,90,HAK,T3,SYX,T3,MU,C919
MU6382,18:25:00,20:14:00,70,WNZ,T2,HIA,T3,MU,A319
MU6391,12:20:00,15:18:00,50,PKX,T1,NTG,T2,MU,ARJ21
MU6392,15:30:00,18:38:00,90,SZX,T2,XNN,T3,MU,C919
MU6396,15:00:00,19:56:00,90,XIY,T3,SHE,T3,MU,B789
MU6409,8:20:00,11:02:00,70,PVG,T1,SHA,T2,MU,A319
MU6413,12:30:00,17:08:00,60,PEK,T3,HET,T1,MU,B738
MU6416,8:20:00,13:27:00,50,SHE,T2,TSN,T1,MU,ARJ21
MU6417,7:50:00,11:52:00,90,XUZ,T3,KWL,T3,MU,A320
MU6420,11:05:00,13:04:00,70,TFU,T1,NKG,T3,MU,B738
MU6436,14:20:00,18:59:00,50,CTU,T2,WNZ,T3,MU,ARJ21
MU6445,21:20:00,1:24:00,70,YNT,T3,KMG,T2,MU,C919
MU6447,23:40:00,3:36:00,90,PEK,T2,TAO,T1,MU,A320
MU6453,18:30:00,22:17:00,50,CTU,T1,NGB,T1,MU,A320
MU6458,21:15:00,1:49:00,90,PKX,T3,NTG,T3,MU,A319
MU6472,8:45:00,12:31:00,60,LHW,T3,TSN,T1,MU,A321
MU6475,15:30:00,18:38:00,90,PEK,T1,KMG,T3,MU,A321
MU6482,23:15:00,4:17:00,50,XIY,T2,KWE,T3,MU,A319
MU6491,9:20:00,14:03:00,90,CAN,T1,KHN,T1,MU,B738
MU6495,11:10:00,13:10:00,50,CGO,T2,WUX,T2,MU,A320
MU6498,16:50:00,20:20:00,70,SZX,T2,YTY,T2,MU,B738
MU6504,21:10:00,23:33:00,70,PVG,T1,TNA,T1,MU,A321
MU6511,20:50:00,23:28:00,70,CAN,T2,URC,T2,MU,ARJ21
MU6512,22:05:00,23:23:00,70,PVG,T3,PEK,T2,MU,B738
MU6516,17:45:00,22:23:00,50,TFU,T2,XMN,T3,MU,C919
MU6517,8:35:00,13:05:00,60,CTU,T1,LXA,T2,MU,A332
MU6519,6:05:00,8:52:00,60,LXA,T2,SHE,T1,MU,C919
MU6520,16:05:00,19:17:00,60,XIY,T3,TFU,T3,MU,A319
MU6529,22:45:00,2:23:00,90,SZX,T1,WUH,T2,MU,A321
MU6530,10:55:00,13:52:00,70,CKG,T3,PEK,T1,MU,A321
MU6534,11:00:00,12:59:00,90,TFU,T2,TAO,T2,MU,A319
MU6535,17:30:00,19:15:00,90,CTU,T3,SHA,T3,MU,C919
MU6541,18:10:00,23:05:00,90,KWE,T1,DLC,T3,MU,A320
MU6542,14:50:00,18:21:00,70,KMG,T2,CKG,T1,MU,A320
MU6548,14:15:00,16:10:00,50,HRB,T3,TSN,T1,MU,B738
MU6551,22:55:00,0:44:00,60,KMG,T3,KWE,T1,MU,C919
MU6553,10:00:00,15:04:00,60,PVG,T1,NNG,T1,MU,B789
MU6562,7:35:00,11:39:00,90,PKX,T1,XUZ,T1,MU,ARJ21
MU6570,13:40:00,18:22:00,50,CTU,T3,PEK,T3,MU,ARJ21
MU6571,22:50:00,2:41:00,70,CTU,T3,HUZ,T1,MU,A321
MU6576,23:05:00,3:37:00,90,TFU,T3,INC,T2,MU,C919
MU6586,13:50:00,18:01:00,60,CAN,T3,TNA,T3,MU,A332
MU6588,7:20:00,11:26:00,50,PVG,T3,HFE,T3,MU,ARJ21
MU6590,17:15:00,21:11:00,50,PKX,T3,NGB,T1,MU,A321
MU6592,7:45:00,11:50:00,70,PEK,T1,CZX,T2,MU,C919
MU6601,11:40:00,16:04:00,50,KMG,T2,LHW,T2,MU,A319
MU6603,7:05:00,10:50:00,70,SHA,T2,CGO,T1,MU,A359
MU6606,16:05:00,18:48:00,90,PKX,T1,SYX,T3,MU,B789
MU6621,11:35:00,13:39:00,70,XIY,T2,INC,T1,MU,B738
MU6622,20:35:00,1:04:00,90,KHN,T1,WUH,T1,MU,A320
MU6627,16:15:00,20:35:00,70,SZX,T1,PKX,T3,MU,A319
MU6632,15:25:00,17:14:00,90,NNG,T3,WUH,T1,MU,B738
MU6636,22:50:00,3:12:00,90,SHA,T2,CSX,T2,MU,A320
MU6639,14:00:00,17:54:00,90,SHA,T1,YTY,T1,MU,A321
MU6640,19:20:00,23:42:00,60,XIY,T3,HFE,T1,MU,ARJ21
MU6641,8:50:00,12:32:00,70,SZX,T2,INC,T1,MU,B789
MU6643,8:20:00,11:13:00,50,SHE,T1,DLC,T3,MU,A319
MU6646,14:30:00,16:40:00,70,TAO,T2,HIA,T3,MU,B738
MU6658,7:20:00,11:45:00,90,PVG,T3,JJN,T2,MU,A320
MU6665,18:05:00,20:03:00,60,SHA,T3,HRB,T2,MU,A320
MU6666,17:20:00,21:58:00,60,XIY,T1,LXA,T2,MU,A332
MU6667,16:50:00,19:18:00,70,SZX,T1,PVG,T3,MU,A320
MU6673,21:10:00,22:47:00,70,KMG,T2,KWE,T2,MU,A320
MU6680,20:10:00,23:51:00,90,PKX,T2,LHW,T2,MU,B789
MU6681,14:20:00,17:29:00,50,HAK,T3,WEH,T3,MU,A332
MU6687,6:15:00,10:08:00,90,KMG,T3,YTY,T3,MU,B738
MU6689,20:30:00,0:25:00,70,TFU,T2,XIY,T2,MU,A332
MU6691,13:45:00,16:24:00,50,SYX,T1,YTY,T3,MU,ARJ21
MU6700,18:35:00,23:30:00,50,KHN,T1,CTU,T2,MU,A333
MU6709,16:15:00,20:34:00,50,PVG,T3,YTY,T1,MU,A359
MU6711,16:30:00,18:10:00,50,KWE,T3,SHE,T2,MU,A321
MU6730,16:45:00,19:15:00,90,CAN,T2,WEH,T2,MU,ARJ21
MU6738,20:55:00,22:59:00,60,TFU,T2,HGH,T1,MU,A321
MU6740,6:10:00,10:06:00,90,CAN,T3,KHN,T2,MU,B738
MU6745,23:25:00,2:13:00,60,SHA,T3,CGO,T1,MU,A319
MU6756,15:10:00,16:54:00,50,CTU,T2,CGO,T1,MU,ARJ21
MU6759,12:55:00,15:18:00,70,HRB,T1,KWE,T2,MU,A319
MU6760,19:40:00,23:47:00,60,PEK,T3,WUH,T2,MU,B789
MU6761,22:30:00,0:49:00,90,CAN,T1,SHA,T3,MU,C919
MU6765,17:20:00,21:48:00,90,HFE,T2,CAN,T3,MU,A359
MU6768,10:05:00,11:23:00,90,CTU,T2,CAN,T1,MU,ARJ21
MU6785,17:40:00,19:50:00,90,PEK,T1,CKG,T3,MU,A321
MU6786,17:00:00,18:42:00,90,WUX,T3,ZUH,T1,MU,A319
MU6787,7:55:00,9:41:00,70,CAN,T3,LXA,T2,MU,A319
MU6790,22:30:00,1:57:00,50,CTU,T3,XNN,T2,MU,A319
MU6791,15:45:00,19:43:00,90,CAN,T3,HFE,T1,MU,A321
MU6792,6:00:00,9:49:00,70,SHA,T3,HET,T2,MU,C919
MU6799,22:00:00,1:01:00,90,CAN,T2,XNN,T1,MU,A332
MU6801,7:20:00,11:44:00,90,DLC,T2,TFU,T2,MU,A319
MU6802,13:05:00,16:31:00,90,CTU,T3,KMG,T1,MU,A321
MU6811,22:10:00,0:39:00,60,PVG,T2,NGB,T3,MU,A321
MU6817,13:30:00,17:12:00,90,SZX,T2,LHW,T2,MU,A320
MU6820,20:55:00,0:48:00,60,PEK,T1,KWL,T3,MU,C919
MU6821,22:45:00,0:42:00,60,INC,T2,SHA,T3,MU,C919
MU6836,18:20:00,22:55:00,50,CAN,T1,SHA,T1,MU,B789
MU6851,18:45:00,20:55:00,70,CTU,T3,URC,T1,MU,C919
MU6852,19:05:00,23:45:00,50,CKG,T3,HAK,T2,MU,A319
MU6855,8:15:00,12:53:00,70,XUZ,T3,NNG,T1,MU,A321
MU6857,7:30:00,10:18:00,50,KMG,T1,WUX,T3,MU,A320
MU6860,13:05:00,16:01:00,70,XNN,T1,CTU,T2,MU,C919
MU6861,15:55:00,19:46:00,70,CGO,T1,SZX,T2,MU,C919
MU6876,13:50:00,16:36:00,50,XIY,T3,KHN,T1,MU,B738
MU6878,14:55:00,16:22:00,70,TFU,T3,TYN,T3,MU,C919
MU6892,22:50:00,3:52:00,60,KMG,T2,PVG,T2,MU,ARJ21
MU6896,12:15:00,14:09:00,50,PKX,T3,FOC,T3,MU,A332
MU6898,13:45:00,15:55:00,90,HFE,T1,SYX,T3,MU,A321
MU6911,23:15:00,1:45:00,90,DLC,T1,KWE,T3,MU,A333
MU6915,23:55:00,3:56:00,50,TFU,T1,XIY,T2,MU,A333
MU6916,23:20:00,0:33:00,90,CGO,T2,CZX,T1,MU,ARJ21
MU6921,8:15:00,12:36:00,90,TFU,T1,XIY,T2,MU,A319
MU6927,14:05:00,18:24:00,70,SHA,T1,WUX,T3,MU,C919
MU6930,8:25:00,10:26:00,50,SHA,T2,CAN,T2,MU,B789
MU6931,7:30:00,10:55:00,90,CTU,T1,DLC,T1,MU,ARJ21
MU6940,6:50:00,11:14:00,60,SHE,T1,CKG,T2,MU,ARJ21
MU6943,13:50:00,16:04:00,60,PVG,T3,KHN,T3,MU,A319
MU6946,23:55:00,2:54:00,90,XIY,T1,HGH,T1,MU,B789
MU6966,9:55:00,13:06:00,60,TFU,T3,NTG,T3,MU,ARJ21
MU6975,22:55:00,2:05:00,90,TFU,T1,XMN,T2,MU,C919
MU6979,10:20:00,12:59:00,50,TFU,T3,KWL,T3,MU,A319
MU6985,11:00:00,12:50:00,50,CSX,T1,WUX,T3,MU,A319
MU6986,18:10:00,20:20:00,60,PEK,T2,CTU,T1,MU,C919
MU6994,21:00:00,0:35:00,60,HET,T3,NGB,T2,MU,A321
MU7011,18:05:00,22:30:00,70,XIY,T3,JJN,T3,MU,ARJ21
MU7013,19:20:00,23:43:00,90,SHE,T2,HFE,T2,MU,A333
MU7018,19:05:00,22:59:00,90,TFU,T2,HUZ,T2,MU,B738
MU7019,21:30:00,2:25:00,50,XIY,T3,HFE,T3,MU,A321
MU7035,10:35:00,14:07:00,50,PVG,T2,TSN,T2,MU,A320
MU7054,21:55:00,1:09:00,50,KMG,T2,HET,T1,MU,B738
MU7055,10:50:00,15:01:00,90,CSX,T1,PKX,T1,MU,A319
MU7062,14:40:00,19:04:00,50,SHA,T2,INC,T3,MU,B738
MU7067,16:30:00,20:05:00,50,PKX,T2,INC,T2,MU,C919
MU7068,13:40:00,18:14:00,70,KMG,T1,WNZ,T3,MU,C919
MU7074,23:40:00,4:18:00,60,KMG,T2,NGB,T1,MU,A319
MU7075,6:10:00,9:22:00,60,HIA,T3,URC,T1,MU,A332
MU7077,22:35:00,1:22:00,90,KMG,T2,LHW,T2,MU,A333
MU7082,8:15:00,10:25:00,70,XIY,T1,WUX,T3,MU,A320
MU7091,12:05:00,14:05:00,60,PKX,T3,INC,T2,MU,A320
MU7095,23:50:00,2:26:00,60,SZX,T3,HUZ,T2,MU,B738
MU7101,16:20:00,18:23:00,90,KMG,T3,HUZ,T1,MU,A320
MU7109,8:00:00,11:54:00,70,SHA,T3,WNZ,T1,MU,A320
MU7110,16:10:00,18:31:00,50,FOC,T1,CKG,T2,MU,A319
MU7112,11:05:00,13:41:00,60,XIY,T3,HUZ,T3,MU,C919
MU7113,15:45:00,20:50:00,60,HET,T1,NNG,T1,MU,A321
MU7115,22:50:00,0:28:00,50,CZX,T1,CAN,T2,MU,A359
MU7116,22:55:00,3:34:00,90,SHE,T3,CAN,T2,MU,ARJ21
MU7117,17:00:00,19:28:00,50,SHE,T2,CGO,T1,MU,A320
MU7123,18:20:00,20:50:00,90,KMG,T3,FOC,T2,MU,A321
MU7124,11:40:00,13:45:00,60,SZX,T2,WUX,T2,MU,A319
MU7125,18:00:00,21:55:00,50,PEK,T1,SZX,T3,MU,A319
MU7140,17:30:00,20:44:00,70,KMG,T3,NNG,T3,MU,A320
MU7157,20:20:00,1:25:00,70,SYX,T1,YTY,T3,MU,A320
MU7163,13:15:00,15:36:00,90,SHE,T3,URC,T1,MU,A321
MU7168,12:35:00,15:50:00,70,PKX,T2,INC,T2,MU,A333
MU7170,6:50:00,8:33:00,90,XIY,T1,PVG,T2,MU,C919
MU7176,19:00:00,21:13:00,60,XIY,T3,JJN,T3,MU,A321
MU7177,14:00:00,16:26:00,60,LYA,T2,KMG,T1,MU,A319
MU7187,13:25:00,15:19:00,60,PKX,T2,NNG,T1,MU,A321
MU7190,11:15:00,16:14:00,50,KMG,T3,TYN,T2,MU,B738
MU7197,8:15:00,9:31:00,60,CTU,T2,CKG,T1,MU,A321
MU7201,8:00:00,10:36:00,60,KMG,T1,XIY,T2,MU,B738
MU7203,11:45:00,15:37:00,50,TFU,T2,FOC,T1,MU,B738
MU7204,12:25:00,15:01:00,70,KWL,T3,NGB,T1,MU,ARJ21
MU7205,21:10:00,0:09:00,70,SHA,T3,KWE,T3,MU,C919
MU7209,23:20:00,2:50:00,70,PVG,T3,WUX,T1,MU,A321
MU7213,16:15:00,20:14:00,90,XIY,T3,CAN,T1,MU,A320
MU7218,19:15:00,23:52:00,60,XUZ,T2,YTY,T3,MU,C919
MU7219,18:40:00,22:34:00,70,CAN,T3,FOC,T2,MU,A333
MU7223,19:00:00,20:05:00,50,SZX,T2,SYX,T3,MU,A319
MU7224,8:10:00,10:31:00,60,FOC,T2,YTY,T2,MU,B738
MU7228,20:35:00,21:50:00,50,KMG,T2,KWL,T1,MU,C919
MU7252,11:20:00,14:14:00,90,PEK,T1,TYN,T2,MU,B738
MU7253,20:35:00,1:03:00,90,XUZ,T3,CGO,T3,MU,A320
MU7255,10:15:00,12:20:00,70,XIY,T1,CSX,T2,MU,A359
MU7256,15:05:00,19:42:00,70,PVG,T1,JJN,T1,MU,C919
MU7263,19:20:00,23:01:00,90,LHW,T1,CKG,T2,MU,A320
MU7268,14:50:00,16:26:00,50,HRB,T3,HIA,T1,MU,A320
MU7274,23:10:00,1:46:00,60,PKX,T1,CGO,T2,MU,B738
MU7277,15:10:00,19:06:00,50,XIY,T1,HFE,T1,MU,A332
MU7282,22:05:00,2:37:00,50,XIY,T2,SHA,T3,MU,B738
MU7289,23:50:00,3:20:00,60,ZUH,T1,PEK,T3,MU,C919
MU7290,12:55:00,17:49:00,70,JJN,T1,CZX,T3,MU,A319
MU7293,14:05:00,15:46:00,70,XMN,T2,INC,T1,MU,C919
MU7299,10:50:00,13:59:00,90,HUZ,T2,XMN,T2,MU,C919
MU7303,14:20:00,16:18:00,70,KMG,T1,CSX,T2,MU,B789
MU7311,8:00:00,10:31:00,90,CZX,T3,TSN,T2,MU,A359
MU7317,9:55:00,13:25:00,50,KHN,T2,PEK,T1,MU,B738
MU7319,6:55:00,9:06:00,50,CAN,T2,LYA,T3,MU,A321
MU7322,6:00:00,9:12:00,50,PKX,T3,NNG,T3,MU,A359
MU7324,12:30:00,17:31:00,90,CAN,T1,HET,T3,MU,A320
MU7330,6:45:00,8:35:00,70,XIY,T2,HRB,T1,MU,A319
MU7339,14:25:00,19:15:00,90,KMG,T3,WNZ,T2,MU,B789
MU7351,10:25:00,15:03:00,90,PEK,T2,XIY,T3,MU,A321
MU7361,15:10:00,17:31:00,70,KMG,T1,TYN,T3,MU,A319
MU7370,18:20:00,20:52:00,60,KMG,T2,INC,T1,MU,A319
MU7375,22:55:00,3:50:00,90,PKX,T3,CTU,T1,MU,ARJ21
MU7377,18:05:00,20:39:00,70,HUZ,T3,JJN,T2,MU,A321
MU7382,7:35:00,10:07:00,70,SHA,T3,CGO,T1,MU,A320
MU7388,22:25:00,0:10:00,70,HIA,T1,SHA,T2,MU,ARJ21
MU7389,17:05:00,19:36:00,90,PVG,T3,TFU,T2,MU,A321
MU7394,7:25:00,11:39:00,70,XIY,T2,HGH,T1,MU,A333
MU7398,13:05:00,16:24:00,70,CTU,T3,URC,T2,MU,B738
MU7401,17:10:00,19:21:00,70,YNT,T2,WUX,T3,MU,A319
MU7402,20:00:00,23:16:00,60,SHE,T3,PVG,T2,MU,C919
MU7403,18:00:00,19:49:00,70,NTG,T2,NGB,T2,MU,A320
MU7407,18:20:00,20:12:00,50,INC,T2,NNG,T3,MU,ARJ21
MU7408,11:10:00,13:53:00,60,PEK,T1,SZX,T2,MU,A320
MU7414,14:35:00,16:09:00,50,CKG,T3,CSX,T2,MU,A321
MU7419,7:10:00,10:06:00,50,XIY,T3,SYX,T1,MU,A333
MU7420,6:10:00,8:15:00,70,XIY,T3,CTU,T2,MU,A320
MU7422,19:25:00,22:39:00,70,SZX,T2,TNA,T2,MU,A332
MU7428,18:45:00,23:35:00,90,PEK,T2,HET,T2,MU,C919
MU7429,17:25:00,21:59:00,60,WEH,T1,HET,T1,MU,B738
MU7432,6:35:00,9:43:00,70,SZX,T2,TYN,T1,MU,A320
MU7433,12:00:00,13:40:00,90,SZX,T1,HET,T1,MU,A319
MU7436,8:30:00,11:25:00,60,SHA,T2,HAK,T1,MU,A320
MU7450,21:30:00,0:03:00,90,SHA,T3,WUX,T2,MU,ARJ21
MU7451,9:05:00,12:35:00,90,KMG,T1,INC,T2,MU,B789
MU7454,7:35:00,10:45:00,60,SHA,T2,TYN,T1,MU,A320
MU7458,18:00:00,21:39:00,50,TFU,T2,INC,T3,MU,A319
MU7460,13:05:00,17:16:00,50,KMG,T3,NGB,T3,MU,A319
MU7470,13:10:00,17:38:00,70,SZX,T3,HRB,T2,MU,B738
MU7473,14:30:00,18:29:00,70,PVG,T3,TNA,T1,MU,A319
MU7477,12:30:00,15:10:00,90,NNG,T1,PKX,T2,MU,A359
MU7479,6:30:00,8:21:00,90,URC,T3,YNT,T1,MU,A332
MU7481,20:40:00,1:40:00,90,PVG,T3,CSX,T3,MU,C919
MU7483,20:20:00,23:04:00,60,SHA,T2,TSN,T3,MU,C919
MU7505,10:55:00,14:05:00,50,KMG,T2,NKG,T3,MU,A321
MU7506,7:20:00,10:29:00,60,CTU,T3,ZUH,T1,MU,A321
MU7508,17:40:00,20:59:00,90,KMG,T1,TNA,T3,MU,A321
MU7514,18:55:00,21:56:00,90,XIY,T3,INC,T3,MU,B738
MU7518,6:00:00,10:47:00,60,PEK,T2,CSX,T3,MU,ARJ21
MU7523,7:45:00,9:38:00,50,KMG,T1,WUX,T3,MU,B738
MU7528,7:15:00,8:47:00,90,TFU,T1,TNA,T3,MU,A359
MU7529,20:30:00,0:31:00,60,PKX,T3,SYX,T1,MU,A321
MU7532,14:00:00,15:48:00,60,CAN,T2,SZX,T3,MU,A333
MU7536,7:30:00,11:18:00,50,XIY,T1,HAK,T1,MU,B738
MU7539,8:00:00,12:31:00,90,WUH,T1,KWL,T3,MU,A359
MU7541,22:40:00,2:02:00,50,KMG,T1,XIY,T1,MU,B738
MU7545,10:55:00,15:10:00,60,TFU,T3,HFE,T1,MU,B789
MU7556,22:20:00,1:59:00,90,PEK,T3,NKG,T2,MU,A321
MU7566,21:30:00,23:36:00,90,XIY,T1,HUZ,T3,MU,A321
MU7569,9:20:00,13:53:00,90,PEK,T1,CGO,T2,MU,A319
MU7572,18:25:00,22:06:00,60,KWE,T1,YTY,T1,MU,A333
MU7573,10:15:00,14:55:00,70,HIA,T2,TYN,T1,MU,ARJ21
MU7583,7:10:00,12:18:00,70,PVG,T3,HAK,T2,MU,ARJ21
MU7595,6:55:00,9:00:00,50,KMG,T2,KHN,T2,MU,ARJ21
MU7605,22:50:00,3:01:00,50,SZX,T2,JJN,T3,MU,B738
MU7606,14:40:00,17:55:00,60,XIY,T1,YTY,T3,MU,ARJ21
MU7609,13:10:00,17:41:00,70,PVG,T2,FOC,T1,MU,B738
MU7619,17:05:00,19:11:00,60,TFU,T3,INC,T2,MU,A321
MU7622,23:00:00,1:46:00,60,PEK,T1,CTU,T1,MU,A333
MU7642,14:30:00,17:16:00,50,CAN,T1,HUZ,T1,MU,B738
MU7651,14:25:00,17:48:00,90,CAN,T1,XMN,T2,MU,A319
MU7657,22:45:00,3:30:00,50,KWL,T2,INC,T3,MU,C919
MU7673,7:10:00,11:57:00,50,CKG,T3,DLC,T3,MU,A320
MU7674,20:40:00,1:18:00,60,SHA,T3,KWL,T3,MU,B738
MU7678,10:00:00,13:15:00,50,CTU,T2,WUX,T2,MU,ARJ21
MU7679,13:35:00,17:06:00,50,CTU,T1,ZUH,T2,MU,B738
MU7683,9:25:00,14:16:00,70,PKX,T2,HGH,T2,MU,A320
MU7691,21:00:00,1:46:00,60,XIY,T1,YNT,T2,MU,C919
MU7696,21:45:00,1:30:00,70,SHA,T2,XNN,T2,MU,A359
MU7701,18:10:00,21:36:00,50,PEK,T3,WNZ,T2,MU,C919
MU7713,22:00:00,0:34:00,60,KMG,T3,JJN,T2,MU,B738
MU7714,9:35:00,11:56:00,70,CTU,T2,TNA,T1,MU,A319
MU7720,10:05:00,14:40:00,50,TFU,T3,HFE,T2,MU,A333
MU7730,13:05:00,14:49:00,90,CAN,T2,NKG,T1,MU,B738
MU7732,16:45:00,19:06:00,50,NNG,T1,HET,T3,MU,A319
MU7758,8:45:00,11:47:00,50,PVG,T3,TYN,T3,MU,ARJ21
MU7761,9:40:00,13:19:00,90,KMG,T1,TAO,T3,MU,ARJ21
MU7772,14:00:00,16:48:00,50,CTU,T1,PVG,T1,MU,ARJ21
MU7773,18:15:00,22:27:00,90,FOC,T3,KWL,T1,MU,C919
MU7777,15:55:00,19:57:00,50,HET,T2,TSN,T1,MU,A320
MU7781,20:25:00,1:33:00,90,SZX,T1,TAO,T3,MU,B738
MU7788,8:20:00,10:13:00,90,SZX,T2,WUH,T1,MU,A321
MU7791,14:45:00,18:15:00,70,SHA,T2,YTY,T3,MU,ARJ21
MU7792,21:00:00,0:05:00,50,TFU,T1,SYX,T3,MU,ARJ21
MU7801,6:55:00,9:11:00,60,PEK,T2,LHW,T2,MU,A319
MU7803,21:50:00,23:48:00,60,PEK,T1,SHE,T3,MU,A320
MU7812,22:50:00,1:59:00,90,CAN,T2,HIA,T3,MU,C919
MU7815,18:30:00,19:59:00,60,PVG,T1,PEK,T1,MU,A321
MU7822,15:40:00,18:57:00,60,SZX,T2,NNG,T3,MU,A321
MU7824,22:20:00,1:56:00,60,NGB,T2,XNN,T2,MU,A320
MU7827,19:05:00,20:58:00,60,CTU,T1,HIA,T3,MU,A320
MU7829,17:05:00,20:33:00,50,NTG,T2,WUH,T3,MU,ARJ21
MU7832,18:15:00,22:17:00,60,XIY,T2,TNA,T1,MU,A320
MU7837,11:10:00,13:33:00,50,SZX,T3,KWL,T1,MU,A319
MU7843,22:55:00,3:35:00,70,TFU,T1,SYX,T1,MU,C919
MU7848,9:15:00,13:44:00,60,CTU,T3,NTG,T3,MU,ARJ21
MU7853,7:35:00,12:34:00,70,CTU,T1,SZX,T3,MU,C919
MU7860,9:10:00,11:06:00,70,CZX,T3,TSN,T3,MU,A320
MU7864,8:25:00,10:22:00,90,PEK,T3,NKG,T1,MU,B738
MU7867,13:40:00,17:13:00,50,XIY,T3,HGH,T1,MU,B738
MU7874,9:40:00,14:06:00,90,SYX,T1,LYA,T3,MU,A321
MU7877,7:25:00,10:16:00,60,PKX,T3,NGB,T3,MU,B738
MU7881,10:00:00,14:47:00,50,HGH,T2,KMG,T2,MU,A359
MU7890,8:55:00,13:43:00,90,PKX,T3,CKG,T1,MU,B738
MU7903,16:15:00,18:14:00,50,SZX,T2,XMN,T1,MU,C919
MU7909,15:20:00,19:26:00,60,SZX,T1,DLC,T1,MU,A333
MU7912,22:45:00,2:41:00,90,PEK,T2,LHW,T1,MU,A359
MU7914,23:15:00,2:07:00,50,PVG,T1,URC,T2,MU,B738
MU7924,8:55:00,11:39:00,50,PVG,T2,KWE,T1,MU,B738
MU7937,6:25:00,8:36:00,50,HET,T2,SHE,T3,MU,ARJ21
MU7939,6:00:00,9:03:00,60,SZX,T1,HFE,T2,MU,ARJ21
MU7945,9:40:00,11:21:00,70,HGH,T3,HFE,T2,MU,A359
MU7956,14:30:00,19:19:00,70,HAK,T1,NGB,T2,MU,C919
MU7967,9:30:00,12:54:00,90,TFU,T2,HFE,T3,MU,C919
MU7981,23:05:00,1:52:00,90,SZX,T1,TNA,T1,MU,A320
MU7983,11:50:00,16:42:00,50,SZX,T2,KWL,T2,MU,B738
MU7984,10:40:00,15:36:00,50,SHA,T2,NKG,T1,MU,A359
MU7987,12:00:00,15:53:00,60,SHA,T1,NNG,T1,MU,B738
MU7993,22:45:00,3:04:00,90,KMG,T2,HRB,T3,MU,A320
MU7997,21:15:00,0:32:00,50,SHA,T3,WUH,T2,MU,A332
MU8002,22:10:00,23:59:00,70,PKX,T1,PEK,T1,MU,A321
MU8004,8:05:00,13:13:00,70,TYN,T2,JJN,T2,MU,ARJ21
MU8012,7:05:00,11:50:00,50,CAN,T3,YNT,T1,MU,A319
MU8025,21:10:00,23:21:00,90,SZX,T1,TNA,T2,MU,C919
MU8027,11:15:00,14:45:00,90,CKG,T2,HET,T2,MU,A320
MU8028,22:10:00,3:01:00,60,SHA,T2,CAN,T1,MU,B789
MU8059,15:20:00,19:14:00,90,TFU,T2,HUZ,T1,MU,A319
MU8062,18:35:00,21:45:00,90,XIY,T3,CTU,T2,MU,C919
MU8067,9:45:00,13:30:00,60,HFE,T2,DLC,T3,MU,A333
MU8071,7:50:00,9:53:00,70,TFU,T1,KWE,T2,MU,B738
MU8078,7:50:00,12:33:00,50,KMG,T2,WUX,T2,MU,A319
MU8079,9:25:00,12:41:00,50,KHN,T2,HUZ,T1,MU,A319
MU8084,10:15:00,11:56:00,90,WUH,T1,CAN,T2,MU,A319
MU8086,23:00:00,0:16:00,60,HGH,T2,HFE,T2,MU,ARJ21
MU8090,7:35:00,12:32:00,90,XIY,T2,CKG,T1,MU,A319
MU8093,21:30:00,1:18:00,50,SZX,T2,HGH,T3,MU,A321
MU8100,21:05:00,0:06:00,90,PKX,T2,CKG,T3,MU,A320
MU8112,13:00:00,16:58:00,70,CAN,T1,HET,T1,MU,C919
MU8120,15:40:00,20:13:00,70,KMG,T3,HFE,T1,MU,A319
MU8133,15:30:00,17:42:00,70,HGH,T3,DLC,T3,MU,B738
MU8137,22:55:00,2:30:00,50,CGO,T2,TFU,T1,MU,C919
MU8142,21:00:00,1:28:00,50,TFU,T3,CKG,T1,MU,B738
MU8143,19:45:00,22:43:00,70,PEK,T1,HFE,T3,MU,A319
MU8145,9:45:00,11:04:00,70,TYN,T1,TFU,T3,MU,ARJ21
MU8146,12:30:00,17:04:00,50,PEK,T2,KWL,T3,MU,A320
MU8148,20:50:00,22:52:00,50,SZX,T2,WUX,T3,MU,A319
MU8149,23:55:00,4:57:00,50,CAN,T1,HIA,T3,MU,A319
MU8151,11:50:00,14:38:00,60,XUZ,T3,LHW,T1,MU,B738
MU8161,17:35:00,20:55:00,50,KMG,T3,INC,T3,MU,A320
MU8162,15:50:00,17:44:00,70,WUH,T2,PVG,T2,MU,A320
MU8167,11:40:00,14:21:00,90,SHA,T2,FOC,T1,MU,A320
MU8168,16:30:00,21:32:00,70,WEH,T3,PVG,T1,MU,B738
MU8173,17:20:00,21:19:00,90,KMG,T1,PKX,T3,MU,C919
MU8182,15:10:00,19:46:00,90,WUH,T3,LHW,T2,MU,A319
MU8186,21:20:00,22:50:00,90,CZX,T1,CTU,T1,MU,B738
MU8187,18:20:00,22:46:00,50,SHA,T1,FOC,T3,MU,B738
MU8194,14:15:00,17:31:00,50,CGO,T1,HRB,T2,MU,ARJ21
MU8201,14:20:00,17:01:00,90,LYA,T3,NNG,T3,MU,A321
MU8203,11:05:00,13:35:00,70,PKX,T3,KWL,T1,MU,A321
MU8206,18:20:00,21:51:00,60,SZX,T1,TSN,T1,MU,A319
MU8207,20:00:00,0:26:00,50,PVG,T2,HGH,T2,MU,A321
MU8212,12:50:00,17:16:00,60,KMG,T3,CGO,T1,MU,A319
MU8215,21:25:00,23:56:00,90,CTU,T3,HET,T3,MU,B738
MU8219,7:05:00,9:08:00,70,XIY,T3,XMN,T3,MU,C919
MU8222,7:20:00,10:30:00,60,SZX,T2,DLC,T1,MU,A319
MU8234,12:40:00,14:33:00,50,PEK,T1,KWE,T3,MU,ARJ21
MU8240,12:45:00,15:01:00,90,SHA,T3,HGH,T3,MU,A332
MU8252,9:10:00,11:47:00,60,TAO,T2,WUH,T2,MU,A319
MU8257,15:05:00,16:47:00,90,SZX,T3,ZUH,T1,MU,C919
MU8262,7:30:00,10:06:00,90,CAN,T2,YNT,T2,MU,B738
MU8267,15:20:00,19:35:00,50,KHN,T2,CGO,T1,MU,A319
MU8268,21:05:00,0:55:00,70,XIY,T3,LYA,T2,MU,A319
MU8275,23:10:00,4:11:00,50,TFU,T1,YTY,T2,MU,A320
MU8276,19:20:00,23:31:00,90,SZX,T2,URC,T3,MU,ARJ21
MU8284,15:10:00,18:16:00,90,LHW,T3,HFE,T3,MU,A359
MU8290,11:25:00,14:47:00,60,TFU,T1,LXA,T3,MU,ARJ21
MU8295,9:15:00,14:14:00,90,XIY,T2,PKX,T2,MU,A321
MU8304,20:10:00,21:54:00,50,LYA,T1,INC,T3,MU,A319
MU8305,12:15:00,14:18:00,70,KWL,T2,KHN,T1,MU,A321
MU8309,9:25:00,11:16:00,90,CAN,T3,HGH,T3,MU,ARJ21
MU8316,15:05:00,18:47:00,60,PVG,T2,HUZ,T3,MU,A321
MU8320,22:20:00,1:31:00,50,CTU,T1,WUX,T2,MU,C919
MU8323,7:05:00,11:51:00,60,NNG,T3,XNN,T2,MU,A320
MU8328,13:10:00,17:19:00,60,PKX,T3,DLC,T2,MU,C919
MU8329,12:45:00,17:25:00,50,WUX,T1,KHN,T3,MU,A320
MU8344,17:40:00,21:11:00,90,XIY,T1,WUH,T1,MU,A319
MU8349,11:45:00,15:08:00,50,XIY,T3,HRB,T1,MU,A321
MU8350,16:20:00,19:19:00,50,NKG,T3,YTY,T1,MU,B738
MU8368,7:25:00,10:39:00,60,XIY,T3,KHN,T1,MU,A321
MU8372,23:55:00,1:43:00,90,CTU,T2,YNT,T2,MU,A320
MU8373,11:15:00,12:48:00,90,TFU,T1,TSN,T2,MU,B738
MU8375,10:00:00,12:21:00,50,PVG,T3,ZUH,T2,MU,A332
MU8381,23:30:00,2:40:00,90,KMG,T1,TFU,T2,MU,A332
MU8405,15:15:00,20:25:00,90,WUX,T2,XMN,T1,MU,A321
MU8414,14:20:00,18:23:00,70,PKX,T3,CGO,T3,MU,A320
MU8416,18:10:00,19:53:00,60,TNA,T2,NTG,T3,MU,ARJ21
MU8417,12:30:00,17:19:00,90,PKX,T3,URC,T3,MU,A319
MU8420,17:55:00,22:09:00,90,SHA,T3,HUZ,T2,MU,A320
MU8448,8:15:00,12:02:00,50,WUX,T2,DLC,T2,MU,ARJ21
MU8453,15:55:00,20:15:00,90,PKX,T3,HAK,T1,MU,C919
MU8456,11:35:00,16:17:00,60,SHA,T3,TNA,T1,MU,B789
MU8461,11:50:00,16:02:00,50,HET,T2,TFU,T1,MU,B738
MU8469,10:40:00,15:16:00,50,SHE,T1,CSX,T2,MU,B738
MU8477,7:30:00,8:47:00,50,PEK,T3,PKX,T2,MU,ARJ21
MU8478,15:40:00,20:41:00,70,CKG,T2,HIA,T3,MU,A320
MU8479,16:45:00,19:50:00,70,YTY,T2,JJN,T3,MU,B789
MU8480,17:55:00,20:02:00,60,KMG,T1,HIA,T3,MU,A320
MU8482,18:50:00,23:17:00,60,SZX,T3,TYN,T1,MU,A321
MU8485,9:05:00,12:06:00,50,XIY,T2,HET,T1,MU,A320
MU8490,13:40:00,18:00:00,90,KWE,T2,PEK,T2,MU,C919
MU8500,16:35:00,18:46:00,50,HAK,T1,KHN,T2,MU,A333
MU8509,8:45:00,10:50:00,90,KMG,T1,ZUH,T3,MU,A320
MU8514,6:50:00,10:21:00,50,TFU,T1,HIA,T1,MU,ARJ21
MU8517,7:20:00,10:07:00,50,PVG,T3,HRB,T2,MU,ARJ21
MU8519,14:20:00,16:03:00,90,PEK,T1,SYX,T3,MU,A320
MU8520,12:05:00,15:48:00,90,WNZ,T2,CKG,T1,MU,A319
MU8534,16:00:00,19:40:00,70,HIA,T3,CTU,T3,MU,A332
MU8537,18:45:00,23:37:00,60,TFU,T1,URC,T3,MU,C919
MU8539,10:10:00,11:23:00,50,XIY,T3,XNN,T3,MU,A320
MU8567,11:15:00,15:31:00,70,XIY,T3,KWL,T3,MU,C919
MU8568,16:40:00,21:49:00,50,PKX,T1,LYA,T3,MU,A321
MU8577,9:25:00,13:35:00,70,XIY,T2,HET,T3,MU,A321
MU8601,18:15:00,22:41:00,60,PVG,T1,TSN,T3,MU,B789
MU8604,13:30:00,16:24:00,90,CTU,T3,SZX,T1,MU,C919
MU8618,12:20:00,16:04:00,90,URC,T3,ZUH,T3,MU,C919
MU8623,18:00:00,20:27:00,90,PKX,T3,DLC,T3,MU,A319
MU8639,12:35:00,14:42:00,70,TFU,T3,DLC,T3,MU,A319
MU8646,16:25:00,20:58:00,50,LHW,T3,WEH,T2,MU,B738
MU8647,12:30:00,16:14:00,50,XIY,T3,HET,T1,MU,A319
MU8650,14:30:00,18:44:00,50,PEK,T2,TFU,T1,MU,A321
MU8652,21:25:00,2:18:00,60,HRB,T2,CKG,T2,MU,A333
MU8663,11:55:00,15:25:00,60,CAN,T2,TSN,T2,MU,A319
MU8664,14:15:00,18:06:00,90,TFU,T2,NGB,T3,MU,A319
MU8678,23:35:00,4:41:00,70,TSN,T1,XUZ,T2,MU,C919
MU8679,8:10:00,12:19:00,70,NNG,T1,WUH,T1,MU,C919
MU8688,19:55:00,22:08:00,90,CSX,T3,KMG,T1,MU,A333
MU8689,14:10:00,18:16:00,50,URC,T2,CTU,T1,MU,A321
MU8690,7:40:00,12:25:00,70,KMG,T3,CAN,T3,MU,ARJ21
MU8691,20:35:00,23:21:00,90,XIY,T3,WUX,T3,MU,A319
MU8698,19:10:00,21:50:00,50,CKG,T2,HET,T1,MU,B738
MU8699,22:00:00,23:46:00,60,CAN,T3,HIA,T1,MU,ARJ21
MU8700,21:45:00,22:51:00,60,TFU,T3,TAO,T1,MU,C919
MU8707,20:30:00,1:14:00,50,LHW,T1,NNG,T1,MU,A321
MU8713,17:45:00,19:43:00,50,KMG,T2,ZUH,T2,MU,B738
MU8720,11:15:00,15:33:00,50,CTU,T2,LYA,T3,MU,ARJ21
MU8721,23:00:00,1:39:00,90,KMG,T2,NNG,T1,MU,ARJ21
MU8724,13:05:00,16:07:00,50,KMG,T2,CGO,T2,MU,A359
MU8725,15:05:00,18:58:00,60,CAN,T1,NNG,T3,MU,A320
MU8726,21:10:00,2:09:00,90,CTU,T1,SHA,T3,MU,B738
MU8731,21:05:00,23:20:00,50,XIY,T3,TAO,T2,MU,ARJ21
MU8743,23:15:00,3:06:00,90,WUX,T3,NGB,T3,MU,B738
MU8747,19:55:00,0:24:00,50,CTU,T3,SHA,T3,MU,A319
MU8753,21:45:00,0:09:00,50,DLC,T3,WEH,T3,MU,C919
MU8761,21:45:00,1:24:00,60,XIY,T1,NTG,T2,MU,A321
MU8762,19:15:00,22:40:00,50,XIY,T3,HIA,T3,MU,A332
MU8766,20:40:00,23:12:00,90,KMG,T2,CGO,T1,MU,A320
MU8773,19:25:00,0:29:00,70,PVG,T2,NKG,T2,MU,A321
MU8780,6:00:00,8:01:00,90,XIY,T1,SYX,T3,MU,A333
MU8781,10:40:00,12:12:00,60,KMG,T2,KWL,T2,MU,A332
MU8783,8:00:00,11:00:00,50,PKX,T1,DLC,T2,MU,B738
MU8789,23:10:00,3:51:00,60,XIY,T3,WUX,T2,MU,A319
MU8802,10:45:00,14:45:00,60,SZX,T2,DLC,T1,MU,A319
MU8803,7:40:00,11:44:00,90,KMG,T2,PKX,T3,MU,A333
MU8817,14:40:00,17:35:00,90,PVG,T2,HIA,T1,MU,B738
MU8819,22:55:00,0:00:00,50,CTU,T3,CKG,T3,MU,B738
MU8861,6:45:00,9:45:00,60,CTU,T2,SHA,T2,MU,C919
MU8864,11:55:00,14:41:00,50,PKX,T2,HAK,T1,MU,A321
MU8871,18:55:00,23:53:00,70,WNZ,T2,SHA,T3,MU,A319
MU8875,16:20:00,18:56:00,50,CTU,T2,KMG,T3,MU,A319
MU8881,6:45:00,10:11:00,60,HAK,T1,KMG,T1,MU,A321
MU8882,17:20:00,21:02:00,70,KWE,T1,TFU,T2,MU,A321
MU8886,18:25:00,22:20:00,60,SHA,T3,TFU,T1,MU,ARJ21
MU8892,15:00:00,17:43:00,70,NGB,T2,XUZ,T2,MU,B738
MU8895,16:35:00,19:30:00,60,PVG,T3,WEH,T2,MU,B789
MU8899,17:15:00,20:11:00,50,CTU,T3,HFE,T3,MU,A321
MU8900,7:00:00,10:08:00,60,PEK,T3,YNT,T1,MU,B738
MU8904,20:55:00,22:49:00,90,CKG,T3,HET,T3,MU,A320
MU8905,19:05:00,22:23:00,70,TSN,T1,HIA,T2,MU,A321
MU8927,6:00:00,10:17:00,90,HAK,T1,URC,T2,MU,A320
MU8931,17:05:00,19:03:00,50,KMG,T2,LHW,T2,MU,A321
MU8934,12:40:00,15:59:00,50,SHA,T2,WNZ,T3,MU,A321
MU8936,10:05:00,15:11:00,70,KMG,T1,WEH,T2,MU,A321
MU8944,23:15:00,3:48:00,70,KHN,T3,XNN,T3,MU,ARJ21
MU8953,16:30:00,19:29:00,70,XIY,T3,SHE,T2,MU,B738
MU8981,10:25:00,15:29:00,60,SHA,T1,HAK,T1,MU,A332
MU8983,10:15:00,13:04:00,90,WUX,T1,TYN,T1,MU,B738
MU8984,17:00:00,21:29:00,90,TFU,T1,CTU,T3,MU,A359
MU8986,10:00:00,12:10:00,70,CGO,T3,PVG,T2,MU,B789
MU8987,7:40:00,9:37:00,90,XIY,T2,TSN,T1,MU,A320
MU8988,14:15:00,18:44:00,60,PEK,T3,KWL,T2,MU,A319
MU8997,18:40:00,21:14:00,60,CTU,T1,NGB,T3,MU,ARJ21
MU9005,19:35:00,21:37:00,70,PVG,T2,PEK,T1,MU,B738
MU9007,19:50:00,22:19:00,60,PEK,T1,CSX,T3,MU,A321
MU9015,15:00:00,18:22:00,50,SZX,T2,CSX,T3,MU,B789
MU9023,21:50:00,0:09:00,70,CAN,T2,KHN,T3,MU,C919
MU9029,17:00:00,19:12:00,60,PKX,T3,KWL,T2,MU,A321
MU9035,16:20:00,19:19:00,60,CTU,T2,HGH,T1,MU,C919
MU9038,6:20:00,10:26:00,70,XIY,T2,SHE,T1,MU,B738
MU9039,19:25:00,22:43:00,70,NNG,T3,XNN,T2,MU,A321
MU9044,7:15:00,11:06:00,50,TSN,T2,LXA,T2,MU,C919
MU9050,9:05:00,14:05:00,90,PVG,T1,HET,T1,MU,C919
MU9067,19:20:00,0:28:00,50,PVG,T3,URC,T1,MU,A321
MU9068,10:55:00,14:59:00,60,PKX,T2,SZX,T1,MU,A321
MU9070,20:40:00,0:25:00,90,XIY,T3,SZX,T3,MU,A320
MU9078,22:35:00,0:29:00,70,LXA,T2,CZX,T2,MU,A332
MU9084,18:25:00,20:31:00,50,XIY,T1,WNZ,T2,MU,A320
MU9091,15:55:00,19:04:00,90,PKX,T2,INC,T1,MU,A320
MU9095,6:15:00,8:26:00,90,PEK,T3,TSN,T3,MU,B738
MU9101,12:30:00,17:07:00,70,XMN,T2,TAO,T2,MU,A359
MU9103,18:10:00,20:49:00,90,CAN,T2,HRB,T3,MU,C919
MU9113,6:30:00,9:17:00,70,PEK,T2,KWE,T1,MU,A319
MU9120,15:50:00,19:05:00,60,PKX,T3,XMN,T2,MU,A320
MU9126,23:30:00,1:45:00,60,CTU,T1,LHW,T2,MU,C919
MU9127,8:00:00,10:33:00,60,PEK,T1,KMG,T3,MU,ARJ21
MU9128,10:10:00,14:52:00,50,SHE,T3,HGH,T1,MU,A320
MU9130,6:30:00,7:46:00,50,SHA,T1,SZX,T1,MU,A321
MU9145,6:45:00,10:22:00,70,WUX,T1,SZX,T3,MU,A319
MU9146,8:50:00,11:51:00,90,XIY,T1,URC,T2,MU,B738
MU9172,16:15:00,18:39:00,70,PVG,T2,TFU,T1,MU,A332
MU9178,10:05:00,14:24:00,70,FOC,T1,JJN,T1,MU,B738
MU9192,12:00:00,14:01:00,50,XIY,T3,SZX,T3,MU,A321
MU9194,22:00:00,23:29:00,60,TFU,T1,TNA,T2,MU,A321
MU9198,8:15:00,9:55:00,50,WNZ,T3,CSX,T1,MU,C919
MU9202,16:05:00,19:11:00,90,XIY,T3,TFU,T3,MU,A320
MU9211,23:50:00,1:42:00,90,CTU,T3,SZX,T1,MU,A359
MU9215,22:40:00,2:43:00,70,KWL,T1,CGO,T2,MU,A319
MU9216,16:30:00,20:21:00,70,PEK,T1,KWE,T1,MU,ARJ21
MU9219,22:20:00,1:22:00,50,PKX,T2,KWL,T3,MU,A319
MU9223,11:45:00,15:19:00,90,TFU,T3,CZX,T3,MU,A319
MU9227,18:35:00,21:07:00,60,PKX,T2,CTU,T1,MU,A321
MU9242,20:20:00,22:14:00,70,HGH,T3,PEK,T1,MU,A319
MU9248,18:35:00,20:32:00,50,PKX,T1,HIA,T2,MU,ARJ21
MU9260,9:05:00,11:39:00,50,KMG,T3,CGO,T2,MU,B738
MU9265,14:05:00,16:13:00,70,HGH,T3,LHW,T2,MU,A319
MU9267,11:40:00,13:54:00,70,TYN,T1,FOC,T1,MU,C919
MU9296,13:10:00,14:59:00,90,NGB,T1,NTG,T1,MU,ARJ21
MU9308,7:45:00,12:02:00,50,HUZ,T2,TFU,T1,MU,C919
MU9310,6:55:00,8:03:00,90,CAN,T3,CGO,T3,MU,A319
MU9314,8:40:00,11:16:00,90,KMG,T3,HET,T2,MU,ARJ21
MU9317,8:55:00,10:45:00,60,YNT,T1,PEK,T3,MU,B738
MU9318,7:20:00,9:26:00,60,XIY,T3,XNN,T1,MU,A320
MU9319,8:55:00,12:36:00,50,PEK,T1,LXA,T2,MU,A319
MU9321,21:10:00,23:50:00,50,CTU,T1,TYN,T1,MU,A333
MU9325,15:10:00,18:12:00,60,PEK,T2,JJN,T3,MU,B738
MU9340,7:40:00,11:58:00,90,PVG,T1,CTU,T1,MU,ARJ21
MU9344,15:30:00,18:15:00,50,PKX,T3,NTG,T2,MU,C919
MU9346,7:40:00,10:51:00,60,LYA,T3,XIY,T3,MU,B738
MU9351,12:15:00,16:28:00,60,PKX,T1,TNA,T1,MU,A333
MU9361,12:25:00,17:09:00,90,CAN,T3,KWL,T1,MU,A319
MU9366,10:00:00,13:13:00,60,PKX,T3,FOC,T2,MU,B738
MU9375,9:25:00,11:18:00,50,CSX,T1,YTY,T2,MU,B789
MU9388,14:55:00,17:30:00,90,WEH,T2,CGO,T3,MU,A321
MU9393,8:55:00,12:01:00,90,NNG,T3,FOC,T1,MU,A333
MU9396,19:40:00,20:50:00,70,XIY,T3,XMN,T1,MU,C919
MU9417,18:35:00,20:26:00,50,CZX,T1,NGB,T1,MU,ARJ21
MU9423,14:40:00,16:29:00,70,PKX,T3,SHE,T3,MU,C919
MU9424,15:40:00,18:47:00,60,KMG,T2,NNG,T3,MU,C919
MU9430,19:10:00,20:56:00,70,TFU,T1,TAO,T2,MU,A320
MU9431,7:45:00,9:36:00,60,PVG,T3,URC,T3,MU,A359
MU9452,8:40:00,10:22:00,70,SHA,T1,SHE,T2,MU,A321
MU9453,18:40:00,23:46:00,60,KWE,T1,CSX,T1,MU,A320
MU9459,8:25:00,11:46:00,90,SHE,T3,CTU,T2,MU,C919
MU9462,20:40:00,0:24:00,90,TFU,T3,NTG,T3,MU,A333
MU9464,15:35:00,17:16:00,70,XIY,T2,YTY,T1,MU,A320
MU9476,22:05:00,1:06:00,90,KMG,T1,HRB,T2,MU,ARJ21
MU9493,13:20:00,15:47:00,90,PEK,T3,CTU,T2,MU,A332
MU9496,18:50:00,23:18:00,60,KMG,T2,PEK,T3,MU,A321
MU9497,7:45:00,10:32:00,50,LXA,T3,NGB,T3,MU,B738
MU9502,16:55:00,19:39:00,60,PKX,T2,XIY,T1,MU,C919
MU9507,7:50:00,11:55:00,50,LXA,T2,XNN,T1,MU,ARJ21
MU9508,9:45:00,12:56:00,70,HIA,T2,XUZ,T3,MU,ARJ21
MU9509,18:40:00,21:09:00,70,KMG,T1,XNN,T3,MU,A319
MU9529,7:00:00,12:06:00,50,PVG,T2,HGH,T1,MU,A319
MU9530,11:40:00,14:35:00,70,TAO,T2,URC,T3,MU,B738
MU9534,15:40:00,18:33:00,70,SZX,T3,YTY,T3,MU,ARJ21
MU9549,15:35:00,18:09:00,90,SHA,T1,KMG,T3,MU,A359
MU9550,15:50:00,18:55:00,50,PVG,T2,WUX,T2,MU,A319
MU9552,20:45:00,22:54:00,50,KMG,T2,HUZ,T2,MU,A319
MU9557,12:45:00,14:44:00,50,SZX,T3,CSX,T1,MU,A320
MU9559,17:55:00,22:08:00,70,CTU,T3,WEH,T3,MU,A320
MU9562,21:40:00,0:37:00,50,PVG,T3,KWL,T3,MU,A359
MU9566,7:25:00,11:05:00,70,XIY,T1,CTU,T3,MU,ARJ21
MU9570,10:35:00,13:02:00,90,XUZ,T2,LYA,T1,MU,C919
MU9571,20:45:00,21:54:00,90,HIA,T3,HGH,T1,MU,ARJ21
MU9572,15:45:00,18:24:00,60,SHA,T2,FOC,T3,MU,ARJ21
MU9577,20:55:00,23:41:00,50,KHN,T1,CSX,T2,MU,A321
MU9593,16:25:00,20:02:00,70,PKX,T2,XNN,T3,MU,A320
MU9598,13:00:00,15:25:00,90,NKG,T3,CKG,T2,MU,B738
MU9599,15:35:00,19:03:00,70,JJN,T1,KHN,T3,MU,A319
MU9602,20:00:00,22:18:00,70,WNZ,T2,ZUH,T1,MU,B738
MU9605,21:55:00,1:23:00,70,CAN,T2,KMG,T3,MU,A332
MU9609,20:10:00,22:36:00,70,LXA,T1,HAK,T3,MU,B738
MU9611,17:50:00,22:14:00,70,PEK,T1,INC,T1,MU,C919
MU9621,15:45:00,17:29:00,50,CAN,T1,LHW,T3,MU,A320
MU9629,12:00:00,16:22:00,70,LYA,T1,SYX,T1,MU,A319
MU9632,14:35:00,16:51:00,90,CSX,T1,WUX,T3,MU,A319
MU9634,21:45:00,1:23:00,50,CTU,T2,HET,T1,MU,C919
MU9641,21:15:00,22:57:00,90,CAN,T3,LHW,T2,MU,A321
MU9648,18:45:00,23:13:00,90,SZX,T2,LHW,T2,MU,B738
MU9651,16:20:00,21:28:00,50,URC,T2,TSN,T2,MU,A321
MU9662,18:00:00,20:22:00,90,ZUH,T2,PVG,T3,MU,A320
MU9672,17:55:00,21:31:00,60,CTU,T1,SYX,T2,MU,A321
MU9673,18:05:00,22:38:00,60,TFU,T1,HUZ,T2,MU,A319
MU9687,12:20:00,16:32:00,60,XIY,T1,KMG,T1,MU,A321
MU9695,8:45:00,12:33:00,50,CTU,T3,XMN,T1,MU,B738
MU9704,23:50:00,2:30:00,60,ZUH,T1,TYN,T3,MU,ARJ21
MU9707,9:45:00,12:20:00,70,SZX,T3,DLC,T2,MU,B789
MU9713,16:55:00,21:33:00,60,PKX,T1,TFU,T2,MU,A319
MU9717,15:25:00,20:26:00,70,KMG,T1,JJN,T3,MU,C919
MU9719,9:15:00,13:04:00,70,NNG,T1,CKG,T1,MU,C919
MU9721,18:10:00,21:37:00,70,PEK,T2,KWL,T1,MU,B738
MU9723,12:00:00,15:59:00,60,SHA,T1,NKG,T2,MU,ARJ21
MU9731,17:10:00,22:06:00,70,SZX,T3,HRB,T1,MU,B738
MU9735,8:15:00,12:02:00,50,PEK,T1,URC,T1,MU,A333
MU9740,22:50:00,2:06:00,70,SZX,T2,TSN,T2,MU,A359
MU9741,22:20:00,0:36:00,50,SHA,T1,TAO,T1,MU,A333
MU9742,7:45:00,9:29:00,60,SHA,T1,KHN,T3,MU,B789
MU9750,13:00:00,14:58:00,50,XIY,T1,SHE,T2,MU,A333
MU9759,22:45:00,2:16:00,70,TFU,T3,URC,T1,MU,B738
MU9769,17:55:00,22:26:00,60,CAN,T2,XMN,T1,MU,A319
MU9772,9:15:00,12:33:00,90,LYA,T1,CAN,T1,MU,B789
MU9775,19:10:00,21:44:00,50,SHA,T1,XUZ,T3,MU,ARJ21
MU9780,7:40:00,9:20:00,60,TFU,T1,TAO,T2,MU,A319
MU9782,6:35:00,7:54:00,60,SZX,T1,SYX,T1,MU,B738
MU9786,21:40:00,1:08:00,50,HGH,T2,LHW,T2,MU,A320
MU9795,18:40:00,20:34:00,60,TFU,T2,TNA,T2,MU,C919
MU9799,18:25:00,22:24:00,50,PVG,T2,HAK,T2,MU,A320
MU9807,15:55:00,20:01:00,90,KMG,T3,CTU,T2,MU,B738
MU9810,19:40:00,22:09:00,90,TSN,T3,NNG,T1,MU,B738
MU9819,10:05:00,15:14:00,70,CAN,T2,XUZ,T2,MU,A319
MU9820,17:05:00,19:21:00,70,SHA,T3,INC,T2,MU,A320
MU9823,16:10:00,18:10:00,60,CTU,T3,FOC,T2,MU,C919
MU9847,23:30:00,3:13:00,70,SHA,T3,YNT,T3,MU,A359
MU9849,6:00:00,10:18:00,60,SZX,T3,KWE,T2,MU,A359
MU9853,21:15:00,22:31:00,70,CTU,T3,CGO,T1,MU,A333
MU9859,9:05:00,14:02:00,60,SHA,T1,YTY,T3,MU,ARJ21
MU9870,20:15:00,22:28:00,50,SZX,T1,KWL,T1,MU,A320
MU9872,20:05:00,23:28:00,60,PKX,T3,TFU,T1,MU,B789
MU9874,20:05:00,22:50:00,50,JJN,T2,XNN,T1,MU,C919
MU9880,8:20:00,12:23:00,60,HIA,T2,URC,T3,MU,A332
MU9881,15:55:00,18:14:00,90,LXA,T1,HRB,T1,MU,ARJ21
MU9882,19:20:00,21:02:00,60,CAN,T1,LYA,T3,MU,B738
MU9884,16:05:00,20:56:00,50,KMG,T1,TNA,T3,MU,A321
MU9891,20:35:00,0:34:00,70,PKX,T1,XUZ,T2,MU,A319
MU9895,12:25:00,15:30:00,90,XIY,T2,NGB,T3,MU,A321
MU9896,21:00:00,23:37:00,70,WNZ,T3,LYA,T2,MU,B738
MU9897,16:20:00,20:51:00,60,SZX,T3,HUZ,T1,MU,B738
MU9899,16:50:00,19:05:00,70,CAN,T3,PVG,T2,MU,C919
MU9909,20:55:00,22:40:00,50,PKX,T1,PVG,T2,MU,ARJ21
MU9910,17:10:00,20:13:00,50,CTU,T3,HUZ,T3,MU,C919
MU9917,14:10:00,16:57:00,50,CTU,T2,HIA,T1,MU,A319
MU9920,11:15:00,15:38:00,70,PKX,T2,HFE,T2,MU,ARJ21
MU9927,11:35:00,13:26:00,60,SYX,T1,INC,T2,MU,C919
MU9930,19:10:00,21:48:00,50,CAN,T1,FOC,T3,MU,ARJ21
MU9938,21:00:00,23:33:00,50,DLC,T3,WUH,T1,MU,B738
MU9943,23:00:00,2:08:00,90,SZX,T1,PKX,T2,MU,ARJ21
MU9947,21:25:00,0:56:00,60,HET,T3,ZUH,T3,MU,B738
MU9955,8:55:00,12:34:00,90,CTU,T1,FOC,T3,MU,C919
MU9966,15:00:00,18:18:00,70,SZX,T2,LHW,T3,MU,A321
MU9967,14:35:00,17:21:00,70,PKX,T2,INC,T3,MU,A320
MU9970,18:05:00,21:07:00,60,CAN,T3,NKG,T1,MU,A320
MU9973,8:10:00,11:57:00,90,XUZ,T3,INC,T3,MU,A319
MU9978,7:40:00,12:04:00,60,URC,T3,HET,T1,MU,C919
MU9981,22:00:00,2:18:00,90,LXA,T3,PVG,T3,MU,A332
MU9985,15:15:00,19:24:00,70,YNT,T1,WEH,T1,MU,A332
MU9992,7:10:00,9:38:00,90,XIY,T1,KWE,T2,MU,A321
MU9999,18:30:00,22:22:00,90,SHA,T2,KWL,T1,MU,B789
CZ7008,14:55:00,18:15:00,50,JNH,T2,CTU,T1,CZ,A321
CZ32,14:30:00,17:25:00,60,TFU,T1,SHA,T1,CZ,B738
CZ4873,16:15:00,18:20:00,60,TFU,T2,NKG,T1,CZ,A359
CZ7179,15:55:00,18:30:00,50,HGH,T2,PEK,T1,CZ,B772
CZ4540,16:25:00,18:15:00,60,XMN,T3,CSX,T2,CZ,B737
CZ4403,16:10:00,17:55:00,50,SHA,T2,XMN,T1,CZ,C919
CZ1905,16:05:00,18:30:00,60,HGH,T2,PKX,T1,CZ,AJ27
CZ21,15:45:00,18:00:00,60,PVG,T3,CSX,T2,CZ,AJ27
CZ9182,15:05:00,18:10:00,50,PVG,T2,CTU,T3,CZ,A321
CZ181,14:05:00,16:30:00,60,TFU,T1,NKG,T2,CZ,A319
CZ4815,13:30:00,15:50:00,60,TFU,T2,CAN,T1,CZ,A332
CZ4311,15:55:00,18:25:00,60,KMG,T2,XMN,T3,CZ,A20N
CZ4283,15:35:00,17:40:00,60,CAN,T3,HGH,T1,CZ,B738
CZ90,15:10:00,16:55:00,60,PVG,T3,TAO,T3,CZ,A320
CZ4431,16:30:00,18:20:00,60,NKG,T2,XMN,T3,CZ,B788
CZ4831,15:10:00,17:05:00,50,TFU,T3,CSX,T2,CZ,A332
CZ100,15:55:00,18:40:00,60,PVG,T3,XIY,T2,CZ,B789
CZ46,14:55:00,16:50:00,50,SHA,T1,CSX,T3,CZ,B788
CZ4258,15:50:00,17:45:00,60,XMN,T1,WUH,T1,CZ,B77W
CZ4208,15:30:00,17:00:00,50,XMN,T1,CAN,T3,CZ,B738
CZ9074,15:30:00,18:00:00,50,SZX,T2,CTU,T3,CZ,B789
CZ202,14:50:00,17:10:00,60,SHA,T2,CAN,T1,CZ,A333
CZ208,14:35:00,16:50:00,50,SHA,T2,SZX,T3,CZ,A359
CZ168,15:25:00,18:15:00,60,NKG,T3,HRB,T1,CZ,B77W
CZ9157,14:00:00,16:35:00,50,CTU,T3,HGH,T2,CZ,A21N
CZ9058,14:25:00,15:45:00,60,KMG,T3,CTU,T2,CZ,A321
CZ9050,12:00:00,14:00:00,60,LZY,T2,CTU,T1,CZ,A359
CZ1490,14:05:00,16:45:00,50,PKX,T3,CKG,T1,CZ,B738
CZ4117,14:05:00,17:05:00,50,PKX,T3,FOC,T2,CZ,A21N
CZ4299,12:00:00,14:40:00,60,TFU,T1,XMN,T2,CZ,A333
CZ4062,15:00:00,17:50:00,50,XMN,T3,PKX,T2,CZ,A332
CZ4289,14:15:00,16:30:00,60,SZX,T1,HGH,T1,CZ,B77W
CZ4318,14:50:00,17:45:00,60,XMN,T3,CKG,T3,CZ,A320
CZ7176,13:55:00,16:15:00,50,SZX,T1,HGH,T2,CZ,A320
CZ4441,14:10:00,15:55:00,50,SHA,T3,XMN,T1,CZ,B737
CZ9204,14:50:00,17:25:00,60,NKG,T1,CTU,T1,CZ,A20N
CZ1922,13:40:00,15:40:00,50,PKX,T1,HGH,T2,CZ,A21N
CZ4793,16:05:00,18:20:00,60,TFU,T2,LXA,T3,CZ,A320
CZ4610,13:15:00,16:10:00,60,KMG,T1,HGH,T1,CZ,B772
CZ4353,13:45:00,16:10:00,50,CKG,T1,FOC,T1,CZ,A21N
CZ9298,16:25:00,18:00:00,50,FYJ,T3,HRB,T3,CZ,A320
CZ4103,13:15:00,15:35:00,50,PKX,T1,HGH,T1,CZ,C919
CZ9140,15:30:00,18:30:00,50,PEK,T3,CTU,T3,CZ,A319
CZ9138,13:30:00,16:15:00,60,PEK,T3,CTU,T2,CZ,A359
CZ1970,14:30:00,16:40:00,50,NKG,T1,PKX,T1,CZ,AJ27
CZ4028,15:10:00,16:55:00,50,TAO,T1,CGQ,T1,CZ,B772
CZ29,14:10:00,16:15:00,60,PVG,T1,CGO,T1,CZ,A332
CZ9048,11:05:00,12:55:00,60,LZY,T3,CTU,T1,CZ,AJ27
CZ9304,13:50:00,17:00:00,50,XMN,T2,CTU,T3,CZ,A20N
CZ97,15:25:00,18:00:00,50,KWE,T1,SHA,T2,CZ,A320
CZ1787,16:30:00,18:35:00,60,LHW,T1,KMG,T3,CZ,A21N
CZ4132,16:50:00,19:00:00,50,NKG,T3,YCU,T3,CZ,C919
CZ4191,12:15:00,14:50:00,60,XIY,T1,FOC,T1,CZ,B737
CZ6756,16:40:00,18:45:00,60,DDG,T3,PVG,T1,CZ,B789
CZ4925,13:55:00,15:25:00,60,CKG,T1,CSX,T1,CZ,B772
CZ1904,12:35:00,14:35:00,50,PKX,T1,HGH,T2,CZ,A321
CZ4616,16:15:00,18:40:00,50,LXA,T2,CKG,T1,CZ,AJ27
CZ94,13:50:00,16:40:00,60,PVG,T2,KWE,T2,CZ,C919
CZ9046,10:30:00,12:20:00,50,LZY,T2,CTU,T2,CZ,A321
CZ9327,12:30:00,15:20:00,60,CTU,T2,FOC,T1,CZ,A21N
CZ9268,14:00:00,16:05:00,60,CSX,T1,KMG,T2,CZ,A388
CZ4668,9:55:00,12:30:00,60,LZY,T2,XIY,T1,CZ,B789
CZ50,12:45:00,15:55:00,50,SHA,T2,SYX,T3,CZ,B77W
CZ4211,11:50:00,14:20:00,50,SZX,T3,CKG,T1,CZ,B788
CZ4393,12:10:00,14:00:00,50,SHA,T3,XMN,T2,CZ,B772
CZ9468,15:55:00,18:45:00,60,CGQ,T2,CGO,T2,CZ,A333
CZ72,14:20:00,16:10:00,60,PVG,T1,DLC,T1,CZ,A333
CZ4274,12:25:00,14:40:00,50,PKX,T1,CSX,T3,CZ,A359
CZ4281,12:05:00,15:20:00,50,SZX,T3,TSN,T2,CZ,A359
CZ4443,12:45:00,14:55:00,60,TNA,T3,XMN,T1,CZ,A388
CZ5608,16:30:00,18:00:00,60,LIJ,T2,SWA,T1,CZ,A333
CZ4879,10:20:00,13:00:00,60,TFU,T2,TAO,T2,CZ,C919
CZ1419,16:15:00,18:05:00,50,SHE,T1,SJW,T2,CZ,A319
CZ4915,8:00:00,10:40:00,50,TFU,T3,PVG,T1,CZ,B77W
CZ130,11:25:00,13:35:00,50,PVG,T3,PKX,T3,CZ,A321
CZ4037,17:20:00,18:40:00,60,NGB,T1,XMN,T3,CZ,A359
CZ7087,12:50:00,14:50:00,50,TFU,T1,INC,T2,CZ,B789
CZ1500,14:45:00,17:25:00,50,TFU,T2,HKG,T1,CZ,A20N
CZ4110,16:20:00,17:55:00,60,CGO,T1,HET,T2,CZ,A333
CZ6558,15:20:00,17:35:00,60,TFU,T2,HAK,T2,CZ,A321
CZ1845,14:55:00,17:10:00,60,HGH,T2,MFM,T1,CZ,B738
CZ9067,14:30:00,16:50:00,60,CTU,T1,LXA,T3,CZ,B788
CZ4647,13:30:00,16:45:00,60,XIY,T2,LXA,T3,CZ,B737
CZ6442,14:10:00,17:55:00,50,TFU,T3,CGQ,T3,CZ,A20N
CZ6472,15:25:00,17:20:00,50,TFU,T2,CGO,T1,CZ,A21N
CZ7146,15:15:00,17:15:00,60,LHW,T1,ENH,T1,CZ,A320
CZ4149,11:30:00,13:40:00,50,XIY,T1,HGH,T2,CZ,B772
CZ4994,14:50:00,18:05:00,60,URC,T1,XIY,T2,CZ,C919
CZ4948,16:05:00,17:55:00,60,TYN,T1,CKG,T1,CZ,B789
CZ9318,11:35:00,14:15:00,50,SZX,T3,CTU,T3,CZ,A333
CZ4005,13:05:00,16:40:00,50,SHE,T2,XMN,T2,CZ,A20N
CZ9156,10:50:00,13:55:00,60,HGH,T3,CTU,T3,CZ,B77W
CZ4071,12:00:00,14:35:00,60,PKX,T1,FOC,T3,CZ,C919
CZ9203,11:40:00,13:50:00,50,CTU,T1,NKG,T3,CZ,B738
CZ7018,10:55:00,14:00:00,50,CTU,T1,HGH,T2,CZ,A388
CZ1954,11:45:00,14:35:00,50,PKX,T1,CTU,T1,CZ,A21N
CZ9024,14:30:00,16:25:00,50,SHE,T3,XUZ,T3,CZ,C919
CZ9162,12:10:00,15:05:00,50,XMN,T1,CTU,T3,CZ,B788
CZ4660,10:50:00,13:25:00,50,SZX,T1,XIY,T3,CZ,B788
CZ4279,10:35:00,12:45:00,60,SZX,T2,SHA,T1,CZ,B737
CZ9408,16:05:00,18:40:00,60,SYX,T2,WUH,T1,CZ,B789
CZ4813,8:00:00,10:25:00,60,TFU,T2,CAN,T3,CZ,A321
CZ4605,7:40:00,9:40:00,60,PEK,T2,ZHY,T2,CZ,A320
CZ4903,7:40:00,9:50:00,50,TFU,T3,XUZ,T2,CZ,A320
CZ4837,8:15:00,9:55:00,60,TFU,T3,WUH,T2,CZ,B738
CZ4399,8:10:00,10:00:00,50,SHA,T3,XMN,T2,CZ,A332
CZ4739,8:05:00,9:20:00,50,TFU,T3,XIY,T3,CZ,A359
CZ1579,7:40:00,10:00:00,50,TFU,T1,TNA,T1,CZ,B789
CZ3894,9:30:00,10:50:00,50,SWA,T2,CAN,T1,CZ,AJ27
CZ82,7:35:00,10:00:00,50,PVG,T2,SHE,T2,CZ,A319
CZ9061,7:30:00,9:50:00,50,CTU,T3,LXA,T2,CZ,A388
CZ7002,7:00:00,9:40:00,60,JNH,T1,KWE,T3,CZ,B737
CZ4963,7:00:00,9:20:00,50,CKG,T2,FOC,T1,CZ,A319
CZ9105,8:00:00,9:55:00,60,CTU,T1,CSX,T2,CZ,B772
CZ4825,8:05:00,9:45:00,50,TFU,T2,CGO,T1,CZ,A21N
CZ3465,8:10:00,10:35:00,60,SZX,T3,CKG,T3,CZ,B788
CZ1782,8:35:00,9:45:00,60,JHG,T1,LJG,T3,CZ,C919
CZ11,7:35:00,9:45:00,60,PVG,T1,YKH,T1,CZ,B789
CZ1955,7:55:00,10:25:00,50,CTU,T3,PKX,T3,CZ,A333
CZ35,8:45:00,10:50:00,60,PVG,T2,XMN,T2,CZ,B737
CZ4451,8:25:00,10:15:00,50,HGH,T1,XMN,T2,CZ,A333
CZ4160,8:10:00,10:20:00,50,HGH,T3,TSN,T1,CZ,B788
CZ9173,8:15:00,10:30:00,50,CTU,T1,TNA,T2,CZ,A333
CZ9317,7:55:00,10:30:00,60,CTU,T1,SZX,T1,CZ,B772
CZ4919,7:55:00,10:20:00,50,CKG,T2,SWA,T1,CZ,AJ27
CZ4877,8:25:00,10:35:00,50,TFU,T1,HFE,T2,CZ,A20N
CZ9355,7:55:00,10:20:00,60,TFU,T2,HAK,T1,CZ,A321
CZ4829,8:25:00,10:20:00,60,TFU,T3,CSX,T1,CZ,C919
CZ1945,7:20:00,9:45:00,60,HGH,T2,PKX,T2,CZ,B788
CZ9343,7:10:00,9:40:00,50,TFU,T3,YNZ,T1,CZ,B738
CZ9191,6:55:00,9:20:00,60,CTU,T3,WUX,T3,CZ,A21N
CZ4933,7:05:00,9:35:00,60,CKG,T3,WNZ,T2,CZ,A388
CZ4284,6:50:00,9:15:00,60,HGH,T1,SZX,T1,CZ,B77W
CZ9113,7:10:00,9:10:00,50,CKG,T3,SZX,T3,CZ,A333
CZ4228,7:00:00,10:05:00,60,HGH,T2,SYX,T1,CZ,B77W
CZ9185,7:15:00,9:40:00,60,CKG,T1,PVG,T3,CZ,A320
CZ9121,7:15:00,9:40:00,50,CKG,T3,PEK,T3,CZ,A332
CZ7161,7:10:00,9:40:00,50,HGH,T3,PEK,T2,CZ,C919
CZ9199,7:00:00,9:20:00,60,CTU,T3,NKG,T3,CZ,A332
CZ9155,7:00:00,9:30:00,50,CTU,T1,HGH,T2,CZ,A332
CZ4444,8:10:00,9:50:00,60,JJN,T1,SHA,T1,CZ,AJ27
CZ7443,9:00:00,10:35:00,60,HSN,T1,JJN,T1,CZ,A320
CZ6219,8:30:00,10:55:00,60,HRB,T1,PKX,T3,CZ,A359
CZ1819,8:45:00,10:25:00,60,FOC,T2,TPE,T3,CZ,A332
CZ6145,8:15:00,10:25:00,50,CGQ,T3,PKX,T3,CZ,A321
CZ3591,8:30:00,10:25:00,60,CGO,T1,PVG,T1,CZ,AJ27
CZ3811,8:15:00,10:05:00,50,CAN,T1,WNZ,T1,CZ,A388
CZ3463,8:15:00,10:25:00,60,CAN,T3,CKG,T2,CZ,B737
CZ3521,8:10:00,10:20:00,60,CAN,T3,HGH,T1,CZ,A359
CZ3513,8:10:00,10:30:00,50,CAN,T3,NKG,T3,CZ,A319
CZ9081,6:55:00,8:45:00,50,CTU,T2,NNG,T2,CZ,A333
CZ6221,8:20:00,10:20:00,50,NNG,T2,XMN,T3,CZ,A319
CZ3578,8:15:00,10:40:00,60,NKG,T3,SZX,T3,CZ,A21N
CZ7145,6:50:00,8:55:00,60,CAN,T2,ENH,T2,CZ,A332
CZ7083,8:40:00,10:15:00,50,DLC,T1,XUZ,T2,CZ,A359
CZ6163,8:15:00,10:25:00,60,DLC,T2,PVG,T1,CZ,B772
CZ9056,8:30:00,9:50:00,50,DLU,T3,CTU,T3,CZ,B789
CZ4945,6:55:00,8:55:00,50,CKG,T3,ZUH,T3,CZ,A321
CZ9349,7:15:00,8:50:00,50,TFU,T1,LHW,T1,CZ,A332
CZ6703,8:10:00,10:20:00,50,YIW,T1,ZUH,T2,CZ,C919
CZ3117,8:10:00,10:05:00,50,WUH,T3,PKX,T1,CZ,A320
CZ6823,8:25:00,9:45:00,60,URC,T1,YIN,T3,CZ,B77W
CZ6877,8:10:00,10:15:00,50,URC,T1,QSZ,T2,CZ,B738
CZ1,7:00:00,9:50:00,60,PVG,T2,XIY,T2,CZ,A319
CZ68,6:40:00,9:20:00,60,PVG,T1,ZUH,T3,CZ,A321
CZ33,6:35:00,9:55:00,60,PVG,T2,LHW,T1,CZ,B772
CZ195,6:40:00,8:55:00,60,CAN,T2,SHA,T3,CZ,C919
CZ3713,8:00:00,9:30:00,50,CAN,T2,JJN,T3,CZ,A319
CZ3523,8:00:00,10:20:00,50,CAN,T1,SHA,T3,CZ,A359
CZ5485,7:55:00,10:15:00,50,CAN,T3,CGO,T3,CZ,A320
CZ3257,7:40:00,10:05:00,50,CAN,T3,XUZ,T1,CZ,B738
CZ3727,7:35:00,9:30:00,60,CAN,T2,YIW,T2,CZ,B788
CZ3777,7:30:00,9:30:00,60,CAN,T3,NGB,T3,CZ,A332
CZ3723,7:30:00,8:50:00,50,CAN,T1,XMN,T3,CZ,B789
CZ3199,7:20:00,10:25:00,60,CAN,T3,TAO,T2,CZ,A359
CZ3311,7:15:00,9:10:00,50,CAN,T2,YIH,T2,CZ,A333
CZ3201,7:10:00,9:45:00,50,CAN,T2,XIY,T2,CZ,B738
CZ3354,7:30:00,9:00:00,50,BHY,T1,CAN,T3,CZ,A333
CZ6919,8:00:00,9:30:00,60,AKU,T1,URC,T3,CZ,A359
CZ6317,8:05:00,10:15:00,60,NNG,T3,WUH,T3,CZ,B737
CZ6797,7:45:00,10:30:00,50,NNG,T3,LHW,T2,CZ,A359
CZ8738,7:40:00,9:55:00,50,NGB,T3,SZX,T2,CZ,A321
CZ1942,7:20:00,9:35:00,50,NGB,T1,PKX,T1,CZ,C919
CZ1960,7:50:00,9:40:00,60,NKG,T3,PKX,T3,CZ,A388
CZ142,7:25:00,9:40:00,60,NKG,T1,UYN,T1,CZ,A320
CZ3785,8:00:00,9:45:00,60,KWE,T2,WUH,T3,CZ,B738
CZ3674,7:50:00,9:40:00,60,KWE,T2,SZX,T1,CZ,B789
CZ3661,7:30:00,9:30:00,60,KWE,T2,CAN,T2,CZ,A321
CZ1786,8:05:00,10:00:00,60,KMG,T3,LHW,T3,CZ,A20N
CZ1885,7:50:00,10:15:00,60,KMG,T3,XIY,T1,CZ,C919
CZ7285,7:40:00,9:40:00,50,KMG,T3,WUH,T2,CZ,A332
CZ6810,7:40:00,9:40:00,50,KHG,T3,URC,T1,CZ,A359
CZ6201,7:30:00,9:40:00,50,HRB,T2,PKX,T2,CZ,A21N
CZ6257,7:25:00,10:40:00,60,HRB,T2,PVG,T3,CZ,A20N
CZ217,7:15:00,10:10:00,60,HRB,T3,WUX,T3,CZ,B737
CZ3431,7:40:00,9:40:00,50,HAK,T2,KMG,T1,CZ,A20N
CZ9389,7:25:00,9:50:00,50,HAK,T2,WUH,T2,CZ,AJ27
CZ3366,8:00:00,10:20:00,50,HGH,T2,SZX,T1,CZ,A388
CZ8284,7:20:00,10:50:00,50,HET,T1,SZX,T3,CZ,C919
CZ9299,8:05:00,10:00:00,60,FOC,T2,WUH,T3,CZ,B772
CZ4418,8:00:00,9:30:00,50,FOC,T3,WUX,T2,CZ,A388
CZ4124,7:45:00,10:40:00,50,FOC,T3,TYN,T3,CZ,B788
CZ4010,7:40:00,10:05:00,50,FOC,T2,TNA,T2,CZ,A359
CZ6213,7:25:00,9:40:00,60,DQA,T2,PKX,T2,CZ,A333
CZ6590,7:30:00,8:40:00,50,ENH,T1,WUH,T1,CZ,C919
CZ6439,7:40:00,10:00:00,50,DLC,T3,HGH,T2,CZ,B77W
CZ6125,7:30:00,9:00:00,60,DLC,T2,PKX,T1,CZ,C919
CZ3123,8:00:00,10:25:00,50,CSX,T2,PKX,T3,CZ,A388
CZ4541,7:50:00,9:40:00,60,CSX,T3,XMN,T3,CZ,B737
CZ9273,7:45:00,9:55:00,50,CSX,T3,TNA,T1,CZ,A319
CZ3721,7:45:00,9:50:00,60,CSX,T2,XIY,T1,CZ,A21N
CZ3196,8:00:00,9:30:00,50,BAV,T1,CGO,T1,CZ,A21N
CZ3240,7:30:00,8:50:00,60,CIF,T2,HET,T1,CZ,A333
CZ9413,7:55:00,9:55:00,50,CGQ,T3,TSN,T3,CZ,B737
CZ7065,7:35:00,10:20:00,60,CGQ,T3,NKG,T2,CZ,A320
CZ6545,7:35:00,10:35:00,50,CGQ,T2,HGH,T1,CZ,B789
CZ9415,7:20:00,9:30:00,60,CGQ,T3,TNA,T1,CZ,AJ27
CZ6335,7:20:00,9:50:00,60,CGO,T1,SZX,T1,CZ,B789
CZ1480,7:40:00,10:30:00,60,PKX,T3,ZYI,T3,CZ,B788
CZ8959,7:45:00,9:55:00,60,YIW,T1,PKX,T3,CZ,A320
CZ1934,8:00:00,10:25:00,60,XNN,T2,PKX,T3,CZ,A20N
CZ1964,7:50:00,9:50:00,50,WUX,T2,PKX,T3,CZ,B737
CZ7025,7:55:00,9:45:00,60,WNZ,T2,WUH,T3,CZ,A320
CZ6821,7:20:00,8:50:00,60,URC,T2,YIN,T3,CZ,A21N
CZ4089,7:15:00,10:05:00,60,TSN,T1,XMN,T2,CZ,B77W
CZ9497,8:05:00,10:10:00,60,TAO,T2,WNZ,T3,CZ,A332
CZ8797,7:50:00,10:50:00,50,SZX,T2,TNA,T2,CZ,B789
CZ7134,10:50:00,13:45:00,50,JNH,T1,CKG,T2,CZ,A20N
CZ4227,12:20:00,14:25:00,50,CAN,T3,HGH,T3,CZ,B737
CZ9381,8:10:00,9:10:00,50,HRB,T2,LDS,T3,CZ,A321
CZ9109,7:30:00,8:30:00,50,XIC,T2,CTU,T2,CZ,C919
CZ1928,7:30:00,9:30:00,50,PKX,T3,HGH,T2,CZ,A332
CZ6657,7:15:00,9:25:00,50,PKX,T2,HRB,T1,CZ,A20N
CZ3330,7:10:00,8:20:00,50,ZHA,T2,CAN,T3,CZ,B772
CZ4212,7:30:00,9:05:00,60,XMN,T2,CAN,T3,CZ,A320
CZ4546,7:25:00,9:15:00,60,XMN,T2,KWL,T3,CZ,A359
CZ4276,7:10:00,9:15:00,60,XMN,T1,NNG,T1,CZ,A333
CZ6647,7:40:00,9:20:00,50,WUH,T2,NGB,T1,CZ,AJ27
CZ3895,7:30:00,8:45:00,60,SWA,T2,CAN,T2,CZ,A320
CZ6195,7:20:00,9:20:00,50,SWA,T1,KWE,T2,CZ,A333
CZ6253,8:05:00,9:25:00,60,SZX,T3,HAK,T2,CZ,A359
CZ6337,7:15:00,9:10:00,60,DLC,T3,NKG,T1,CZ,C919
CZ7115,6:40:00,8:55:00,50,SZX,T1,ENH,T1,CZ,B77W
CZ1920,7:00:00,9:10:00,50,PKX,T3,KHN,T1,CZ,B77W
CZ3958,7:05:00,9:35:00,50,YTY,T2,CAN,T1,CZ,C919
CZ4731,7:05:00,8:50:00,60,YBP,T2,CSX,T3,CZ,A388
CZ6282,6:30:00,8:50:00,60,XUZ,T2,CAN,T3,CZ,A359
CZ4152,6:35:00,9:00:00,50,XMN,T3,CGO,T1,CZ,A320
CZ9483,7:05:00,8:35:00,60,TAO,T3,HFE,T2,CZ,B788
CZ5861,7:00:00,9:35:00,50,SZX,T2,CTU,T1,CZ,B77W
CZ6731,7:00:00,8:50:00,50,SYX,T1,CAN,T3,CZ,B737
CZ3977,6:50:00,8:20:00,60,SYX,T2,SZX,T3,CZ,A321
CZ4047,6:55:00,9:25:00,50,SHE,T1,HGH,T3,CZ,A359
CZ7076,6:40:00,9:00:00,60,SHE,T1,XUZ,T3,CZ,B737
CZ9271,6:20:00,8:50:00,60,SHE,T1,CGO,T2,CZ,A388
CZ6521,7:00:00,9:00:00,60,DLC,T1,PVG,T1,CZ,A332
CZ9241,6:40:00,9:05:00,50,CTU,T1,HET,T1,CZ,B788
CZ9057,6:25:00,7:50:00,50,CTU,T2,KMG,T2,CZ,A321
CZ9249,6:10:00,8:25:00,60,CTU,T2,LXA,T3,CZ,B789
CZ3533,7:00:00,9:20:00,50,CAN,T1,SHA,T3,CZ,AJ27
CZ9098,6:55:00,9:05:00,50,CAN,T1,CKG,T1,CZ,B77W
CZ9301,7:15:00,9:10:00,60,FOC,T3,WUH,T3,CZ,A20N
CZ1930,7:30:00,9:45:00,50,PKX,T3,NGB,T2,CZ,B788
CZ6591,7:35:00,9:40:00,50,SZX,T2,NGB,T2,CZ,A321
CZ16,17:30:00,20:20:00,50,TFU,T1,PVG,T1,CZ,A20N
CZ7164,18:25:00,20:10:00,60,SHS,T1,HGH,T1,CZ,B789
CZ1957,18:00:00,20:15:00,60,PVG,T1,PKX,T2,CZ,B737
CZ37,18:15:00,20:05:00,60,SHA,T1,XMN,T2,CZ,A388
CZ4391,18:10:00,20:00:00,60,SHA,T1,XMN,T3,CZ,A320
CZ210,17:50:00,20:10:00,60,SHA,T3,SZX,T1,CZ,B772
CZ4917,15:00:00,17:35:00,60,TFU,T2,PVG,T1,CZ,B788
CZ1916,18:05:00,20:25:00,50,PKX,T2,HGH,T1,CZ,A332
CZ4960,17:35:00,20:05:00,50,XMN,T3,CKG,T2,CZ,B772
CZ9017,16:35:00,18:25:00,60,BZX,T3,TNA,T3,CZ,A320
CZ1974,17:15:00,19:30:00,60,SHA,T3,PKX,T2,CZ,A359
CZ9142,17:40:00,20:30:00,50,PEK,T3,CTU,T1,CZ,B788
CZ9076,16:40:00,18:55:00,60,SZX,T3,CTU,T2,CZ,A333
CZ4322,17:15:00,19:50:00,60,XMN,T2,KWE,T1,CZ,B788
CZ4429,17:55:00,19:35:00,50,SHA,T2,FOC,T2,CZ,B77W
CZ4365,17:30:00,20:05:00,50,CKG,T3,HGH,T3,CZ,A332
CZ4120,17:00:00,20:00:00,50,XMN,T2,PKX,T3,CZ,A320
CZ4166,16:40:00,19:35:00,60,XMN,T1,XIY,T3,CZ,B772
CZ120,15:45:00,18:40:00,60,PVG,T3,CKG,T1,CZ,B737
CZ9090,17:00:00,19:10:00,60,CAN,T1,CTU,T1,CZ,B772
CZ9116,16:30:00,19:05:00,50,SZX,T1,CKG,T2,CZ,C919
CZ165,18:20:00,20:05:00,60,NKG,T2,DLC,T1,CZ,B789
CZ215,17:40:00,19:35:00,50,XIY,T1,KWE,T3,CZ,B737
CZ9022,15:30:00,16:55:00,60,CKG,T2,KMG,T3,CZ,B738
CZ4452,16:20:00,18:00:00,60,XMN,T1,HGH,T2,CZ,B789
CZ4765,15:20:00,18:40:00,50,TFU,T2,URC,T3,CZ,C919
CZ4043,17:35:00,20:05:00,60,TNA,T3,FOC,T3,CZ,B788
CZ4504,18:15:00,20:25:00,50,FOC,T3,HAK,T2,CZ,B788
CZ48,16:15:00,19:25:00,50,SHA,T3,SYX,T3,CZ,A388
CZ4065,15:55:00,18:55:00,60,PKX,T1,FOC,T1,CZ,B789
CZ1472,15:15:00,18:40:00,50,PKX,T2,KMG,T3,CZ,A359
CZ4320,15:40:00,18:50:00,50,XMN,T1,KMG,T1,CZ,B788
CZ8540,17:55:00,20:40:00,50,TFU,T1,SWA,T1,CZ,A21N
CZ1449,18:50:00,20:30:00,60,FOC,T3,NTG,T1,CZ,B737
CZ4468,7:10:00,8:55:00,60,JJN,T1,WUH,T1,CZ,A320
CZ6134,7:40:00,8:55:00,60,PKX,T3,DLC,T2,CZ,A333
CZ222,7:10:00,9:00:00,50,WUX,T1,CSX,T3,CZ,B788
CZ4961,6:50:00,8:55:00,50,CKG,T1,CZX,T2,CZ,A359
CZ9481,6:50:00,8:35:00,60,TAO,T2,CGQ,T3,CZ,B788
CZ9493,6:40:00,8:45:00,60,TAO,T1,CGO,T2,CZ,A320
CZ6443,6:40:00,8:00:00,50,SZX,T2,HAK,T3,CZ,B789
CZ118,6:40:00,8:55:00,60,SHA,T3,TYN,T1,CZ,A388
CZ8554,6:30:00,8:55:00,60,LYA,T2,SZX,T3,CZ,A388
CZ1877,6:50:00,8:50:00,60,KMG,T2,ZUH,T3,CZ,B772
CZ4014,7:05:00,9:20:00,60,JJN,T3,CGO,T3,CZ,A359
CZ4424,6:40:00,8:10:00,60,JJN,T3,HSN,T2,CZ,A21N
CZ9055,6:30:00,7:45:00,60,CTU,T2,DLU,T2,CZ,A359
CZ6748,6:25:00,8:10:00,50,CAN,T2,SYX,T1,CZ,B77W
CZ9044,9:50:00,11:35:00,50,LZY,T2,CTU,T1,CZ,B77W
CZ4102,10:00:00,12:05:00,50,HGH,T3,PKX,T1,CZ,A332
CZ7118,10:50:00,13:15:00,50,CKG,T2,HGH,T3,CZ,B789
CZ4359,10:30:00,12:40:00,60,CKG,T3,HGH,T2,CZ,B772
CZ9263,8:50:00,10:45:00,60,TFU,T1,CGO,T1,CZ,B77W
CZ1925,10:15:00,12:20:00,60,SHA,T1,PKX,T2,CZ,A333
CZ4383,10:10:00,11:55:00,50,SHA,T3,XMN,T1,CZ,A320
CZ9137,9:30:00,12:15:00,50,CTU,T1,PEK,T1,CZ,A321
CZ9303,9:15:00,12:00:00,50,CTU,T3,XMN,T3,CZ,A319
CZ1902,9:05:00,11:20:00,50,PVG,T2,PKX,T2,CZ,A332
CZ9160,9:00:00,11:55:00,60,HGH,T1,CTU,T2,CZ,A20N
CZ9331,8:55:00,11:40:00,60,CTU,T2,HGH,T3,CZ,C919
CZ4082,9:00:00,11:55:00,50,XMN,T3,PKX,T2,CZ,B789
CZ4609,8:45:00,11:45:00,50,HGH,T3,KMG,T1,CZ,B737
CZ9106,10:55:00,12:55:00,60,CSX,T1,CTU,T3,CZ,AJ27
CZ45,10:45:00,12:45:00,50,CSX,T3,PVG,T3,CZ,B788
CZ4361,8:05:00,10:25:00,50,CKG,T1,HGH,T2,CZ,A332
CZ1482,8:30:00,10:35:00,60,PKX,T2,NZL,T1,CZ,A320
CZ9275,9:20:00,10:40:00,50,HRB,T2,JGD,T3,CZ,B738
CZ4348,10:10:00,12:40:00,60,HGH,T3,KWE,T2,CZ,B77W
CZ4287,11:00:00,12:30:00,50,CAN,T1,JJN,T2,CZ,A332
CZ9297,9:05:00,12:50:00,50,TFU,T1,HRB,T1,CZ,A319
CZ4180,9:15:00,12:15:00,60,HGH,T3,LHW,T3,CZ,B737
CZ9429,10:05:00,12:10:00,60,HRB,T3,YNT,T3,CZ,C919
CZ9144,11:10:00,12:25:00,50,CTU,T2,XIC,T3,CZ,A21N
CZ7095,9:30:00,12:15:00,60,HRB,T3,XUZ,T2,CZ,A359
CZ6832,10:40:00,12:10:00,50,TWC,T2,URC,T3,CZ,A321
CZ78,9:20:00,12:30:00,50,SHA,T3,SYX,T1,CZ,B789
CZ4012,9:45:00,12:50:00,60,HGH,T1,CGQ,T2,CZ,B738
CZ3474,10:50:00,13:00:00,60,TFU,T1,CGO,T2,CZ,B77W
CZ4490,7:55:00,12:00:00,50,XMN,T3,LHW,T3,CZ,A319
CZ4500,9:10:00,11:25:00,60,CKG,T1,YNZ,T2,CZ,A21N
CZ4309,8:50:00,11:25:00,50,CKG,T1,XMN,T3,CZ,A321
CZ4935,9:30:00,11:50:00,60,CKG,T3,WUX,T1,CZ,A388
CZ9193,8:55:00,11:35:00,50,CTU,T1,WUX,T1,CZ,B772
CZ9257,9:10:00,12:05:00,60,SHE,T3,WUH,T3,CZ,A321
CZ7159,9:35:00,11:35:00,50,HGH,T2,XFN,T1,CZ,A321
CZ9035,8:15:00,11:55:00,50,CTU,T1,URC,T1,CZ,B788
CZ1577,7:50:00,11:25:00,50,CTU,T2,URC,T3,CZ,A333
CZ4114,9:05:00,11:25:00,50,HGH,T1,TYN,T3,CZ,A321
CZ4859,9:15:00,11:15:00,50,TFU,T1,TYN,T1,CZ,A333
CZ9474,9:20:00,11:50:00,50,TFU,T1,TAO,T3,CZ,B772
CZ206,9:45:00,12:05:00,50,SHA,T2,SZX,T3,CZ,A20N
CZ1404,9:15:00,11:10:00,50,HGH,T2,SJW,T1,CZ,B789
CZ4542,9:25:00,11:55:00,50,HGH,T1,LZH,T3,CZ,A333
CZ9063,9:30:00,12:00:00,50,CTU,T2,LXA,T2,CZ,A321
CZ7291,11:40:00,13:00:00,60,JHG,T2,LJG,T3,CZ,A333
CZ6123,11:30:00,13:05:00,60,DLC,T2,PKX,T2,CZ,A388
CZ3628,11:15:00,12:55:00,60,CKG,T3,WUH,T1,CZ,A320
CZ3320,9:55:00,11:45:00,50,AQG,T1,CAN,T1,CZ,A319
CZ6786,11:30:00,12:55:00,60,CAN,T3,HAK,T1,CZ,A320
CZ3763,11:10:00,13:00:00,50,CAN,T2,WNZ,T2,CZ,A359
CZ4941,9:30:00,11:35:00,60,CKG,T2,NKG,T1,CZ,AJ27
CZ4975,8:05:00,12:00:00,60,CKG,T1,HRB,T1,CZ,B737
CZ4522,8:45:00,11:45:00,50,HGH,T1,HRB,T2,CZ,B788
CZ4558,9:10:00,12:00:00,60,HGH,T2,BHY,T2,CZ,B738
CZ124,18:05:00,20:20:00,50,PVG,T1,PKX,T3,CZ,A21N
CZ1489,19:00:00,21:00:00,50,XIY,T2,PKX,T1,CZ,A319
CZ1947,19:00:00,21:05:00,60,PKX,T3,HGH,T2,CZ,B738
CZ88,16:55:00,19:40:00,50,PVG,T1,XIY,T2,CZ,A388
CZ1968,18:40:00,20:40:00,50,NKG,T2,PKX,T2,CZ,B737
CZ4233,18:15:00,19:50:00,60,CAN,T1,FOC,T2,CZ,A332
CZ190,18:05:00,20:00:00,50,NKG,T1,XMN,T3,CZ,A333
CZ290,16:35:00,18:55:00,60,PKX,T3,CSX,T3,CZ,A359
CZ4130,18:05:00,20:35:00,60,HGH,T3,HET,T1,CZ,B772
CZ1910,16:30:00,19:25:00,50,PKX,T2,CTU,T2,CZ,A388
CZ4401,18:10:00,20:25:00,60,TNA,T3,XMN,T3,CZ,A388
CZ9419,17:15:00,20:05:00,60,NKG,T1,HRB,T3,CZ,C919
CZ74,18:45:00,20:35:00,60,PVG,T2,DLC,T2,CZ,A21N
CZ4224,15:55:00,18:20:00,60,SHA,T1,SZX,T2,CZ,B738
CZ7077,17:10:00,20:25:00,50,PVG,T1,INC,T1,CZ,C919
CZ9159,18:20:00,21:05:00,50,CTU,T2,HGH,T2,CZ,A20N
CZ9147,18:00:00,20:30:00,60,CTU,T3,PEK,T3,CZ,B788
CZ4056,7:15:00,9:00:00,60,JJN,T1,NKG,T2,CZ,A388
CZ1924,7:00:00,9:10:00,60,PKX,T2,SHA,T1,CZ,B77W
CZ4382,7:00:00,8:50:00,50,XMN,T1,SHA,T3,CZ,A320
CZ4713,6:55:00,9:10:00,60,TSN,T3,KHN,T2,CZ,A388
CZ7441,7:00:00,9:05:00,60,TAO,T3,WNZ,T1,CZ,A388
CZ3351,6:45:00,9:20:00,60,SZX,T2,CZX,T2,CZ,A20N
CZ3568,6:30:00,8:50:00,50,SZX,T1,SHA,T3,CZ,B788
CZ4285,6:35:00,8:40:00,50,SZX,T2,HGH,T1,CZ,A21N
CZ9071,6:30:00,9:00:00,50,CTU,T1,SZX,T1,CZ,B738
CZ9131,6:25:00,9:10:00,50,CTU,T3,TSN,T3,CZ,B738
CZ4929,6:30:00,9:00:00,50,CKG,T2,TSN,T3,CZ,B788
CZ7121,8:45:00,11:05:00,60,HGH,T1,SZX,T3,CZ,A333
CZ1599,8:30:00,11:20:00,50,CTU,T3,PVG,T2,CZ,A21N
CZ3549,6:55:00,9:15:00,50,PVG,T2,CAN,T3,CZ,A321
CZ4272,8:25:00,10:45:00,50,SHA,T3,SZX,T3,CZ,B77W
CZ4867,8:50:00,11:30:00,50,TFU,T2,WNZ,T1,CZ,A321
CZ19,9:35:00,11:35:00,60,TAO,T2,CGQ,T3,CZ,B737
CZ1953,8:00:00,11:00:00,50,TFU,T3,PKX,T1,CZ,A332
CZ128,8:20:00,10:35:00,60,PVG,T1,PKX,T1,CZ,A20N
CZ4148,7:50:00,10:25:00,50,HGH,T1,XIY,T1,CZ,A21N
CZ9281,8:10:00,10:45:00,50,TFU,T3,TSN,T2,CZ,A321
CZ9255,8:15:00,10:35:00,60,TFU,T3,TNA,T1,CZ,A320
CZ1436,9:00:00,11:00:00,60,HGH,T3,SJW,T1,CZ,A333
CZ4861,8:45:00,10:55:00,60,TFU,T2,SJW,T1,CZ,B737
CZ4863,8:00:00,10:25:00,60,TFU,T2,PEK,T1,CZ,A332
CZ6648,10:10:00,11:45:00,60,NGB,T2,WUH,T1,CZ,A320
CZ4789,8:20:00,10:45:00,50,TFU,T2,LXA,T3,CZ,C919
CZ9425,10:30:00,11:55:00,60,JHG,T1,LJG,T1,CZ,B772
CZ1456,8:00:00,10:50:00,60,HGH,T3,INC,T1,CZ,AJ27
CZ4821,8:10:00,10:20:00,50,TFU,T3,HAK,T3,CZ,A359
CZ9152,7:45:00,10:25:00,60,PEK,T1,CTU,T2,CZ,A319
CZ7129,9:00:00,10:55:00,60,HGH,T3,CSX,T1,CZ,A388
CZ136,7:40:00,10:20:00,60,PVG,T1,CGQ,T2,CZ,B737
CZ4809,7:50:00,9:50:00,60,TFU,T2,LUM,T2,CZ,B788
CZ4338,7:25:00,9:55:00,60,HGH,T2,KWE,T2,CZ,A321
CZ70,8:05:00,9:50:00,50,PVG,T3,DLC,T3,CZ,A21N
CZ6774,9:30:00,10:55:00,50,CAN,T3,HAK,T3,CZ,A333
CZ3380,9:20:00,10:50:00,60,CAN,T3,CSX,T2,CZ,B788
CZ3505,9:15:00,10:50:00,60,CAN,T2,FOC,T2,CZ,A388
CZ3437,9:15:00,11:45:00,60,CAN,T2,CTU,T1,CZ,A359
CZ3803,9:10:00,11:15:00,60,CAN,T1,HGH,T2,CZ,A359
CZ6126,10:05:00,11:30:00,50,PKX,T2,DLC,T1,CZ,B772
CZ5983,9:30:00,11:30:00,50,PKX,T3,HRB,T2,CZ,B738
CZ1940,9:15:00,11:15:00,60,PKX,T3,HGH,T1,CZ,A388
CZ41,12:30:00,15:15:00,50,TFU,T2,PVG,T2,CZ,A333
CZ4618,13:00:00,15:20:00,50,LZY,T3,CKG,T1,CZ,A333
CZ4375,12:00:00,14:30:00,50,TFU,T3,HGH,T2,CZ,A388
CZ1926,15:00:00,17:30:00,50,PKX,T1,SHA,T3,CZ,A359
CZ4163,15:05:00,16:55:00,60,XIY,T3,CSX,T1,CZ,A321
CZ99,14:40:00,17:10:00,60,XIY,T1,SHA,T2,CZ,A333
CZ4207,14:30:00,17:05:00,60,XIY,T2,HGH,T1,CZ,B772
CZ4390,15:00:00,17:00:00,50,XMN,T3,SHA,T2,CZ,A388
CZ4515,12:35:00,14:25:00,60,SHS,T3,XMN,T1,CZ,A359
CZ4155,13:40:00,16:20:00,60,XIY,T3,XMN,T3,CZ,A320
CZ9141,13:30:00,16:15:00,50,CTU,T2,PEK,T3,CZ,A20N
CZ9175,13:25:00,15:25:00,60,CTU,T1,TNA,T1,CZ,A332
CZ8,10:30:00,13:00:00,60,HSC,T2,PVG,T1,CZ,B789
CZ4216,14:15:00,16:55:00,50,CSX,T1,SYX,T3,CZ,A320
CZ4083,13:10:00,15:55:00,60,PKX,T1,XMN,T1,CZ,AJ27
CZ1956,13:00:00,15:15:00,50,PKX,T3,PVG,T2,CZ,A21N
CZ4761,13:55:00,17:25:00,60,TFU,T2,SHE,T2,CZ,B788
CZ167,11:55:00,14:20:00,50,TFU,T1,NKG,T3,CZ,B77W
CZ4895,10:20:00,13:05:00,60,TFU,T1,XMN,T1,CZ,A388
CZ4342,13:45:00,17:05:00,50,HGH,T3,KMG,T2,CZ,B737
CZ4024,13:40:00,16:25:00,60,HGH,T1,SHE,T1,CZ,B737
CZ4428,15:30:00,16:50:00,60,FOC,T2,SHA,T1,CZ,A333
CZ4751,14:35:00,15:55:00,60,TFU,T2,GXH,T2,CZ,A359
CZ1876,10:20:00,11:45:00,60,TFU,T3,KMG,T1,CZ,B788
CZ43,12:20:00,15:25:00,50,KMG,T3,SHA,T1,CZ,A320
CZ7016,9:00:00,11:40:00,60,TFU,T3,HGH,T2,CZ,A332
CZ4046,11:30:00,14:15:00,60,HGH,T3,SHE,T2,CZ,A321
CZ4165,13:25:00,15:35:00,60,CGO,T3,XMN,T1,CZ,B772
CZ6108,14:30:00,17:15:00,60,TFU,T1,PKX,T1,CZ,A333
CZ4629,13:00:00,17:10:00,60,CKG,T1,URC,T3,CZ,A388
CZ4417,13:10:00,15:40:00,50,TAO,T2,XMN,T1,CZ,A359
CZ1913,11:20:00,13:25:00,60,SHA,T3,PKX,T2,CZ,A321
CZ214,14:40:00,16:35:00,50,KWE,T3,XIY,T3,CZ,C919
CZ4303,12:10:00,14:40:00,60,KMG,T3,XMN,T3,CZ,A319
CZ7078,13:10:00,16:05:00,50,INC,T1,PVG,T3,CZ,A333
CZ9336,12:55:00,15:50:00,60,HGH,T3,HAK,T1,CZ,A21N
CZ9364,12:35:00,15:45:00,60,CSX,T1,SHE,T1,CZ,A332
CZ123,11:40:00,14:15:00,60,CKG,T1,PVG,T3,CZ,B738
CZ4437,10:50:00,13:15:00,50,PVG,T2,PKX,T2,CZ,B77W
CZ9139,11:30:00,14:15:00,50,CTU,T3,PEK,T2,CZ,A321
CZ4947,13:20:00,15:15:00,60,CKG,T2,TYN,T1,CZ,A320
CZ1445,12:20:00,15:15:00,50,KMG,T2,SJW,T1,CZ,AJ27
CZ1856,13:05:00,15:30:00,50,TFU,T2,WUX,T3,CZ,A319
CZ4057,13:40:00,16:50:00,60,HRB,T2,NKG,T3,CZ,B77W
CZ1929,10:45:00,12:55:00,50,HGH,T1,PKX,T2,CZ,A388
CZ4206,10:45:00,13:25:00,60,HGH,T3,XIY,T2,CZ,C919
CZ4763,11:20:00,14:50:00,60,TFU,T2,URC,T1,CZ,B737
CZ7047,12:30:00,15:35:00,60,HGH,T1,SYX,T3,CZ,B77W
CZ98,10:55:00,13:25:00,50,SHA,T1,XIY,T1,CZ,B788
CZ155,14:00:00,16:10:00,60,KWE,T1,NKG,T3,CZ,A321
CZ9145,16:30:00,19:00:00,60,CTU,T3,PEK,T1,CZ,AJ27
CZ9177,15:35:00,17:45:00,50,CTU,T3,TNA,T2,CZ,A20N
CZ9143,15:30:00,17:55:00,50,CTU,T3,PEK,T2,CZ,B788
CZ9133,16:35:00,19:15:00,50,CTU,T3,TSN,T1,CZ,B737
CZ5199,7:35:00,9:35:00,50,SWA,T2,WUH,T3,CZ,A332
CZ8547,7:15:00,9:45:00,60,SWA,T1,TNA,T2,CZ,B789
CZ6101,8:05:00,9:55:00,50,SHE,T2,PKX,T1,CZ,A333
CZ5799,7:55:00,9:40:00,50,SHE,T3,TAO,T3,CZ,A20N
CZ4096,7:35:00,9:55:00,60,CSX,T2,TSN,T2,CZ,B77W
CZ8663,7:45:00,9:45:00,50,CGQ,T3,TAO,T1,CZ,C919
CZ4072,7:00:00,10:00:00,50,XMN,T2,PKX,T2,CZ,A359
CZ5791,6:45:00,9:25:00,60,PVG,T1,XIY,T3,CZ,A319
CZ1887,6:55:00,9:55:00,60,KMG,T3,NGB,T1,CZ,B77W
CZ4993,6:30:00,8:35:00,50,KMG,T2,XIY,T3,CZ,A321
CZ1976,7:00:00,8:55:00,50,KHN,T2,PKX,T2,CZ,A321
CZ8974,7:00:00,9:40:00,60,JJN,T3,PKX,T3,CZ,B789
CZ5161,7:05:00,8:20:00,50,DLC,T3,TSN,T2,CZ,B772
CZ8619,7:05:00,8:10:00,60,DLC,T2,TAO,T1,CZ,B738
CZ4747,7:30:00,9:10:00,60,TFU,T2,INC,T1,CZ,A21N
CZ4983,8:00:00,9:50:00,60,CKG,T1,HFE,T3,CZ,A359
CZ196,7:05:00,9:35:00,60,PVG,T3,CAN,T3,CZ,B737
CZ1561,9:00:00,10:00:00,60,HRB,T1,HEK,T1,CZ,A321
CZ246,6:40:00,9:05:00,60,PVG,T3,DYG,T1,CZ,B789
CZ3796,7:50:00,9:50:00,60,YIW,T2,CAN,T2,CZ,C919
CZ5266,7:20:00,10:00:00,60,YCU,T3,CAN,T3,CZ,B788
CZ3629,8:00:00,9:45:00,50,WNZ,T1,CSX,T2,CZ,A319
CZ3770,7:40:00,9:40:00,50,WNZ,T2,CAN,T2,CZ,B738
CZ4804,10:55:00,12:55:00,60,LZY,T2,TFU,T2,CZ,B772
CZ4475,10:45:00,12:55:00,60,TFU,T2,CSX,T2,CZ,C919
CZ4288,10:55:00,13:15:00,60,HGH,T1,SZX,T2,CZ,A21N
CZ7175,10:30:00,12:50:00,50,HGH,T2,SZX,T1,CZ,B738
CZ4827,11:10:00,12:55:00,50,TFU,T2,CGO,T2,CZ,B772
CZ4871,10:05:00,12:15:00,60,TFU,T2,NKG,T3,CZ,B788
CZ9084,10:40:00,13:05:00,50,CAN,T3,CTU,T1,CZ,A321
CZ7093,8:40:00,11:45:00,60,HGH,T2,TFU,T3,CZ,A388
CZ4830,11:20:00,13:20:00,50,CSX,T1,TFU,T1,CZ,A333
CZ4374,7:45:00,10:50:00,60,HGH,T1,TFU,T1,CZ,A332
CZ4298,7:45:00,10:50:00,50,XMN,T1,TFU,T2,CZ,B77W
CZ4116,10:00:00,13:00:00,60,FOC,T3,PKX,T3,CZ,C919
CZ9473,8:00:00,11:05:00,60,TAO,T1,TFU,T1,CZ,A388
CZ7041,6:45:00,9:50:00,60,HGH,T3,TFU,T3,CZ,A332
CZ7039,9:20:00,13:20:00,60,HGH,T1,JHG,T2,CZ,A333
CZ4471,11:00:00,13:30:00,60,CKG,T2,TSN,T3,CZ,B77W
CZ1418,11:10:00,13:10:00,50,CKG,T3,SJW,T1,CZ,B737
CZ7168,11:00:00,13:40:00,50,BZX,T3,NGB,T3,CZ,B789
CZ4775,8:00:00,12:20:00,50,TFU,T3,KCA,T1,CZ,B789
CZ34,12:45:00,13:45:00,50,JIC,T3,LHW,T2,CZ,A319
CZ2061,10:00:00,12:20:00,60,CKG,T3,HKG,T1,CZ,B737
CZ9280,12:30:00,13:15:00,60,HEK,T3,DTU,T2,CZ,A359
CZ5976,10:35:00,12:30:00,50,TFU,T2,CSX,T3,CZ,A319
CZ6464,10:15:00,12:30:00,60,AKA,T3,CAN,T1,CZ,A21N
CZ9485,10:00:00,13:00:00,50,TAO,T2,LHW,T2,CZ,A333
CZ4905,10:30:00,12:45:00,60,TFU,T2,XUZ,T3,CZ,A321
CZ4721,10:05:00,12:25:00,60,URC,T3,XNN,T3,CZ,B788
CZ4009,12:15:00,13:25:00,50,WNZ,T1,XMN,T2,CZ,A359
CZ9431,11:05:00,13:05:00,60,HRB,T1,WEH,T3,CZ,B738
CZ6234,10:25:00,13:00:00,50,GYS,T2,SZX,T1,CZ,B788
CZ1411,11:05:00,13:05:00,60,SHA,T3,SJW,T1,CZ,A333
CZ84,9:55:00,12:25:00,50,PVG,T1,SHE,T2,CZ,A359
CZ9329,12:05:00,13:05:00,60,HSC,T1,SWA,T3,CZ,A21N
CZ6138,11:15:00,13:40:00,50,CSX,T3,PKX,T1,CZ,C919
CZ20,11:15:00,13:15:00,60,CGQ,T2,TAO,T3,CZ,A332
CZ236,10:50:00,13:00:00,50,PVG,T3,CGO,T1,CZ,A332
CZ1944,11:00:00,13:00:00,60,PKX,T1,HGH,T1,CZ,B77W
CZ4164,10:00:00,12:25:00,60,XMN,T3,CGO,T3,CZ,A332
CZ1478,10:40:00,12:40:00,50,PKX,T1,INC,T2,CZ,A359
CZ4450,9:25:00,11:10:00,60,XMN,T3,HGH,T2,CZ,B738
CZ4995,11:10:00,14:00:00,60,CGO,T2,HRB,T1,CZ,A20N
CZ7101,9:35:00,12:30:00,60,URC,T2,INC,T2,CZ,A21N
CZ9166,9:55:00,12:45:00,60,TAO,T3,CTU,T3,CZ,C919
CZ252,8:40:00,11:05:00,50,SHA,T3,CAN,T2,CZ,B788
CZ9330,15:55:00,18:15:00,50,HSC,T1,TFU,T2,CZ,B77W
CZ4159,17:05:00,20:05:00,60,XIY,T3,XMN,T1,CZ,A20N
CZ4332,17:20:00,19:50:00,50,FOC,T3,KWE,T2,CZ,AJ27
CZ1470,16:05:00,18:55:00,50,PKX,T1,TFU,T3,CZ,A333
CZ4045,17:15:00,18:50:00,60,NKG,T2,FOC,T3,CZ,B737
CZ7045,17:10:00,20:15:00,60,JNH,T1,LHW,T1,CZ,A359
CZ4524,15:30:00,18:30:00,50,HGH,T1,HRB,T2,CZ,C919
CZ9416,17:55:00,20:05:00,60,TNA,T3,CGQ,T2,CZ,A321
CZ4840,17:25:00,19:25:00,50,WUH,T3,TFU,T1,CZ,A359
CZ4011,17:10:00,19:30:00,50,TNA,T3,FOC,T2,CZ,B737
CZ13,15:05:00,18:10:00,60,SHA,T3,TFU,T2,CZ,A388
CZ9205,15:00:00,17:35:00,50,CTU,T1,NKG,T3,CZ,C919
CZ4354,16:25:00,18:55:00,50,HGH,T1,KWE,T2,CZ,A21N
CZ132,14:50:00,17:50:00,60,PVG,T2,HRB,T1,CZ,A321
CZ9135,16:45:00,19:30:00,60,CTU,T1,HET,T2,CZ,A333
CZ1492,14:55:00,18:00:00,50,PKX,T3,KWE,T2,CZ,A320
CZ1484,18:00:00,19:55:00,60,PKX,T3,NGB,T1,CZ,A333
CZ9251,17:15:00,20:05:00,50,CTU,T1,JJN,T2,CZ,A388
CZ27,15:45:00,18:40:00,50,PVG,T1,HAK,T3,CZ,AJ27
CZ4366,16:05:00,19:05:00,60,FOC,T2,KMG,T2,CZ,A319
CZ7096,16:50:00,19:15:00,60,SZX,T3,XUZ,T3,CZ,B788
CZ4972,16:25:00,17:55:00,50,WUH,T2,CKG,T3,CZ,A359
CZ4176,15:45:00,18:05:00,60,WUH,T2,LHW,T3,CZ,A332
CZ9016,15:45:00,19:05:00,60,TNA,T3,KMG,T2,CZ,A359
CZ9385,13:45:00,16:55:00,50,CTU,T1,SHE,T2,CZ,A333
CZ1474,15:55:00,18:50:00,50,PKX,T2,JJN,T3,CZ,A388
CZ6256,15:30:00,19:20:00,50,TFU,T1,HRB,T2,CZ,A359
CZ4528,17:50:00,19:35:00,50,XMN,T2,HFE,T3,CZ,A321
CZ9111,17:00:00,19:25:00,50,CTU,T3,HAK,T2,CZ,A321
CZ4498,17:05:00,19:10:00,60,CSX,T2,ENY,T3,CZ,B738
CZ4029,17:55:00,19:50:00,50,CGQ,T1,TAO,T2,CZ,AJ27
CZ4828,17:15:00,19:55:00,60,CGQ,T1,CGO,T1,CZ,A21N
CZ234,7:20:00,9:10:00,60,HGH,T2,CGO,T3,CZ,A21N
CZ4270,7:15:00,9:30:00,50,HGH,T1,ZUH,T3,CZ,A388
CZ4240,7:40:00,9:25:00,60,XMN,T2,WUH,T2,CZ,A21N
CZ9287,7:30:00,9:25:00,60,TFU,T1,CGO,T2,CZ,AJ27
CZ4824,7:25:00,10:05:00,50,SYX,T1,TFU,T2,CZ,A332
CZ4395,7:45:00,9:30:00,50,SHA,T2,JJN,T3,CZ,B772
CZ1410,8:00:00,10:00:00,60,SJW,T3,SHA,T1,CZ,AJ27
CZ8407,8:05:00,9:55:00,50,NNG,T2,TFU,T1,CZ,C919
CZ5835,7:50:00,9:45:00,50,NNG,T1,CKG,T1,CZ,B772
CZ9083,7:00:00,9:25:00,60,CTU,T1,CAN,T1,CZ,C919
CZ6845,8:15:00,9:40:00,50,URC,T1,AAT,T2,CZ,B788
CZ9309,8:30:00,9:40:00,50,TLQ,T3,AAT,T3,CZ,A359
CZ1864,8:30:00,9:30:00,60,LUM,T3,KMG,T1,CZ,A319
CZ3749,7:55:00,10:10:00,50,ZUH,T1,HGH,T1,CZ,A321
CZ4300,7:10:00,9:50:00,60,XMN,T1,CKG,T3,CZ,A319
CZ6795,7:55:00,9:55:00,50,SYX,T1,KWE,T3,CZ,A21N
CZ6699,7:40:00,10:00:00,60,SYX,T3,KMG,T2,CZ,B772
CZ6227,7:25:00,10:05:00,60,SYX,T1,CKG,T1,CZ,B77W
CZ4812,12:10:00,13:15:00,60,DCY,T3,TFU,T1,CZ,A388
CZ4788,10:45:00,12:05:00,60,GZG,T3,TFU,T1,CZ,B737
CZ9181,11:00:00,13:50:00,60,CTU,T2,PVG,T2,CZ,A21N
CZ4301,11:10:00,13:40:00,60,CKG,T2,XMN,T1,CZ,A20N
CZ4058,11:00:00,13:50:00,60,XMN,T3,PKX,T3,CZ,A321
CZ31,10:20:00,13:25:00,50,SHA,T1,TFU,T1,CZ,B737
CZ4838,11:25:00,13:25:00,60,WUH,T3,TFU,T2,CZ,A320
CZ1597,8:55:00,11:50:00,60,CTU,T3,SHA,T2,CZ,A321
