flight_no,weekday
9C6101,1
9C6101,2
9C6101,3
9C6101,4
9C6101,5
9C6101,6
9C6101,7
9C6102,1
9C6102,2
9C6102,3
9C6102,4
9C6102,5
9C6102,6
9C6102,7
9C6111,1
9C6111,2
9C6111,3
9C6111,4
9C6111,5
9C6111,6
9C6111,7
9C6112,1
9C6112,2
9C6112,3
9C6112,4
9C6112,5
9C6112,6
9C6112,7
9C6115,1
9C6115,2
9C6115,3
9C6115,4
9C6115,5
9C6115,6
9C6115,7
9C6116,1
9C6116,2
9C6116,3
9C6116,4
9C6116,5
9C6116,6
9C6116,7
9C6121,1
9C6121,2
9C6121,3
9C6121,4
9C6121,5
9C6121,6
9C6121,7
9C6122,1
9C6122,2
9C6122,3
9C6122,4
9C6122,5
9C6122,6
9C6122,7
9C6133,1
9C6133,2
9C6133,3
9C6133,4
9C6133,5
9C6133,6
9C6133,7
9C6134,1
9C6134,2
9C6134,3
9C6134,4
9C6134,5
9C6134,6
9C6134,7
9C6153,1
9C6153,2
9C6153,3
9C6153,4
9C6153,5
9C6153,6
9C6153,7
9C6154,1
9C6154,2
9C6154,3
9C6154,4
9C6154,5
9C6154,6
9C6154,7
9C6155,1
9C6155,2
9C6155,3
9C6155,4
9C6155,5
9C6155,6
9C6155,7
9C6156,1
9C6156,2
9C6156,3
9C6156,4
9C6156,5
9C6156,6
9C6156,7
9C6167,1
9C6167,2
9C6167,3
9C6167,4
9C6167,5
9C6167,6
9C6167,7
9C6168,1
9C6168,2
9C6168,3
9C6168,4
9C6168,5
9C6168,6
9C6168,7
9C6173,1
9C6173,2
9C6173,3
9C6173,4
9C6173,5
9C6173,6
9C6173,7
9C6174,1
9C6174,2
9C6174,3
9C6174,4
9C6174,5
9C6174,6
9C6174,7
9C6187,1
9C6187,2
9C6187,3
9C6187,4
9C6187,5
9C6187,6
9C6187,7
9C6188,1
9C6188,2
9C6188,3
9C6188,4
9C6188,5
9C6188,6
9C6188,7
9C6189,1
9C6189,2
9C6189,3
9C6189,4
9C6189,5
9C6189,6
9C6189,7
9C6190,1
9C6190,2
9C6190,3
9C6190,4
9C6190,5
9C6190,6
9C6190,7
9C6195,1
9C6195,2
9C6195,3
9C6195,4
9C6195,5
9C6195,6
9C6195,7
9C6196,1
9C6196,2
9C6196,3
9C6196,4
9C6196,5
9C6196,6
9C6196,7
9C6201,1
9C6201,2
9C6201,3
9C6201,4
9C6201,5
9C6201,6
9C6201,7
9C6202,1
9C6202,2
9C6202,3
9C6202,4
9C6202,5
9C6202,6
9C6202,7
9C6215,1
9C6215,2
9C6215,3
9C6215,4
9C6215,5
9C6215,6
9C6215,7
9C6216,1
9C6216,2
9C6216,3
9C6216,4
9C6216,5
9C6216,6
9C6216,7
9C6223,1
9C6223,2
9C6223,3
9C6223,4
9C6223,5
9C6223,6
9C6223,7
9C6224,1
9C6224,2
9C6224,3
9C6224,4
9C6224,5
9C6224,6
9C6224,7
9C6225,1
9C6225,2
9C6225,3
9C6225,4
9C6225,5
9C6225,6
9C6225,7
9C6226,1
9C6226,2
9C6226,3
9C6226,4
9C6226,5
9C6226,6
9C6226,7
9C6249,1
9C6249,2
9C6249,3
9C6249,4
9C6249,5
9C6249,6
9C6249,7
9C6250,1
9C6250,2
9C6250,3
9C6250,4
9C6250,5
9C6250,6
9C6250,7
9C6253,1
9C6253,2
9C6253,3
9C6253,4
9C6253,5
9C6253,6
9C6253,7
9C6254,1
9C6254,2
9C6254,3
9C6254,4
9C6254,5
9C6254,6
9C6254,7
9C6261,1
9C6261,2
9C6261,3
9C6261,4
9C6261,5
9C6261,6
9C6261,7
9C6262,1
9C6262,2
9C6262,3
9C6262,4
9C6262,5
9C6262,6
9C6262,7
9C6281,1
9C6281,2
9C6281,3
9C6281,4
9C6281,5
9C6281,6
9C6281,7
9C6282,1
9C6282,2
9C6282,3
9C6282,4
9C6282,5
9C6282,6
9C6282,7
9C6307,1
9C6307,2
9C6307,3
9C6307,4
9C6307,5
9C6307,6
9C6307,7
9C6308,1
9C6308,2
9C6308,3
9C6308,4
9C6308,5
9C6308,6
9C6308,7
9C6313,1
9C6313,2
9C6313,3
9C6313,4
9C6313,5
9C6313,6
9C6313,7
9C6314,1
9C6314,2
9C6314,3
9C6314,4
9C6314,5
9C6314,6
9C6314,7
9C6319,1
9C6319,2
9C6319,3
9C6319,4
9C6319,5
9C6319,6
9C6319,7
9C6320,1
9C6320,2
9C6320,3
9C6320,4
9C6320,5
9C6320,6
9C6320,7
9C6325,1
9C6325,2
9C6325,3
9C6325,4
9C6325,5
9C6325,6
9C6325,7
9C6326,1
9C6326,2
9C6326,3
9C6326,4
9C6326,5
9C6326,6
9C6326,7
9C6333,1
9C6333,2
9C6333,3
9C6333,4
9C6333,5
9C6333,6
9C6333,7
9C6334,1
9C6334,2
9C6334,3
9C6334,4
9C6334,5
9C6334,6
9C6334,7
9C6341,1
9C6341,2
9C6341,3
9C6341,4
9C6341,5
9C6341,6
9C6341,7
9C6359,1
9C6359,2
9C6359,3
9C6359,4
9C6359,5
9C6359,6
9C6359,7
9C6360,1
9C6360,2
9C6360,3
9C6360,4
9C6360,5
9C6360,6
9C6360,7
9C6361,1
9C6361,2
9C6361,3
9C6361,4
9C6361,5
9C6361,6
9C6361,7
9C6362,1
9C6362,2
9C6362,3
9C6362,4
9C6362,5
9C6362,6
9C6362,7
9C6369,1
9C6369,2
9C6369,3
9C6369,4
9C6369,5
9C6369,6
9C6369,7
9C6370,1
9C6370,2
9C6370,3
9C6370,4
9C6370,5
9C6370,6
9C6370,7
9C6381,1
9C6381,2
9C6381,3
9C6381,4
9C6381,5
9C6381,6
9C6381,7
9C6382,1
9C6382,2
9C6382,3
9C6382,4
9C6382,5
9C6382,6
9C6382,7
9C6391,1
9C6391,2
9C6391,3
9C6391,4
9C6391,5
9C6391,6
9C6391,7
9C6392,1
9C6392,2
9C6392,3
9C6392,4
9C6392,5
9C6392,6
9C6392,7
9C6401,1
9C6401,2
9C6401,3
9C6401,4
9C6401,5
9C6401,6
9C6401,7
9C6402,1
9C6402,2
9C6402,3
9C6402,4
9C6402,5
9C6402,6
9C6402,7
9C6403,1
9C6403,2
9C6403,3
9C6403,4
9C6403,5
9C6403,6
9C6403,7
9C6404,1
9C6404,2
9C6404,3
9C6404,4
9C6404,5
9C6404,6
9C6404,7
9C6409,1
9C6409,2
9C6409,3
9C6409,4
9C6409,5
9C6409,6
9C6409,7
9C6410,1
9C6410,2
9C6410,3
9C6410,4
9C6410,5
9C6410,6
9C6410,7
9C6411,1
9C6411,2
9C6411,3
9C6411,4
9C6411,5
9C6411,6
9C6411,7
9C6412,1
9C6412,2
9C6412,3
9C6412,4
9C6412,5
9C6412,6
9C6412,7
9C6415,1
9C6415,2
9C6415,3
9C6415,4
9C6415,5
9C6415,6
9C6415,7
9C6416,1
9C6416,2
9C6416,3
9C6416,4
9C6416,5
9C6416,6
9C6416,7
9C6421,1
9C6421,2
9C6421,3
9C6421,4
9C6421,5
9C6421,6
9C6421,7
9C6422,1
9C6422,2
9C6422,3
9C6422,4
9C6422,5
9C6422,6
9C6422,7
9C6425,1
9C6425,2
9C6425,3
9C6425,4
9C6425,5
9C6425,6
9C6425,7
9C6426,1
9C6426,2
9C6426,3
9C6426,4
9C6426,5
9C6426,6
9C6426,7
9C6433,1
9C6433,2
9C6433,3
9C6433,4
9C6433,5
9C6433,6
9C6433,7
9C6434,1
9C6434,2
9C6434,3
9C6434,4
9C6434,5
9C6434,6
9C6434,7
9C6437,1
9C6437,2
9C6437,3
9C6437,4
9C6437,5
9C6437,6
9C6437,7
9C6438,1
9C6438,2
9C6438,3
9C6438,4
9C6438,5
9C6438,6
9C6438,7
9C6445,1
9C6445,2
9C6445,3
9C6445,4
9C6445,5
9C6445,6
9C6445,7
9C6446,1
9C6446,2
9C6446,3
9C6446,4
9C6446,5
9C6446,6
9C6446,7
9C6449,1
9C6449,2
9C6449,3
9C6449,4
9C6449,5
9C6449,6
9C6449,7
9C6450,1
9C6450,2
9C6450,3
9C6450,4
9C6450,5
9C6450,6
9C6450,7
9C6459,1
9C6459,2
9C6459,3
9C6459,4
9C6459,5
9C6459,6
9C6459,7
9C6460,1
9C6460,2
9C6460,3
9C6460,4
9C6460,5
9C6460,6
9C6460,7
9C6461,1
9C6461,2
9C6461,3
9C6461,4
9C6461,5
9C6461,6
9C6461,7
9C6462,1
9C6462,2
9C6462,3
9C6462,4
9C6462,5
9C6462,6
9C6462,7
9C6465,1
9C6465,2
9C6465,3
9C6465,4
9C6465,5
9C6465,6
9C6465,7
9C6466,1
9C6466,2
9C6466,3
9C6466,4
9C6466,5
9C6466,6
9C6466,7
9C6471,1
9C6471,2
9C6471,3
9C6471,4
9C6471,5
9C6471,6
9C6471,7
9C6472,1
9C6472,2
9C6472,3
9C6472,4
9C6472,5
9C6472,6
9C6472,7
9C6475,1
9C6475,2
9C6475,3
9C6475,4
9C6475,5
9C6475,6
9C6475,7
9C6476,1
9C6476,2
9C6476,3
9C6476,4
9C6476,5
9C6476,6
9C6476,7
9C6481,1
9C6481,2
9C6481,3
9C6481,4
9C6481,5
9C6481,6
9C6481,7
9C6482,1
9C6482,2
9C6482,3
9C6482,4
9C6482,5
9C6482,6
9C6482,7
9C6487,1
9C6487,2
9C6487,3
9C6487,4
9C6487,5
9C6487,6
9C6487,7
9C6488,1
9C6488,2
9C6488,3
9C6488,4
9C6488,5
9C6488,6
9C6488,7
9C6495,1
9C6495,2
9C6495,3
9C6495,4
9C6495,5
9C6495,6
9C6495,7
9C6496,1
9C6496,2
9C6496,3
9C6496,4
9C6496,5
9C6496,6
9C6496,7
9C6497,1
9C6497,2
9C6497,3
9C6497,4
9C6497,5
9C6497,6
9C6497,7
9C6498,1
9C6498,2
9C6498,3
9C6498,4
9C6498,5
9C6498,6
9C6498,7
9C6499,1
9C6499,2
9C6499,3
9C6499,4
9C6499,5
9C6499,6
9C6499,7
9C6500,1
9C6500,2
9C6500,3
9C6500,4
9C6500,5
9C6500,6
9C6500,7
9C6517,1
9C6517,2
9C6517,3
9C6517,4
9C6517,5
9C6517,6
9C6517,7
9C6518,1
9C6518,2
9C6518,3
9C6518,4
9C6518,5
9C6518,6
9C6518,7
9C6539,1
9C6539,2
9C6539,3
9C6539,4
9C6539,5
9C6539,6
9C6539,7
9C6540,1
9C6540,2
9C6540,3
9C6540,4
9C6540,5
9C6540,6
9C6540,7
9C6595,1
9C6595,2
9C6595,3
9C6595,4
9C6595,5
9C6595,6
9C6595,7
9C6596,1
9C6596,2
9C6596,3
9C6596,4
9C6596,5
9C6596,6
9C6596,7
9C6599,1
9C6599,2
9C6599,3
9C6599,4
9C6599,5
9C6599,6
9C6599,7
9C6600,1
9C6600,2
9C6600,3
9C6600,4
9C6600,5
9C6600,6
9C6600,7
9C6601,1
9C6601,2
9C6601,3
9C6601,4
9C6601,5
9C6601,6
9C6601,7
9C6602,1
9C6602,2
9C6602,3
9C6602,4
9C6602,5
9C6602,6
9C6602,7
9C6617,1
9C6617,2
9C6617,3
9C6617,4
9C6617,5
9C6617,6
9C6617,7
9C6618,1
9C6618,2
9C6618,3
9C6618,4
9C6618,5
9C6618,6
9C6618,7
9C6623,1
9C6623,2
9C6623,3
9C6623,4
9C6623,5
9C6623,6
9C6623,7
9C6624,1
9C6624,2
9C6624,3
9C6624,4
9C6624,5
9C6624,6
9C6624,7
9C6677,1
9C6677,2
9C6677,3
9C6677,4
9C6677,5
9C6677,6
9C6677,7
9C6678,1
9C6678,2
9C6678,3
9C6678,4
9C6678,5
9C6678,6
9C6678,7
9C6687,1
9C6687,2
9C6687,3
9C6687,4
9C6687,5
9C6687,6
9C6687,7
9C6688,1
9C6688,2
9C6688,3
9C6688,4
9C6688,5
9C6688,6
9C6688,7
9C6695,1
9C6695,2
9C6695,3
9C6695,4
9C6695,5
9C6695,6
9C6695,7
9C6696,1
9C6696,2
9C6696,3
9C6696,4
9C6696,5
9C6696,6
9C6696,7
9C6697,1
9C6697,2
9C6697,3
9C6697,4
9C6697,5
9C6697,6
9C6697,7
9C6698,1
9C6698,2
9C6698,3
9C6698,4
9C6698,5
9C6698,6
9C6698,7
9C6699,1
9C6699,2
9C6699,3
9C6699,4
9C6699,5
9C6699,6
9C6699,7
9C6700,1
9C6700,2
9C6700,3
9C6700,4
9C6700,5
9C6700,6
9C6700,7
9C6711,1
9C6711,2
9C6711,3
9C6711,4
9C6711,5
9C6711,6
9C6711,7
9C6712,1
9C6712,2
9C6712,3
9C6712,4
9C6712,5
9C6712,6
9C6712,7
9C6719,1
9C6719,2
9C6719,3
9C6719,4
9C6719,5
9C6719,6
9C6719,7
9C6720,1
9C6720,2
9C6720,3
9C6720,4
9C6720,5
9C6720,6
9C6720,7
9C6727,1
9C6727,2
9C6727,3
9C6727,4
9C6727,5
9C6727,6
9C6727,7
9C6728,1
9C6728,2
9C6728,3
9C6728,4
9C6728,5
9C6728,6
9C6728,7
9C6731,1
9C6731,2
9C6731,3
9C6731,4
9C6731,5
9C6731,6
9C6731,7
9C6732,1
9C6732,2
9C6732,3
9C6732,4
9C6732,5
9C6732,6
9C6732,7
9C6733,1
9C6733,2
9C6733,3
9C6733,4
9C6733,5
9C6733,6
9C6733,7
9C6734,1
9C6734,2
9C6734,3
9C6734,4
9C6734,5
9C6734,6
9C6734,7
9C6743,1
9C6743,2
9C6743,3
9C6743,4
9C6743,5
9C6743,6
9C6743,7
9C6744,1
9C6744,2
9C6744,3
9C6744,4
9C6744,5
9C6744,6
9C6744,7
9C6747,1
9C6747,2
9C6747,3
9C6747,4
9C6747,5
9C6747,6
9C6747,7
9C6748,1
9C6748,2
9C6748,3
9C6748,4
9C6748,5
9C6748,6
9C6748,7
9C6759,1
9C6759,2
9C6759,3
9C6759,4
9C6759,5
9C6759,6
9C6759,7
9C6760,1
9C6760,2
9C6760,3
9C6760,4
9C6760,5
9C6760,6
9C6760,7
9C6771,1
9C6771,2
9C6771,3
9C6771,4
9C6771,5
9C6771,6
9C6771,7
9C6772,1
9C6772,2
9C6772,3
9C6772,4
9C6772,5
9C6772,6
9C6772,7
9C6777,1
9C6777,2
9C6777,3
9C6777,4
9C6777,5
9C6777,6
9C6777,7
9C6778,1
9C6778,2
9C6778,3
9C6778,4
9C6778,5
9C6778,6
9C6778,7
9C6781,1
9C6781,2
9C6781,3
9C6781,4
9C6781,5
9C6781,6
9C6781,7
9C6782,1
9C6782,2
9C6782,3
9C6782,4
9C6782,5
9C6782,6
9C6782,7
9C6785,1
9C6785,2
9C6785,3
9C6785,4
9C6785,5
9C6785,6
9C6785,7
9C6786,1
9C6786,2
9C6786,3
9C6786,4
9C6786,5
9C6786,6
9C6786,7
9C6787,1
9C6787,2
9C6787,3
9C6787,4
9C6787,5
9C6787,6
9C6787,7
9C6788,1
9C6788,2
9C6788,3
9C6788,4
9C6788,5
9C6788,6
9C6788,7
9C6789,1
9C6789,2
9C6789,3
9C6789,4
9C6789,5
9C6789,6
9C6789,7
9C6791,1
9C6791,2
9C6791,3
9C6791,4
9C6791,5
9C6791,6
9C6791,7
9C6792,1
9C6792,2
9C6792,3
9C6792,4
9C6792,5
9C6792,6
9C6792,7
9C6799,1
9C6799,2
9C6799,3
9C6799,4
9C6799,5
9C6799,6
9C6799,7
9C6800,1
9C6800,2
9C6800,3
9C6800,4
9C6800,5
9C6800,6
9C6800,7
9C6807,1
9C6807,2
9C6807,3
9C6807,4
9C6807,5
9C6807,6
9C6807,7
9C6808,1
9C6808,2
9C6808,3
9C6808,4
9C6808,5
9C6808,6
9C6808,7
9C6809,1
9C6809,2
9C6809,3
9C6809,4
9C6809,5
9C6809,6
9C6809,7
9C6810,1
9C6810,2
9C6810,3
9C6810,4
9C6810,5
9C6810,6
9C6810,7
9C6813,1
9C6813,2
9C6813,3
9C6813,4
9C6813,5
9C6813,6
9C6813,7
9C6814,1
9C6814,2
9C6814,3
9C6814,4
9C6814,5
9C6814,6
9C6814,7
9C6831,1
9C6831,2
9C6831,3
9C6831,4
9C6831,5
9C6831,6
9C6831,7
9C6832,1
9C6832,2
9C6832,3
9C6832,4
9C6832,5
9C6832,6
9C6832,7
9C6833,1
9C6833,2
9C6833,3
9C6833,4
9C6833,5
9C6833,6
9C6833,7
9C6834,1
9C6834,2
9C6834,3
9C6834,4
9C6834,5
9C6834,6
9C6834,7
9C6835,1
9C6835,2
9C6835,3
9C6835,4
9C6835,5
9C6835,6
9C6835,7
9C6836,1
9C6836,2
9C6836,3
9C6836,4
9C6836,5
9C6836,6
9C6836,7
9C6837,1
9C6837,2
9C6837,3
9C6837,4
9C6837,5
9C6837,6
9C6837,7
9C6838,1
9C6838,2
9C6838,3
9C6838,4
9C6838,5
9C6838,6
9C6838,7
9C6845,1
9C6845,2
9C6845,3
9C6845,4
9C6845,5
9C6845,6
9C6845,7
9C6846,1
9C6846,2
9C6846,3
9C6846,4
9C6846,5
9C6846,6
9C6846,7
9C6853,1
9C6853,2
9C6853,3
9C6853,4
9C6853,5
9C6853,6
9C6853,7
9C6854,1
9C6854,2
9C6854,3
9C6854,4
9C6854,5
9C6854,6
9C6854,7
9C6858,1
9C6858,2
9C6858,3
9C6858,4
9C6858,5
9C6858,6
9C6858,7
9C6873,1
9C6873,2
9C6873,3
9C6873,4
9C6873,5
9C6873,6
9C6873,7
9C6874,1
9C6874,2
9C6874,3
9C6874,4
9C6874,5
9C6874,6
9C6874,7
9C6887,1
9C6887,2
9C6887,3
9C6887,4
9C6887,5
9C6887,6
9C6887,7
9C6889,1
9C6889,2
9C6889,3
9C6889,4
9C6889,5
9C6889,6
9C6889,7
9C6890,1
9C6890,2
9C6890,3
9C6890,4
9C6890,5
9C6890,6
9C6890,7
9C6891,1
9C6891,2
9C6891,3
9C6891,4
9C6891,5
9C6891,6
9C6891,7
9C6892,1
9C6892,2
9C6892,3
9C6892,4
9C6892,5
9C6892,6
9C6892,7
9C6903,1
9C6903,2
9C6903,3
9C6903,4
9C6903,5
9C6903,6
9C6903,7
9C6904,1
9C6904,2
9C6904,3
9C6904,4
9C6904,5
9C6904,6
9C6904,7
9C6927,1
9C6927,2
9C6927,3
9C6927,4
9C6927,5
9C6927,6
9C6927,7
9C6928,1
9C6928,2
9C6928,3
9C6928,4
9C6928,5
9C6928,6
9C6928,7
9C6937,1
9C6937,2
9C6937,3
9C6937,4
9C6937,5
9C6937,6
9C6937,7
9C6938,1
9C6938,2
9C6938,3
9C6938,4
9C6938,5
9C6938,6
9C6938,7
9C6951,1
9C6951,2
9C6951,3
9C6951,4
9C6951,5
9C6951,6
9C6951,7
9C6952,1
9C6952,2
9C6952,3
9C6952,4
9C6952,5
9C6952,6
9C6952,7
9C7001,1
9C7001,2
9C7001,3
9C7001,4
9C7001,5
9C7001,6
9C7001,7
9C7002,1
9C7002,2
9C7002,3
9C7002,4
9C7002,5
9C7002,6
9C7002,7
9C7025,1
9C7025,2
9C7025,3
9C7025,4
9C7025,5
9C7025,6
9C7025,7
9C7045,1
9C7045,2
9C7045,3
9C7045,4
9C7045,5
9C7045,6
9C7045,7
9C7046,1
9C7046,2
9C7046,3
9C7046,4
9C7046,5
9C7046,6
9C7046,7
9C7067,1
9C7067,2
9C7067,3
9C7067,4
9C7067,5
9C7067,6
9C7067,7
9C7068,1
9C7068,2
9C7068,3
9C7068,4
9C7068,5
9C7068,6
9C7068,7
9C7069,1
9C7069,2
9C7069,3
9C7069,4
9C7069,5
9C7069,6
9C7069,7
9C7070,1
9C7070,2
9C7070,3
9C7070,4
9C7070,5
9C7070,6
9C7070,7
9C7079,1
9C7079,2
9C7079,3
9C7079,4
9C7079,5
9C7079,6
9C7079,7
9C7080,1
9C7080,2
9C7080,3
9C7080,4
9C7080,5
9C7080,6
9C7080,7
9C7087,1
9C7087,2
9C7087,3
9C7087,4
9C7087,5
9C7087,6
9C7087,7
9C7088,1
9C7088,2
9C7088,3
9C7088,4
9C7088,5
9C7088,6
9C7088,7
9C7091,1
9C7091,2
9C7091,3
9C7091,4
9C7091,5
9C7091,6
9C7091,7
9C7092,1
9C7092,2
9C7092,3
9C7092,4
9C7092,5
9C7092,6
9C7092,7
9C7099,1
9C7099,2
9C7099,3
9C7099,4
9C7099,5
9C7099,6
9C7099,7
9C7100,1
9C7100,2
9C7100,3
9C7100,4
9C7100,5
9C7100,6
9C7100,7
9C7109,1
9C7109,2
9C7109,3
9C7109,4
9C7109,5
9C7109,6
9C7109,7
9C7110,1
9C7110,2
9C7110,3
9C7110,4
9C7110,5
9C7110,6
9C7110,7
9C7115,1
9C7115,2
9C7115,3
9C7115,4
9C7115,5
9C7115,6
9C7115,7
9C7116,1
9C7116,2
9C7116,3
9C7116,4
9C7116,5
9C7116,6
9C7116,7
9C7117,1
9C7117,2
9C7117,3
9C7117,4
9C7117,5
9C7117,6
9C7117,7
9C7118,1
9C7118,2
9C7118,3
9C7118,4
9C7118,5
9C7118,6
9C7118,7
9C7125,1
9C7125,2
9C7125,3
9C7125,4
9C7125,5
9C7125,6
9C7125,7
9C7126,1
9C7126,2
9C7126,3
9C7126,4
9C7126,5
9C7126,6
9C7126,7
9C7135,1
9C7135,2
9C7135,3
9C7135,4
9C7135,5
9C7135,6
9C7135,7
9C7136,1
9C7136,2
9C7136,3
9C7136,4
9C7136,5
9C7136,6
9C7136,7
9C7137,1
9C7137,2
9C7137,3
9C7137,4
9C7137,5
9C7137,6
9C7137,7
9C7138,1
9C7138,2
9C7138,3
9C7138,4
9C7138,5
9C7138,6
9C7138,7
9C7151,1
9C7151,2
9C7151,3
9C7151,4
9C7151,5
9C7151,6
9C7151,7
9C7152,1
9C7152,2
9C7152,3
9C7152,4
9C7152,5
9C7152,6
9C7152,7
9C7161,1
9C7161,2
9C7161,3
9C7161,4
9C7161,5
9C7161,6
9C7161,7
9C7162,1
9C7162,2
9C7162,3
9C7162,4
9C7162,5
9C7162,6
9C7162,7
9C7163,1
9C7163,2
9C7163,3
9C7163,4
9C7163,5
9C7163,6
9C7163,7
9C7164,1
9C7164,2
9C7164,3
9C7164,4
9C7164,5
9C7164,6
9C7164,7
9C7171,1
9C7171,2
9C7171,3
9C7171,4
9C7171,5
9C7171,6
9C7171,7
9C7172,1
9C7172,2
9C7172,3
9C7172,4
9C7172,5
9C7172,6
9C7172,7
9C7179,1
9C7179,2
9C7179,3
9C7179,4
9C7179,5
9C7179,6
9C7179,7
9C7180,1
9C7180,2
9C7180,3
9C7180,4
9C7180,5
9C7180,6
9C7180,7
9C7203,1
9C7203,2
9C7203,3
9C7203,4
9C7203,5
9C7203,6
9C7203,7
9C7204,1
9C7204,2
9C7204,3
9C7204,4
9C7204,5
9C7204,6
9C7204,7
9C7237,1
9C7237,2
9C7237,3
9C7237,4
9C7237,5
9C7237,6
9C7237,7
9C7238,1
9C7238,2
9C7238,3
9C7238,4
9C7238,5
9C7238,6
9C7238,7
9C7251,1
9C7251,2
9C7251,3
9C7251,4
9C7251,5
9C7251,6
9C7251,7
9C7252,1
9C7252,2
9C7252,3
9C7252,4
9C7252,5
9C7252,6
9C7252,7
9C7263,1
9C7263,2
9C7263,3
9C7263,4
9C7263,5
9C7263,6
9C7263,7
9C7264,1
9C7264,2
9C7264,3
9C7264,4
9C7264,5
9C7264,6
9C7264,7
9C7275,1
9C7275,2
9C7275,3
9C7275,4
9C7275,5
9C7275,6
9C7275,7
9C7276,1
9C7276,2
9C7276,3
9C7276,4
9C7276,5
9C7276,6
9C7276,7
9C7277,1
9C7277,2
9C7277,3
9C7277,4
9C7277,5
9C7277,6
9C7277,7
9C7278,1
9C7278,2
9C7278,3
9C7278,4
9C7278,5
9C7278,6
9C7278,7
9C7325,1
9C7325,2
9C7325,3
9C7325,4
9C7325,5
9C7325,6
9C7325,7
9C7326,1
9C7326,2
9C7326,3
9C7326,4
9C7326,5
9C7326,6
9C7326,7
9C7329,1
9C7329,2
9C7329,3
9C7329,4
9C7329,5
9C7329,6
9C7329,7
9C7330,1
9C7330,2
9C7330,3
9C7330,4
9C7330,5
9C7330,6
9C7330,7
9C7331,1
9C7331,2
9C7331,3
9C7331,4
9C7331,5
9C7331,6
9C7331,7
9C7333,1
9C7333,2
9C7333,3
9C7333,4
9C7333,5
9C7333,6
9C7333,7
9C7334,1
9C7334,2
9C7334,3
9C7334,4
9C7334,5
9C7334,6
9C7334,7
9C7355,1
9C7355,2
9C7355,3
9C7355,4
9C7355,5
9C7355,6
9C7355,7
9C7356,1
9C7356,2
9C7356,3
9C7356,4
9C7356,5
9C7356,6
9C7356,7
9C7359,1
9C7359,2
9C7359,3
9C7359,4
9C7359,5
9C7359,6
9C7359,7
9C7360,1
9C7360,2
9C7360,3
9C7360,4
9C7360,5
9C7360,6
9C7360,7
9C7368,1
9C7368,2
9C7368,3
9C7368,4
9C7368,5
9C7368,6
9C7368,7
9C7369,1
9C7369,2
9C7369,3
9C7369,4
9C7369,5
9C7369,6
9C7369,7
9C7370,1
9C7370,2
9C7370,3
9C7370,4
9C7370,5
9C7370,6
9C7370,7
9C7371,1
9C7371,2
9C7371,3
9C7371,4
9C7371,5
9C7371,6
9C7371,7
9C7372,1
9C7372,2
9C7372,3
9C7372,4
9C7372,5
9C7372,6
9C7372,7
9C7377,1
9C7377,2
9C7377,3
9C7377,4
9C7377,5
9C7377,6
9C7377,7
9C7378,1
9C7378,2
9C7378,3
9C7378,4
9C7378,5
9C7378,6
9C7378,7
9C7385,1
9C7385,2
9C7385,3
9C7385,4
9C7385,5
9C7385,6
9C7385,7
9C7386,1
9C7386,2
9C7386,3
9C7386,4
9C7386,5
9C7386,6
9C7386,7
9C7391,1
9C7391,2
9C7391,3
9C7391,4
9C7391,5
9C7391,6
9C7391,7
9C7392,1
9C7392,2
9C7392,3
9C7392,4
9C7392,5
9C7392,6
9C7392,7
9C7395,1
9C7395,2
9C7395,3
9C7395,4
9C7395,5
9C7395,6
9C7395,7
9C7396,1
9C7396,2
9C7396,3
9C7396,4
9C7396,5
9C7396,6
9C7396,7
9C7401,1
9C7401,2
9C7401,3
9C7401,4
9C7401,5
9C7401,6
9C7401,7
9C7402,1
9C7402,2
9C7402,3
9C7402,4
9C7402,5
9C7402,6
9C7402,7
9C7415,1
9C7415,2
9C7415,3
9C7415,4
9C7415,5
9C7415,6
9C7415,7
9C7416,1
9C7416,2
9C7416,3
9C7416,4
9C7416,5
9C7416,6
9C7416,7
9C7461,1
9C7461,2
9C7461,3
9C7461,4
9C7461,5
9C7461,6
9C7461,7
9C7507,1
9C7507,2
9C7507,3
9C7507,4
9C7507,5
9C7507,6
9C7507,7
9C7508,1
9C7508,2
9C7508,3
9C7508,4
9C7508,5
9C7508,6
9C7508,7
9C7511,1
9C7511,2
9C7511,3
9C7511,4
9C7511,5
9C7511,6
9C7511,7
9C7512,1
9C7512,2
9C7512,3
9C7512,4
9C7512,5
9C7512,6
9C7512,7
9C7517,1
9C7517,2
9C7517,3
9C7517,4
9C7517,5
9C7517,6
9C7517,7
9C7518,1
9C7518,2
9C7518,3
9C7518,4
9C7518,5
9C7518,6
9C7518,7
9C7519,1
9C7519,2
9C7519,3
9C7519,4
9C7519,5
9C7519,6
9C7519,7
9C7520,1
9C7520,2
9C7520,3
9C7520,4
9C7520,5
9C7520,6
9C7520,7
9C7535,1
9C7535,2
9C7535,3
9C7535,4
9C7535,5
9C7535,6
9C7535,7
9C7536,1
9C7536,2
9C7536,3
9C7536,4
9C7536,5
9C7536,6
9C7536,7
9C7553,1
9C7553,2
9C7553,3
9C7553,4
9C7553,5
9C7553,6
9C7553,7
9C7554,1
9C7554,2
9C7554,3
9C7554,4
9C7554,5
9C7554,6
9C7554,7
9C7555,1
9C7555,2
9C7555,3
9C7555,4
9C7555,5
9C7555,6
9C7555,7
9C7556,1
9C7556,2
9C7556,3
9C7556,4
9C7556,5
9C7556,6
9C7556,7
9C7579,1
9C7579,2
9C7579,3
9C7579,4
9C7579,5
9C7579,6
9C7579,7
9C7580,1
9C7580,2
9C7580,3
9C7580,4
9C7580,5
9C7580,6
9C7580,7
9C7593,1
9C7593,2
9C7593,3
9C7593,4
9C7593,5
9C7593,6
9C7593,7
9C7594,1
9C7594,2
9C7594,3
9C7594,4
9C7594,5
9C7594,6
9C7594,7
9C7595,1
9C7595,2
9C7595,3
9C7595,4
9C7595,5
9C7595,6
9C7595,7
9C7596,1
9C7596,2
9C7596,3
9C7596,4
9C7596,5
9C7596,6
9C7596,7
9C7603,1
9C7603,2
9C7603,3
9C7603,4
9C7603,5
9C7603,6
9C7603,7
9C7604,1
9C7604,2
9C7604,3
9C7604,4
9C7604,5
9C7604,6
9C7604,7
9C7607,1
9C7607,2
9C7607,3
9C7607,4
9C7607,5
9C7607,6
9C7607,7
9C7608,1
9C7608,2
9C7608,3
9C7608,4
9C7608,5
9C7608,6
9C7608,7
9C7609,1
9C7609,2
9C7609,3
9C7609,4
9C7609,5
9C7609,6
9C7609,7
9C7610,1
9C7610,2
9C7610,3
9C7610,4
9C7610,5
9C7610,6
9C7610,7
9C7611,1
9C7611,2
9C7611,3
9C7611,4
9C7611,5
9C7611,6
9C7611,7
9C7612,1
9C7612,2
9C7612,3
9C7612,4
9C7612,5
9C7612,6
9C7612,7
9C7617,1
9C7617,2
9C7617,3
9C7617,4
9C7617,5
9C7617,6
9C7617,7
9C7618,1
9C7618,2
9C7618,3
9C7618,4
9C7618,5
9C7618,6
9C7618,7
9C7621,1
9C7621,2
9C7621,3
9C7621,4
9C7621,5
9C7621,6
9C7621,7
9C7622,1
9C7622,2
9C7622,3
9C7622,4
9C7622,5
9C7622,6
9C7622,7
9C7635,1
9C7635,2
9C7635,3
9C7635,4
9C7635,5
9C7635,6
9C7635,7
9C7636,1
9C7636,2
9C7636,3
9C7636,4
9C7636,5
9C7636,6
9C7636,7
9C7649,1
9C7649,2
9C7649,3
9C7649,4
9C7649,5
9C7649,6
9C7649,7
9C7650,1
9C7650,2
9C7650,3
9C7650,4
9C7650,5
9C7650,6
9C7650,7
9C7651,1
9C7651,2
9C7651,3
9C7651,4
9C7651,5
9C7651,6
9C7651,7
9C7652,1
9C7652,2
9C7652,3
9C7652,4
9C7652,5
9C7652,6
9C7652,7
9C7665,1
9C7665,2
9C7665,3
9C7665,4
9C7665,5
9C7665,6
9C7665,7
9C7666,1
9C7666,2
9C7666,3
9C7666,4
9C7666,5
9C7666,6
9C7666,7
9C7681,1
9C7681,2
9C7681,3
9C7681,4
9C7681,5
9C7681,6
9C7681,7
9C7682,1
9C7682,2
9C7682,3
9C7682,4
9C7682,5
9C7682,6
9C7682,7
9C7683,1
9C7683,2
9C7683,3
9C7683,4
9C7683,5
9C7683,6
9C7683,7
9C7684,1
9C7684,2
9C7684,3
9C7684,4
9C7684,5
9C7684,6
9C7684,7
9C7685,1
9C7685,2
9C7685,3
9C7685,4
9C7685,5
9C7685,6
9C7685,7
9C7686,1
9C7686,2
9C7686,3
9C7686,4
9C7686,5
9C7686,6
9C7686,7
9C7747,1
9C7747,2
9C7747,3
9C7747,4
9C7747,5
9C7747,6
9C7747,7
9C7748,1
9C7748,2
9C7748,3
9C7748,4
9C7748,5
9C7748,6
9C7748,7
9C7749,1
9C7749,2
9C7749,3
9C7749,4
9C7749,5
9C7749,6
9C7749,7
9C7755,1
9C7755,2
9C7755,3
9C7755,4
9C7755,5
9C7755,6
9C7755,7
9C7756,1
9C7756,2
9C7756,3
9C7756,4
9C7756,5
9C7756,6
9C7756,7
9C7757,1
9C7757,2
9C7757,3
9C7757,4
9C7757,5
9C7757,6
9C7757,7
9C7758,1
9C7758,2
9C7758,3
9C7758,4
9C7758,5
9C7758,6
9C7758,7
9C8501,1
9C8501,2
9C8501,3
9C8501,4
9C8501,5
9C8501,6
9C8501,7
9C8502,1
9C8502,2
9C8502,3
9C8502,4
9C8502,5
9C8502,6
9C8502,7
9C8513,1
9C8513,2
9C8513,3
9C8513,4
9C8513,5
9C8513,6
9C8513,7
9C8514,1
9C8514,2
9C8514,3
9C8514,4
9C8514,5
9C8514,6
9C8514,7
9C8519,1
9C8519,2
9C8519,3
9C8519,4
9C8519,5
9C8519,6
9C8519,7
9C8523,1
9C8523,2
9C8523,3
9C8523,4
9C8523,5
9C8523,6
9C8523,7
9C8524,1
9C8524,2
9C8524,3
9C8524,4
9C8524,5
9C8524,6
9C8524,7
9C8537,1
9C8537,2
9C8537,3
9C8537,4
9C8537,5
9C8537,6
9C8537,7
9C8538,1
9C8538,2
9C8538,3
9C8538,4
9C8538,5
9C8538,6
9C8538,7
9C8546,1
9C8546,2
9C8546,3
9C8546,4
9C8546,5
9C8546,6
9C8546,7
9C8547,1
9C8547,2
9C8547,3
9C8547,4
9C8547,5
9C8547,6
9C8547,7
9C8548,1
9C8548,2
9C8548,3
9C8548,4
9C8548,5
9C8548,6
9C8548,7
9C8553,1
9C8553,2
9C8553,3
9C8553,4
9C8553,5
9C8553,6
9C8553,7
9C8554,1
9C8554,2
9C8554,3
9C8554,4
9C8554,5
9C8554,6
9C8554,7
9C8555,1
9C8555,2
9C8555,3
9C8555,4
9C8555,5
9C8555,6
9C8555,7
9C8556,1
9C8556,2
9C8556,3
9C8556,4
9C8556,5
9C8556,6
9C8556,7
9C8605,1
9C8605,2
9C8605,3
9C8605,4
9C8605,5
9C8605,6
9C8605,7
9C8606,1
9C8606,2
9C8606,3
9C8606,4
9C8606,5
9C8606,6
9C8606,7
9C8611,1
9C8611,2
9C8611,3
9C8611,4
9C8611,5
9C8611,6
9C8611,7
9C8612,1
9C8612,2
9C8612,3
9C8612,4
9C8612,5
9C8612,6
9C8612,7
9C8613,1
9C8613,2
9C8613,3
9C8613,4
9C8613,5
9C8613,6
9C8613,7
9C8614,1
9C8614,2
9C8614,3
9C8614,4
9C8614,5
9C8614,6
9C8614,7
9C8627,1
9C8627,2
9C8627,3
9C8627,4
9C8627,5
9C8627,6
9C8627,7
9C8628,1
9C8628,2
9C8628,3
9C8628,4
9C8628,5
9C8628,6
9C8628,7
9C8631,1
9C8631,2
9C8631,3
9C8631,4
9C8631,5
9C8631,6
9C8631,7
9C8632,1
9C8632,2
9C8632,3
9C8632,4
9C8632,5
9C8632,6
9C8632,7
9C8633,1
9C8633,2
9C8633,3
9C8633,4
9C8633,5
9C8633,6
9C8633,7
9C8634,1
9C8634,2
9C8634,3
9C8634,4
9C8634,5
9C8634,6
9C8634,7
9C8661,1
9C8661,2
9C8661,3
9C8661,4
9C8661,5
9C8661,6
9C8661,7
9C8662,1
9C8662,2
9C8662,3
9C8662,4
9C8662,5
9C8662,6
9C8662,7
9C8671,1
9C8671,2
9C8671,3
9C8671,4
9C8671,5
9C8671,6
9C8671,7
9C8672,1
9C8672,2
9C8672,3
9C8672,4
9C8672,5
9C8672,6
9C8672,7
9C8673,1
9C8673,2
9C8673,3
9C8673,4
9C8673,5
9C8673,6
9C8673,7
9C8674,1
9C8674,2
9C8674,3
9C8674,4
9C8674,5
9C8674,6
9C8674,7
9C8677,1
9C8677,2
9C8677,3
9C8677,4
9C8677,5
9C8677,6
9C8677,7
9C8678,1
9C8678,2
9C8678,3
9C8678,4
9C8678,5
9C8678,6
9C8678,7
9C8679,1
9C8679,2
9C8679,3
9C8679,4
9C8679,5
9C8679,6
9C8679,7
9C8680,1
9C8680,2
9C8680,3
9C8680,4
9C8680,5
9C8680,6
9C8680,7
9C8683,1
9C8683,2
9C8683,3
9C8683,4
9C8683,5
9C8683,6
9C8683,7
9C8684,1
9C8684,2
9C8684,3
9C8684,4
9C8684,5
9C8684,6
9C8684,7
9C8697,1
9C8697,2
9C8697,3
9C8697,4
9C8697,5
9C8697,6
9C8697,7
9C8701,1
9C8701,2
9C8701,3
9C8701,4
9C8701,5
9C8701,6
9C8701,7
9C8702,1
9C8702,2
9C8702,3
9C8702,4
9C8702,5
9C8702,6
9C8702,7
9C8727,1
9C8727,2
9C8727,3
9C8727,4
9C8727,5
9C8727,6
9C8727,7
9C8728,1
9C8728,2
9C8728,3
9C8728,4
9C8728,5
9C8728,6
9C8728,7
9C8729,1
9C8729,2
9C8729,3
9C8729,4
9C8729,5
9C8729,6
9C8729,7
9C8730,1
9C8730,2
9C8730,3
9C8730,4
9C8730,5
9C8730,6
9C8730,7
9C8731,1
9C8731,2
9C8731,3
9C8731,4
9C8731,5
9C8731,6
9C8731,7
9C8732,1
9C8732,2
9C8732,3
9C8732,4
9C8732,5
9C8732,6
9C8732,7
9C8733,1
9C8733,2
9C8733,3
9C8733,4
9C8733,5
9C8733,6
9C8733,7
9C8734,1
9C8734,2
9C8734,3
9C8734,4
9C8734,5
9C8734,6
9C8734,7
9C8737,1
9C8737,2
9C8737,3
9C8737,4
9C8737,5
9C8737,6
9C8737,7
9C8738,1
9C8738,2
9C8738,3
9C8738,4
9C8738,5
9C8738,6
9C8738,7
9C8749,1
9C8749,2
9C8749,3
9C8749,4
9C8749,5
9C8749,6
9C8749,7
9C8751,1
9C8751,2
9C8751,3
9C8751,4
9C8751,5
9C8751,6
9C8751,7
9C8752,1
9C8752,2
9C8752,3
9C8752,4
9C8752,5
9C8752,6
9C8752,7
9C8753,1
9C8753,2
9C8753,3
9C8753,4
9C8753,5
9C8753,6
9C8753,7
9C8754,1
9C8754,2
9C8754,3
9C8754,4
9C8754,5
9C8754,6
9C8754,7
9C8763,1
9C8763,2
9C8763,3
9C8763,4
9C8763,5
9C8763,6
9C8763,7
9C8764,1
9C8764,2
9C8764,3
9C8764,4
9C8764,5
9C8764,6
9C8764,7
9C8775,1
9C8775,2
9C8775,3
9C8775,4
9C8775,5
9C8775,6
9C8775,7
9C8776,1
9C8776,2
9C8776,3
9C8776,4
9C8776,5
9C8776,6
9C8776,7
9C8779,1
9C8779,2
9C8779,3
9C8779,4
9C8779,5
9C8779,6
9C8779,7
9C8780,1
9C8780,2
9C8780,3
9C8780,4
9C8780,5
9C8780,6
9C8780,7
9C8785,1
9C8785,2
9C8785,3
9C8785,4
9C8785,5
9C8785,6
9C8785,7
9C8786,1
9C8786,2
9C8786,3
9C8786,4
9C8786,5
9C8786,6
9C8786,7
9C8803,1
9C8803,2
9C8803,3
9C8803,4
9C8803,5
9C8803,6
9C8803,7
9C8804,1
9C8804,2
9C8804,3
9C8804,4
9C8804,5
9C8804,6
9C8804,7
9C8805,1
9C8805,2
9C8805,3
9C8805,4
9C8805,5
9C8805,6
9C8805,7
9C8806,1
9C8806,2
9C8806,3
9C8806,4
9C8806,5
9C8806,6
9C8806,7
9C8809,1
9C8809,2
9C8809,3
9C8809,4
9C8809,5
9C8809,6
9C8809,7
9C8810,1
9C8810,2
9C8810,3
9C8810,4
9C8810,5
9C8810,6
9C8810,7
9C8815,1
9C8815,2
9C8815,3
9C8815,4
9C8815,5
9C8815,6
9C8815,7
9C8816,1
9C8816,2
9C8816,3
9C8816,4
9C8816,5
9C8816,6
9C8816,7
9C8819,1
9C8819,2
9C8819,3
9C8819,4
9C8819,5
9C8819,6
9C8819,7
9C8820,1
9C8820,2
9C8820,3
9C8820,4
9C8820,5
9C8820,6
9C8820,7
9C8825,1
9C8825,2
9C8825,3
9C8825,4
9C8825,5
9C8825,6
9C8825,7
9C8826,1
9C8826,2
9C8826,3
9C8826,4
9C8826,5
9C8826,6
9C8826,7
9C8829,1
9C8829,2
9C8829,3
9C8829,4
9C8829,5
9C8829,6
9C8829,7
9C8830,1
9C8830,2
9C8830,3
9C8830,4
9C8830,5
9C8830,6
9C8830,7
9C8831,1
9C8831,2
9C8831,3
9C8831,4
9C8831,5
9C8831,6
9C8831,7
9C8832,1
9C8832,2
9C8832,3
9C8832,4
9C8832,5
9C8832,6
9C8832,7
9C8835,1
9C8835,2
9C8835,3
9C8835,4
9C8835,5
9C8835,6
9C8835,7
9C8836,1
9C8836,2
9C8836,3
9C8836,4
9C8836,5
9C8836,6
9C8836,7
9C8837,1
9C8837,2
9C8837,3
9C8837,4
9C8837,5
9C8837,6
9C8837,7
9C8838,1
9C8838,2
9C8838,3
9C8838,4
9C8838,5
9C8838,6
9C8838,7
9C8843,1
9C8843,2
9C8843,3
9C8843,4
9C8843,5
9C8843,6
9C8843,7
9C8844,1
9C8844,2
9C8844,3
9C8844,4
9C8844,5
9C8844,6
9C8844,7
9C8845,1
9C8845,2
9C8845,3
9C8845,4
9C8845,5
9C8845,6
9C8845,7
9C8846,1
9C8846,2
9C8846,3
9C8846,4
9C8846,5
9C8846,6
9C8846,7
9C8847,1
9C8847,2
9C8847,3
9C8847,4
9C8847,5
9C8847,6
9C8847,7
9C8848,1
9C8848,2
9C8848,3
9C8848,4
9C8848,5
9C8848,6
9C8848,7
9C8853,1
9C8853,2
9C8853,3
9C8853,4
9C8853,5
9C8853,6
9C8853,7
9C8854,1
9C8854,2
9C8854,3
9C8854,4
9C8854,5
9C8854,6
9C8854,7
9C8855,1
9C8855,2
9C8855,3
9C8855,4
9C8855,5
9C8855,6
9C8855,7
9C8856,1
9C8856,2
9C8856,3
9C8856,4
9C8856,5
9C8856,6
9C8856,7
9C8859,1
9C8859,2
9C8859,3
9C8859,4
9C8859,5
9C8859,6
9C8859,7
9C8860,1
9C8860,2
9C8860,3
9C8860,4
9C8860,5
9C8860,6
9C8860,7
9C8865,1
9C8865,2
9C8865,3
9C8865,4
9C8865,5
9C8865,6
9C8865,7
9C8866,1
9C8866,2
9C8866,3
9C8866,4
9C8866,5
9C8866,6
9C8866,7
9C8867,1
9C8867,2
9C8867,3
9C8867,4
9C8867,5
9C8867,6
9C8867,7
9C8868,1
9C8868,2
9C8868,3
9C8868,4
9C8868,5
9C8868,6
9C8868,7
9C8869,1
9C8869,2
9C8869,3
9C8869,4
9C8869,5
9C8869,6
9C8869,7
9C8879,1
9C8879,2
9C8879,3
9C8879,4
9C8879,5
9C8879,6
9C8879,7
9C8880,1
9C8880,2
9C8880,3
9C8880,4
9C8880,5
9C8880,6
9C8880,7
9C8881,1
9C8881,2
9C8881,3
9C8881,4
9C8881,5
9C8881,6
9C8881,7
9C8882,1
9C8882,2
9C8882,3
9C8882,4
9C8882,5
9C8882,6
9C8882,7
9C8885,1
9C8885,2
9C8885,3
9C8885,4
9C8885,5
9C8885,6
9C8885,7
9C8886,1
9C8886,2
9C8886,3
9C8886,4
9C8886,5
9C8886,6
9C8886,7
9C8897,1
9C8897,2
9C8897,3
9C8897,4
9C8897,5
9C8897,6
9C8897,7
9C8898,1
9C8898,2
9C8898,3
9C8898,4
9C8898,5
9C8898,6
9C8898,7
9C8901,1
9C8901,2
9C8901,3
9C8901,4
9C8901,5
9C8901,6
9C8901,7
9C8902,1
9C8902,2
9C8902,3
9C8902,4
9C8902,5
9C8902,6
9C8902,7
9C8909,1
9C8909,2
9C8909,3
9C8909,4
9C8909,5
9C8909,6
9C8909,7
9C8910,1
9C8910,2
9C8910,3
9C8910,4
9C8910,5
9C8910,6
9C8910,7
9C8917,1
9C8917,2
9C8917,3
9C8917,4
9C8917,5
9C8917,6
9C8917,7
9C8918,1
9C8918,2
9C8918,3
9C8918,4
9C8918,5
9C8918,6
9C8918,7
9C8919,1
9C8919,2
9C8919,3
9C8919,4
9C8919,5
9C8919,6
9C8919,7
9C8920,1
9C8920,2
9C8920,3
9C8920,4
9C8920,5
9C8920,6
9C8920,7
9C8929,1
9C8929,2
9C8929,3
9C8929,4
9C8929,5
9C8929,6
9C8929,7
9C8930,1
9C8930,2
9C8930,3
9C8930,4
9C8930,5
9C8930,6
9C8930,7
9C8931,1
9C8931,2
9C8931,3
9C8931,4
9C8931,5
9C8931,6
9C8931,7
9C8932,1
9C8932,2
9C8932,3
9C8932,4
9C8932,5
9C8932,6
9C8932,7
9C8935,1
9C8935,2
9C8935,3
9C8935,4
9C8935,5
9C8935,6
9C8935,7
9C8936,1
9C8936,2
9C8936,3
9C8936,4
9C8936,5
9C8936,6
9C8936,7
9C8943,1
9C8943,2
9C8943,3
9C8943,4
9C8943,5
9C8943,6
9C8943,7
9C8944,1
9C8944,2
9C8944,3
9C8944,4
9C8944,5
9C8944,6
9C8944,7
9C8945,1
9C8945,2
9C8945,3
9C8945,4
9C8945,5
9C8945,6
9C8945,7
9C8946,1
9C8946,2
9C8946,3
9C8946,4
9C8946,5
9C8946,6
9C8946,7
9C8947,1
9C8947,2
9C8947,3
9C8947,4
9C8947,5
9C8947,6
9C8947,7
9C8948,1
9C8948,2
9C8948,3
9C8948,4
9C8948,5
9C8948,6
9C8948,7
9C8949,1
9C8949,2
9C8949,3
9C8949,4
9C8949,5
9C8949,6
9C8949,7
9C8950,1
9C8950,2
9C8950,3
9C8950,4
9C8950,5
9C8950,6
9C8950,7
9C8953,1
9C8953,2
9C8953,3
9C8953,4
9C8953,5
9C8953,6
9C8953,7
9C8954,1
9C8954,2
9C8954,3
9C8954,4
9C8954,5
9C8954,6
9C8954,7
9C8955,1
9C8955,2
9C8955,3
9C8955,4
9C8955,5
9C8955,6
9C8955,7
9C8956,1
9C8956,2
9C8956,3
9C8956,4
9C8956,5
9C8956,6
9C8956,7
9C8969,1
9C8969,2
9C8969,3
9C8969,4
9C8969,5
9C8969,6
9C8969,7
9C8970,1
9C8970,2
9C8970,3
9C8970,4
9C8970,5
9C8970,6
9C8970,7
9C8975,1
9C8975,2
9C8975,3
9C8975,4
9C8975,5
9C8975,6
9C8975,7
9C8976,1
9C8976,2
9C8976,3
9C8976,4
9C8976,5
9C8976,6
9C8976,7
9C8977,1
9C8977,2
9C8977,3
9C8977,4
9C8977,5
9C8977,6
9C8977,7
9C8978,1
9C8978,2
9C8978,3
9C8978,4
9C8978,5
9C8978,6
9C8978,7
9C8981,1
9C8981,2
9C8981,3
9C8981,4
9C8981,5
9C8981,6
9C8981,7
9C8982,1
9C8982,2
9C8982,3
9C8982,4
9C8982,5
9C8982,6
9C8982,7
9C8993,1
9C8993,2
9C8993,3
9C8993,4
9C8993,5
9C8993,6
9C8993,7
9C8994,1
9C8994,2
9C8994,3
9C8994,4
9C8994,5
9C8994,6
9C8994,7
9C8995,1
9C8995,2
9C8995,3
9C8995,4
9C8995,5
9C8995,6
9C8995,7
9C8996,1
9C8996,2
9C8996,3
9C8996,4
9C8996,5
9C8996,6
9C8996,7
9C8999,1
9C8999,2
9C8999,3
9C8999,4
9C8999,5
9C8999,6
9C8999,7
9C9000,1
9C9000,2
9C9000,3
9C9000,4
9C9000,5
9C9000,6
9C9000,7
CA1014,1
CA1014,2
CA1014,3
CA1014,4
CA1014,5
CA1014,6
CA1014,7
CA1082,1
CA1082,2
CA1082,3
CA1082,4
CA1082,5
CA1082,6
CA1082,7
CA1109,1
CA1109,2
CA1109,3
CA1109,4
CA1109,5
CA1109,6
CA1109,7
CA1110,1
CA1110,2
CA1110,3
CA1110,4
CA1110,5
CA1110,6
CA1110,7
CA1111,1
CA1111,2
CA1111,3
CA1111,4
CA1111,5
CA1111,6
CA1111,7
CA1112,1
CA1112,2
CA1112,3
CA1112,4
CA1112,5
CA1112,6
CA1112,7
CA1119,1
CA1119,2
CA1119,3
CA1119,4
CA1119,5
CA1119,6
CA1119,7
CA1120,1
CA1120,2
CA1120,3
CA1120,4
CA1120,5
CA1120,6
CA1120,7
CA1127,1
CA1127,2
CA1127,3
CA1127,4
CA1127,5
CA1127,6
CA1127,7
CA1128,1
CA1128,2
CA1128,3
CA1128,4
CA1128,5
CA1128,6
CA1128,7
CA1129,1
CA1129,2
CA1129,3
CA1129,4
CA1129,5
CA1129,6
CA1129,7
CA1130,1
CA1130,2
CA1130,3
CA1130,4
CA1130,5
CA1130,6
CA1130,7
CA1135,1
CA1135,2
CA1135,3
CA1135,4
CA1135,5
CA1135,6
CA1135,7
CA1136,1
CA1136,2
CA1136,3
CA1136,4
CA1136,5
CA1136,6
CA1136,7
CA1139,1
CA1139,2
CA1139,3
CA1139,4
CA1139,5
CA1139,6
CA1139,7
CA1140,1
CA1140,2
CA1140,3
CA1140,4
CA1140,5
CA1140,6
CA1140,7
CA1141,1
CA1141,2
CA1141,3
CA1141,4
CA1141,5
CA1141,6
CA1141,7
CA1142,1
CA1142,2
CA1142,3
CA1142,4
CA1142,5
CA1142,6
CA1142,7
CA1143,1
CA1143,2
CA1143,3
CA1143,4
CA1143,5
CA1143,6
CA1143,7
CA1144,1
CA1144,2
CA1144,3
CA1144,4
CA1144,5
CA1144,6
CA1144,7
CA1145,1
CA1145,2
CA1145,3
CA1145,4
CA1145,5
CA1145,6
CA1145,7
CA1146,1
CA1146,2
CA1146,3
CA1146,4
CA1146,5
CA1146,6
CA1146,7
CA1147,1
CA1147,2
CA1147,3
CA1147,4
CA1147,5
CA1147,6
CA1147,7
CA1148,1
CA1148,2
CA1148,3
CA1148,4
CA1148,5
CA1148,6
CA1148,7
CA1149,1
CA1149,2
CA1149,3
CA1149,4
CA1149,5
CA1149,6
CA1149,7
CA1150,1
CA1150,2
CA1150,3
CA1150,4
CA1150,5
CA1150,6
CA1150,7
CA1201,1
CA1201,2
CA1201,3
CA1201,4
CA1201,5
CA1201,6
CA1201,7
CA1202,1
CA1202,2
CA1202,3
CA1202,4
CA1202,5
CA1202,6
CA1202,7
CA1203,1
CA1203,2
CA1203,3
CA1203,4
CA1203,5
CA1203,6
CA1203,7
CA1204,1
CA1204,2
CA1204,3
CA1204,4
CA1204,5
CA1204,6
CA1204,7
CA1205,1
CA1205,2
CA1205,3
CA1205,4
CA1205,5
CA1205,6
CA1205,7
CA1206,1
CA1206,2
CA1206,3
CA1206,4
CA1206,5
CA1206,6
CA1206,7
CA1207,1
CA1207,2
CA1207,3
CA1207,4
CA1207,5
CA1207,6
CA1207,7
CA1208,1
CA1208,2
CA1208,3
CA1208,4
CA1208,5
CA1208,6
CA1208,7
CA1209,1
CA1209,2
CA1209,3
CA1209,4
CA1209,5
CA1209,6
CA1209,7
CA1210,1
CA1210,2
CA1210,3
CA1210,4
CA1210,5
CA1210,6
CA1210,7
CA1211,1
CA1211,2
CA1211,3
CA1211,4
CA1211,5
CA1211,6
CA1211,7
CA1212,1
CA1212,2
CA1212,3
CA1212,4
CA1212,5
CA1212,6
CA1212,7
CA1213,1
CA1213,2
CA1213,3
CA1213,4
CA1213,5
CA1213,6
CA1213,7
CA1214,1
CA1214,2
CA1214,3
CA1214,4
CA1214,5
CA1214,6
CA1214,7
CA1215,1
CA1215,2
CA1215,3
CA1215,4
CA1215,5
CA1215,6
CA1215,7
CA1216,1
CA1216,2
CA1216,3
CA1216,4
CA1216,5
CA1216,6
CA1216,7
CA1219,1
CA1219,2
CA1219,3
CA1219,4
CA1219,5
CA1219,6
CA1219,7
CA1220,1
CA1220,2
CA1220,3
CA1220,4
CA1220,5
CA1220,6
CA1220,7
CA1221,1
CA1221,2
CA1221,3
CA1221,4
CA1221,5
CA1221,6
CA1221,7
CA1222,1
CA1222,2
CA1222,3
CA1222,4
CA1222,5
CA1222,6
CA1222,7
CA1226,1
CA1226,2
CA1226,3
CA1226,4
CA1226,5
CA1226,6
CA1226,7
CA1227,1
CA1227,2
CA1227,3
CA1227,4
CA1227,5
CA1227,6
CA1227,7
CA1228,1
CA1228,2
CA1228,3
CA1228,4
CA1228,5
CA1228,6
CA1228,7
CA1229,1
CA1229,2
CA1229,3
CA1229,4
CA1229,5
CA1229,6
CA1229,7
CA1231,1
CA1231,2
CA1231,3
CA1231,4
CA1231,5
CA1231,6
CA1231,7
CA1232,1
CA1232,2
CA1232,3
CA1232,4
CA1232,5
CA1232,6
CA1232,7
CA1233,1
CA1233,2
CA1233,3
CA1233,4
CA1233,5
CA1233,6
CA1233,7
CA1234,1
CA1234,2
CA1234,3
CA1234,4
CA1234,5
CA1234,6
CA1234,7
CA1237,1
CA1237,2
CA1237,3
CA1237,4
CA1237,5
CA1237,6
CA1237,7
CA1238,1
CA1238,2
CA1238,3
CA1238,4
CA1238,5
CA1238,6
CA1238,7
CA1242,1
CA1242,2
CA1242,3
CA1242,4
CA1242,5
CA1242,6
CA1242,7
CA1245,1
CA1245,2
CA1245,3
CA1245,4
CA1245,5
CA1245,6
CA1245,7
CA1251,1
CA1251,2
CA1251,3
CA1251,4
CA1251,5
CA1251,6
CA1251,7
CA1252,1
CA1252,2
CA1252,3
CA1252,4
CA1252,5
CA1252,6
CA1252,7
CA1253,1
CA1253,2
CA1253,3
CA1253,4
CA1253,5
CA1253,6
CA1253,7
CA1254,1
CA1254,2
CA1254,3
CA1254,4
CA1254,5
CA1254,6
CA1254,7
CA1255,1
CA1255,2
CA1255,3
CA1255,4
CA1255,5
CA1255,6
CA1255,7
CA1256,1
CA1256,2
CA1256,3
CA1256,4
CA1256,5
CA1256,6
CA1256,7
CA1257,1
CA1257,2
CA1257,3
CA1257,4
CA1257,5
CA1257,6
CA1257,7
CA1258,1
CA1258,2
CA1258,3
CA1258,4
CA1258,5
CA1258,6
CA1258,7
CA1263,1
CA1263,2
CA1263,3
CA1263,4
CA1263,5
CA1263,6
CA1263,7
CA1264,1
CA1264,2
CA1264,3
CA1264,4
CA1264,5
CA1264,6
CA1264,7
CA1267,1
CA1267,2
CA1267,3
CA1267,4
CA1267,5
CA1267,6
CA1267,7
CA1268,1
CA1268,2
CA1268,3
CA1268,4
CA1268,5
CA1268,6
CA1268,7
CA1269,1
CA1269,2
CA1269,3
CA1269,4
CA1269,5
CA1269,6
CA1269,7
CA1270,1
CA1270,2
CA1270,3
CA1270,4
CA1270,5
CA1270,6
CA1270,7
CA1271,1
CA1271,2
CA1271,3
CA1271,4
CA1271,5
CA1271,6
CA1271,7
CA1272,1
CA1272,2
CA1272,3
CA1272,4
CA1272,5
CA1272,6
CA1272,7
CA1273,1
CA1273,2
CA1273,3
CA1273,4
CA1273,5
CA1273,6
CA1273,7
CA1274,1
CA1274,2
CA1274,3
CA1274,4
CA1274,5
CA1274,6
CA1274,7
CA1277,1
CA1277,2
CA1277,3
CA1277,4
CA1277,5
CA1277,6
CA1277,7
CA1278,1
CA1278,2
CA1278,3
CA1278,4
CA1278,5
CA1278,6
CA1278,7
CA1279,1
CA1279,2
CA1279,3
CA1279,4
CA1279,5
CA1279,6
CA1279,7
CA1280,1
CA1280,2
CA1280,3
CA1280,4
CA1280,5
CA1280,6
CA1280,7
CA1283,1
CA1283,2
CA1283,3
CA1283,4
CA1283,5
CA1283,6
CA1283,7
CA1284,1
CA1284,2
CA1284,3
CA1284,4
CA1284,5
CA1284,6
CA1284,7
CA1285,1
CA1285,2
CA1285,3
CA1285,4
CA1285,5
CA1285,6
CA1285,7
CA1286,1
CA1286,2
CA1286,3
CA1286,4
CA1286,5
CA1286,6
CA1286,7
CA1289,1
CA1289,2
CA1289,3
CA1289,4
CA1289,5
CA1289,6
CA1289,7
CA1290,1
CA1290,2
CA1290,3
CA1290,4
CA1290,5
CA1290,6
CA1290,7
CA1291,1
CA1291,2
CA1291,3
CA1291,4
CA1291,5
CA1291,6
CA1291,7
CA1292,1
CA1292,2
CA1292,3
CA1292,4
CA1292,5
CA1292,6
CA1292,7
CA1293,1
CA1293,2
CA1293,3
CA1293,4
CA1293,5
CA1293,6
CA1293,7
CA1295,1
CA1295,2
CA1295,3
CA1295,4
CA1295,5
CA1295,6
CA1295,7
CA1296,1
CA1296,2
CA1296,3
CA1296,4
CA1296,5
CA1296,6
CA1296,7
CA1297,1
CA1297,2
CA1297,3
CA1297,4
CA1297,5
CA1297,6
CA1297,7
CA1298,1
CA1298,2
CA1298,3
CA1298,4
CA1298,5
CA1298,6
CA1298,7
CA1299,1
CA1299,2
CA1299,3
CA1299,4
CA1299,5
CA1299,6
CA1299,7
CA1300,1
CA1300,2
CA1300,3
CA1300,4
CA1300,5
CA1300,6
CA1300,7
CA1301,1
CA1301,2
CA1301,3
CA1301,4
CA1301,5
CA1301,6
CA1301,7
CA1302,1
CA1302,2
CA1302,3
CA1302,4
CA1302,5
CA1302,6
CA1302,7
CA1303,1
CA1303,2
CA1303,3
CA1303,4
CA1303,5
CA1303,6
CA1303,7
CA1304,1
CA1304,2
CA1304,3
CA1304,4
CA1304,5
CA1304,6
CA1304,7
CA1305,1
CA1305,2
CA1305,3
CA1305,4
CA1305,5
CA1305,6
CA1305,7
CA1306,1
CA1306,2
CA1306,3
CA1306,4
CA1306,5
CA1306,6
CA1306,7
CA1307,1
CA1307,2
CA1307,3
CA1307,4
CA1307,5
CA1307,6
CA1307,7
CA1308,1
CA1308,2
CA1308,3
CA1308,4
CA1308,5
CA1308,6
CA1308,7
CA1309,1
CA1309,2
CA1309,3
CA1309,4
CA1309,5
CA1309,6
CA1309,7
CA1311,1
CA1311,2
CA1311,3
CA1311,4
CA1311,5
CA1311,6
CA1311,7
CA1312,1
CA1312,2
CA1312,3
CA1312,4
CA1312,5
CA1312,6
CA1312,7
CA1313,1
CA1313,2
CA1313,3
CA1313,4
CA1313,5
CA1313,6
CA1313,7
CA1314,1
CA1314,2
CA1314,3
CA1314,4
CA1314,5
CA1314,6
CA1314,7
CA1315,1
CA1315,2
CA1315,3
CA1315,4
CA1315,5
CA1315,6
CA1315,7
CA1316,1
CA1316,2
CA1316,3
CA1316,4
CA1316,5
CA1316,6
CA1316,7
CA1318,1
CA1318,2
CA1318,3
CA1318,4
CA1318,5
CA1318,6
CA1318,7
CA1321,1
CA1321,2
CA1321,3
CA1321,4
CA1321,5
CA1321,6
CA1321,7
CA1322,1
CA1322,2
CA1322,3
CA1322,4
CA1322,5
CA1322,6
CA1322,7
CA1323,1
CA1323,2
CA1323,3
CA1323,4
CA1323,5
CA1323,6
CA1323,7
CA1324,1
CA1324,2
CA1324,3
CA1324,4
CA1324,5
CA1324,6
CA1324,7
CA1325,1
CA1325,2
CA1325,3
CA1325,4
CA1325,5
CA1325,6
CA1325,7
CA1326,1
CA1326,2
CA1326,3
CA1326,4
CA1326,5
CA1326,6
CA1326,7
CA1328,1
CA1328,2
CA1328,3
CA1328,4
CA1328,5
CA1328,6
CA1328,7
CA1329,1
CA1329,2
CA1329,3
CA1329,4
CA1329,5
CA1329,6
CA1329,7
CA1330,1
CA1330,2
CA1330,3
CA1330,4
CA1330,5
CA1330,6
CA1330,7
CA1331,1
CA1331,2
CA1331,3
CA1331,4
CA1331,5
CA1331,6
CA1331,7
CA1332,1
CA1332,2
CA1332,3
CA1332,4
CA1332,5
CA1332,6
CA1332,7
CA1333,1
CA1333,2
CA1333,3
CA1333,4
CA1333,5
CA1333,6
CA1333,7
CA1337,1
CA1337,2
CA1337,3
CA1337,4
CA1337,5
CA1337,6
CA1337,7
CA1338,1
CA1338,2
CA1338,3
CA1338,4
CA1338,5
CA1338,6
CA1338,7
CA1339,1
CA1339,2
CA1339,3
CA1339,4
CA1339,5
CA1339,6
CA1339,7
CA1340,1
CA1340,2
CA1340,3
CA1340,4
CA1340,5
CA1340,6
CA1340,7
CA1341,1
CA1341,2
CA1341,3
CA1341,4
CA1341,5
CA1341,6
CA1341,7
CA1342,1
CA1342,2
CA1342,3
CA1342,4
CA1342,5
CA1342,6
CA1342,7
CA1343,1
CA1343,2
CA1343,3
CA1343,4
CA1343,5
CA1343,6
CA1343,7
CA1344,1
CA1344,2
CA1344,3
CA1344,4
CA1344,5
CA1344,6
CA1344,7
CA1347,1
CA1347,2
CA1347,3
CA1347,4
CA1347,5
CA1347,6
CA1347,7
CA1348,1
CA1348,2
CA1348,3
CA1348,4
CA1348,5
CA1348,6
CA1348,7
CA1349,1
CA1349,2
CA1349,3
CA1349,4
CA1349,5
CA1349,6
CA1349,7
CA1350,1
CA1350,2
CA1350,3
CA1350,4
CA1350,5
CA1350,6
CA1350,7
CA1351,1
CA1351,2
CA1351,3
CA1351,4
CA1351,5
CA1351,6
CA1351,7
CA1352,1
CA1352,2
CA1352,3
CA1352,4
CA1352,5
CA1352,6
CA1352,7
CA1358,1
CA1358,2
CA1358,3
CA1358,4
CA1358,5
CA1358,6
CA1358,7
CA1359,1
CA1359,2
CA1359,3
CA1359,4
CA1359,5
CA1359,6
CA1359,7
CA1360,1
CA1360,2
CA1360,3
CA1360,4
CA1360,5
CA1360,6
CA1360,7
CA1361,1
CA1361,2
CA1361,3
CA1361,4
CA1361,5
CA1361,6
CA1361,7
CA1362,1
CA1362,2
CA1362,3
CA1362,4
CA1362,5
CA1362,6
CA1362,7
CA1363,1
CA1363,2
CA1363,3
CA1363,4
CA1363,5
CA1363,6
CA1363,7
CA1364,1
CA1364,2
CA1364,3
CA1364,4
CA1364,5
CA1364,6
CA1364,7
CA1365,1
CA1365,2
CA1365,3
CA1365,4
CA1365,5
CA1365,6
CA1365,7
CA1366,1
CA1366,2
CA1366,3
CA1366,4
CA1366,5
CA1366,6
CA1366,7
CA1367,1
CA1367,2
CA1367,3
CA1367,4
CA1367,5
CA1367,6
CA1367,7
CA1368,1
CA1368,2
CA1368,3
CA1368,4
CA1368,5
CA1368,6
CA1368,7
CA1369,1
CA1369,2
CA1369,3
CA1369,4
CA1369,5
CA1369,6
CA1369,7
CA1370,1
CA1370,2
CA1370,3
CA1370,4
CA1370,5
CA1370,6
CA1370,7
CA1373,1
CA1373,2
CA1373,3
CA1373,4
CA1373,5
CA1373,6
CA1373,7
CA1374,1
CA1374,2
CA1374,3
CA1374,4
CA1374,5
CA1374,6
CA1374,7
CA1375,1
CA1375,2
CA1375,3
CA1375,4
CA1375,5
CA1375,6
CA1375,7
CA1376,1
CA1376,2
CA1376,3
CA1376,4
CA1376,5
CA1376,6
CA1376,7
CA1377,1
CA1377,2
CA1377,3
CA1377,4
CA1377,5
CA1377,6
CA1377,7
CA1378,1
CA1378,2
CA1378,3
CA1378,4
CA1378,5
CA1378,6
CA1378,7
CA1379,1
CA1379,2
CA1379,3
CA1379,4
CA1379,5
CA1379,6
CA1379,7
CA1380,1
CA1380,2
CA1380,3
CA1380,4
CA1380,5
CA1380,6
CA1380,7
CA1381,1
CA1381,2
CA1381,3
CA1381,4
CA1381,5
CA1381,6
CA1381,7
CA1382,1
CA1382,2
CA1382,3
CA1382,4
CA1382,5
CA1382,6
CA1382,7
CA1383,1
CA1383,2
CA1383,3
CA1383,4
CA1383,5
CA1383,6
CA1383,7
CA1384,1
CA1384,2
CA1384,3
CA1384,4
CA1384,5
CA1384,6
CA1384,7
CA1385,1
CA1385,2
CA1385,3
CA1385,4
CA1385,5
CA1385,6
CA1385,7
CA1386,1
CA1386,2
CA1386,3
CA1386,4
CA1386,5
CA1386,6
CA1386,7
CA1389,1
CA1389,2
CA1389,3
CA1389,4
CA1389,5
CA1389,6
CA1389,7
CA1390,1
CA1390,2
CA1390,3
CA1390,4
CA1390,5
CA1390,6
CA1390,7
CA1391,1
CA1391,2
CA1391,3
CA1391,4
CA1391,5
CA1391,6
CA1391,7
CA1392,1
CA1392,2
CA1392,3
CA1392,4
CA1392,5
CA1392,6
CA1392,7
CA1393,1
CA1393,2
CA1393,3
CA1393,4
CA1393,5
CA1393,6
CA1393,7
CA1394,1
CA1394,2
CA1394,3
CA1394,4
CA1394,5
CA1394,6
CA1394,7
CA1397,1
CA1397,2
CA1397,3
CA1397,4
CA1397,5
CA1397,6
CA1397,7
CA1398,1
CA1398,2
CA1398,3
CA1398,4
CA1398,5
CA1398,6
CA1398,7
CA1399,1
CA1399,2
CA1399,3
CA1399,4
CA1399,5
CA1399,6
CA1399,7
CA1400,1
CA1400,2
CA1400,3
CA1400,4
CA1400,5
CA1400,6
CA1400,7
CA1401,1
CA1401,2
CA1401,3
CA1401,4
CA1401,5
CA1401,6
CA1401,7
CA1402,1
CA1402,2
CA1402,3
CA1402,4
CA1402,5
CA1402,6
CA1402,7
CA1403,1
CA1403,2
CA1403,3
CA1403,4
CA1403,5
CA1403,6
CA1403,7
CA1404,1
CA1404,2
CA1404,3
CA1404,4
CA1404,5
CA1404,6
CA1404,7
CA1405,1
CA1405,2
CA1405,3
CA1405,4
CA1405,5
CA1405,6
CA1405,7
CA1406,1
CA1406,2
CA1406,3
CA1406,4
CA1406,5
CA1406,6
CA1406,7
CA1407,1
CA1407,2
CA1407,3
CA1407,4
CA1407,5
CA1407,6
CA1407,7
CA1408,1
CA1408,2
CA1408,3
CA1408,4
CA1408,5
CA1408,6
CA1408,7
CA1409,1
CA1409,2
CA1409,3
CA1409,4
CA1409,5
CA1409,6
CA1409,7
CA1410,1
CA1410,2
CA1410,3
CA1410,4
CA1410,5
CA1410,6
CA1410,7
CA1411,1
CA1411,2
CA1411,3
CA1411,4
CA1411,5
CA1411,6
CA1411,7
CA1412,1
CA1412,2
CA1412,3
CA1412,4
CA1412,5
CA1412,6
CA1412,7
CA1413,1
CA1413,2
CA1413,3
CA1413,4
CA1413,5
CA1413,6
CA1413,7
CA1415,1
CA1415,2
CA1415,3
CA1415,4
CA1415,5
CA1415,6
CA1415,7
CA1416,1
CA1416,2
CA1416,3
CA1416,4
CA1416,5
CA1416,6
CA1416,7
CA1417,1
CA1417,2
CA1417,3
CA1417,4
CA1417,5
CA1417,6
CA1417,7
CA1418,1
CA1418,2
CA1418,3
CA1418,4
CA1418,5
CA1418,6
CA1418,7
CA1421,1
CA1421,2
CA1421,3
CA1421,4
CA1421,5
CA1421,6
CA1421,7
CA1422,1
CA1422,2
CA1422,3
CA1422,4
CA1422,5
CA1422,6
CA1422,7
CA1423,1
CA1423,2
CA1423,3
CA1423,4
CA1423,5
CA1423,6
CA1423,7
CA1424,1
CA1424,2
CA1424,3
CA1424,4
CA1424,5
CA1424,6
CA1424,7
CA1425,1
CA1425,2
CA1425,3
CA1425,4
CA1425,5
CA1425,6
CA1425,7
CA1426,1
CA1426,2
CA1426,3
CA1426,4
CA1426,5
CA1426,6
CA1426,7
CA1429,1
CA1429,2
CA1429,3
CA1429,4
CA1429,5
CA1429,6
CA1429,7
CA1430,1
CA1430,2
CA1430,3
CA1430,4
CA1430,5
CA1430,6
CA1430,7
CA1433,1
CA1433,2
CA1433,3
CA1433,4
CA1433,5
CA1433,6
CA1433,7
CA1434,1
CA1434,2
CA1434,3
CA1434,4
CA1434,5
CA1434,6
CA1434,7
CA1435,1
CA1435,2
CA1435,3
CA1435,4
CA1435,5
CA1435,6
CA1435,7
CA1436,1
CA1436,2
CA1436,3
CA1436,4
CA1436,5
CA1436,6
CA1436,7
CA1437,1
CA1437,2
CA1437,3
CA1437,4
CA1437,5
CA1437,6
CA1437,7
CA1438,1
CA1438,2
CA1438,3
CA1438,4
CA1438,5
CA1438,6
CA1438,7
CA1439,1
CA1439,2
CA1439,3
CA1439,4
CA1439,5
CA1439,6
CA1439,7
CA1441,1
CA1441,2
CA1441,3
CA1441,4
CA1441,5
CA1441,6
CA1441,7
CA1442,1
CA1442,2
CA1442,3
CA1442,4
CA1442,5
CA1442,6
CA1442,7
CA1445,1
CA1445,2
CA1445,3
CA1445,4
CA1445,5
CA1445,6
CA1445,7
CA1446,1
CA1446,2
CA1446,3
CA1446,4
CA1446,5
CA1446,6
CA1446,7
CA1447,1
CA1447,2
CA1447,3
CA1447,4
CA1447,5
CA1447,6
CA1447,7
CA1448,1
CA1448,2
CA1448,3
CA1448,4
CA1448,5
CA1448,6
CA1448,7
CA1449,1
CA1449,2
CA1449,3
CA1449,4
CA1449,5
CA1449,6
CA1449,7
CA1450,1
CA1450,2
CA1450,3
CA1450,4
CA1450,5
CA1450,6
CA1450,7
CA1453,1
CA1453,2
CA1453,3
CA1453,4
CA1453,5
CA1453,6
CA1453,7
CA1454,1
CA1454,2
CA1454,3
CA1454,4
CA1454,5
CA1454,6
CA1454,7
CA1455,1
CA1455,2
CA1455,3
CA1455,4
CA1455,5
CA1455,6
CA1455,7
CA1457,1
CA1457,2
CA1457,3
CA1457,4
CA1457,5
CA1457,6
CA1457,7
CA1458,1
CA1458,2
CA1458,3
CA1458,4
CA1458,5
CA1458,6
CA1458,7
CA1459,1
CA1459,2
CA1459,3
CA1459,4
CA1459,5
CA1459,6
CA1459,7
CA1460,1
CA1460,2
CA1460,3
CA1460,4
CA1460,5
CA1460,6
CA1460,7
CA1461,1
CA1461,2
CA1461,3
CA1461,4
CA1461,5
CA1461,6
CA1461,7
CA1462,1
CA1462,2
CA1462,3
CA1462,4
CA1462,5
CA1462,6
CA1462,7
CA1463,1
CA1463,2
CA1463,3
CA1463,4
CA1463,5
CA1463,6
CA1463,7
CA1469,1
CA1469,2
CA1469,3
CA1469,4
CA1469,5
CA1469,6
CA1469,7
CA1470,1
CA1470,2
CA1470,3
CA1470,4
CA1470,5
CA1470,6
CA1470,7
CA1475,1
CA1475,2
CA1475,3
CA1475,4
CA1475,5
CA1475,6
CA1475,7
CA1476,1
CA1476,2
CA1476,3
CA1476,4
CA1476,5
CA1476,6
CA1476,7
CA1483,1
CA1483,2
CA1483,3
CA1483,4
CA1483,5
CA1483,6
CA1483,7
CA1484,1
CA1484,2
CA1484,3
CA1484,4
CA1484,5
CA1484,6
CA1484,7
CA1485,1
CA1485,2
CA1485,3
CA1485,4
CA1485,5
CA1485,6
CA1485,7
CA1486,1
CA1486,2
CA1486,3
CA1486,4
CA1486,5
CA1486,6
CA1486,7
CA1491,1
CA1491,2
CA1491,3
CA1491,4
CA1491,5
CA1491,6
CA1491,7
CA1492,1
CA1492,2
CA1492,3
CA1492,4
CA1492,5
CA1492,6
CA1492,7
CA1495,1
CA1495,2
CA1495,3
CA1495,4
CA1495,5
CA1495,6
CA1495,7
CA1496,1
CA1496,2
CA1496,3
CA1496,4
CA1496,5
CA1496,6
CA1496,7
CA1497,1
CA1497,2
CA1497,3
CA1497,4
CA1497,5
CA1497,6
CA1497,7
CA1498,1
CA1498,2
CA1498,3
CA1498,4
CA1498,5
CA1498,6
CA1498,7
CA1499,1
CA1499,2
CA1499,3
CA1499,4
CA1499,5
CA1499,6
CA1499,7
CA1500,1
CA1500,2
CA1500,3
CA1500,4
CA1500,5
CA1500,6
CA1500,7
CA1501,1
CA1501,2
CA1501,3
CA1501,4
CA1501,5
CA1501,6
CA1501,7
CA1502,1
CA1502,2
CA1502,3
CA1502,4
CA1502,5
CA1502,6
CA1502,7
CA1505,1
CA1505,2
CA1505,3
CA1505,4
CA1505,5
CA1505,6
CA1505,7
CA1506,1
CA1506,2
CA1506,3
CA1506,4
CA1506,5
CA1506,6
CA1506,7
CA1507,1
CA1507,2
CA1507,3
CA1507,4
CA1507,5
CA1507,6
CA1507,7
CA1508,1
CA1508,2
CA1508,3
CA1508,4
CA1508,5
CA1508,6
CA1508,7
CA1509,1
CA1509,2
CA1509,3
CA1509,4
CA1509,5
CA1509,6
CA1509,7
CA1510,1
CA1510,2
CA1510,3
CA1510,4
CA1510,5
CA1510,6
CA1510,7
CA1511,1
CA1511,2
CA1511,3
CA1511,4
CA1511,5
CA1511,6
CA1511,7
CA1512,1
CA1512,2
CA1512,3
CA1512,4
CA1512,5
CA1512,6
CA1512,7
CA1513,1
CA1513,2
CA1513,3
CA1513,4
CA1513,5
CA1513,6
CA1513,7
CA1514,1
CA1514,2
CA1514,3
CA1514,4
CA1514,5
CA1514,6
CA1514,7
CA1515,1
CA1515,2
CA1515,3
CA1515,4
CA1515,5
CA1515,6
CA1515,7
CA1516,1
CA1516,2
CA1516,3
CA1516,4
CA1516,5
CA1516,6
CA1516,7
CA1517,1
CA1517,2
CA1517,3
CA1517,4
CA1517,5
CA1517,6
CA1517,7
CA1518,1
CA1518,2
CA1518,3
CA1518,4
CA1518,5
CA1518,6
CA1518,7
CA1519,1
CA1519,2
CA1519,3
CA1519,4
CA1519,5
CA1519,6
CA1519,7
CA1520,1
CA1520,2
CA1520,3
CA1520,4
CA1520,5
CA1520,6
CA1520,7
CA1521,1
CA1521,2
CA1521,3
CA1521,4
CA1521,5
CA1521,6
CA1521,7
CA1522,1
CA1522,2
CA1522,3
CA1522,4
CA1522,5
CA1522,6
CA1522,7
CA1523,1
CA1523,2
CA1523,3
CA1523,4
CA1523,5
CA1523,6
CA1523,7
CA1524,1
CA1524,2
CA1524,3
CA1524,4
CA1524,5
CA1524,6
CA1524,7
CA1525,1
CA1525,2
CA1525,3
CA1525,4
CA1525,5
CA1525,6
CA1525,7
CA1532,1
CA1532,2
CA1532,3
CA1532,4
CA1532,5
CA1532,6
CA1532,7
CA1533,1
CA1533,2
CA1533,3
CA1533,4
CA1533,5
CA1533,6
CA1533,7
CA1534,1
CA1534,2
CA1534,3
CA1534,4
CA1534,5
CA1534,6
CA1534,7
CA1537,1
CA1537,2
CA1537,3
CA1537,4
CA1537,5
CA1537,6
CA1537,7
CA1538,1
CA1538,2
CA1538,3
CA1538,4
CA1538,5
CA1538,6
CA1538,7
CA1539,1
CA1539,2
CA1539,3
CA1539,4
CA1539,5
CA1539,6
CA1539,7
CA1540,1
CA1540,2
CA1540,3
CA1540,4
CA1540,5
CA1540,6
CA1540,7
CA1541,1
CA1541,2
CA1541,3
CA1541,4
CA1541,5
CA1541,6
CA1541,7
CA1542,1
CA1542,2
CA1542,3
CA1542,4
CA1542,5
CA1542,6
CA1542,7
CA1543,1
CA1543,2
CA1543,3
CA1543,4
CA1543,5
CA1543,6
CA1543,7
CA1544,1
CA1544,2
CA1544,3
CA1544,4
CA1544,5
CA1544,6
CA1544,7
CA1545,1
CA1545,2
CA1545,3
CA1545,4
CA1545,5
CA1545,6
CA1545,7
CA1546,1
CA1546,2
CA1546,3
CA1546,4
CA1546,5
CA1546,6
CA1546,7
CA1549,1
CA1549,2
CA1549,3
CA1549,4
CA1549,5
CA1549,6
CA1549,7
CA1550,1
CA1550,2
CA1550,3
CA1550,4
CA1550,5
CA1550,6
CA1550,7
CA1553,1
CA1553,2
CA1553,3
CA1553,4
CA1553,5
CA1553,6
CA1553,7
CA1554,1
CA1554,2
CA1554,3
CA1554,4
CA1554,5
CA1554,6
CA1554,7
CA1557,1
CA1557,2
CA1557,3
CA1557,4
CA1557,5
CA1557,6
CA1557,7
CA1558,1
CA1558,2
CA1558,3
CA1558,4
CA1558,5
CA1558,6
CA1558,7
CA1559,1
CA1559,2
CA1559,3
CA1559,4
CA1559,5
CA1559,6
CA1559,7
CA1560,1
CA1560,2
CA1560,3
CA1560,4
CA1560,5
CA1560,6
CA1560,7
CA1561,1
CA1561,2
CA1561,3
CA1561,4
CA1561,5
CA1561,6
CA1561,7
CA1562,1
CA1562,2
CA1562,3
CA1562,4
CA1562,5
CA1562,6
CA1562,7
CA1563,1
CA1563,2
CA1563,3
CA1563,4
CA1563,5
CA1563,6
CA1563,7
CA1564,1
CA1564,2
CA1564,3
CA1564,4
CA1564,5
CA1564,6
CA1564,7
CA1565,1
CA1565,2
CA1565,3
CA1565,4
CA1565,5
CA1565,6
CA1565,7
CA1566,1
CA1566,2
CA1566,3
CA1566,4
CA1566,5
CA1566,6
CA1566,7
CA1567,1
CA1567,2
CA1567,3
CA1567,4
CA1567,5
CA1567,6
CA1567,7
CA1568,1
CA1568,2
CA1568,3
CA1568,4
CA1568,5
CA1568,6
CA1568,7
CA1571,1
CA1571,2
CA1571,3
CA1571,4
CA1571,5
CA1571,6
CA1571,7
CA1572,1
CA1572,2
CA1572,3
CA1572,4
CA1572,5
CA1572,6
CA1572,7
CA1574,1
CA1574,2
CA1574,3
CA1574,4
CA1574,5
CA1574,6
CA1574,7
CA1575,1
CA1575,2
CA1575,3
CA1575,4
CA1575,5
CA1575,6
CA1575,7
CA1576,1
CA1576,2
CA1576,3
CA1576,4
CA1576,5
CA1576,6
CA1576,7
CA1577,1
CA1577,2
CA1577,3
CA1577,4
CA1577,5
CA1577,6
CA1577,7
CA1578,1
CA1578,2
CA1578,3
CA1578,4
CA1578,5
CA1578,6
CA1578,7
CA1581,1
CA1581,2
CA1581,3
CA1581,4
CA1581,5
CA1581,6
CA1581,7
CA1587,1
CA1587,2
CA1587,3
CA1587,4
CA1587,5
CA1587,6
CA1587,7
CA1588,1
CA1588,2
CA1588,3
CA1588,4
CA1588,5
CA1588,6
CA1588,7
CA1589,1
CA1589,2
CA1589,3
CA1589,4
CA1589,5
CA1589,6
CA1589,7
CA1590,1
CA1590,2
CA1590,3
CA1590,4
CA1590,5
CA1590,6
CA1590,7
CA1591,1
CA1591,2
CA1591,3
CA1591,4
CA1591,5
CA1591,6
CA1591,7
CA1592,1
CA1592,2
CA1592,3
CA1592,4
CA1592,5
CA1592,6
CA1592,7
CA1593,1
CA1593,2
CA1593,3
CA1593,4
CA1593,5
CA1593,6
CA1593,7
CA1594,1
CA1594,2
CA1594,3
CA1594,4
CA1594,5
CA1594,6
CA1594,7
CA1597,1
CA1597,2
CA1597,3
CA1597,4
CA1597,5
CA1597,6
CA1597,7
CA1598,1
CA1598,2
CA1598,3
CA1598,4
CA1598,5
CA1598,6
CA1598,7
CA1601,1
CA1601,2
CA1601,3
CA1601,4
CA1601,5
CA1601,6
CA1601,7
CA1602,1
CA1602,2
CA1602,3
CA1602,4
CA1602,5
CA1602,6
CA1602,7
CA1603,1
CA1603,2
CA1603,3
CA1603,4
CA1603,5
CA1603,6
CA1603,7
CA1604,1
CA1604,2
CA1604,3
CA1604,4
CA1604,5
CA1604,6
CA1604,7
CA1605,1
CA1605,2
CA1605,3
CA1605,4
CA1605,5
CA1605,6
CA1605,7
CA1606,1
CA1606,2
CA1606,3
CA1606,4
CA1606,5
CA1606,6
CA1606,7
CA1607,1
CA1607,2
CA1607,3
CA1607,4
CA1607,5
CA1607,6
CA1607,7
CA1608,1
CA1608,2
CA1608,3
CA1608,4
CA1608,5
CA1608,6
CA1608,7
CA1609,1
CA1609,2
CA1609,3
CA1609,4
CA1609,5
CA1609,6
CA1609,7
CA1610,1
CA1610,2
CA1610,3
CA1610,4
CA1610,5
CA1610,6
CA1610,7
CA1611,1
CA1611,2
CA1611,3
CA1611,4
CA1611,5
CA1611,6
CA1611,7
CA1612,1
CA1612,2
CA1612,3
CA1612,4
CA1612,5
CA1612,6
CA1612,7
CA1615,1
CA1615,2
CA1615,3
CA1615,4
CA1615,5
CA1615,6
CA1615,7
CA1616,1
CA1616,2
CA1616,3
CA1616,4
CA1616,5
CA1616,6
CA1616,7
CA1621,1
CA1621,2
CA1621,3
CA1621,4
CA1621,5
CA1621,6
CA1621,7
CA1623,1
CA1623,2
CA1623,3
CA1623,4
CA1623,5
CA1623,6
CA1623,7
CA1624,1
CA1624,2
CA1624,3
CA1624,4
CA1624,5
CA1624,6
CA1624,7
CA1627,1
CA1627,2
CA1627,3
CA1627,4
CA1627,5
CA1627,6
CA1627,7
CA1628,1
CA1628,2
CA1628,3
CA1628,4
CA1628,5
CA1628,6
CA1628,7
CA1635,1
CA1635,2
CA1635,3
CA1635,4
CA1635,5
CA1635,6
CA1635,7
CA1636,1
CA1636,2
CA1636,3
CA1636,4
CA1636,5
CA1636,6
CA1636,7
CA1639,1
CA1639,2
CA1639,3
CA1639,4
CA1639,5
CA1639,6
CA1639,7
CA1640,1
CA1640,2
CA1640,3
CA1640,4
CA1640,5
CA1640,6
CA1640,7
CA1641,1
CA1641,2
CA1641,3
CA1641,4
CA1641,5
CA1641,6
CA1641,7
CA1642,1
CA1642,2
CA1642,3
CA1642,4
CA1642,5
CA1642,6
CA1642,7
CA1643,1
CA1643,2
CA1643,3
CA1643,4
CA1643,5
CA1643,6
CA1643,7
CA1644,1
CA1644,2
CA1644,3
CA1644,4
CA1644,5
CA1644,6
CA1644,7
CA1647,1
CA1647,2
CA1647,3
CA1647,4
CA1647,5
CA1647,6
CA1647,7
CA1648,1
CA1648,2
CA1648,3
CA1648,4
CA1648,5
CA1648,6
CA1648,7
CA1649,1
CA1649,2
CA1649,3
CA1649,4
CA1649,5
CA1649,6
CA1649,7
CA1650,1
CA1650,2
CA1650,3
CA1650,4
CA1650,5
CA1650,6
CA1650,7
CA1651,1
CA1651,2
CA1651,3
CA1651,4
CA1651,5
CA1651,6
CA1651,7
CA1652,1
CA1652,2
CA1652,3
CA1652,4
CA1652,5
CA1652,6
CA1652,7
CA1687,1
CA1687,2
CA1687,3
CA1687,4
CA1687,5
CA1687,6
CA1687,7
CA1688,1
CA1688,2
CA1688,3
CA1688,4
CA1688,5
CA1688,6
CA1688,7
CA1690,1
CA1690,2
CA1690,3
CA1690,4
CA1690,5
CA1690,6
CA1690,7
CA1691,1
CA1691,2
CA1691,3
CA1691,4
CA1691,5
CA1691,6
CA1691,7
CA1692,1
CA1692,2
CA1692,3
CA1692,4
CA1692,5
CA1692,6
CA1692,7
CA1697,1
CA1697,2
CA1697,3
CA1697,4
CA1697,5
CA1697,6
CA1697,7
CA1698,1
CA1698,2
CA1698,3
CA1698,4
CA1698,5
CA1698,6
CA1698,7
CA1701,1
CA1701,2
CA1701,3
CA1701,4
CA1701,5
CA1701,6
CA1701,7
CA1703,1
CA1703,2
CA1703,3
CA1703,4
CA1703,5
CA1703,6
CA1703,7
CA1704,1
CA1704,2
CA1704,3
CA1704,4
CA1704,5
CA1704,6
CA1704,7
CA1705,1
CA1705,2
CA1705,3
CA1705,4
CA1705,5
CA1705,6
CA1705,7
CA1706,1
CA1706,2
CA1706,3
CA1706,4
CA1706,5
CA1706,6
CA1706,7
CA1707,1
CA1707,2
CA1707,3
CA1707,4
CA1707,5
CA1707,6
CA1707,7
CA1708,1
CA1708,2
CA1708,3
CA1708,4
CA1708,5
CA1708,6
CA1708,7
CA1709,1
CA1709,2
CA1709,3
CA1709,4
CA1709,5
CA1709,6
CA1709,7
CA1710,1
CA1710,2
CA1710,3
CA1710,4
CA1710,5
CA1710,6
CA1710,7
CA1711,1
CA1711,2
CA1711,3
CA1711,4
CA1711,5
CA1711,6
CA1711,7
CA1712,1
CA1712,2
CA1712,3
CA1712,4
CA1712,5
CA1712,6
CA1712,7
CA1713,1
CA1713,2
CA1713,3
CA1713,4
CA1713,5
CA1713,6
CA1713,7
CA1714,1
CA1714,2
CA1714,3
CA1714,4
CA1714,5
CA1714,6
CA1714,7
CA1715,1
CA1715,2
CA1715,3
CA1715,4
CA1715,5
CA1715,6
CA1715,7
CA1716,1
CA1716,2
CA1716,3
CA1716,4
CA1716,5
CA1716,6
CA1716,7
CA1717,1
CA1717,2
CA1717,3
CA1717,4
CA1717,5
CA1717,6
CA1717,7
CA1718,1
CA1718,2
CA1718,3
CA1718,4
CA1718,5
CA1718,6
CA1718,7
CA1719,1
CA1719,2
CA1719,3
CA1719,4
CA1719,5
CA1719,6
CA1719,7
CA1720,1
CA1720,2
CA1720,3
CA1720,4
CA1720,5
CA1720,6
CA1720,7
CA1721,1
CA1721,2
CA1721,3
CA1721,4
CA1721,5
CA1721,6
CA1721,7
CA1722,1
CA1722,2
CA1722,3
CA1722,4
CA1722,5
CA1722,6
CA1722,7
CA1723,1
CA1723,2
CA1723,3
CA1723,4
CA1723,5
CA1723,6
CA1723,7
CA1724,1
CA1724,2
CA1724,3
CA1724,4
CA1724,5
CA1724,6
CA1724,7
CA1725,1
CA1725,2
CA1725,3
CA1725,4
CA1725,5
CA1725,6
CA1725,7
CA1726,1
CA1726,2
CA1726,3
CA1726,4
CA1726,5
CA1726,6
CA1726,7
CA1727,1
CA1727,2
CA1727,3
CA1727,4
CA1727,5
CA1727,6
CA1727,7
CA1729,1
CA1729,2
CA1729,3
CA1729,4
CA1729,5
CA1729,6
CA1729,7
CA1730,1
CA1730,2
CA1730,3
CA1730,4
CA1730,5
CA1730,6
CA1730,7
CA1732,1
CA1732,2
CA1732,3
CA1732,4
CA1732,5
CA1732,6
CA1732,7
CA1733,1
CA1733,2
CA1733,3
CA1733,4
CA1733,5
CA1733,6
CA1733,7
CA1734,1
CA1734,2
CA1734,3
CA1734,4
CA1734,5
CA1734,6
CA1734,7
CA1735,1
CA1735,2
CA1735,3
CA1735,4
CA1735,5
CA1735,6
CA1735,7
CA1736,1
CA1736,2
CA1736,3
CA1736,4
CA1736,5
CA1736,6
CA1736,7
CA1737,1
CA1737,2
CA1737,3
CA1737,4
CA1737,5
CA1737,6
CA1737,7
CA1738,1
CA1738,2
CA1738,3
CA1738,4
CA1738,5
CA1738,6
CA1738,7
CA1739,1
CA1739,2
CA1739,3
CA1739,4
CA1739,5
CA1739,6
CA1739,7
CA1740,1
CA1740,2
CA1740,3
CA1740,4
CA1740,5
CA1740,6
CA1740,7
CA1741,1
CA1741,2
CA1741,3
CA1741,4
CA1741,5
CA1741,6
CA1741,7
CA1742,1
CA1742,2
CA1742,3
CA1742,4
CA1742,5
CA1742,6
CA1742,7
CA1743,1
CA1743,2
CA1743,3
CA1743,4
CA1743,5
CA1743,6
CA1743,7
CA1744,1
CA1744,2
CA1744,3
CA1744,4
CA1744,5
CA1744,6
CA1744,7
CA1745,1
CA1745,2
CA1745,3
CA1745,4
CA1745,5
CA1745,6
CA1745,7
CA1746,1
CA1746,2
CA1746,3
CA1746,4
CA1746,5
CA1746,6
CA1746,7
CA1747,1
CA1747,2
CA1747,3
CA1747,4
CA1747,5
CA1747,6
CA1747,7
CA1748,1
CA1748,2
CA1748,3
CA1748,4
CA1748,5
CA1748,6
CA1748,7
CA1749,1
CA1749,2
CA1749,3
CA1749,4
CA1749,5
CA1749,6
CA1749,7
CA1750,1
CA1750,2
CA1750,3
CA1750,4
CA1750,5
CA1750,6
CA1750,7
CA1751,1
CA1751,2
CA1751,3
CA1751,4
CA1751,5
CA1751,6
CA1751,7
CA1752,1
CA1752,2
CA1752,3
CA1752,4
CA1752,5
CA1752,6
CA1752,7
CA1753,1
CA1753,2
CA1753,3
CA1753,4
CA1753,5
CA1753,6
CA1753,7
CA1754,1
CA1754,2
CA1754,3
CA1754,4
CA1754,5
CA1754,6
CA1754,7
CA1759,1
CA1759,2
CA1759,3
CA1759,4
CA1759,5
CA1759,6
CA1759,7
CA1760,1
CA1760,2
CA1760,3
CA1760,4
CA1760,5
CA1760,6
CA1760,7
CA1761,1
CA1761,2
CA1761,3
CA1761,4
CA1761,5
CA1761,6
CA1761,7
CA1762,1
CA1762,2
CA1762,3
CA1762,4
CA1762,5
CA1762,6
CA1762,7
CA1771,1
CA1771,2
CA1771,3
CA1771,4
CA1771,5
CA1771,6
CA1771,7
CA1772,1
CA1772,2
CA1772,3
CA1772,4
CA1772,5
CA1772,6
CA1772,7
CA1773,1
CA1773,2
CA1773,3
CA1773,4
CA1773,5
CA1773,6
CA1773,7
CA1774,1
CA1774,2
CA1774,3
CA1774,4
CA1774,5
CA1774,6
CA1774,7
CA1779,1
CA1779,2
CA1779,3
CA1779,4
CA1779,5
CA1779,6
CA1779,7
CA1780,1
CA1780,2
CA1780,3
CA1780,4
CA1780,5
CA1780,6
CA1780,7
CA1781,1
CA1781,2
CA1781,3
CA1781,4
CA1781,5
CA1781,6
CA1781,7
CA1782,1
CA1782,2
CA1782,3
CA1782,4
CA1782,5
CA1782,6
CA1782,7
CA1783,1
CA1783,2
CA1783,3
CA1783,4
CA1783,5
CA1783,6
CA1783,7
CA1784,1
CA1784,2
CA1784,3
CA1784,4
CA1784,5
CA1784,6
CA1784,7
CA1787,1
CA1787,2
CA1787,3
CA1787,4
CA1787,5
CA1787,6
CA1787,7
CA1788,1
CA1788,2
CA1788,3
CA1788,4
CA1788,5
CA1788,6
CA1788,7
CA1789,1
CA1789,2
CA1789,3
CA1789,4
CA1789,5
CA1789,6
CA1789,7
CA1790,1
CA1790,2
CA1790,3
CA1790,4
CA1790,5
CA1790,6
CA1790,7
CA1793,1
CA1793,2
CA1793,3
CA1793,4
CA1793,5
CA1793,6
CA1793,7
CA1794,1
CA1794,2
CA1794,3
CA1794,4
CA1794,5
CA1794,6
CA1794,7
CA1795,1
CA1795,2
CA1795,3
CA1795,4
CA1795,5
CA1795,6
CA1795,7
CA1796,1
CA1796,2
CA1796,3
CA1796,4
CA1796,5
CA1796,6
CA1796,7
CA1797,1
CA1797,2
CA1797,3
CA1797,4
CA1797,5
CA1797,6
CA1797,7
CA1798,1
CA1798,2
CA1798,3
CA1798,4
CA1798,5
CA1798,6
CA1798,7
CA1801,1
CA1801,2
CA1801,3
CA1801,4
CA1801,5
CA1801,6
CA1801,7
CA1802,1
CA1802,2
CA1802,3
CA1802,4
CA1802,5
CA1802,6
CA1802,7
CA1805,1
CA1805,2
CA1805,3
CA1805,4
CA1805,5
CA1805,6
CA1805,7
CA1807,1
CA1807,2
CA1807,3
CA1807,4
CA1807,5
CA1807,6
CA1807,7
CA1808,1
CA1808,2
CA1808,3
CA1808,4
CA1808,5
CA1808,6
CA1808,7
CA1809,1
CA1809,2
CA1809,3
CA1809,4
CA1809,5
CA1809,6
CA1809,7
CA1810,1
CA1810,2
CA1810,3
CA1810,4
CA1810,5
CA1810,6
CA1810,7
CA1811,1
CA1811,2
CA1811,3
CA1811,4
CA1811,5
CA1811,6
CA1811,7
CA1813,1
CA1813,2
CA1813,3
CA1813,4
CA1813,5
CA1813,6
CA1813,7
CA1814,1
CA1814,2
CA1814,3
CA1814,4
CA1814,5
CA1814,6
CA1814,7
CA1815,1
CA1815,2
CA1815,3
CA1815,4
CA1815,5
CA1815,6
CA1815,7
CA1817,1
CA1817,2
CA1817,3
CA1817,4
CA1817,5
CA1817,6
CA1817,7
CA1818,1
CA1818,2
CA1818,3
CA1818,4
CA1818,5
CA1818,6
CA1818,7
CA1819,1
CA1819,2
CA1819,3
CA1819,4
CA1819,5
CA1819,6
CA1819,7
CA1820,1
CA1820,2
CA1820,3
CA1820,4
CA1820,5
CA1820,6
CA1820,7
CA1829,1
CA1829,2
CA1829,3
CA1829,4
CA1829,5
CA1829,6
CA1829,7
CA1830,1
CA1830,2
CA1830,3
CA1830,4
CA1830,5
CA1830,6
CA1830,7
CA1831,1
CA1831,2
CA1831,3
CA1831,4
CA1831,5
CA1831,6
CA1831,7
CA1832,1
CA1832,2
CA1832,3
CA1832,4
CA1832,5
CA1832,6
CA1832,7
CA1833,1
CA1833,2
CA1833,3
CA1833,4
CA1833,5
CA1833,6
CA1833,7
CA1834,1
CA1834,2
CA1834,3
CA1834,4
CA1834,5
CA1834,6
CA1834,7
CA1837,1
CA1837,2
CA1837,3
CA1837,4
CA1837,5
CA1837,6
CA1837,7
CA1838,1
CA1838,2
CA1838,3
CA1838,4
CA1838,5
CA1838,6
CA1838,7
CA1841,1
CA1841,2
CA1841,3
CA1841,4
CA1841,5
CA1841,6
CA1841,7
CA1842,1
CA1842,2
CA1842,3
CA1842,4
CA1842,5
CA1842,6
CA1842,7
CA1843,1
CA1843,2
CA1843,3
CA1843,4
CA1843,5
CA1843,6
CA1843,7
CA1844,1
CA1844,2
CA1844,3
CA1844,4
CA1844,5
CA1844,6
CA1844,7
CA1845,1
CA1845,2
CA1845,3
CA1845,4
CA1845,5
CA1845,6
CA1845,7
CA1848,1
CA1848,2
CA1848,3
CA1848,4
CA1848,5
CA1848,6
CA1848,7
CA1851,1
CA1851,2
CA1851,3
CA1851,4
CA1851,5
CA1851,6
CA1851,7
CA1852,1
CA1852,2
CA1852,3
CA1852,4
CA1852,5
CA1852,6
CA1852,7
CA1853,1
CA1853,2
CA1853,3
CA1853,4
CA1853,5
CA1853,6
CA1853,7
CA1854,1
CA1854,2
CA1854,3
CA1854,4
CA1854,5
CA1854,6
CA1854,7
CA1859,1
CA1859,2
CA1859,3
CA1859,4
CA1859,5
CA1859,6
CA1859,7
CA1865,1
CA1865,2
CA1865,3
CA1865,4
CA1865,5
CA1865,6
CA1865,7
CA1866,1
CA1866,2
CA1866,3
CA1866,4
CA1866,5
CA1866,6
CA1866,7
CA1867,1
CA1867,2
CA1867,3
CA1867,4
CA1867,5
CA1867,6
CA1867,7
CA1868,1
CA1868,2
CA1868,3
CA1868,4
CA1868,5
CA1868,6
CA1868,7
CA1871,1
CA1871,2
CA1871,3
CA1871,4
CA1871,5
CA1871,6
CA1871,7
CA1872,1
CA1872,2
CA1872,3
CA1872,4
CA1872,5
CA1872,6
CA1872,7
CA1873,1
CA1873,2
CA1873,3
CA1873,4
CA1873,5
CA1873,6
CA1873,7
CA1874,1
CA1874,2
CA1874,3
CA1874,4
CA1874,5
CA1874,6
CA1874,7
CA1879,1
CA1879,2
CA1879,3
CA1879,4
CA1879,5
CA1879,6
CA1879,7
CA1880,1
CA1880,2
CA1880,3
CA1880,4
CA1880,5
CA1880,6
CA1880,7
CA1881,1
CA1881,2
CA1881,3
CA1881,4
CA1881,5
CA1881,6
CA1881,7
CA1883,1
CA1883,2
CA1883,3
CA1883,4
CA1883,5
CA1883,6
CA1883,7
CA1884,1
CA1884,2
CA1884,3
CA1884,4
CA1884,5
CA1884,6
CA1884,7
CA1885,1
CA1885,2
CA1885,3
CA1885,4
CA1885,5
CA1885,6
CA1885,7
CA1886,1
CA1886,2
CA1886,3
CA1886,4
CA1886,5
CA1886,6
CA1886,7
CA1887,1
CA1887,2
CA1887,3
CA1887,4
CA1887,5
CA1887,6
CA1887,7
CA1888,1
CA1888,2
CA1888,3
CA1888,4
CA1888,5
CA1888,6
CA1888,7
CA1891,1
CA1891,2
CA1891,3
CA1891,4
CA1891,5
CA1891,6
CA1891,7
CA1892,1
CA1892,2
CA1892,3
CA1892,4
CA1892,5
CA1892,6
CA1892,7
CA1893,1
CA1893,2
CA1893,3
CA1893,4
CA1893,5
CA1893,6
CA1893,7
CA1894,1
CA1894,2
CA1894,3
CA1894,4
CA1894,5
CA1894,6
CA1894,7
CA1895,1
CA1895,2
CA1895,3
CA1895,4
CA1895,5
CA1895,6
CA1895,7
CA1896,1
CA1896,2
CA1896,3
CA1896,4
CA1896,5
CA1896,6
CA1896,7
CA1897,1
CA1897,2
CA1897,3
CA1897,4
CA1897,5
CA1897,6
CA1897,7
CA1898,1
CA1898,2
CA1898,3
CA1898,4
CA1898,5
CA1898,6
CA1898,7
CA1899,1
CA1899,2
CA1899,3
CA1899,4
CA1899,5
CA1899,6
CA1899,7
CA1900,1
CA1900,2
CA1900,3
CA1900,4
CA1900,5
CA1900,6
CA1900,7
CA1901,1
CA1901,2
CA1901,3
CA1901,4
CA1901,5
CA1901,6
CA1901,7
CA1902,1
CA1902,2
CA1902,3
CA1902,4
CA1902,5
CA1902,6
CA1902,7
CA1905,1
CA1905,2
CA1905,3
CA1905,4
CA1905,5
CA1905,6
CA1905,7
CA1906,1
CA1906,2
CA1906,3
CA1906,4
CA1906,5
CA1906,6
CA1906,7
CA1907,1
CA1907,2
CA1907,3
CA1907,4
CA1907,5
CA1907,6
CA1907,7
CA1908,1
CA1908,2
CA1908,3
CA1908,4
CA1908,5
CA1908,6
CA1908,7
CA1911,1
CA1911,2
CA1911,3
CA1911,4
CA1911,5
CA1911,6
CA1911,7
CA1913,1
CA1913,2
CA1913,3
CA1913,4
CA1913,5
CA1913,6
CA1913,7
CA1914,1
CA1914,2
CA1914,3
CA1914,4
CA1914,5
CA1914,6
CA1914,7
CA1915,1
CA1915,2
CA1915,3
CA1915,4
CA1915,5
CA1915,6
CA1915,7
CA1916,1
CA1916,2
CA1916,3
CA1916,4
CA1916,5
CA1916,6
CA1916,7
CA1917,1
CA1917,2
CA1917,3
CA1917,4
CA1917,5
CA1917,6
CA1917,7
CA1918,1
CA1918,2
CA1918,3
CA1918,4
CA1918,5
CA1918,6
CA1918,7
CA1919,1
CA1919,2
CA1919,3
CA1919,4
CA1919,5
CA1919,6
CA1919,7
CA1920,1
CA1920,2
CA1920,3
CA1920,4
CA1920,5
CA1920,6
CA1920,7
CA1921,1
CA1921,2
CA1921,3
CA1921,4
CA1921,5
CA1921,6
CA1921,7
CA1923,1
CA1923,2
CA1923,3
CA1923,4
CA1923,5
CA1923,6
CA1923,7
CA1925,1
CA1925,2
CA1925,3
CA1925,4
CA1925,5
CA1925,6
CA1925,7
CA1926,1
CA1926,2
CA1926,3
CA1926,4
CA1926,5
CA1926,6
CA1926,7
CA1927,1
CA1927,2
CA1927,3
CA1927,4
CA1927,5
CA1927,6
CA1927,7
CA1929,1
CA1929,2
CA1929,3
CA1929,4
CA1929,5
CA1929,6
CA1929,7
CA1930,1
CA1930,2
CA1930,3
CA1930,4
CA1930,5
CA1930,6
CA1930,7
CA1931,1
CA1931,2
CA1931,3
CA1931,4
CA1931,5
CA1931,6
CA1931,7
CA1932,1
CA1932,2
CA1932,3
CA1932,4
CA1932,5
CA1932,6
CA1932,7
CA1933,1
CA1933,2
CA1933,3
CA1933,4
CA1933,5
CA1933,6
CA1933,7
CA1934,1
CA1934,2
CA1934,3
CA1934,4
CA1934,5
CA1934,6
CA1934,7
CA1935,1
CA1935,2
CA1935,3
CA1935,4
CA1935,5
CA1935,6
CA1935,7
CA1936,1
CA1936,2
CA1936,3
CA1936,4
CA1936,5
CA1936,6
CA1936,7
CA1937,1
CA1937,2
CA1937,3
CA1937,4
CA1937,5
CA1937,6
CA1937,7
CA1938,1
CA1938,2
CA1938,3
CA1938,4
CA1938,5
CA1938,6
CA1938,7
CA1939,1
CA1939,2
CA1939,3
CA1939,4
CA1939,5
CA1939,6
CA1939,7
CA1951,1
CA1951,2
CA1951,3
CA1951,4
CA1951,5
CA1951,6
CA1951,7
CA1955,1
CA1955,2
CA1955,3
CA1955,4
CA1955,5
CA1955,6
CA1955,7
CA1956,1
CA1956,2
CA1956,3
CA1956,4
CA1956,5
CA1956,6
CA1956,7
CA1971,1
CA1971,2
CA1971,3
CA1971,4
CA1971,5
CA1971,6
CA1971,7
CA1972,1
CA1972,2
CA1972,3
CA1972,4
CA1972,5
CA1972,6
CA1972,7
CA2501,1
CA2501,2
CA2501,3
CA2501,4
CA2501,5
CA2501,6
CA2501,7
CA2502,1
CA2502,2
CA2502,3
CA2502,4
CA2502,5
CA2502,6
CA2502,7
CA2503,1
CA2503,2
CA2503,3
CA2503,4
CA2503,5
CA2503,6
CA2503,7
CA2504,1
CA2504,2
CA2504,3
CA2504,4
CA2504,5
CA2504,6
CA2504,7
CA2505,1
CA2505,2
CA2505,3
CA2505,4
CA2505,5
CA2505,6
CA2505,7
CA2506,1
CA2506,2
CA2506,3
CA2506,4
CA2506,5
CA2506,6
CA2506,7
CA2507,1
CA2507,2
CA2507,3
CA2507,4
CA2507,5
CA2507,6
CA2507,7
CA2508,1
CA2508,2
CA2508,3
CA2508,4
CA2508,5
CA2508,6
CA2508,7
CA2509,1
CA2509,2
CA2509,3
CA2509,4
CA2509,5
CA2509,6
CA2509,7
CA2510,1
CA2510,2
CA2510,3
CA2510,4
CA2510,5
CA2510,6
CA2510,7
CA2515,1
CA2515,2
CA2515,3
CA2515,4
CA2515,5
CA2515,6
CA2515,7
CA2516,1
CA2516,2
CA2516,3
CA2516,4
CA2516,5
CA2516,6
CA2516,7
CA2521,1
CA2521,2
CA2521,3
CA2521,4
CA2521,5
CA2521,6
CA2521,7
CA2522,1
CA2522,2
CA2522,3
CA2522,4
CA2522,5
CA2522,6
CA2522,7
CA2525,1
CA2525,2
CA2525,3
CA2525,4
CA2525,5
CA2525,6
CA2525,7
CA2526,1
CA2526,2
CA2526,3
CA2526,4
CA2526,5
CA2526,6
CA2526,7
CA2527,1
CA2527,2
CA2527,3
CA2527,4
CA2527,5
CA2527,6
CA2527,7
CA2528,1
CA2528,2
CA2528,3
CA2528,4
CA2528,5
CA2528,6
CA2528,7
CA2529,1
CA2529,2
CA2529,3
CA2529,4
CA2529,5
CA2529,6
CA2529,7
CA2531,1
CA2531,2
CA2531,3
CA2531,4
CA2531,5
CA2531,6
CA2531,7
CA2532,1
CA2532,2
CA2532,3
CA2532,4
CA2532,5
CA2532,6
CA2532,7
CA2533,1
CA2533,2
CA2533,3
CA2533,4
CA2533,5
CA2533,6
CA2533,7
CA2534,1
CA2534,2
CA2534,3
CA2534,4
CA2534,5
CA2534,6
CA2534,7
CA2535,1
CA2535,2
CA2535,3
CA2535,4
CA2535,5
CA2535,6
CA2535,7
CA2536,1
CA2536,2
CA2536,3
CA2536,4
CA2536,5
CA2536,6
CA2536,7
CA2537,1
CA2537,2
CA2537,3
CA2537,4
CA2537,5
CA2537,6
CA2537,7
CA2538,1
CA2538,2
CA2538,3
CA2538,4
CA2538,5
CA2538,6
CA2538,7
CA2539,1
CA2539,2
CA2539,3
CA2539,4
CA2539,5
CA2539,6
CA2539,7
CA2540,1
CA2540,2
CA2540,3
CA2540,4
CA2540,5
CA2540,6
CA2540,7
CA2541,1
CA2541,2
CA2541,3
CA2541,4
CA2541,5
CA2541,6
CA2541,7
CA2542,1
CA2542,2
CA2542,3
CA2542,4
CA2542,5
CA2542,6
CA2542,7
CA2545,1
CA2545,2
CA2545,3
CA2545,4
CA2545,5
CA2545,6
CA2545,7
CA2546,1
CA2546,2
CA2546,3
CA2546,4
CA2546,5
CA2546,6
CA2546,7
CA2549,1
CA2549,2
CA2549,3
CA2549,4
CA2549,5
CA2549,6
CA2549,7
CA2550,1
CA2550,2
CA2550,3
CA2550,4
CA2550,5
CA2550,6
CA2550,7
CA2551,1
CA2551,2
CA2551,3
CA2551,4
CA2551,5
CA2551,6
CA2551,7
CA2552,1
CA2552,2
CA2552,3
CA2552,4
CA2552,5
CA2552,6
CA2552,7
CA2555,1
CA2555,2
CA2555,3
CA2555,4
CA2555,5
CA2555,6
CA2555,7
CA2556,1
CA2556,2
CA2556,3
CA2556,4
CA2556,5
CA2556,6
CA2556,7
CA2557,1
CA2557,2
CA2557,3
CA2557,4
CA2557,5
CA2557,6
CA2557,7
CA2558,1
CA2558,2
CA2558,3
CA2558,4
CA2558,5
CA2558,6
CA2558,7
CA2559,1
CA2559,2
CA2559,3
CA2559,4
CA2559,5
CA2559,6
CA2559,7
CA2560,1
CA2560,2
CA2560,3
CA2560,4
CA2560,5
CA2560,6
CA2560,7
CA2561,1
CA2561,2
CA2561,3
CA2561,4
CA2561,5
CA2561,6
CA2561,7
CA2562,1
CA2562,2
CA2562,3
CA2562,4
CA2562,5
CA2562,6
CA2562,7
CA2563,1
CA2563,2
CA2563,3
CA2563,4
CA2563,5
CA2563,6
CA2563,7
CA2564,1
CA2564,2
CA2564,3
CA2564,4
CA2564,5
CA2564,6
CA2564,7
CA2567,1
CA2567,2
CA2567,3
CA2567,4
CA2567,5
CA2567,6
CA2567,7
CA2568,1
CA2568,2
CA2568,3
CA2568,4
CA2568,5
CA2568,6
CA2568,7
CA2569,1
CA2569,2
CA2569,3
CA2569,4
CA2569,5
CA2569,6
CA2569,7
CA2581,1
CA2581,2
CA2581,3
CA2581,4
CA2581,5
CA2581,6
CA2581,7
CA2582,1
CA2582,2
CA2582,3
CA2582,4
CA2582,5
CA2582,6
CA2582,7
CA2593,1
CA2593,2
CA2593,3
CA2593,4
CA2593,5
CA2593,6
CA2593,7
CA2594,1
CA2594,2
CA2594,3
CA2594,4
CA2594,5
CA2594,6
CA2594,7
CA2595,1
CA2595,2
CA2595,3
CA2595,4
CA2595,5
CA2595,6
CA2595,7
CA2596,1
CA2596,2
CA2596,3
CA2596,4
CA2596,5
CA2596,6
CA2596,7
CA2599,1
CA2599,2
CA2599,3
CA2599,4
CA2599,5
CA2599,6
CA2599,7
CA2600,1
CA2600,2
CA2600,3
CA2600,4
CA2600,5
CA2600,6
CA2600,7
CA2601,1
CA2601,2
CA2601,3
CA2601,4
CA2601,5
CA2601,6
CA2601,7
CA2602,1
CA2602,2
CA2602,3
CA2602,4
CA2602,5
CA2602,6
CA2602,7
CA2603,1
CA2603,2
CA2603,3
CA2603,4
CA2603,5
CA2603,6
CA2603,7
CA2605,1
CA2605,2
CA2605,3
CA2605,4
CA2605,5
CA2605,6
CA2605,7
CA2609,1
CA2609,2
CA2609,3
CA2609,4
CA2609,5
CA2609,6
CA2609,7
CA2610,1
CA2610,2
CA2610,3
CA2610,4
CA2610,5
CA2610,6
CA2610,7
CA2611,1
CA2611,2
CA2611,3
CA2611,4
CA2611,5
CA2611,6
CA2611,7
CA2612,1
CA2612,2
CA2612,3
CA2612,4
CA2612,5
CA2612,6
CA2612,7
CA2615,1
CA2615,2
CA2615,3
CA2615,4
CA2615,5
CA2615,6
CA2615,7
CA2616,1
CA2616,2
CA2616,3
CA2616,4
CA2616,5
CA2616,6
CA2616,7
CA2617,1
CA2617,2
CA2617,3
CA2617,4
CA2617,5
CA2617,6
CA2617,7
CA2618,1
CA2618,2
CA2618,3
CA2618,4
CA2618,5
CA2618,6
CA2618,7
CA2619,1
CA2619,2
CA2619,3
CA2619,4
CA2619,5
CA2619,6
CA2619,7
CA2620,1
CA2620,2
CA2620,3
CA2620,4
CA2620,5
CA2620,6
CA2620,7
CA2621,1
CA2621,2
CA2621,3
CA2621,4
CA2621,5
CA2621,6
CA2621,7
CA2622,1
CA2622,2
CA2622,3
CA2622,4
CA2622,5
CA2622,6
CA2622,7
CA2627,1
CA2627,2
CA2627,3
CA2627,4
CA2627,5
CA2627,6
CA2627,7
CA2628,1
CA2628,2
CA2628,3
CA2628,4
CA2628,5
CA2628,6
CA2628,7
CA2629,1
CA2629,2
CA2629,3
CA2629,4
CA2629,5
CA2629,6
CA2629,7
CA2630,1
CA2630,2
CA2630,3
CA2630,4
CA2630,5
CA2630,6
CA2630,7
CA2633,1
CA2633,2
CA2633,3
CA2633,4
CA2633,5
CA2633,6
CA2633,7
CA2634,1
CA2634,2
CA2634,3
CA2634,4
CA2634,5
CA2634,6
CA2634,7
CA2639,1
CA2639,2
CA2639,3
CA2639,4
CA2639,5
CA2639,6
CA2639,7
CA2640,1
CA2640,2
CA2640,3
CA2640,4
CA2640,5
CA2640,6
CA2640,7
CA2641,1
CA2641,2
CA2641,3
CA2641,4
CA2641,5
CA2641,6
CA2641,7
CA2642,1
CA2642,2
CA2642,3
CA2642,4
CA2642,5
CA2642,6
CA2642,7
CA2649,1
CA2649,2
CA2649,3
CA2649,4
CA2649,5
CA2649,6
CA2649,7
CA2650,1
CA2650,2
CA2650,3
CA2650,4
CA2650,5
CA2650,6
CA2650,7
CA2653,1
CA2653,2
CA2653,3
CA2653,4
CA2653,5
CA2653,6
CA2653,7
CA2654,1
CA2654,2
CA2654,3
CA2654,4
CA2654,5
CA2654,6
CA2654,7
CA2657,1
CA2657,2
CA2657,3
CA2657,4
CA2657,5
CA2657,6
CA2657,7
CA2659,1
CA2659,2
CA2659,3
CA2659,4
CA2659,5
CA2659,6
CA2659,7
CA2660,1
CA2660,2
CA2660,3
CA2660,4
CA2660,5
CA2660,6
CA2660,7
CA2662,1
CA2662,2
CA2662,3
CA2662,4
CA2662,5
CA2662,6
CA2662,7
CA2663,1
CA2663,2
CA2663,3
CA2663,4
CA2663,5
CA2663,6
CA2663,7
CA2664,1
CA2664,2
CA2664,3
CA2664,4
CA2664,5
CA2664,6
CA2664,7
CA2665,1
CA2665,2
CA2665,3
CA2665,4
CA2665,5
CA2665,6
CA2665,7
CA2666,1
CA2666,2
CA2666,3
CA2666,4
CA2666,5
CA2666,6
CA2666,7
CA2667,1
CA2667,2
CA2667,3
CA2667,4
CA2667,5
CA2667,6
CA2667,7
CA2668,1
CA2668,2
CA2668,3
CA2668,4
CA2668,5
CA2668,6
CA2668,7
CA2671,1
CA2671,2
CA2671,3
CA2671,4
CA2671,5
CA2671,6
CA2671,7
CA2672,1
CA2672,2
CA2672,3
CA2672,4
CA2672,5
CA2672,6
CA2672,7
CA2673,1
CA2673,2
CA2673,3
CA2673,4
CA2673,5
CA2673,6
CA2673,7
CA2674,1
CA2674,2
CA2674,3
CA2674,4
CA2674,5
CA2674,6
CA2674,7
CA2677,1
CA2677,2
CA2677,3
CA2677,4
CA2677,5
CA2677,6
CA2677,7
CA2678,1
CA2678,2
CA2678,3
CA2678,4
CA2678,5
CA2678,6
CA2678,7
CA2681,1
CA2681,2
CA2681,3
CA2681,4
CA2681,5
CA2681,6
CA2681,7
CA2682,1
CA2682,2
CA2682,3
CA2682,4
CA2682,5
CA2682,6
CA2682,7
CA2689,1
CA2689,2
CA2689,3
CA2689,4
CA2689,5
CA2689,6
CA2689,7
CA2693,1
CA2693,2
CA2693,3
CA2693,4
CA2693,5
CA2693,6
CA2693,7
CA2694,1
CA2694,2
CA2694,3
CA2694,4
CA2694,5
CA2694,6
CA2694,7
CA2695,1
CA2695,2
CA2695,3
CA2695,4
CA2695,5
CA2695,6
CA2695,7
CA2696,1
CA2696,2
CA2696,3
CA2696,4
CA2696,5
CA2696,6
CA2696,7
CA2701,1
CA2701,2
CA2701,3
CA2701,4
CA2701,5
CA2701,6
CA2701,7
CA2702,1
CA2702,2
CA2702,3
CA2702,4
CA2702,5
CA2702,6
CA2702,7
CA2703,1
CA2703,2
CA2703,3
CA2703,4
CA2703,5
CA2703,6
CA2703,7
CA2704,1
CA2704,2
CA2704,3
CA2704,4
CA2704,5
CA2704,6
CA2704,7
CA2705,1
CA2705,2
CA2705,3
CA2705,4
CA2705,5
CA2705,6
CA2705,7
CA2706,1
CA2706,2
CA2706,3
CA2706,4
CA2706,5
CA2706,6
CA2706,7
CA2707,1
CA2707,2
CA2707,3
CA2707,4
CA2707,5
CA2707,6
CA2707,7
CA2708,1
CA2708,2
CA2708,3
CA2708,4
CA2708,5
CA2708,6
CA2708,7
CA2711,1
CA2711,2
CA2711,3
CA2711,4
CA2711,5
CA2711,6
CA2711,7
CA2712,1
CA2712,2
CA2712,3
CA2712,4
CA2712,5
CA2712,6
CA2712,7
CA2713,1
CA2713,2
CA2713,3
CA2713,4
CA2713,5
CA2713,6
CA2713,7
CA2714,1
CA2714,2
CA2714,3
CA2714,4
CA2714,5
CA2714,6
CA2714,7
CA2718,1
CA2718,2
CA2718,3
CA2718,4
CA2718,5
CA2718,6
CA2718,7
CA2719,1
CA2719,2
CA2719,3
CA2719,4
CA2719,5
CA2719,6
CA2719,7
CA2721,1
CA2721,2
CA2721,3
CA2721,4
CA2721,5
CA2721,6
CA2721,7
CA2722,1
CA2722,2
CA2722,3
CA2722,4
CA2722,5
CA2722,6
CA2722,7
CA2731,1
CA2731,2
CA2731,3
CA2731,4
CA2731,5
CA2731,6
CA2731,7
CA2732,1
CA2732,2
CA2732,3
CA2732,4
CA2732,5
CA2732,6
CA2732,7
CA2733,1
CA2733,2
CA2733,3
CA2733,4
CA2733,5
CA2733,6
CA2733,7
CA2734,1
CA2734,2
CA2734,3
CA2734,4
CA2734,5
CA2734,6
CA2734,7
CA2735,1
CA2735,2
CA2735,3
CA2735,4
CA2735,5
CA2735,6
CA2735,7
CA2736,1
CA2736,2
CA2736,3
CA2736,4
CA2736,5
CA2736,6
CA2736,7
CA2737,1
CA2737,2
CA2737,3
CA2737,4
CA2737,5
CA2737,6
CA2737,7
CA2738,1
CA2738,2
CA2738,3
CA2738,4
CA2738,5
CA2738,6
CA2738,7
CA2739,1
CA2739,2
CA2739,3
CA2739,4
CA2739,5
CA2739,6
CA2739,7
CA2740,1
CA2740,2
CA2740,3
CA2740,4
CA2740,5
CA2740,6
CA2740,7
CA2741,1
CA2741,2
CA2741,3
CA2741,4
CA2741,5
CA2741,6
CA2741,7
CA2742,1
CA2742,2
CA2742,3
CA2742,4
CA2742,5
CA2742,6
CA2742,7
CA2747,1
CA2747,2
CA2747,3
CA2747,4
CA2747,5
CA2747,6
CA2747,7
CA2748,1
CA2748,2
CA2748,3
CA2748,4
CA2748,5
CA2748,6
CA2748,7
CA2751,1
CA2751,2
CA2751,3
CA2751,4
CA2751,5
CA2751,6
CA2751,7
CA2752,1
CA2752,2
CA2752,3
CA2752,4
CA2752,5
CA2752,6
CA2752,7
CA2753,1
CA2753,2
CA2753,3
CA2753,4
CA2753,5
CA2753,6
CA2753,7
CA2754,1
CA2754,2
CA2754,3
CA2754,4
CA2754,5
CA2754,6
CA2754,7
CA2757,1
CA2757,2
CA2757,3
CA2757,4
CA2757,5
CA2757,6
CA2757,7
CA2761,1
CA2761,2
CA2761,3
CA2761,4
CA2761,5
CA2761,6
CA2761,7
CA2762,1
CA2762,2
CA2762,3
CA2762,4
CA2762,5
CA2762,6
CA2762,7
CA2763,1
CA2763,2
CA2763,3
CA2763,4
CA2763,5
CA2763,6
CA2763,7
CA2764,1
CA2764,2
CA2764,3
CA2764,4
CA2764,5
CA2764,6
CA2764,7
CA2765,1
CA2765,2
CA2765,3
CA2765,4
CA2765,5
CA2765,6
CA2765,7
CA2766,1
CA2766,2
CA2766,3
CA2766,4
CA2766,5
CA2766,6
CA2766,7
CA2767,1
CA2767,2
CA2767,3
CA2767,4
CA2767,5
CA2767,6
CA2767,7
CA2768,1
CA2768,2
CA2768,3
CA2768,4
CA2768,5
CA2768,6
CA2768,7
CA2773,1
CA2773,2
CA2773,3
CA2773,4
CA2773,5
CA2773,6
CA2773,7
CA2775,1
CA2775,2
CA2775,3
CA2775,4
CA2775,5
CA2775,6
CA2775,7
CA2787,1
CA2787,2
CA2787,3
CA2787,4
CA2787,5
CA2787,6
CA2787,7
CA2788,1
CA2788,2
CA2788,3
CA2788,4
CA2788,5
CA2788,6
CA2788,7
CA2791,1
CA2791,2
CA2791,3
CA2791,4
CA2791,5
CA2791,6
CA2791,7
CA2792,1
CA2792,2
CA2792,3
CA2792,4
CA2792,5
CA2792,6
CA2792,7
CA2801,1
CA2801,2
CA2801,3
CA2801,4
CA2801,5
CA2801,6
CA2801,7
CA2802,1
CA2802,2
CA2802,3
CA2802,4
CA2802,5
CA2802,6
CA2802,7
CA2803,1
CA2803,2
CA2803,3
CA2803,4
CA2803,5
CA2803,6
CA2803,7
CA2804,1
CA2804,2
CA2804,3
CA2804,4
CA2804,5
CA2804,6
CA2804,7
CA2805,1
CA2805,2
CA2805,3
CA2805,4
CA2805,5
CA2805,6
CA2805,7
CA2811,1
CA2811,2
CA2811,3
CA2811,4
CA2811,5
CA2811,6
CA2811,7
CA2812,1
CA2812,2
CA2812,3
CA2812,4
CA2812,5
CA2812,6
CA2812,7
CA2813,1
CA2813,2
CA2813,3
CA2813,4
CA2813,5
CA2813,6
CA2813,7
CA2814,1
CA2814,2
CA2814,3
CA2814,4
CA2814,5
CA2814,6
CA2814,7
CA2817,1
CA2817,2
CA2817,3
CA2817,4
CA2817,5
CA2817,6
CA2817,7
CA2819,1
CA2819,2
CA2819,3
CA2819,4
CA2819,5
CA2819,6
CA2819,7
CA2820,1
CA2820,2
CA2820,3
CA2820,4
CA2820,5
CA2820,6
CA2820,7
CA2821,1
CA2821,2
CA2821,3
CA2821,4
CA2821,5
CA2821,6
CA2821,7
CA2822,1
CA2822,2
CA2822,3
CA2822,4
CA2822,5
CA2822,6
CA2822,7
CA2823,1
CA2823,2
CA2823,3
CA2823,4
CA2823,5
CA2823,6
CA2823,7
CA2824,1
CA2824,2
CA2824,3
CA2824,4
CA2824,5
CA2824,6
CA2824,7
CA2825,1
CA2825,2
CA2825,3
CA2825,4
CA2825,5
CA2825,6
CA2825,7
CA2826,1
CA2826,2
CA2826,3
CA2826,4
CA2826,5
CA2826,6
CA2826,7
CA2831,1
CA2831,2
CA2831,3
CA2831,4
CA2831,5
CA2831,6
CA2831,7
CA2835,1
CA2835,2
CA2835,3
CA2835,4
CA2835,5
CA2835,6
CA2835,7
CA2836,1
CA2836,2
CA2836,3
CA2836,4
CA2836,5
CA2836,6
CA2836,7
CA2837,1
CA2837,2
CA2837,3
CA2837,4
CA2837,5
CA2837,6
CA2837,7
CA2838,1
CA2838,2
CA2838,3
CA2838,4
CA2838,5
CA2838,6
CA2838,7
CA2839,1
CA2839,2
CA2839,3
CA2839,4
CA2839,5
CA2839,6
CA2839,7
CA2840,1
CA2840,2
CA2840,3
CA2840,4
CA2840,5
CA2840,6
CA2840,7
CA2841,1
CA2841,2
CA2841,3
CA2841,4
CA2841,5
CA2841,6
CA2841,7
CA2842,1
CA2842,2
CA2842,3
CA2842,4
CA2842,5
CA2842,6
CA2842,7
CA2845,1
CA2845,2
CA2845,3
CA2845,4
CA2845,5
CA2845,6
CA2845,7
CA2846,1
CA2846,2
CA2846,3
CA2846,4
CA2846,5
CA2846,6
CA2846,7
CA2847,1
CA2847,2
CA2847,3
CA2847,4
CA2847,5
CA2847,6
CA2847,7
CA2848,1
CA2848,2
CA2848,3
CA2848,4
CA2848,5
CA2848,6
CA2848,7
CA2861,1
CA2861,2
CA2861,3
CA2861,4
CA2861,5
CA2861,6
CA2861,7
CA2862,1
CA2862,2
CA2862,3
CA2862,4
CA2862,5
CA2862,6
CA2862,7
CA2865,1
CA2865,2
CA2865,3
CA2865,4
CA2865,5
CA2865,6
CA2865,7
CA2866,1
CA2866,2
CA2866,3
CA2866,4
CA2866,5
CA2866,6
CA2866,7
CA2867,1
CA2867,2
CA2867,3
CA2867,4
CA2867,5
CA2867,6
CA2867,7
CA2868,1
CA2868,2
CA2868,3
CA2868,4
CA2868,5
CA2868,6
CA2868,7
CA2872,1
CA2872,2
CA2872,3
CA2872,4
CA2872,5
CA2872,6
CA2872,7
CA2875,1
CA2875,2
CA2875,3
CA2875,4
CA2875,5
CA2875,6
CA2875,7
CA2876,1
CA2876,2
CA2876,3
CA2876,4
CA2876,5
CA2876,6
CA2876,7
CA2885,1
CA2885,2
CA2885,3
CA2885,4
CA2885,5
CA2885,6
CA2885,7
CA2887,1
CA2887,2
CA2887,3
CA2887,4
CA2887,5
CA2887,6
CA2887,7
CA2888,1
CA2888,2
CA2888,3
CA2888,4
CA2888,5
CA2888,6
CA2888,7
CA2889,1
CA2889,2
CA2889,3
CA2889,4
CA2889,5
CA2889,6
CA2889,7
CA2890,1
CA2890,2
CA2890,3
CA2890,4
CA2890,5
CA2890,6
CA2890,7
CA2891,1
CA2891,2
CA2891,3
CA2891,4
CA2891,5
CA2891,6
CA2891,7
CA2892,1
CA2892,2
CA2892,3
CA2892,4
CA2892,5
CA2892,6
CA2892,7
CA2893,1
CA2893,2
CA2893,3
CA2893,4
CA2893,5
CA2893,6
CA2893,7
CA2905,1
CA2905,2
CA2905,3
CA2905,4
CA2905,5
CA2905,6
CA2905,7
CA2906,1
CA2906,2
CA2906,3
CA2906,4
CA2906,5
CA2906,6
CA2906,7
CA2915,1
CA2915,2
CA2915,3
CA2915,4
CA2915,5
CA2915,6
CA2915,7
CA2916,1
CA2916,2
CA2916,3
CA2916,4
CA2916,5
CA2916,6
CA2916,7
CA2919,1
CA2919,2
CA2919,3
CA2919,4
CA2919,5
CA2919,6
CA2919,7
CA2920,1
CA2920,2
CA2920,3
CA2920,4
CA2920,5
CA2920,6
CA2920,7
CA2931,1
CA2931,2
CA2931,3
CA2931,4
CA2931,5
CA2931,6
CA2931,7
CA2932,1
CA2932,2
CA2932,3
CA2932,4
CA2932,5
CA2932,6
CA2932,7
CA2937,1
CA2937,2
CA2937,3
CA2937,4
CA2937,5
CA2937,6
CA2937,7
CA2938,1
CA2938,2
CA2938,3
CA2938,4
CA2938,5
CA2938,6
CA2938,7
CA2951,1
CA2951,2
CA2951,3
CA2951,4
CA2951,5
CA2951,6
CA2951,7
CA2952,1
CA2952,2
CA2952,3
CA2952,4
CA2952,5
CA2952,6
CA2952,7
CA2953,1
CA2953,2
CA2953,3
CA2953,4
CA2953,5
CA2953,6
CA2953,7
CA2954,1
CA2954,2
CA2954,3
CA2954,4
CA2954,5
CA2954,6
CA2954,7
CA2955,1
CA2955,2
CA2955,3
CA2955,4
CA2955,5
CA2955,6
CA2955,7
CA2956,1
CA2956,2
CA2956,3
CA2956,4
CA2956,5
CA2956,6
CA2956,7
CA2957,1
CA2957,2
CA2957,3
CA2957,4
CA2957,5
CA2957,6
CA2957,7
CA2961,1
CA2961,2
CA2961,3
CA2961,4
CA2961,5
CA2961,6
CA2961,7
CA2962,1
CA2962,2
CA2962,3
CA2962,4
CA2962,5
CA2962,6
CA2962,7
CA2963,1
CA2963,2
CA2963,3
CA2963,4
CA2963,5
CA2963,6
CA2963,7
CA2964,1
CA2964,2
CA2964,3
CA2964,4
CA2964,5
CA2964,6
CA2964,7
CA2969,1
CA2969,2
CA2969,3
CA2969,4
CA2969,5
CA2969,6
CA2969,7
CA2970,1
CA2970,2
CA2970,3
CA2970,4
CA2970,5
CA2970,6
CA2970,7
CA2975,1
CA2975,2
CA2975,3
CA2975,4
CA2975,5
CA2975,6
CA2975,7
CA2976,1
CA2976,2
CA2976,3
CA2976,4
CA2976,5
CA2976,6
CA2976,7
CA3099,1
CA3099,2
CA3099,3
CA3099,4
CA3099,5
CA3099,6
CA3099,7
CA3121,1
CA3121,2
CA3121,3
CA3121,4
CA3121,5
CA3121,6
CA3121,7
CA3133,1
CA3133,2
CA3133,3
CA3133,4
CA3133,5
CA3133,6
CA3133,7
CA3203,1
CA3203,2
CA3203,3
CA3203,4
CA3203,5
CA3203,6
CA3203,7
CA3204,1
CA3204,2
CA3204,3
CA3204,4
CA3204,5
CA3204,6
CA3204,7
CA3208,1
CA3208,2
CA3208,3
CA3208,4
CA3208,5
CA3208,6
CA3208,7
CA3209,1
CA3209,2
CA3209,3
CA3209,4
CA3209,5
CA3209,6
CA3209,7
CA3210,1
CA3210,2
CA3210,3
CA3210,4
CA3210,5
CA3210,6
CA3210,7
CA3211,1
CA3211,2
CA3211,3
CA3211,4
CA3211,5
CA3211,6
CA3211,7
CA3213,1
CA3213,2
CA3213,3
CA3213,4
CA3213,5
CA3213,6
CA3213,7
CA3214,1
CA3214,2
CA3214,3
CA3214,4
CA3214,5
CA3214,6
CA3214,7
CA3215,1
CA3215,2
CA3215,3
CA3215,4
CA3215,5
CA3215,6
CA3215,7
CA3216,1
CA3216,2
CA3216,3
CA3216,4
CA3216,5
CA3216,6
CA3216,7
CA3217,1
CA3217,2
CA3217,3
CA3217,4
CA3217,5
CA3217,6
CA3217,7
CA3218,1
CA3218,2
CA3218,3
CA3218,4
CA3218,5
CA3218,6
CA3218,7
CA3219,1
CA3219,2
CA3219,3
CA3219,4
CA3219,5
CA3219,6
CA3219,7
CA3220,1
CA3220,2
CA3220,3
CA3220,4
CA3220,5
CA3220,6
CA3220,7
CA3221,1
CA3221,2
CA3221,3
CA3221,4
CA3221,5
CA3221,6
CA3221,7
CA3222,1
CA3222,2
CA3222,3
CA3222,4
CA3222,5
CA3222,6
CA3222,7
CA3223,1
CA3223,2
CA3223,3
CA3223,4
CA3223,5
CA3223,6
CA3223,7
CA3224,1
CA3224,2
CA3224,3
CA3224,4
CA3224,5
CA3224,6
CA3224,7
CA3225,1
CA3225,2
CA3225,3
CA3225,4
CA3225,5
CA3225,6
CA3225,7
CA3228,1
CA3228,2
CA3228,3
CA3228,4
CA3228,5
CA3228,6
CA3228,7
CA3229,1
CA3229,2
CA3229,3
CA3229,4
CA3229,5
CA3229,6
CA3229,7
CA3230,1
CA3230,2
CA3230,3
CA3230,4
CA3230,5
CA3230,6
CA3230,7
CA3231,1
CA3231,2
CA3231,3
CA3231,4
CA3231,5
CA3231,6
CA3231,7
CA3232,1
CA3232,2
CA3232,3
CA3232,4
CA3232,5
CA3232,6
CA3232,7
CA3233,1
CA3233,2
CA3233,3
CA3233,4
CA3233,5
CA3233,6
CA3233,7
CA3234,1
CA3234,2
CA3234,3
CA3234,4
CA3234,5
CA3234,6
CA3234,7
CA3235,1
CA3235,2
CA3235,3
CA3235,4
CA3235,5
CA3235,6
CA3235,7
CA3236,1
CA3236,2
CA3236,3
CA3236,4
CA3236,5
CA3236,6
CA3236,7
CA3237,1
CA3237,2
CA3237,3
CA3237,4
CA3237,5
CA3237,6
CA3237,7
CA3238,1
CA3238,2
CA3238,3
CA3238,4
CA3238,5
CA3238,6
CA3238,7
CA3239,1
CA3239,2
CA3239,3
CA3239,4
CA3239,5
CA3239,6
CA3239,7
CA3240,1
CA3240,2
CA3240,3
CA3240,4
CA3240,5
CA3240,6
CA3240,7
CA3241,1
CA3241,2
CA3241,3
CA3241,4
CA3241,5
CA3241,6
CA3241,7
CA3242,1
CA3242,2
CA3242,3
CA3242,4
CA3242,5
CA3242,6
CA3242,7
CA3245,1
CA3245,2
CA3245,3
CA3245,4
CA3245,5
CA3245,6
CA3245,7
CA3246,1
CA3246,2
CA3246,3
CA3246,4
CA3246,5
CA3246,6
CA3246,7
CA3248,1
CA3248,2
CA3248,3
CA3248,4
CA3248,5
CA3248,6
CA3248,7
CA3249,1
CA3249,2
CA3249,3
CA3249,4
CA3249,5
CA3249,6
CA3249,7
CA3250,1
CA3250,2
CA3250,3
CA3250,4
CA3250,5
CA3250,6
CA3250,7
CA3251,1
CA3251,2
CA3251,3
CA3251,4
CA3251,5
CA3251,6
CA3251,7
CA3252,1
CA3252,2
CA3252,3
CA3252,4
CA3252,5
CA3252,6
CA3252,7
CA3253,1
CA3253,2
CA3253,3
CA3253,4
CA3253,5
CA3253,6
CA3253,7
CA3254,1
CA3254,2
CA3254,3
CA3254,4
CA3254,5
CA3254,6
CA3254,7
CA3255,1
CA3255,2
CA3255,3
CA3255,4
CA3255,5
CA3255,6
CA3255,7
CA3256,1
CA3256,2
CA3256,3
CA3256,4
CA3256,5
CA3256,6
CA3256,7
CA3257,1
CA3257,2
CA3257,3
CA3257,4
CA3257,5
CA3257,6
CA3257,7
CA3258,1
CA3258,2
CA3258,3
CA3258,4
CA3258,5
CA3258,6
CA3258,7
CA3261,1
CA3261,2
CA3261,3
CA3261,4
CA3261,5
CA3261,6
CA3261,7
CA3262,1
CA3262,2
CA3262,3
CA3262,4
CA3262,5
CA3262,6
CA3262,7
CA3263,1
CA3263,2
CA3263,3
CA3263,4
CA3263,5
CA3263,6
CA3263,7
CA3264,1
CA3264,2
CA3264,3
CA3264,4
CA3264,5
CA3264,6
CA3264,7
CA3265,1
CA3265,2
CA3265,3
CA3265,4
CA3265,5
CA3265,6
CA3265,7
CA3266,1
CA3266,2
CA3266,3
CA3266,4
CA3266,5
CA3266,6
CA3266,7
CA3267,1
CA3267,2
CA3267,3
CA3267,4
CA3267,5
CA3267,6
CA3267,7
CA3268,1
CA3268,2
CA3268,3
CA3268,4
CA3268,5
CA3268,6
CA3268,7
CA3269,1
CA3269,2
CA3269,3
CA3269,4
CA3269,5
CA3269,6
CA3269,7
CA3270,1
CA3270,2
CA3270,3
CA3270,4
CA3270,5
CA3270,6
CA3270,7
CA3271,1
CA3271,2
CA3271,3
CA3271,4
CA3271,5
CA3271,6
CA3271,7
CA3272,1
CA3272,2
CA3272,3
CA3272,4
CA3272,5
CA3272,6
CA3272,7
CA3273,1
CA3273,2
CA3273,3
CA3273,4
CA3273,5
CA3273,6
CA3273,7
CA3274,1
CA3274,2
CA3274,3
CA3274,4
CA3274,5
CA3274,6
CA3274,7
CA3275,1
CA3275,2
CA3275,3
CA3275,4
CA3275,5
CA3275,6
CA3275,7
CA3276,1
CA3276,2
CA3276,3
CA3276,4
CA3276,5
CA3276,6
CA3276,7
CA3277,1
CA3277,2
CA3277,3
CA3277,4
CA3277,5
CA3277,6
CA3277,7
CA3278,1
CA3278,2
CA3278,3
CA3278,4
CA3278,5
CA3278,6
CA3278,7
CA3279,1
CA3279,2
CA3279,3
CA3279,4
CA3279,5
CA3279,6
CA3279,7
CA3280,1
CA3280,2
CA3280,3
CA3280,4
CA3280,5
CA3280,6
CA3280,7
CA3281,1
CA3281,2
CA3281,3
CA3281,4
CA3281,5
CA3281,6
CA3281,7
CA3282,1
CA3282,2
CA3282,3
CA3282,4
CA3282,5
CA3282,6
CA3282,7
CA3283,1
CA3283,2
CA3283,3
CA3283,4
CA3283,5
CA3283,6
CA3283,7
CA3287,1
CA3287,2
CA3287,3
CA3287,4
CA3287,5
CA3287,6
CA3287,7
CA3288,1
CA3288,2
CA3288,3
CA3288,4
CA3288,5
CA3288,6
CA3288,7
CA3289,1
CA3289,2
CA3289,3
CA3289,4
CA3289,5
CA3289,6
CA3289,7
CA3290,1
CA3290,2
CA3290,3
CA3290,4
CA3290,5
CA3290,6
CA3290,7
CA3291,1
CA3291,2
CA3291,3
CA3291,4
CA3291,5
CA3291,6
CA3291,7
CA3292,1
CA3292,2
CA3292,3
CA3292,4
CA3292,5
CA3292,6
CA3292,7
CA3293,1
CA3293,2
CA3293,3
CA3293,4
CA3293,5
CA3293,6
CA3293,7
CA3294,1
CA3294,2
CA3294,3
CA3294,4
CA3294,5
CA3294,6
CA3294,7
CA3295,1
CA3295,2
CA3295,3
CA3295,4
CA3295,5
CA3295,6
CA3295,7
CA3296,1
CA3296,2
CA3296,3
CA3296,4
CA3296,5
CA3296,6
CA3296,7
CA3298,1
CA3298,2
CA3298,3
CA3298,4
CA3298,5
CA3298,6
CA3298,7
CA3299,1
CA3299,2
CA3299,3
CA3299,4
CA3299,5
CA3299,6
CA3299,7
CA3307,1
CA3307,2
CA3307,3
CA3307,4
CA3307,5
CA3307,6
CA3307,7
CA3308,1
CA3308,2
CA3308,3
CA3308,4
CA3308,5
CA3308,6
CA3308,7
CA3309,1
CA3309,2
CA3309,3
CA3309,4
CA3309,5
CA3309,6
CA3309,7
CA3310,1
CA3310,2
CA3310,3
CA3310,4
CA3310,5
CA3310,6
CA3310,7
CA3311,1
CA3311,2
CA3311,3
CA3311,4
CA3311,5
CA3311,6
CA3311,7
CA3312,1
CA3312,2
CA3312,3
CA3312,4
CA3312,5
CA3312,6
CA3312,7
CA3313,1
CA3313,2
CA3313,3
CA3313,4
CA3313,5
CA3313,6
CA3313,7
CA3314,1
CA3314,2
CA3314,3
CA3314,4
CA3314,5
CA3314,6
CA3314,7
CA3317,1
CA3317,2
CA3317,3
CA3317,4
CA3317,5
CA3317,6
CA3317,7
CA3318,1
CA3318,2
CA3318,3
CA3318,4
CA3318,5
CA3318,6
CA3318,7
CA3319,1
CA3319,2
CA3319,3
CA3319,4
CA3319,5
CA3319,6
CA3319,7
CA3320,1
CA3320,2
CA3320,3
CA3320,4
CA3320,5
CA3320,6
CA3320,7
CA3321,1
CA3321,2
CA3321,3
CA3321,4
CA3321,5
CA3321,6
CA3321,7
CA3322,1
CA3322,2
CA3322,3
CA3322,4
CA3322,5
CA3322,6
CA3322,7
CA3323,1
CA3323,2
CA3323,3
CA3323,4
CA3323,5
CA3323,6
CA3323,7
CA3324,1
CA3324,2
CA3324,3
CA3324,4
CA3324,5
CA3324,6
CA3324,7
CA3325,1
CA3325,2
CA3325,3
CA3325,4
CA3325,5
CA3325,6
CA3325,7
CA3326,1
CA3326,2
CA3326,3
CA3326,4
CA3326,5
CA3326,6
CA3326,7
CA3327,1
CA3327,2
CA3327,3
CA3327,4
CA3327,5
CA3327,6
CA3327,7
CA3328,1
CA3328,2
CA3328,3
CA3328,4
CA3328,5
CA3328,6
CA3328,7
CA3329,1
CA3329,2
CA3329,3
CA3329,4
CA3329,5
CA3329,6
CA3329,7
CA3330,1
CA3330,2
CA3330,3
CA3330,4
CA3330,5
CA3330,6
CA3330,7
CA3333,1
CA3333,2
CA3333,3
CA3333,4
CA3333,5
CA3333,6
CA3333,7
CA3334,1
CA3334,2
CA3334,3
CA3334,4
CA3334,5
CA3334,6
CA3334,7
CA3335,1
CA3335,2
CA3335,3
CA3335,4
CA3335,5
CA3335,6
CA3335,7
CA3336,1
CA3336,2
CA3336,3
CA3336,4
CA3336,5
CA3336,6
CA3336,7
CA3337,1
CA3337,2
CA3337,3
CA3337,4
CA3337,5
CA3337,6
CA3337,7
CA3338,1
CA3338,2
CA3338,3
CA3338,4
CA3338,5
CA3338,6
CA3338,7
CA3339,1
CA3339,2
CA3339,3
CA3339,4
CA3339,5
CA3339,6
CA3339,7
CA3340,1
CA3340,2
CA3340,3
CA3340,4
CA3340,5
CA3340,6
CA3340,7
CA3341,1
CA3341,2
CA3341,3
CA3341,4
CA3341,5
CA3341,6
CA3341,7
CA3342,1
CA3342,2
CA3342,3
CA3342,4
CA3342,5
CA3342,6
CA3342,7
CA3345,1
CA3345,2
CA3345,3
CA3345,4
CA3345,5
CA3345,6
CA3345,7
CA3346,1
CA3346,2
CA3346,3
CA3346,4
CA3346,5
CA3346,6
CA3346,7
CA3347,1
CA3347,2
CA3347,3
CA3347,4
CA3347,5
CA3347,6
CA3347,7
CA3349,1
CA3349,2
CA3349,3
CA3349,4
CA3349,5
CA3349,6
CA3349,7
CA3350,1
CA3350,2
CA3350,3
CA3350,4
CA3350,5
CA3350,6
CA3350,7
CA3353,1
CA3353,2
CA3353,3
CA3353,4
CA3353,5
CA3353,6
CA3353,7
CA3354,1
CA3354,2
CA3354,3
CA3354,4
CA3354,5
CA3354,6
CA3354,7
CA3355,1
CA3355,2
CA3355,3
CA3355,4
CA3355,5
CA3355,6
CA3355,7
CA3356,1
CA3356,2
CA3356,3
CA3356,4
CA3356,5
CA3356,6
CA3356,7
CA3357,1
CA3357,2
CA3357,3
CA3357,4
CA3357,5
CA3357,6
CA3357,7
CA3358,1
CA3358,2
CA3358,3
CA3358,4
CA3358,5
CA3358,6
CA3358,7
CA3359,1
CA3359,2
CA3359,3
CA3359,4
CA3359,5
CA3359,6
CA3359,7
CA3360,1
CA3360,2
CA3360,3
CA3360,4
CA3360,5
CA3360,6
CA3360,7
CA3367,1
CA3367,2
CA3367,3
CA3367,4
CA3367,5
CA3367,6
CA3367,7
CA3368,1
CA3368,2
CA3368,3
CA3368,4
CA3368,5
CA3368,6
CA3368,7
CA3370,1
CA3370,2
CA3370,3
CA3370,4
CA3370,5
CA3370,6
CA3370,7
CA3372,1
CA3372,2
CA3372,3
CA3372,4
CA3372,5
CA3372,6
CA3372,7
CA3373,1
CA3373,2
CA3373,3
CA3373,4
CA3373,5
CA3373,6
CA3373,7
CA3374,1
CA3374,2
CA3374,3
CA3374,4
CA3374,5
CA3374,6
CA3374,7
CA3375,1
CA3375,2
CA3375,3
CA3375,4
CA3375,5
CA3375,6
CA3375,7
CA3377,1
CA3377,2
CA3377,3
CA3377,4
CA3377,5
CA3377,6
CA3377,7
CA3378,1
CA3378,2
CA3378,3
CA3378,4
CA3378,5
CA3378,6
CA3378,7
CA3379,1
CA3379,2
CA3379,3
CA3379,4
CA3379,5
CA3379,6
CA3379,7
CA3380,1
CA3380,2
CA3380,3
CA3380,4
CA3380,5
CA3380,6
CA3380,7
CA3381,1
CA3381,2
CA3381,3
CA3381,4
CA3381,5
CA3381,6
CA3381,7
CA3382,1
CA3382,2
CA3382,3
CA3382,4
CA3382,5
CA3382,6
CA3382,7
CA3385,1
CA3385,2
CA3385,3
CA3385,4
CA3385,5
CA3385,6
CA3385,7
CA3386,1
CA3386,2
CA3386,3
CA3386,4
CA3386,5
CA3386,6
CA3386,7
CA3387,1
CA3387,2
CA3387,3
CA3387,4
CA3387,5
CA3387,6
CA3387,7
CA3388,1
CA3388,2
CA3388,3
CA3388,4
CA3388,5
CA3388,6
CA3388,7
CA3389,1
CA3389,2
CA3389,3
CA3389,4
CA3389,5
CA3389,6
CA3389,7
CA3390,1
CA3390,2
CA3390,3
CA3390,4
CA3390,5
CA3390,6
CA3390,7
CA3391,1
CA3391,2
CA3391,3
CA3391,4
CA3391,5
CA3391,6
CA3391,7
CA3392,1
CA3392,2
CA3392,3
CA3392,4
CA3392,5
CA3392,6
CA3392,7
CA3393,1
CA3393,2
CA3393,3
CA3393,4
CA3393,5
CA3393,6
CA3393,7
CA3394,1
CA3394,2
CA3394,3
CA3394,4
CA3394,5
CA3394,6
CA3394,7
CA3395,1
CA3395,2
CA3395,3
CA3395,4
CA3395,5
CA3395,6
CA3395,7
CA3396,1
CA3396,2
CA3396,3
CA3396,4
CA3396,5
CA3396,6
CA3396,7
CA3399,1
CA3399,2
CA3399,3
CA3399,4
CA3399,5
CA3399,6
CA3399,7
CA3400,1
CA3400,2
CA3400,3
CA3400,4
CA3400,5
CA3400,6
CA3400,7
CA3401,1
CA3401,2
CA3401,3
CA3401,4
CA3401,5
CA3401,6
CA3401,7
CA3402,1
CA3402,2
CA3402,3
CA3402,4
CA3402,5
CA3402,6
CA3402,7
CA3403,1
CA3403,2
CA3403,3
CA3403,4
CA3403,5
CA3403,6
CA3403,7
CA3404,1
CA3404,2
CA3404,3
CA3404,4
CA3404,5
CA3404,6
CA3404,7
CA3405,1
CA3405,2
CA3405,3
CA3405,4
CA3405,5
CA3405,6
CA3405,7
CA3406,1
CA3406,2
CA3406,3
CA3406,4
CA3406,5
CA3406,6
CA3406,7
CA3407,1
CA3407,2
CA3407,3
CA3407,4
CA3407,5
CA3407,6
CA3407,7
CA3408,1
CA3408,2
CA3408,3
CA3408,4
CA3408,5
CA3408,6
CA3408,7
CA3409,1
CA3409,2
CA3409,3
CA3409,4
CA3409,5
CA3409,6
CA3409,7
CA3410,1
CA3410,2
CA3410,3
CA3410,4
CA3410,5
CA3410,6
CA3410,7
CA3411,1
CA3411,2
CA3411,3
CA3411,4
CA3411,5
CA3411,6
CA3411,7
CA3412,1
CA3412,2
CA3412,3
CA3412,4
CA3412,5
CA3412,6
CA3412,7
CA3413,1
CA3413,2
CA3413,3
CA3413,4
CA3413,5
CA3413,6
CA3413,7
CA3414,1
CA3414,2
CA3414,3
CA3414,4
CA3414,5
CA3414,6
CA3414,7
CA3417,1
CA3417,2
CA3417,3
CA3417,4
CA3417,5
CA3417,6
CA3417,7
CA3418,1
CA3418,2
CA3418,3
CA3418,4
CA3418,5
CA3418,6
CA3418,7
CA3421,1
CA3421,2
CA3421,3
CA3421,4
CA3421,5
CA3421,6
CA3421,7
CA3422,1
CA3422,2
CA3422,3
CA3422,4
CA3422,5
CA3422,6
CA3422,7
CA3423,1
CA3423,2
CA3423,3
CA3423,4
CA3423,5
CA3423,6
CA3423,7
CA3424,1
CA3424,2
CA3424,3
CA3424,4
CA3424,5
CA3424,6
CA3424,7
CA3427,1
CA3427,2
CA3427,3
CA3427,4
CA3427,5
CA3427,6
CA3427,7
CA3428,1
CA3428,2
CA3428,3
CA3428,4
CA3428,5
CA3428,6
CA3428,7
CA3429,1
CA3429,2
CA3429,3
CA3429,4
CA3429,5
CA3429,6
CA3429,7
CA3430,1
CA3430,2
CA3430,3
CA3430,4
CA3430,5
CA3430,6
CA3430,7
CA3431,1
CA3431,2
CA3431,3
CA3431,4
CA3431,5
CA3431,6
CA3431,7
CA3432,1
CA3432,2
CA3432,3
CA3432,4
CA3432,5
CA3432,6
CA3432,7
CA3433,1
CA3433,2
CA3433,3
CA3433,4
CA3433,5
CA3433,6
CA3433,7
CA3434,1
CA3434,2
CA3434,3
CA3434,4
CA3434,5
CA3434,6
CA3434,7
CA3440,1
CA3440,2
CA3440,3
CA3440,4
CA3440,5
CA3440,6
CA3440,7
CA3441,1
CA3441,2
CA3441,3
CA3441,4
CA3441,5
CA3441,6
CA3441,7
CA3442,1
CA3442,2
CA3442,3
CA3442,4
CA3442,5
CA3442,6
CA3442,7
CA3443,1
CA3443,2
CA3443,3
CA3443,4
CA3443,5
CA3443,6
CA3443,7
CA3444,1
CA3444,2
CA3444,3
CA3444,4
CA3444,5
CA3444,6
CA3444,7
CA3445,1
CA3445,2
CA3445,3
CA3445,4
CA3445,5
CA3445,6
CA3445,7
CA3447,1
CA3447,2
CA3447,3
CA3447,4
CA3447,5
CA3447,6
CA3447,7
CA3448,1
CA3448,2
CA3448,3
CA3448,4
CA3448,5
CA3448,6
CA3448,7
CA3451,1
CA3451,2
CA3451,3
CA3451,4
CA3451,5
CA3451,6
CA3451,7
CA3452,1
CA3452,2
CA3452,3
CA3452,4
CA3452,5
CA3452,6
CA3452,7
CA3453,1
CA3453,2
CA3453,3
CA3453,4
CA3453,5
CA3453,6
CA3453,7
CA3454,1
CA3454,2
CA3454,3
CA3454,4
CA3454,5
CA3454,6
CA3454,7
CA3455,1
CA3455,2
CA3455,3
CA3455,4
CA3455,5
CA3455,6
CA3455,7
CA3456,1
CA3456,2
CA3456,3
CA3456,4
CA3456,5
CA3456,6
CA3456,7
CA3457,1
CA3457,2
CA3457,3
CA3457,4
CA3457,5
CA3457,6
CA3457,7
CA3458,1
CA3458,2
CA3458,3
CA3458,4
CA3458,5
CA3458,6
CA3458,7
CA3459,1
CA3459,2
CA3459,3
CA3459,4
CA3459,5
CA3459,6
CA3459,7
CA3460,1
CA3460,2
CA3460,3
CA3460,4
CA3460,5
CA3460,6
CA3460,7
CA3463,1
CA3463,2
CA3463,3
CA3463,4
CA3463,5
CA3463,6
CA3463,7
CA3464,1
CA3464,2
CA3464,3
CA3464,4
CA3464,5
CA3464,6
CA3464,7
CA3465,1
CA3465,2
CA3465,3
CA3465,4
CA3465,5
CA3465,6
CA3465,7
CA3466,1
CA3466,2
CA3466,3
CA3466,4
CA3466,5
CA3466,6
CA3466,7
CA3467,1
CA3467,2
CA3467,3
CA3467,4
CA3467,5
CA3467,6
CA3467,7
CA3468,1
CA3468,2
CA3468,3
CA3468,4
CA3468,5
CA3468,6
CA3468,7
CA3471,1
CA3471,2
CA3471,3
CA3471,4
CA3471,5
CA3471,6
CA3471,7
CA3472,1
CA3472,2
CA3472,3
CA3472,4
CA3472,5
CA3472,6
CA3472,7
CA3473,1
CA3473,2
CA3473,3
CA3473,4
CA3473,5
CA3473,6
CA3473,7
CA3474,1
CA3474,2
CA3474,3
CA3474,4
CA3474,5
CA3474,6
CA3474,7
CA3475,1
CA3475,2
CA3475,3
CA3475,4
CA3475,5
CA3475,6
CA3475,7
CA3476,1
CA3476,2
CA3476,3
CA3476,4
CA3476,5
CA3476,6
CA3476,7
CA3477,1
CA3477,2
CA3477,3
CA3477,4
CA3477,5
CA3477,6
CA3477,7
CA3478,1
CA3478,2
CA3478,3
CA3478,4
CA3478,5
CA3478,6
CA3478,7
CA3479,1
CA3479,2
CA3479,3
CA3479,4
CA3479,5
CA3479,6
CA3479,7
CA3480,1
CA3480,2
CA3480,3
CA3480,4
CA3480,5
CA3480,6
CA3480,7
CA3481,1
CA3481,2
CA3481,3
CA3481,4
CA3481,5
CA3481,6
CA3481,7
CA3482,1
CA3482,2
CA3482,3
CA3482,4
CA3482,5
CA3482,6
CA3482,7
CA3483,1
CA3483,2
CA3483,3
CA3483,4
CA3483,5
CA3483,6
CA3483,7
CA3484,1
CA3484,2
CA3484,3
CA3484,4
CA3484,5
CA3484,6
CA3484,7
CA3485,1
CA3485,2
CA3485,3
CA3485,4
CA3485,5
CA3485,6
CA3485,7
CA3486,1
CA3486,2
CA3486,3
CA3486,4
CA3486,5
CA3486,6
CA3486,7
CA3487,1
CA3487,2
CA3487,3
CA3487,4
CA3487,5
CA3487,6
CA3487,7
CA3488,1
CA3488,2
CA3488,3
CA3488,4
CA3488,5
CA3488,6
CA3488,7
CA3489,1
CA3489,2
CA3489,3
CA3489,4
CA3489,5
CA3489,6
CA3489,7
CA3490,1
CA3490,2
CA3490,3
CA3490,4
CA3490,5
CA3490,6
CA3490,7
CA3491,1
CA3491,2
CA3491,3
CA3491,4
CA3491,5
CA3491,6
CA3491,7
CA3492,1
CA3492,2
CA3492,3
CA3492,4
CA3492,5
CA3492,6
CA3492,7
CA3495,1
CA3495,2
CA3495,3
CA3495,4
CA3495,5
CA3495,6
CA3495,7
CA3496,1
CA3496,2
CA3496,3
CA3496,4
CA3496,5
CA3496,6
CA3496,7
CA3499,1
CA3499,2
CA3499,3
CA3499,4
CA3499,5
CA3499,6
CA3499,7
CA3500,1
CA3500,2
CA3500,3
CA3500,4
CA3500,5
CA3500,6
CA3500,7
CA3501,1
CA3501,2
CA3501,3
CA3501,4
CA3501,5
CA3501,6
CA3501,7
CA3502,1
CA3502,2
CA3502,3
CA3502,4
CA3502,5
CA3502,6
CA3502,7
CA3503,1
CA3503,2
CA3503,3
CA3503,4
CA3503,5
CA3503,6
CA3503,7
CA3504,1
CA3504,2
CA3504,3
CA3504,4
CA3504,5
CA3504,6
CA3504,7
CA3505,1
CA3505,2
CA3505,3
CA3505,4
CA3505,5
CA3505,6
CA3505,7
CA3506,1
CA3506,2
CA3506,3
CA3506,4
CA3506,5
CA3506,6
CA3506,7
CA3507,1
CA3507,2
CA3507,3
CA3507,4
CA3507,5
CA3507,6
CA3507,7
CA3508,1
CA3508,2
CA3508,3
CA3508,4
CA3508,5
CA3508,6
CA3508,7
CA3509,1
CA3509,2
CA3509,3
CA3509,4
CA3509,5
CA3509,6
CA3509,7
CA3510,1
CA3510,2
CA3510,3
CA3510,4
CA3510,5
CA3510,6
CA3510,7
CA3511,1
CA3511,2
CA3511,3
CA3511,4
CA3511,5
CA3511,6
CA3511,7
CA3512,1
CA3512,2
CA3512,3
CA3512,4
CA3512,5
CA3512,6
CA3512,7
CA3517,1
CA3517,2
CA3517,3
CA3517,4
CA3517,5
CA3517,6
CA3517,7
CA3518,1
CA3518,2
CA3518,3
CA3518,4
CA3518,5
CA3518,6
CA3518,7
CA3519,1
CA3519,2
CA3519,3
CA3519,4
CA3519,5
CA3519,6
CA3519,7
CA3520,1
CA3520,2
CA3520,3
CA3520,4
CA3520,5
CA3520,6
CA3520,7
CA3521,1
CA3521,2
CA3521,3
CA3521,4
CA3521,5
CA3521,6
CA3521,7
CA3522,1
CA3522,2
CA3522,3
CA3522,4
CA3522,5
CA3522,6
CA3522,7
CA3525,1
CA3525,2
CA3525,3
CA3525,4
CA3525,5
CA3525,6
CA3525,7
CA3526,1
CA3526,2
CA3526,3
CA3526,4
CA3526,5
CA3526,6
CA3526,7
CA3527,1
CA3527,2
CA3527,3
CA3527,4
CA3527,5
CA3527,6
CA3527,7
CA3528,1
CA3528,2
CA3528,3
CA3528,4
CA3528,5
CA3528,6
CA3528,7
CA3529,1
CA3529,2
CA3529,3
CA3529,4
CA3529,5
CA3529,6
CA3529,7
CA3530,1
CA3530,2
CA3530,3
CA3530,4
CA3530,5
CA3530,6
CA3530,7
CA3533,1
CA3533,2
CA3533,3
CA3533,4
CA3533,5
CA3533,6
CA3533,7
CA3534,1
CA3534,2
CA3534,3
CA3534,4
CA3534,5
CA3534,6
CA3534,7
CA3535,1
CA3535,2
CA3535,3
CA3535,4
CA3535,5
CA3535,6
CA3535,7
CA3536,1
CA3536,2
CA3536,3
CA3536,4
CA3536,5
CA3536,6
CA3536,7
CA3537,1
CA3537,2
CA3537,3
CA3537,4
CA3537,5
CA3537,6
CA3537,7
CA3538,1
CA3538,2
CA3538,3
CA3538,4
CA3538,5
CA3538,6
CA3538,7
CA3539,1
CA3539,2
CA3539,3
CA3539,4
CA3539,5
CA3539,6
CA3539,7
CA3540,1
CA3540,2
CA3540,3
CA3540,4
CA3540,5
CA3540,6
CA3540,7
CA3541,1
CA3541,2
CA3541,3
CA3541,4
CA3541,5
CA3541,6
CA3541,7
CA3542,1
CA3542,2
CA3542,3
CA3542,4
CA3542,5
CA3542,6
CA3542,7
CA3543,1
CA3543,2
CA3543,3
CA3543,4
CA3543,5
CA3543,6
CA3543,7
CA3544,1
CA3544,2
CA3544,3
CA3544,4
CA3544,5
CA3544,6
CA3544,7
CA3545,1
CA3545,2
CA3545,3
CA3545,4
CA3545,5
CA3545,6
CA3545,7
CA3546,1
CA3546,2
CA3546,3
CA3546,4
CA3546,5
CA3546,6
CA3546,7
CA3547,1
CA3547,2
CA3547,3
CA3547,4
CA3547,5
CA3547,6
CA3547,7
CA3548,1
CA3548,2
CA3548,3
CA3548,4
CA3548,5
CA3548,6
CA3548,7
CA3551,1
CA3551,2
CA3551,3
CA3551,4
CA3551,5
CA3551,6
CA3551,7
CA3552,1
CA3552,2
CA3552,3
CA3552,4
CA3552,5
CA3552,6
CA3552,7
CA3555,1
CA3555,2
CA3555,3
CA3555,4
CA3555,5
CA3555,6
CA3555,7
CA3556,1
CA3556,2
CA3556,3
CA3556,4
CA3556,5
CA3556,6
CA3556,7
CA3557,1
CA3557,2
CA3557,3
CA3557,4
CA3557,5
CA3557,6
CA3557,7
CA3558,1
CA3558,2
CA3558,3
CA3558,4
CA3558,5
CA3558,6
CA3558,7
CA3559,1
CA3559,2
CA3559,3
CA3559,4
CA3559,5
CA3559,6
CA3559,7
CA3560,1
CA3560,2
CA3560,3
CA3560,4
CA3560,5
CA3560,6
CA3560,7
CA3563,1
CA3563,2
CA3563,3
CA3563,4
CA3563,5
CA3563,6
CA3563,7
CA3564,1
CA3564,2
CA3564,3
CA3564,4
CA3564,5
CA3564,6
CA3564,7
CA3565,1
CA3565,2
CA3565,3
CA3565,4
CA3565,5
CA3565,6
CA3565,7
CA3566,1
CA3566,2
CA3566,3
CA3566,4
CA3566,5
CA3566,6
CA3566,7
CA3567,1
CA3567,2
CA3567,3
CA3567,4
CA3567,5
CA3567,6
CA3567,7
CA3568,1
CA3568,2
CA3568,3
CA3568,4
CA3568,5
CA3568,6
CA3568,7
CA3569,1
CA3569,2
CA3569,3
CA3569,4
CA3569,5
CA3569,6
CA3569,7
CA3570,1
CA3570,2
CA3570,3
CA3570,4
CA3570,5
CA3570,6
CA3570,7
CA3571,1
CA3571,2
CA3571,3
CA3571,4
CA3571,5
CA3571,6
CA3571,7
CA3572,1
CA3572,2
CA3572,3
CA3572,4
CA3572,5
CA3572,6
CA3572,7
CA3573,1
CA3573,2
CA3573,3
CA3573,4
CA3573,5
CA3573,6
CA3573,7
CA3574,1
CA3574,2
CA3574,3
CA3574,4
CA3574,5
CA3574,6
CA3574,7
CA3575,1
CA3575,2
CA3575,3
CA3575,4
CA3575,5
CA3575,6
CA3575,7
CA3576,1
CA3576,2
CA3576,3
CA3576,4
CA3576,5
CA3576,6
CA3576,7
CA3577,1
CA3577,2
CA3577,3
CA3577,4
CA3577,5
CA3577,6
CA3577,7
CA3578,1
CA3578,2
CA3578,3
CA3578,4
CA3578,5
CA3578,6
CA3578,7
CA3579,1
CA3579,2
CA3579,3
CA3579,4
CA3579,5
CA3579,6
CA3579,7
CA3580,1
CA3580,2
CA3580,3
CA3580,4
CA3580,5
CA3580,6
CA3580,7
CA3581,1
CA3581,2
CA3581,3
CA3581,4
CA3581,5
CA3581,6
CA3581,7
CA3582,1
CA3582,2
CA3582,3
CA3582,4
CA3582,5
CA3582,6
CA3582,7
CA3583,1
CA3583,2
CA3583,3
CA3583,4
CA3583,5
CA3583,6
CA3583,7
CA3584,1
CA3584,2
CA3584,3
CA3584,4
CA3584,5
CA3584,6
CA3584,7
CA3585,1
CA3585,2
CA3585,3
CA3585,4
CA3585,5
CA3585,6
CA3585,7
CA3586,1
CA3586,2
CA3586,3
CA3586,4
CA3586,5
CA3586,6
CA3586,7
CA3587,1
CA3587,2
CA3587,3
CA3587,4
CA3587,5
CA3587,6
CA3587,7
CA3588,1
CA3588,2
CA3588,3
CA3588,4
CA3588,5
CA3588,6
CA3588,7
CA3589,1
CA3589,2
CA3589,3
CA3589,4
CA3589,5
CA3589,6
CA3589,7
CA3590,1
CA3590,2
CA3590,3
CA3590,4
CA3590,5
CA3590,6
CA3590,7
CA3591,1
CA3591,2
CA3591,3
CA3591,4
CA3591,5
CA3591,6
CA3591,7
CA3592,1
CA3592,2
CA3592,3
CA3592,4
CA3592,5
CA3592,6
CA3592,7
CA3593,1
CA3593,2
CA3593,3
CA3593,4
CA3593,5
CA3593,6
CA3593,7
CA3594,1
CA3594,2
CA3594,3
CA3594,4
CA3594,5
CA3594,6
CA3594,7
CA3595,1
CA3595,2
CA3595,3
CA3595,4
CA3595,5
CA3595,6
CA3595,7
CA3596,1
CA3596,2
CA3596,3
CA3596,4
CA3596,5
CA3596,6
CA3596,7
CA3597,1
CA3597,2
CA3597,3
CA3597,4
CA3597,5
CA3597,6
CA3597,7
CA3598,1
CA3598,2
CA3598,3
CA3598,4
CA3598,5
CA3598,6
CA3598,7
CA3599,1
CA3599,2
CA3599,3
CA3599,4
CA3599,5
CA3599,6
CA3599,7
CA3600,1
CA3600,2
CA3600,3
CA3600,4
CA3600,5
CA3600,6
CA3600,7
CA3601,1
CA3601,2
CA3601,3
CA3601,4
CA3601,5
CA3601,6
CA3601,7
CA3602,1
CA3602,2
CA3602,3
CA3602,4
CA3602,5
CA3602,6
CA3602,7
CA3603,1
CA3603,2
CA3603,3
CA3603,4
CA3603,5
CA3603,6
CA3603,7
CA3604,1
CA3604,2
CA3604,3
CA3604,4
CA3604,5
CA3604,6
CA3604,7
CA3605,1
CA3605,2
CA3605,3
CA3605,4
CA3605,5
CA3605,6
CA3605,7
CA3606,1
CA3606,2
CA3606,3
CA3606,4
CA3606,5
CA3606,6
CA3606,7
CA3607,1
CA3607,2
CA3607,3
CA3607,4
CA3607,5
CA3607,6
CA3607,7
CA3608,1
CA3608,2
CA3608,3
CA3608,4
CA3608,5
CA3608,6
CA3608,7
CA3609,1
CA3609,2
CA3609,3
CA3609,4
CA3609,5
CA3609,6
CA3609,7
CA3610,1
CA3610,2
CA3610,3
CA3610,4
CA3610,5
CA3610,6
CA3610,7
CA3611,1
CA3611,2
CA3611,3
CA3611,4
CA3611,5
CA3611,6
CA3611,7
CA3612,1
CA3612,2
CA3612,3
CA3612,4
CA3612,5
CA3612,6
CA3612,7
CA3613,1
CA3613,2
CA3613,3
CA3613,4
CA3613,5
CA3613,6
CA3613,7
CA3614,1
CA3614,2
CA3614,3
CA3614,4
CA3614,5
CA3614,6
CA3614,7
CA3615,1
CA3615,2
CA3615,3
CA3615,4
CA3615,5
CA3615,6
CA3615,7
CA3616,1
CA3616,2
CA3616,3
CA3616,4
CA3616,5
CA3616,6
CA3616,7
CA3617,1
CA3617,2
CA3617,3
CA3617,4
CA3617,5
CA3617,6
CA3617,7
CA3618,1
CA3618,2
CA3618,3
CA3618,4
CA3618,5
CA3618,6
CA3618,7
CA3619,1
CA3619,2
CA3619,3
CA3619,4
CA3619,5
CA3619,6
CA3619,7
CA3620,1
CA3620,2
CA3620,3
CA3620,4
CA3620,5
CA3620,6
CA3620,7
CA3623,1
CA3623,2
CA3623,3
CA3623,4
CA3623,5
CA3623,6
CA3623,7
CA3624,1
CA3624,2
CA3624,3
CA3624,4
CA3624,5
CA3624,6
CA3624,7
CA3625,1
CA3625,2
CA3625,3
CA3625,4
CA3625,5
CA3625,6
CA3625,7
CA3626,1
CA3626,2
CA3626,3
CA3626,4
CA3626,5
CA3626,6
CA3626,7
CA3628,1
CA3628,2
CA3628,3
CA3628,4
CA3628,5
CA3628,6
CA3628,7
CA3629,1
CA3629,2
CA3629,3
CA3629,4
CA3629,5
CA3629,6
CA3629,7
CA3630,1
CA3630,2
CA3630,3
CA3630,4
CA3630,5
CA3630,6
CA3630,7
CA3631,1
CA3631,2
CA3631,3
CA3631,4
CA3631,5
CA3631,6
CA3631,7
CA3632,1
CA3632,2
CA3632,3
CA3632,4
CA3632,5
CA3632,6
CA3632,7
CA3635,1
CA3635,2
CA3635,3
CA3635,4
CA3635,5
CA3635,6
CA3635,7
CA3636,1
CA3636,2
CA3636,3
CA3636,4
CA3636,5
CA3636,6
CA3636,7
CA3637,1
CA3637,2
CA3637,3
CA3637,4
CA3637,5
CA3637,6
CA3637,7
CA3638,1
CA3638,2
CA3638,3
CA3638,4
CA3638,5
CA3638,6
CA3638,7
CA3639,1
CA3639,2
CA3639,3
CA3639,4
CA3639,5
CA3639,6
CA3639,7
CA3640,1
CA3640,2
CA3640,3
CA3640,4
CA3640,5
CA3640,6
CA3640,7
CA3645,1
CA3645,2
CA3645,3
CA3645,4
CA3645,5
CA3645,6
CA3645,7
CA3646,1
CA3646,2
CA3646,3
CA3646,4
CA3646,5
CA3646,6
CA3646,7
CA3647,1
CA3647,2
CA3647,3
CA3647,4
CA3647,5
CA3647,6
CA3647,7
CA3648,1
CA3648,2
CA3648,3
CA3648,4
CA3648,5
CA3648,6
CA3648,7
CA3649,1
CA3649,2
CA3649,3
CA3649,4
CA3649,5
CA3649,6
CA3649,7
CA3650,1
CA3650,2
CA3650,3
CA3650,4
CA3650,5
CA3650,6
CA3650,7
CA3651,1
CA3651,2
CA3651,3
CA3651,4
CA3651,5
CA3651,6
CA3651,7
CA3652,1
CA3652,2
CA3652,3
CA3652,4
CA3652,5
CA3652,6
CA3652,7
CA3653,1
CA3653,2
CA3653,3
CA3653,4
CA3653,5
CA3653,6
CA3653,7
CA3654,1
CA3654,2
CA3654,3
CA3654,4
CA3654,5
CA3654,6
CA3654,7
CA3655,1
CA3655,2
CA3655,3
CA3655,4
CA3655,5
CA3655,6
CA3655,7
CA3656,1
CA3656,2
CA3656,3
CA3656,4
CA3656,5
CA3656,6
CA3656,7
CA3657,1
CA3657,2
CA3657,3
CA3657,4
CA3657,5
CA3657,6
CA3657,7
CA3658,1
CA3658,2
CA3658,3
CA3658,4
CA3658,5
CA3658,6
CA3658,7
CA3659,1
CA3659,2
CA3659,3
CA3659,4
CA3659,5
CA3659,6
CA3659,7
CA3660,1
CA3660,2
CA3660,3
CA3660,4
CA3660,5
CA3660,6
CA3660,7
CA3663,1
CA3663,2
CA3663,3
CA3663,4
CA3663,5
CA3663,6
CA3663,7
CA3664,1
CA3664,2
CA3664,3
CA3664,4
CA3664,5
CA3664,6
CA3664,7
CA3665,1
CA3665,2
CA3665,3
CA3665,4
CA3665,5
CA3665,6
CA3665,7
CA3666,1
CA3666,2
CA3666,3
CA3666,4
CA3666,5
CA3666,6
CA3666,7
CA3669,1
CA3669,2
CA3669,3
CA3669,4
CA3669,5
CA3669,6
CA3669,7
CA3670,1
CA3670,2
CA3670,3
CA3670,4
CA3670,5
CA3670,6
CA3670,7
CA3671,1
CA3671,2
CA3671,3
CA3671,4
CA3671,5
CA3671,6
CA3671,7
CA3672,1
CA3672,2
CA3672,3
CA3672,4
CA3672,5
CA3672,6
CA3672,7
CA3673,1
CA3673,2
CA3673,3
CA3673,4
CA3673,5
CA3673,6
CA3673,7
CA3674,1
CA3674,2
CA3674,3
CA3674,4
CA3674,5
CA3674,6
CA3674,7
CA3677,1
CA3677,2
CA3677,3
CA3677,4
CA3677,5
CA3677,6
CA3677,7
CA3678,1
CA3678,2
CA3678,3
CA3678,4
CA3678,5
CA3678,6
CA3678,7
CA3679,1
CA3679,2
CA3679,3
CA3679,4
CA3679,5
CA3679,6
CA3679,7
CA3680,1
CA3680,2
CA3680,3
CA3680,4
CA3680,5
CA3680,6
CA3680,7
CA3681,1
CA3681,2
CA3681,3
CA3681,4
CA3681,5
CA3681,6
CA3681,7
CA3682,1
CA3682,2
CA3682,3
CA3682,4
CA3682,5
CA3682,6
CA3682,7
CA3683,1
CA3683,2
CA3683,3
CA3683,4
CA3683,5
CA3683,6
CA3683,7
CA3684,1
CA3684,2
CA3684,3
CA3684,4
CA3684,5
CA3684,6
CA3684,7
CA3685,1
CA3685,2
CA3685,3
CA3685,4
CA3685,5
CA3685,6
CA3685,7
CA3686,1
CA3686,2
CA3686,3
CA3686,4
CA3686,5
CA3686,6
CA3686,7
CA3687,1
CA3687,2
CA3687,3
CA3687,4
CA3687,5
CA3687,6
CA3687,7
CA3688,1
CA3688,2
CA3688,3
CA3688,4
CA3688,5
CA3688,6
CA3688,7
CA3689,1
CA3689,2
CA3689,3
CA3689,4
CA3689,5
CA3689,6
CA3689,7
CA3691,1
CA3691,2
CA3691,3
CA3691,4
CA3691,5
CA3691,6
CA3691,7
CA3692,1
CA3692,2
CA3692,3
CA3692,4
CA3692,5
CA3692,6
CA3692,7
CA3693,1
CA3693,2
CA3693,3
CA3693,4
CA3693,5
CA3693,6
CA3693,7
CA3694,1
CA3694,2
CA3694,3
CA3694,4
CA3694,5
CA3694,6
CA3694,7
CA3695,1
CA3695,2
CA3695,3
CA3695,4
CA3695,5
CA3695,6
CA3695,7
CA3696,1
CA3696,2
CA3696,3
CA3696,4
CA3696,5
CA3696,6
CA3696,7
CA3697,1
CA3697,2
CA3697,3
CA3697,4
CA3697,5
CA3697,6
CA3697,7
CA3698,1
CA3698,2
CA3698,3
CA3698,4
CA3698,5
CA3698,6
CA3698,7
CA3699,1
CA3699,2
CA3699,3
CA3699,4
CA3699,5
CA3699,6
CA3699,7
CA3700,1
CA3700,2
CA3700,3
CA3700,4
CA3700,5
CA3700,6
CA3700,7
CA3701,1
CA3701,2
CA3701,3
CA3701,4
CA3701,5
CA3701,6
CA3701,7
CA3702,1
CA3702,2
CA3702,3
CA3702,4
CA3702,5
CA3702,6
CA3702,7
CA3703,1
CA3703,2
CA3703,3
CA3703,4
CA3703,5
CA3703,6
CA3703,7
CA3704,1
CA3704,2
CA3704,3
CA3704,4
CA3704,5
CA3704,6
CA3704,7
CA3705,1
CA3705,2
CA3705,3
CA3705,4
CA3705,5
CA3705,6
CA3705,7
CA3706,1
CA3706,2
CA3706,3
CA3706,4
CA3706,5
CA3706,6
CA3706,7
CA3707,1
CA3707,2
CA3707,3
CA3707,4
CA3707,5
CA3707,6
CA3707,7
CA3708,1
CA3708,2
CA3708,3
CA3708,4
CA3708,5
CA3708,6
CA3708,7
CA3709,1
CA3709,2
CA3709,3
CA3709,4
CA3709,5
CA3709,6
CA3709,7
CA3710,1
CA3710,2
CA3710,3
CA3710,4
CA3710,5
CA3710,6
CA3710,7
CA3713,1
CA3713,2
CA3713,3
CA3713,4
CA3713,5
CA3713,6
CA3713,7
CA3714,1
CA3714,2
CA3714,3
CA3714,4
CA3714,5
CA3714,6
CA3714,7
CA3715,1
CA3715,2
CA3715,3
CA3715,4
CA3715,5
CA3715,6
CA3715,7
CA3716,1
CA3716,2
CA3716,3
CA3716,4
CA3716,5
CA3716,6
CA3716,7
CA3717,1
CA3717,2
CA3717,3
CA3717,4
CA3717,5
CA3717,6
CA3717,7
CA3718,1
CA3718,2
CA3718,3
CA3718,4
CA3718,5
CA3718,6
CA3718,7
CA3719,1
CA3719,2
CA3719,3
CA3719,4
CA3719,5
CA3719,6
CA3719,7
CA3720,1
CA3720,2
CA3720,3
CA3720,4
CA3720,5
CA3720,6
CA3720,7
CA3721,1
CA3721,2
CA3721,3
CA3721,4
CA3721,5
CA3721,6
CA3721,7
CA3722,1
CA3722,2
CA3722,3
CA3722,4
CA3722,5
CA3722,6
CA3722,7
CA3723,1
CA3723,2
CA3723,3
CA3723,4
CA3723,5
CA3723,6
CA3723,7
CA3724,1
CA3724,2
CA3724,3
CA3724,4
CA3724,5
CA3724,6
CA3724,7
CA3725,1
CA3725,2
CA3725,3
CA3725,4
CA3725,5
CA3725,6
CA3725,7
CA3726,1
CA3726,2
CA3726,3
CA3726,4
CA3726,5
CA3726,6
CA3726,7
CA3727,1
CA3727,2
CA3727,3
CA3727,4
CA3727,5
CA3727,6
CA3727,7
CA3728,1
CA3728,2
CA3728,3
CA3728,4
CA3728,5
CA3728,6
CA3728,7
CA3731,1
CA3731,2
CA3731,3
CA3731,4
CA3731,5
CA3731,6
CA3731,7
CA3732,1
CA3732,2
CA3732,3
CA3732,4
CA3732,5
CA3732,6
CA3732,7
CA3733,1
CA3733,2
CA3733,3
CA3733,4
CA3733,5
CA3733,6
CA3733,7
CA3734,1
CA3734,2
CA3734,3
CA3734,4
CA3734,5
CA3734,6
CA3734,7
CA3735,1
CA3735,2
CA3735,3
CA3735,4
CA3735,5
CA3735,6
CA3735,7
CA3736,1
CA3736,2
CA3736,3
CA3736,4
CA3736,5
CA3736,6
CA3736,7
CA3737,1
CA3737,2
CA3737,3
CA3737,4
CA3737,5
CA3737,6
CA3737,7
CA3738,1
CA3738,2
CA3738,3
CA3738,4
CA3738,5
CA3738,6
CA3738,7
CA3740,1
CA3740,2
CA3740,3
CA3740,4
CA3740,5
CA3740,6
CA3740,7
CA3741,1
CA3741,2
CA3741,3
CA3741,4
CA3741,5
CA3741,6
CA3741,7
CA3742,1
CA3742,2
CA3742,3
CA3742,4
CA3742,5
CA3742,6
CA3742,7
CA3747,1
CA3747,2
CA3747,3
CA3747,4
CA3747,5
CA3747,6
CA3747,7
CA3748,1
CA3748,2
CA3748,3
CA3748,4
CA3748,5
CA3748,6
CA3748,7
CA3751,1
CA3751,2
CA3751,3
CA3751,4
CA3751,5
CA3751,6
CA3751,7
CA3752,1
CA3752,2
CA3752,3
CA3752,4
CA3752,5
CA3752,6
CA3752,7
CA3753,1
CA3753,2
CA3753,3
CA3753,4
CA3753,5
CA3753,6
CA3753,7
CA3754,1
CA3754,2
CA3754,3
CA3754,4
CA3754,5
CA3754,6
CA3754,7
CA3755,1
CA3755,2
CA3755,3
CA3755,4
CA3755,5
CA3755,6
CA3755,7
CA3756,1
CA3756,2
CA3756,3
CA3756,4
CA3756,5
CA3756,6
CA3756,7
CA3757,1
CA3757,2
CA3757,3
CA3757,4
CA3757,5
CA3757,6
CA3757,7
CA3758,1
CA3758,2
CA3758,3
CA3758,4
CA3758,5
CA3758,6
CA3758,7
CA3761,1
CA3761,2
CA3761,3
CA3761,4
CA3761,5
CA3761,6
CA3761,7
CA3762,1
CA3762,2
CA3762,3
CA3762,4
CA3762,5
CA3762,6
CA3762,7
CA3763,1
CA3763,2
CA3763,3
CA3763,4
CA3763,5
CA3763,6
CA3763,7
CA3764,1
CA3764,2
CA3764,3
CA3764,4
CA3764,5
CA3764,6
CA3764,7
CA3765,1
CA3765,2
CA3765,3
CA3765,4
CA3765,5
CA3765,6
CA3765,7
CA3766,1
CA3766,2
CA3766,3
CA3766,4
CA3766,5
CA3766,6
CA3766,7
CA3767,1
CA3767,2
CA3767,3
CA3767,4
CA3767,5
CA3767,6
CA3767,7
CA3768,1
CA3768,2
CA3768,3
CA3768,4
CA3768,5
CA3768,6
CA3768,7
CA3773,1
CA3773,2
CA3773,3
CA3773,4
CA3773,5
CA3773,6
CA3773,7
CA3774,1
CA3774,2
CA3774,3
CA3774,4
CA3774,5
CA3774,6
CA3774,7
CA3775,1
CA3775,2
CA3775,3
CA3775,4
CA3775,5
CA3775,6
CA3775,7
CA3776,1
CA3776,2
CA3776,3
CA3776,4
CA3776,5
CA3776,6
CA3776,7
CA3777,1
CA3777,2
CA3777,3
CA3777,4
CA3777,5
CA3777,6
CA3777,7
CA3778,1
CA3778,2
CA3778,3
CA3778,4
CA3778,5
CA3778,6
CA3778,7
CA3785,1
CA3785,2
CA3785,3
CA3785,4
CA3785,5
CA3785,6
CA3785,7
CA3786,1
CA3786,2
CA3786,3
CA3786,4
CA3786,5
CA3786,6
CA3786,7
CA3787,1
CA3787,2
CA3787,3
CA3787,4
CA3787,5
CA3787,6
CA3787,7
CA3788,1
CA3788,2
CA3788,3
CA3788,4
CA3788,5
CA3788,6
CA3788,7
CA3791,1
CA3791,2
CA3791,3
CA3791,4
CA3791,5
CA3791,6
CA3791,7
CA3792,1
CA3792,2
CA3792,3
CA3792,4
CA3792,5
CA3792,6
CA3792,7
CA3795,1
CA3795,2
CA3795,3
CA3795,4
CA3795,5
CA3795,6
CA3795,7
CA3797,1
CA3797,2
CA3797,3
CA3797,4
CA3797,5
CA3797,6
CA3797,7
CA3798,1
CA3798,2
CA3798,3
CA3798,4
CA3798,5
CA3798,6
CA3798,7
CA3799,1
CA3799,2
CA3799,3
CA3799,4
CA3799,5
CA3799,6
CA3799,7
CA3800,1
CA3800,2
CA3800,3
CA3800,4
CA3800,5
CA3800,6
CA3800,7
CA3801,1
CA3801,2
CA3801,3
CA3801,4
CA3801,5
CA3801,6
CA3801,7
CA3802,1
CA3802,2
CA3802,3
CA3802,4
CA3802,5
CA3802,6
CA3802,7
CA3803,1
CA3803,2
CA3803,3
CA3803,4
CA3803,5
CA3803,6
CA3803,7
CA3804,1
CA3804,2
CA3804,3
CA3804,4
CA3804,5
CA3804,6
CA3804,7
CA3805,1
CA3805,2
CA3805,3
CA3805,4
CA3805,5
CA3805,6
CA3805,7
CA3806,1
CA3806,2
CA3806,3
CA3806,4
CA3806,5
CA3806,6
CA3806,7
CA3807,1
CA3807,2
CA3807,3
CA3807,4
CA3807,5
CA3807,6
CA3807,7
CA3808,1
CA3808,2
CA3808,3
CA3808,4
CA3808,5
CA3808,6
CA3808,7
CA3811,1
CA3811,2
CA3811,3
CA3811,4
CA3811,5
CA3811,6
CA3811,7
CA3812,1
CA3812,2
CA3812,3
CA3812,4
CA3812,5
CA3812,6
CA3812,7
CA3813,1
CA3813,2
CA3813,3
CA3813,4
CA3813,5
CA3813,6
CA3813,7
CA3814,1
CA3814,2
CA3814,3
CA3814,4
CA3814,5
CA3814,6
CA3814,7
CA3815,1
CA3815,2
CA3815,3
CA3815,4
CA3815,5
CA3815,6
CA3815,7
CA3816,1
CA3816,2
CA3816,3
CA3816,4
CA3816,5
CA3816,6
CA3816,7
CA3817,1
CA3817,2
CA3817,3
CA3817,4
CA3817,5
CA3817,6
CA3817,7
CA3818,1
CA3818,2
CA3818,3
CA3818,4
CA3818,5
CA3818,6
CA3818,7
CA3824,1
CA3824,2
CA3824,3
CA3824,4
CA3824,5
CA3824,6
CA3824,7
CA3825,1
CA3825,2
CA3825,3
CA3825,4
CA3825,5
CA3825,6
CA3825,7
CA3826,1
CA3826,2
CA3826,3
CA3826,4
CA3826,5
CA3826,6
CA3826,7
CA3829,1
CA3829,2
CA3829,3
CA3829,4
CA3829,5
CA3829,6
CA3829,7
CA3830,1
CA3830,2
CA3830,3
CA3830,4
CA3830,5
CA3830,6
CA3830,7
CA3831,1
CA3831,2
CA3831,3
CA3831,4
CA3831,5
CA3831,6
CA3831,7
CA3832,1
CA3832,2
CA3832,3
CA3832,4
CA3832,5
CA3832,6
CA3832,7
CA3835,1
CA3835,2
CA3835,3
CA3835,4
CA3835,5
CA3835,6
CA3835,7
CA3836,1
CA3836,2
CA3836,3
CA3836,4
CA3836,5
CA3836,6
CA3836,7
CA3841,1
CA3841,2
CA3841,3
CA3841,4
CA3841,5
CA3841,6
CA3841,7
CA3842,1
CA3842,2
CA3842,3
CA3842,4
CA3842,5
CA3842,6
CA3842,7
CA3845,1
CA3845,2
CA3845,3
CA3845,4
CA3845,5
CA3845,6
CA3845,7
CA3846,1
CA3846,2
CA3846,3
CA3846,4
CA3846,5
CA3846,6
CA3846,7
CA3847,1
CA3847,2
CA3847,3
CA3847,4
CA3847,5
CA3847,6
CA3847,7
CA3848,1
CA3848,2
CA3848,3
CA3848,4
CA3848,5
CA3848,6
CA3848,7
CA3851,1
CA3851,2
CA3851,3
CA3851,4
CA3851,5
CA3851,6
CA3851,7
CA3852,1
CA3852,2
CA3852,3
CA3852,4
CA3852,5
CA3852,6
CA3852,7
CA3853,1
CA3853,2
CA3853,3
CA3853,4
CA3853,5
CA3853,6
CA3853,7
CA3854,1
CA3854,2
CA3854,3
CA3854,4
CA3854,5
CA3854,6
CA3854,7
CA3855,1
CA3855,2
CA3855,3
CA3855,4
CA3855,5
CA3855,6
CA3855,7
CA3857,1
CA3857,2
CA3857,3
CA3857,4
CA3857,5
CA3857,6
CA3857,7
CA3858,1
CA3858,2
CA3858,3
CA3858,4
CA3858,5
CA3858,6
CA3858,7
CA3863,1
CA3863,2
CA3863,3
CA3863,4
CA3863,5
CA3863,6
CA3863,7
CA3864,1
CA3864,2
CA3864,3
CA3864,4
CA3864,5
CA3864,6
CA3864,7
CA3867,1
CA3867,2
CA3867,3
CA3867,4
CA3867,5
CA3867,6
CA3867,7
CA3868,1
CA3868,2
CA3868,3
CA3868,4
CA3868,5
CA3868,6
CA3868,7
CA3869,1
CA3869,2
CA3869,3
CA3869,4
CA3869,5
CA3869,6
CA3869,7
CA3870,1
CA3870,2
CA3870,3
CA3870,4
CA3870,5
CA3870,6
CA3870,7
CA3873,1
CA3873,2
CA3873,3
CA3873,4
CA3873,5
CA3873,6
CA3873,7
CA3874,1
CA3874,2
CA3874,3
CA3874,4
CA3874,5
CA3874,6
CA3874,7
CA3877,1
CA3877,2
CA3877,3
CA3877,4
CA3877,5
CA3877,6
CA3877,7
CA3878,1
CA3878,2
CA3878,3
CA3878,4
CA3878,5
CA3878,6
CA3878,7
CA3879,1
CA3879,2
CA3879,3
CA3879,4
CA3879,5
CA3879,6
CA3879,7
CA3880,1
CA3880,2
CA3880,3
CA3880,4
CA3880,5
CA3880,6
CA3880,7
CA3883,1
CA3883,2
CA3883,3
CA3883,4
CA3883,5
CA3883,6
CA3883,7
CA3884,1
CA3884,2
CA3884,3
CA3884,4
CA3884,5
CA3884,6
CA3884,7
CA3885,1
CA3885,2
CA3885,3
CA3885,4
CA3885,5
CA3885,6
CA3885,7
CA3886,1
CA3886,2
CA3886,3
CA3886,4
CA3886,5
CA3886,6
CA3886,7
CA3887,1
CA3887,2
CA3887,3
CA3887,4
CA3887,5
CA3887,6
CA3887,7
CA3888,1
CA3888,2
CA3888,3
CA3888,4
CA3888,5
CA3888,6
CA3888,7
CA3893,1
CA3893,2
CA3893,3
CA3893,4
CA3893,5
CA3893,6
CA3893,7
CA3894,1
CA3894,2
CA3894,3
CA3894,4
CA3894,5
CA3894,6
CA3894,7
CA3895,1
CA3895,2
CA3895,3
CA3895,4
CA3895,5
CA3895,6
CA3895,7
CA3896,1
CA3896,2
CA3896,3
CA3896,4
CA3896,5
CA3896,6
CA3896,7
CA3897,1
CA3897,2
CA3897,3
CA3897,4
CA3897,5
CA3897,6
CA3897,7
CA3898,1
CA3898,2
CA3898,3
CA3898,4
CA3898,5
CA3898,6
CA3898,7
CA3899,1
CA3899,2
CA3899,3
CA3899,4
CA3899,5
CA3899,6
CA3899,7
CA3900,1
CA3900,2
CA3900,3
CA3900,4
CA3900,5
CA3900,6
CA3900,7
CA3904,1
CA3904,2
CA3904,3
CA3904,4
CA3904,5
CA3904,6
CA3904,7
CA3905,1
CA3905,2
CA3905,3
CA3905,4
CA3905,5
CA3905,6
CA3905,7
CA3906,1
CA3906,2
CA3906,3
CA3906,4
CA3906,5
CA3906,6
CA3906,7
CA3908,1
CA3908,2
CA3908,3
CA3908,4
CA3908,5
CA3908,6
CA3908,7
CA3909,1
CA3909,2
CA3909,3
CA3909,4
CA3909,5
CA3909,6
CA3909,7
CA3910,1
CA3910,2
CA3910,3
CA3910,4
CA3910,5
CA3910,6
CA3910,7
CA3911,1
CA3911,2
CA3911,3
CA3911,4
CA3911,5
CA3911,6
CA3911,7
CA3912,1
CA3912,2
CA3912,3
CA3912,4
CA3912,5
CA3912,6
CA3912,7
CA3915,1
CA3915,2
CA3915,3
CA3915,4
CA3915,5
CA3915,6
CA3915,7
CA3921,1
CA3921,2
CA3921,3
CA3921,4
CA3921,5
CA3921,6
CA3921,7
CA3922,1
CA3922,2
CA3922,3
CA3922,4
CA3922,5
CA3922,6
CA3922,7
CA3923,1
CA3923,2
CA3923,3
CA3923,4
CA3923,5
CA3923,6
CA3923,7
CA3924,1
CA3924,2
CA3924,3
CA3924,4
CA3924,5
CA3924,6
CA3924,7
CA3925,1
CA3925,2
CA3925,3
CA3925,4
CA3925,5
CA3925,6
CA3925,7
CA3926,1
CA3926,2
CA3926,3
CA3926,4
CA3926,5
CA3926,6
CA3926,7
CA3927,1
CA3927,2
CA3927,3
CA3927,4
CA3927,5
CA3927,6
CA3927,7
CA3928,1
CA3928,2
CA3928,3
CA3928,4
CA3928,5
CA3928,6
CA3928,7
CA3929,1
CA3929,2
CA3929,3
CA3929,4
CA3929,5
CA3929,6
CA3929,7
CA3930,1
CA3930,2
CA3930,3
CA3930,4
CA3930,5
CA3930,6
CA3930,7
CA3931,1
CA3931,2
CA3931,3
CA3931,4
CA3931,5
CA3931,6
CA3931,7
CA3932,1
CA3932,2
CA3932,3
CA3932,4
CA3932,5
CA3932,6
CA3932,7
CA3933,1
CA3933,2
CA3933,3
CA3933,4
CA3933,5
CA3933,6
CA3933,7
CA3934,1
CA3934,2
CA3934,3
CA3934,4
CA3934,5
CA3934,6
CA3934,7
CA3937,1
CA3937,2
CA3937,3
CA3937,4
CA3937,5
CA3937,6
CA3937,7
CA3938,1
CA3938,2
CA3938,3
CA3938,4
CA3938,5
CA3938,6
CA3938,7
CA3939,1
CA3939,2
CA3939,3
CA3939,4
CA3939,5
CA3939,6
CA3939,7
CA3940,1
CA3940,2
CA3940,3
CA3940,4
CA3940,5
CA3940,6
CA3940,7
CA3941,1
CA3941,2
CA3941,3
CA3941,4
CA3941,5
CA3941,6
CA3941,7
CA3943,1
CA3943,2
CA3943,3
CA3943,4
CA3943,5
CA3943,6
CA3943,7
CA3944,1
CA3944,2
CA3944,3
CA3944,4
CA3944,5
CA3944,6
CA3944,7
CA3945,1
CA3945,2
CA3945,3
CA3945,4
CA3945,5
CA3945,6
CA3945,7
CA3946,1
CA3946,2
CA3946,3
CA3946,4
CA3946,5
CA3946,6
CA3946,7
CA3947,1
CA3947,2
CA3947,3
CA3947,4
CA3947,5
CA3947,6
CA3947,7
CA3948,1
CA3948,2
CA3948,3
CA3948,4
CA3948,5
CA3948,6
CA3948,7
CA3949,1
CA3949,2
CA3949,3
CA3949,4
CA3949,5
CA3949,6
CA3949,7
CA3951,1
CA3951,2
CA3951,3
CA3951,4
CA3951,5
CA3951,6
CA3951,7
CA3952,1
CA3952,2
CA3952,3
CA3952,4
CA3952,5
CA3952,6
CA3952,7
CA3953,1
CA3953,2
CA3953,3
CA3953,4
CA3953,5
CA3953,6
CA3953,7
CA3954,1
CA3954,2
CA3954,3
CA3954,4
CA3954,5
CA3954,6
CA3954,7
CA3955,1
CA3955,2
CA3955,3
CA3955,4
CA3955,5
CA3955,6
CA3955,7
CA3956,1
CA3956,2
CA3956,3
CA3956,4
CA3956,5
CA3956,6
CA3956,7
CA3957,1
CA3957,2
CA3957,3
CA3957,4
CA3957,5
CA3957,6
CA3957,7
CA3958,1
CA3958,2
CA3958,3
CA3958,4
CA3958,5
CA3958,6
CA3958,7
CA3959,1
CA3959,2
CA3959,3
CA3959,4
CA3959,5
CA3959,6
CA3959,7
CA3960,1
CA3960,2
CA3960,3
CA3960,4
CA3960,5
CA3960,6
CA3960,7
CA3961,1
CA3961,2
CA3961,3
CA3961,4
CA3961,5
CA3961,6
CA3961,7
CA3962,1
CA3962,2
CA3962,3
CA3962,4
CA3962,5
CA3962,6
CA3962,7
CA3963,1
CA3963,2
CA3963,3
CA3963,4
CA3963,5
CA3963,6
CA3963,7
CA3964,1
CA3964,2
CA3964,3
CA3964,4
CA3964,5
CA3964,6
CA3964,7
CA3965,1
CA3965,2
CA3965,3
CA3965,4
CA3965,5
CA3965,6
CA3965,7
CA3966,1
CA3966,2
CA3966,3
CA3966,4
CA3966,5
CA3966,6
CA3966,7
CA3967,1
CA3967,2
CA3967,3
CA3967,4
CA3967,5
CA3967,6
CA3967,7
CA3968,1
CA3968,2
CA3968,3
CA3968,4
CA3968,5
CA3968,6
CA3968,7
CA3969,1
CA3969,2
CA3969,3
CA3969,4
CA3969,5
CA3969,6
CA3969,7
CA3970,1
CA3970,2
CA3970,3
CA3970,4
CA3970,5
CA3970,6
CA3970,7
CA3971,1
CA3971,2
CA3971,3
CA3971,4
CA3971,5
CA3971,6
CA3971,7
CA3972,1
CA3972,2
CA3972,3
CA3972,4
CA3972,5
CA3972,6
CA3972,7
CA3973,1
CA3973,2
CA3973,3
CA3973,4
CA3973,5
CA3973,6
CA3973,7
CA3974,1
CA3974,2
CA3974,3
CA3974,4
CA3974,5
CA3974,6
CA3974,7
CA3977,1
CA3977,2
CA3977,3
CA3977,4
CA3977,5
CA3977,6
CA3977,7
CA3978,1
CA3978,2
CA3978,3
CA3978,4
CA3978,5
CA3978,6
CA3978,7
CA3979,1
CA3979,2
CA3979,3
CA3979,4
CA3979,5
CA3979,6
CA3979,7
CA3980,1
CA3980,2
CA3980,3
CA3980,4
CA3980,5
CA3980,6
CA3980,7
CA3981,1
CA3981,2
CA3981,3
CA3981,4
CA3981,5
CA3981,6
CA3981,7
CA3982,1
CA3982,2
CA3982,3
CA3982,4
CA3982,5
CA3982,6
CA3982,7
CA3983,1
CA3983,2
CA3983,3
CA3983,4
CA3983,5
CA3983,6
CA3983,7
CA3984,1
CA3984,2
CA3984,3
CA3984,4
CA3984,5
CA3984,6
CA3984,7
CA3985,1
CA3985,2
CA3985,3
CA3985,4
CA3985,5
CA3985,6
CA3985,7
CA3986,1
CA3986,2
CA3986,3
CA3986,4
CA3986,5
CA3986,6
CA3986,7
CA3989,1
CA3989,2
CA3989,3
CA3989,4
CA3989,5
CA3989,6
CA3989,7
CA3990,1
CA3990,2
CA3990,3
CA3990,4
CA3990,5
CA3990,6
CA3990,7
CA3991,1
CA3991,2
CA3991,3
CA3991,4
CA3991,5
CA3991,6
CA3991,7
CA3992,1
CA3992,2
CA3992,3
CA3992,4
CA3992,5
CA3992,6
CA3992,7
CA3993,1
CA3993,2
CA3993,3
CA3993,4
CA3993,5
CA3993,6
CA3993,7
CA3994,1
CA3994,2
CA3994,3
CA3994,4
CA3994,5
CA3994,6
CA3994,7
CA3995,1
CA3995,2
CA3995,3
CA3995,4
CA3995,5
CA3995,6
CA3995,7
CA3996,1
CA3996,2
CA3996,3
CA3996,4
CA3996,5
CA3996,6
CA3996,7
CA3997,1
CA3997,2
CA3997,3
CA3997,4
CA3997,5
CA3997,6
CA3997,7
CA3998,1
CA3998,2
CA3998,3
CA3998,4
CA3998,5
CA3998,6
CA3998,7
CA3999,1
CA3999,2
CA3999,3
CA3999,4
CA3999,5
CA3999,6
CA3999,7
CA4000,1
CA4000,2
CA4000,3
CA4000,4
CA4000,5
CA4000,6
CA4000,7
CA4001,1
CA4001,2
CA4001,3
CA4001,4
CA4001,5
CA4001,6
CA4001,7
CA4006,1
CA4006,2
CA4006,3
CA4006,4
CA4006,5
CA4006,6
CA4006,7
CA4011,1
CA4011,2
CA4011,3
CA4011,4
CA4011,5
CA4011,6
CA4011,7
CA4012,1
CA4012,2
CA4012,3
CA4012,4
CA4012,5
CA4012,6
CA4012,7
CA4013,1
CA4013,2
CA4013,3
CA4013,4
CA4013,5
CA4013,6
CA4013,7
CA4014,1
CA4014,2
CA4014,3
CA4014,4
CA4014,5
CA4014,6
CA4014,7
CA4015,1
CA4015,2
CA4015,3
CA4015,4
CA4015,5
CA4015,6
CA4015,7
CA4016,1
CA4016,2
CA4016,3
CA4016,4
CA4016,5
CA4016,6
CA4016,7
CA4031,1
CA4031,2
CA4031,3
CA4031,4
CA4031,5
CA4031,6
CA4031,7
CA4032,1
CA4032,2
CA4032,3
CA4032,4
CA4032,5
CA4032,6
CA4032,7
CA4035,1
CA4035,2
CA4035,3
CA4035,4
CA4035,5
CA4035,6
CA4035,7
CA4036,1
CA4036,2
CA4036,3
CA4036,4
CA4036,5
CA4036,6
CA4036,7
CA4037,1
CA4037,2
CA4037,3
CA4037,4
CA4037,5
CA4037,6
CA4037,7
CA4038,1
CA4038,2
CA4038,3
CA4038,4
CA4038,5
CA4038,6
CA4038,7
CA4043,1
CA4043,2
CA4043,3
CA4043,4
CA4043,5
CA4043,6
CA4043,7
CA4044,1
CA4044,2
CA4044,3
CA4044,4
CA4044,5
CA4044,6
CA4044,7
CA4046,1
CA4046,2
CA4046,3
CA4046,4
CA4046,5
CA4046,6
CA4046,7
CA4049,1
CA4049,2
CA4049,3
CA4049,4
CA4049,5
CA4049,6
CA4049,7
CA4050,1
CA4050,2
CA4050,3
CA4050,4
CA4050,5
CA4050,6
CA4050,7
CA4061,1
CA4061,2
CA4061,3
CA4061,4
CA4061,5
CA4061,6
CA4061,7
CA4062,1
CA4062,2
CA4062,3
CA4062,4
CA4062,5
CA4062,6
CA4062,7
CA4069,1
CA4069,2
CA4069,3
CA4069,4
CA4069,5
CA4069,6
CA4069,7
CA4070,1
CA4070,2
CA4070,3
CA4070,4
CA4070,5
CA4070,6
CA4070,7
CA4101,1
CA4101,2
CA4101,3
CA4101,4
CA4101,5
CA4101,6
CA4101,7
CA4102,1
CA4102,2
CA4102,3
CA4102,4
CA4102,5
CA4102,6
CA4102,7
CA4103,1
CA4103,2
CA4103,3
CA4103,4
CA4103,5
CA4103,6
CA4103,7
CA4104,1
CA4104,2
CA4104,3
CA4104,4
CA4104,5
CA4104,6
CA4104,7
CA4105,1
CA4105,2
CA4105,3
CA4105,4
CA4105,5
CA4105,6
CA4105,7
CA4106,1
CA4106,2
CA4106,3
CA4106,4
CA4106,5
CA4106,6
CA4106,7
CA4107,1
CA4107,2
CA4107,3
CA4107,4
CA4107,5
CA4107,6
CA4107,7
CA4108,1
CA4108,2
CA4108,3
CA4108,4
CA4108,5
CA4108,6
CA4108,7
CA4109,1
CA4109,2
CA4109,3
CA4109,4
CA4109,5
CA4109,6
CA4109,7
CA4110,1
CA4110,2
CA4110,3
CA4110,4
CA4110,5
CA4110,6
CA4110,7
CA4113,1
CA4113,2
CA4113,3
CA4113,4
CA4113,5
CA4113,6
CA4113,7
CA4114,1
CA4114,2
CA4114,3
CA4114,4
CA4114,5
CA4114,6
CA4114,7
CA4115,1
CA4115,2
CA4115,3
CA4115,4
CA4115,5
CA4115,6
CA4115,7
CA4116,1
CA4116,2
CA4116,3
CA4116,4
CA4116,5
CA4116,6
CA4116,7
CA4117,1
CA4117,2
CA4117,3
CA4117,4
CA4117,5
CA4117,6
CA4117,7
CA4118,1
CA4118,2
CA4118,3
CA4118,4
CA4118,5
CA4118,6
CA4118,7
CA4119,1
CA4119,2
CA4119,3
CA4119,4
CA4119,5
CA4119,6
CA4119,7
CA4120,1
CA4120,2
CA4120,3
CA4120,4
CA4120,5
CA4120,6
CA4120,7
CA4123,1
CA4123,2
CA4123,3
CA4123,4
CA4123,5
CA4123,6
CA4123,7
CA4124,1
CA4124,2
CA4124,3
CA4124,4
CA4124,5
CA4124,6
CA4124,7
CA4125,1
CA4125,2
CA4125,3
CA4125,4
CA4125,5
CA4125,6
CA4125,7
CA4126,1
CA4126,2
CA4126,3
CA4126,4
CA4126,5
CA4126,6
CA4126,7
CA4127,1
CA4127,2
CA4127,3
CA4127,4
CA4127,5
CA4127,6
CA4127,7
CA4128,1
CA4128,2
CA4128,3
CA4128,4
CA4128,5
CA4128,6
CA4128,7
CA4131,1
CA4131,2
CA4131,3
CA4131,4
CA4131,5
CA4131,6
CA4131,7
CA4132,1
CA4132,2
CA4132,3
CA4132,4
CA4132,5
CA4132,6
CA4132,7
CA4135,1
CA4135,2
CA4135,3
CA4135,4
CA4135,5
CA4135,6
CA4135,7
CA4136,1
CA4136,2
CA4136,3
CA4136,4
CA4136,5
CA4136,6
CA4136,7
CA4137,1
CA4137,2
CA4137,3
CA4137,4
CA4137,5
CA4137,6
CA4137,7
CA4138,1
CA4138,2
CA4138,3
CA4138,4
CA4138,5
CA4138,6
CA4138,7
CA4141,1
CA4141,2
CA4141,3
CA4141,4
CA4141,5
CA4141,6
CA4141,7
CA4142,1
CA4142,2
CA4142,3
CA4142,4
CA4142,5
CA4142,6
CA4142,7
CA4143,1
CA4143,2
CA4143,3
CA4143,4
CA4143,5
CA4143,6
CA4143,7
CA4144,1
CA4144,2
CA4144,3
CA4144,4
CA4144,5
CA4144,6
CA4144,7
CA4147,1
CA4147,2
CA4147,3
CA4147,4
CA4147,5
CA4147,6
CA4147,7
CA4148,1
CA4148,2
CA4148,3
CA4148,4
CA4148,5
CA4148,6
CA4148,7
CA4161,1
CA4161,2
CA4161,3
CA4161,4
CA4161,5
CA4161,6
CA4161,7
CA4162,1
CA4162,2
CA4162,3
CA4162,4
CA4162,5
CA4162,6
CA4162,7
CA4163,1
CA4163,2
CA4163,3
CA4163,4
CA4163,5
CA4163,6
CA4163,7
CA4164,1
CA4164,2
CA4164,3
CA4164,4
CA4164,5
CA4164,6
CA4164,7
CA4165,1
CA4165,2
CA4165,3
CA4165,4
CA4165,5
CA4165,6
CA4165,7
CA4172,1
CA4172,2
CA4172,3
CA4172,4
CA4172,5
CA4172,6
CA4172,7
CA4173,1
CA4173,2
CA4173,3
CA4173,4
CA4173,5
CA4173,6
CA4173,7
CA4181,1
CA4181,2
CA4181,3
CA4181,4
CA4181,5
CA4181,6
CA4181,7
CA4182,1
CA4182,2
CA4182,3
CA4182,4
CA4182,5
CA4182,6
CA4182,7
CA4183,1
CA4183,2
CA4183,3
CA4183,4
CA4183,5
CA4183,6
CA4183,7
CA4184,1
CA4184,2
CA4184,3
CA4184,4
CA4184,5
CA4184,6
CA4184,7
CA4185,1
CA4185,2
CA4185,3
CA4185,4
CA4185,5
CA4185,6
CA4185,7
CA4186,1
CA4186,2
CA4186,3
CA4186,4
CA4186,5
CA4186,6
CA4186,7
CA4201,1
CA4201,2
CA4201,3
CA4201,4
CA4201,5
CA4201,6
CA4201,7
CA4202,1
CA4202,2
CA4202,3
CA4202,4
CA4202,5
CA4202,6
CA4202,7
CA4203,1
CA4203,2
CA4203,3
CA4203,4
CA4203,5
CA4203,6
CA4203,7
CA4204,1
CA4204,2
CA4204,3
CA4204,4
CA4204,5
CA4204,6
CA4204,7
CA4207,1
CA4207,2
CA4207,3
CA4207,4
CA4207,5
CA4207,6
CA4207,7
CA4208,1
CA4208,2
CA4208,3
CA4208,4
CA4208,5
CA4208,6
CA4208,7
CA4209,1
CA4209,2
CA4209,3
CA4209,4
CA4209,5
CA4209,6
CA4209,7
CA4210,1
CA4210,2
CA4210,3
CA4210,4
CA4210,5
CA4210,6
CA4210,7
CA4211,1
CA4211,2
CA4211,3
CA4211,4
CA4211,5
CA4211,6
CA4211,7
CA4212,1
CA4212,2
CA4212,3
CA4212,4
CA4212,5
CA4212,6
CA4212,7
CA4216,1
CA4216,2
CA4216,3
CA4216,4
CA4216,5
CA4216,6
CA4216,7
CA4217,1
CA4217,2
CA4217,3
CA4217,4
CA4217,5
CA4217,6
CA4217,7
CA4218,1
CA4218,2
CA4218,3
CA4218,4
CA4218,5
CA4218,6
CA4218,7
CA4223,1
CA4223,2
CA4223,3
CA4223,4
CA4223,5
CA4223,6
CA4223,7
CA4224,1
CA4224,2
CA4224,3
CA4224,4
CA4224,5
CA4224,6
CA4224,7
CA4225,1
CA4225,2
CA4225,3
CA4225,4
CA4225,5
CA4225,6
CA4225,7
CA4226,1
CA4226,2
CA4226,3
CA4226,4
CA4226,5
CA4226,6
CA4226,7
CA4227,1
CA4227,2
CA4227,3
CA4227,4
CA4227,5
CA4227,6
CA4227,7
CA4228,1
CA4228,2
CA4228,3
CA4228,4
CA4228,5
CA4228,6
CA4228,7
CA4229,1
CA4229,2
CA4229,3
CA4229,4
CA4229,5
CA4229,6
CA4229,7
CA4230,1
CA4230,2
CA4230,3
CA4230,4
CA4230,5
CA4230,6
CA4230,7
CA4231,1
CA4231,2
CA4231,3
CA4231,4
CA4231,5
CA4231,6
CA4231,7
CA4232,1
CA4232,2
CA4232,3
CA4232,4
CA4232,5
CA4232,6
CA4232,7
CA4233,1
CA4233,2
CA4233,3
CA4233,4
CA4233,5
CA4233,6
CA4233,7
CA4234,1
CA4234,2
CA4234,3
CA4234,4
CA4234,5
CA4234,6
CA4234,7
CA4235,1
CA4235,2
CA4235,3
CA4235,4
CA4235,5
CA4235,6
CA4235,7
CA4236,1
CA4236,2
CA4236,3
CA4236,4
CA4236,5
CA4236,6
CA4236,7
CA4237,1
CA4237,2
CA4237,3
CA4237,4
CA4237,5
CA4237,6
CA4237,7
CA4238,1
CA4238,2
CA4238,3
CA4238,4
CA4238,5
CA4238,6
CA4238,7
CA4239,1
CA4239,2
CA4239,3
CA4239,4
CA4239,5
CA4239,6
CA4239,7
CA4240,1
CA4240,2
CA4240,3
CA4240,4
CA4240,5
CA4240,6
CA4240,7
CA4255,1
CA4255,2
CA4255,3
CA4255,4
CA4255,5
CA4255,6
CA4255,7
CA4256,1
CA4256,2
CA4256,3
CA4256,4
CA4256,5
CA4256,6
CA4256,7
CA4267,1
CA4267,2
CA4267,3
CA4267,4
CA4267,5
CA4267,6
CA4267,7
CA4268,1
CA4268,2
CA4268,3
CA4268,4
CA4268,5
CA4268,6
CA4268,7
CA4269,1
CA4269,2
CA4269,3
CA4269,4
CA4269,5
CA4269,6
CA4269,7
CA4270,1
CA4270,2
CA4270,3
CA4270,4
CA4270,5
CA4270,6
CA4270,7
CA4281,1
CA4281,2
CA4281,3
CA4281,4
CA4281,5
CA4281,6
CA4281,7
CA4293,1
CA4293,2
CA4293,3
CA4293,4
CA4293,5
CA4293,6
CA4293,7
CA4294,1
CA4294,2
CA4294,3
CA4294,4
CA4294,5
CA4294,6
CA4294,7
CA4297,1
CA4297,2
CA4297,3
CA4297,4
CA4297,5
CA4297,6
CA4297,7
CA4298,1
CA4298,2
CA4298,3
CA4298,4
CA4298,5
CA4298,6
CA4298,7
CA4301,1
CA4301,2
CA4301,3
CA4301,4
CA4301,5
CA4301,6
CA4301,7
CA4302,1
CA4302,2
CA4302,3
CA4302,4
CA4302,5
CA4302,6
CA4302,7
CA4303,1
CA4303,2
CA4303,3
CA4303,4
CA4303,5
CA4303,6
CA4303,7
CA4304,1
CA4304,2
CA4304,3
CA4304,4
CA4304,5
CA4304,6
CA4304,7
CA4305,1
CA4305,2
CA4305,3
CA4305,4
CA4305,5
CA4305,6
CA4305,7
CA4306,1
CA4306,2
CA4306,3
CA4306,4
CA4306,5
CA4306,6
CA4306,7
CA4309,1
CA4309,2
CA4309,3
CA4309,4
CA4309,5
CA4309,6
CA4309,7
CA4310,1
CA4310,2
CA4310,3
CA4310,4
CA4310,5
CA4310,6
CA4310,7
CA4311,1
CA4311,2
CA4311,3
CA4311,4
CA4311,5
CA4311,6
CA4311,7
CA4312,1
CA4312,2
CA4312,3
CA4312,4
CA4312,5
CA4312,6
CA4312,7
CA4313,1
CA4313,2
CA4313,3
CA4313,4
CA4313,5
CA4313,6
CA4313,7
CA4314,1
CA4314,2
CA4314,3
CA4314,4
CA4314,5
CA4314,6
CA4314,7
CA4315,1
CA4315,2
CA4315,3
CA4315,4
CA4315,5
CA4315,6
CA4315,7
CA4316,1
CA4316,2
CA4316,3
CA4316,4
CA4316,5
CA4316,6
CA4316,7
CA4317,1
CA4317,2
CA4317,3
CA4317,4
CA4317,5
CA4317,6
CA4317,7
CA4318,1
CA4318,2
CA4318,3
CA4318,4
CA4318,5
CA4318,6
CA4318,7
CA4319,1
CA4319,2
CA4319,3
CA4319,4
CA4319,5
CA4319,6
CA4319,7
CA4320,1
CA4320,2
CA4320,3
CA4320,4
CA4320,5
CA4320,6
CA4320,7
CA4323,1
CA4323,2
CA4323,3
CA4323,4
CA4323,5
CA4323,6
CA4323,7
CA4325,1
CA4325,2
CA4325,3
CA4325,4
CA4325,5
CA4325,6
CA4325,7
CA4326,1
CA4326,2
CA4326,3
CA4326,4
CA4326,5
CA4326,6
CA4326,7
CA4327,1
CA4327,2
CA4327,3
CA4327,4
CA4327,5
CA4327,6
CA4327,7
CA4328,1
CA4328,2
CA4328,3
CA4328,4
CA4328,5
CA4328,6
CA4328,7
CA4329,1
CA4329,2
CA4329,3
CA4329,4
CA4329,5
CA4329,6
CA4329,7
CA4330,1
CA4330,2
CA4330,3
CA4330,4
CA4330,5
CA4330,6
CA4330,7
CA4333,1
CA4333,2
CA4333,3
CA4333,4
CA4333,5
CA4333,6
CA4333,7
CA4334,1
CA4334,2
CA4334,3
CA4334,4
CA4334,5
CA4334,6
CA4334,7
CA4335,1
CA4335,2
CA4335,3
CA4335,4
CA4335,5
CA4335,6
CA4335,7
CA4336,1
CA4336,2
CA4336,3
CA4336,4
CA4336,5
CA4336,6
CA4336,7
CA4337,1
CA4337,2
CA4337,3
CA4337,4
CA4337,5
CA4337,6
CA4337,7
CA4338,1
CA4338,2
CA4338,3
CA4338,4
CA4338,5
CA4338,6
CA4338,7
CA4339,1
CA4339,2
CA4339,3
CA4339,4
CA4339,5
CA4339,6
CA4339,7
CA4340,1
CA4340,2
CA4340,3
CA4340,4
CA4340,5
CA4340,6
CA4340,7
CA4341,1
CA4341,2
CA4341,3
CA4341,4
CA4341,5
CA4341,6
CA4341,7
CA4342,1
CA4342,2
CA4342,3
CA4342,4
CA4342,5
CA4342,6
CA4342,7
CA4343,1
CA4343,2
CA4343,3
CA4343,4
CA4343,5
CA4343,6
CA4343,7
CA4344,1
CA4344,2
CA4344,3
CA4344,4
CA4344,5
CA4344,6
CA4344,7
CA4345,1
CA4345,2
CA4345,3
CA4345,4
CA4345,5
CA4345,6
CA4345,7
CA4346,1
CA4346,2
CA4346,3
CA4346,4
CA4346,5
CA4346,6
CA4346,7
CA4349,1
CA4349,2
CA4349,3
CA4349,4
CA4349,5
CA4349,6
CA4349,7
CA4350,1
CA4350,2
CA4350,3
CA4350,4
CA4350,5
CA4350,6
CA4350,7
CA4351,1
CA4351,2
CA4351,3
CA4351,4
CA4351,5
CA4351,6
CA4351,7
CA4352,1
CA4352,2
CA4352,3
CA4352,4
CA4352,5
CA4352,6
CA4352,7
CA4353,1
CA4353,2
CA4353,3
CA4353,4
CA4353,5
CA4353,6
CA4353,7
CA4359,1
CA4359,2
CA4359,3
CA4359,4
CA4359,5
CA4359,6
CA4359,7
CA4360,1
CA4360,2
CA4360,3
CA4360,4
CA4360,5
CA4360,6
CA4360,7
CA4361,1
CA4361,2
CA4361,3
CA4361,4
CA4361,5
CA4361,6
CA4361,7
CA4362,1
CA4362,2
CA4362,3
CA4362,4
CA4362,5
CA4362,6
CA4362,7
CA4367,1
CA4367,2
CA4367,3
CA4367,4
CA4367,5
CA4367,6
CA4367,7
CA4368,1
CA4368,2
CA4368,3
CA4368,4
CA4368,5
CA4368,6
CA4368,7
CA4369,1
CA4369,2
CA4369,3
CA4369,4
CA4369,5
CA4369,6
CA4369,7
CA4370,1
CA4370,2
CA4370,3
CA4370,4
CA4370,5
CA4370,6
CA4370,7
CA4371,1
CA4371,2
CA4371,3
CA4371,4
CA4371,5
CA4371,6
CA4371,7
CA4372,1
CA4372,2
CA4372,3
CA4372,4
CA4372,5
CA4372,6
CA4372,7
CA4379,1
CA4379,2
CA4379,3
CA4379,4
CA4379,5
CA4379,6
CA4379,7
CA4380,1
CA4380,2
CA4380,3
CA4380,4
CA4380,5
CA4380,6
CA4380,7
CA4381,1
CA4381,2
CA4381,3
CA4381,4
CA4381,5
CA4381,6
CA4381,7
CA4382,1
CA4382,2
CA4382,3
CA4382,4
CA4382,5
CA4382,6
CA4382,7
CA4391,1
CA4391,2
CA4391,3
CA4391,4
CA4391,5
CA4391,6
CA4391,7
CA4392,1
CA4392,2
CA4392,3
CA4392,4
CA4392,5
CA4392,6
CA4392,7
CA4393,1
CA4393,2
CA4393,3
CA4393,4
CA4393,5
CA4393,6
CA4393,7
CA4394,1
CA4394,2
CA4394,3
CA4394,4
CA4394,5
CA4394,6
CA4394,7
CA4397,1
CA4397,2
CA4397,3
CA4397,4
CA4397,5
CA4397,6
CA4397,7
CA4398,1
CA4398,2
CA4398,3
CA4398,4
CA4398,5
CA4398,6
CA4398,7
CA4399,1
CA4399,2
CA4399,3
CA4399,4
CA4399,5
CA4399,6
CA4399,7
CA4400,1
CA4400,2
CA4400,3
CA4400,4
CA4400,5
CA4400,6
CA4400,7
CA4401,1
CA4401,2
CA4401,3
CA4401,4
CA4401,5
CA4401,6
CA4401,7
CA4402,1
CA4402,2
CA4402,3
CA4402,4
CA4402,5
CA4402,6
CA4402,7
CA4403,1
CA4403,2
CA4403,3
CA4403,4
CA4403,5
CA4403,6
CA4403,7
CA4404,1
CA4404,2
CA4404,3
CA4404,4
CA4404,5
CA4404,6
CA4404,7
CA4405,1
CA4405,2
CA4405,3
CA4405,4
CA4405,5
CA4405,6
CA4405,7
CA4406,1
CA4406,2
CA4406,3
CA4406,4
CA4406,5
CA4406,6
CA4406,7
CA4407,1
CA4407,2
CA4407,3
CA4407,4
CA4407,5
CA4407,6
CA4407,7
CA4408,1
CA4408,2
CA4408,3
CA4408,4
CA4408,5
CA4408,6
CA4408,7
CA4409,1
CA4409,2
CA4409,3
CA4409,4
CA4409,5
CA4409,6
CA4409,7
CA4410,1
CA4410,2
CA4410,3
CA4410,4
CA4410,5
CA4410,6
CA4410,7
CA4411,1
CA4411,2
CA4411,3
CA4411,4
CA4411,5
CA4411,6
CA4411,7
CA4412,1
CA4412,2
CA4412,3
CA4412,4
CA4412,5
CA4412,6
CA4412,7
CA4413,1
CA4413,2
CA4413,3
CA4413,4
CA4413,5
CA4413,6
CA4413,7
CA4414,1
CA4414,2
CA4414,3
CA4414,4
CA4414,5
CA4414,6
CA4414,7
CA4417,1
CA4417,2
CA4417,3
CA4417,4
CA4417,5
CA4417,6
CA4417,7
CA4418,1
CA4418,2
CA4418,3
CA4418,4
CA4418,5
CA4418,6
CA4418,7
CA4423,1
CA4423,2
CA4423,3
CA4423,4
CA4423,5
CA4423,6
CA4423,7
CA4424,1
CA4424,2
CA4424,3
CA4424,4
CA4424,5
CA4424,6
CA4424,7
CA4435,1
CA4435,2
CA4435,3
CA4435,4
CA4435,5
CA4435,6
CA4435,7
CA4436,1
CA4436,2
CA4436,3
CA4436,4
CA4436,5
CA4436,6
CA4436,7
CA4447,1
CA4447,2
CA4447,3
CA4447,4
CA4447,5
CA4447,6
CA4447,7
CA4448,1
CA4448,2
CA4448,3
CA4448,4
CA4448,5
CA4448,6
CA4448,7
CA4461,1
CA4461,2
CA4461,3
CA4461,4
CA4461,5
CA4461,6
CA4461,7
CA4462,1
CA4462,2
CA4462,3
CA4462,4
CA4462,5
CA4462,6
CA4462,7
CA4485,1
CA4485,2
CA4485,3
CA4485,4
CA4485,5
CA4485,6
CA4485,7
CA4486,1
CA4486,2
CA4486,3
CA4486,4
CA4486,5
CA4486,6
CA4486,7
CA4501,1
CA4501,2
CA4501,3
CA4501,4
CA4501,5
CA4501,6
CA4501,7
CA4502,1
CA4502,2
CA4502,3
CA4502,4
CA4502,5
CA4502,6
CA4502,7
CA4504,1
CA4504,2
CA4504,3
CA4504,4
CA4504,5
CA4504,6
CA4504,7
CA4505,1
CA4505,2
CA4505,3
CA4505,4
CA4505,5
CA4505,6
CA4505,7
CA4506,1
CA4506,2
CA4506,3
CA4506,4
CA4506,5
CA4506,6
CA4506,7
CA4507,1
CA4507,2
CA4507,3
CA4507,4
CA4507,5
CA4507,6
CA4507,7
CA4508,1
CA4508,2
CA4508,3
CA4508,4
CA4508,5
CA4508,6
CA4508,7
CA4509,1
CA4509,2
CA4509,3
CA4509,4
CA4509,5
CA4509,6
CA4509,7
CA4510,1
CA4510,2
CA4510,3
CA4510,4
CA4510,5
CA4510,6
CA4510,7
CA4511,1
CA4511,2
CA4511,3
CA4511,4
CA4511,5
CA4511,6
CA4511,7
CA4512,1
CA4512,2
CA4512,3
CA4512,4
CA4512,5
CA4512,6
CA4512,7
CA4513,1
CA4513,2
CA4513,3
CA4513,4
CA4513,5
CA4513,6
CA4513,7
CA4514,1
CA4514,2
CA4514,3
CA4514,4
CA4514,5
CA4514,6
CA4514,7
CA4515,1
CA4515,2
CA4515,3
CA4515,4
CA4515,5
CA4515,6
CA4515,7
CA4516,1
CA4516,2
CA4516,3
CA4516,4
CA4516,5
CA4516,6
CA4516,7
CA4518,1
CA4518,2
CA4518,3
CA4518,4
CA4518,5
CA4518,6
CA4518,7
CA4519,1
CA4519,2
CA4519,3
CA4519,4
CA4519,5
CA4519,6
CA4519,7
CA4520,1
CA4520,2
CA4520,3
CA4520,4
CA4520,5
CA4520,6
CA4520,7
CA4523,1
CA4523,2
CA4523,3
CA4523,4
CA4523,5
CA4523,6
CA4523,7
CA4524,1
CA4524,2
CA4524,3
CA4524,4
CA4524,5
CA4524,6
CA4524,7
CA4525,1
CA4525,2
CA4525,3
CA4525,4
CA4525,5
CA4525,6
CA4525,7
CA4526,1
CA4526,2
CA4526,3
CA4526,4
CA4526,5
CA4526,6
CA4526,7
CA4527,1
CA4527,2
CA4527,3
CA4527,4
CA4527,5
CA4527,6
CA4527,7
CA4528,1
CA4528,2
CA4528,3
CA4528,4
CA4528,5
CA4528,6
CA4528,7
CA4529,1
CA4529,2
CA4529,3
CA4529,4
CA4529,5
CA4529,6
CA4529,7
CA4530,1
CA4530,2
CA4530,3
CA4530,4
CA4530,5
CA4530,6
CA4530,7
CA4531,1
CA4531,2
CA4531,3
CA4531,4
CA4531,5
CA4531,6
CA4531,7
CA4532,1
CA4532,2
CA4532,3
CA4532,4
CA4532,5
CA4532,6
CA4532,7
CA4533,1
CA4533,2
CA4533,3
CA4533,4
CA4533,5
CA4533,6
CA4533,7
CA4534,1
CA4534,2
CA4534,3
CA4534,4
CA4534,5
CA4534,6
CA4534,7
CA4535,1
CA4535,2
CA4535,3
CA4535,4
CA4535,5
CA4535,6
CA4535,7
CA4537,1
CA4537,2
CA4537,3
CA4537,4
CA4537,5
CA4537,6
CA4537,7
CA4538,1
CA4538,2
CA4538,3
CA4538,4
CA4538,5
CA4538,6
CA4538,7
CA4539,1
CA4539,2
CA4539,3
CA4539,4
CA4539,5
CA4539,6
CA4539,7
CA4540,1
CA4540,2
CA4540,3
CA4540,4
CA4540,5
CA4540,6
CA4540,7
CA4541,1
CA4541,2
CA4541,3
CA4541,4
CA4541,5
CA4541,6
CA4541,7
CA4542,1
CA4542,2
CA4542,3
CA4542,4
CA4542,5
CA4542,6
CA4542,7
CA4543,1
CA4543,2
CA4543,3
CA4543,4
CA4543,5
CA4543,6
CA4543,7
CA4544,1
CA4544,2
CA4544,3
CA4544,4
CA4544,5
CA4544,6
CA4544,7
CA4545,1
CA4545,2
CA4545,3
CA4545,4
CA4545,5
CA4545,6
CA4545,7
CA4546,1
CA4546,2
CA4546,3
CA4546,4
CA4546,5
CA4546,6
CA4546,7
CA4547,1
CA4547,2
CA4547,3
CA4547,4
CA4547,5
CA4547,6
CA4547,7
CA4548,1
CA4548,2
CA4548,3
CA4548,4
CA4548,5
CA4548,6
CA4548,7
CA4549,1
CA4549,2
CA4549,3
CA4549,4
CA4549,5
CA4549,6
CA4549,7
CA4550,1
CA4550,2
CA4550,3
CA4550,4
CA4550,5
CA4550,6
CA4550,7
CA4553,1
CA4553,2
CA4553,3
CA4553,4
CA4553,5
CA4553,6
CA4553,7
CA4554,1
CA4554,2
CA4554,3
CA4554,4
CA4554,5
CA4554,6
CA4554,7
CA4555,1
CA4555,2
CA4555,3
CA4555,4
CA4555,5
CA4555,6
CA4555,7
CA4556,1
CA4556,2
CA4556,3
CA4556,4
CA4556,5
CA4556,6
CA4556,7
CA4557,1
CA4557,2
CA4557,3
CA4557,4
CA4557,5
CA4557,6
CA4557,7
CA4559,1
CA4559,2
CA4559,3
CA4559,4
CA4559,5
CA4559,6
CA4559,7
CA4560,1
CA4560,2
CA4560,3
CA4560,4
CA4560,5
CA4560,6
CA4560,7
CA4561,1
CA4561,2
CA4561,3
CA4561,4
CA4561,5
CA4561,6
CA4561,7
CA4562,1
CA4562,2
CA4562,3
CA4562,4
CA4562,5
CA4562,6
CA4562,7
CA4563,1
CA4563,2
CA4563,3
CA4563,4
CA4563,5
CA4563,6
CA4563,7
CA4564,1
CA4564,2
CA4564,3
CA4564,4
CA4564,5
CA4564,6
CA4564,7
CA4567,1
CA4567,2
CA4567,3
CA4567,4
CA4567,5
CA4567,6
CA4567,7
CA4568,1
CA4568,2
CA4568,3
CA4568,4
CA4568,5
CA4568,6
CA4568,7
CA4569,1
CA4569,2
CA4569,3
CA4569,4
CA4569,5
CA4569,6
CA4569,7
CA4570,1
CA4570,2
CA4570,3
CA4570,4
CA4570,5
CA4570,6
CA4570,7
CA4573,1
CA4573,2
CA4573,3
CA4573,4
CA4573,5
CA4573,6
CA4573,7
CA4574,1
CA4574,2
CA4574,3
CA4574,4
CA4574,5
CA4574,6
CA4574,7
CA4575,1
CA4575,2
CA4575,3
CA4575,4
CA4575,5
CA4575,6
CA4575,7
CA4576,1
CA4576,2
CA4576,3
CA4576,4
CA4576,5
CA4576,6
CA4576,7
CA4577,1
CA4577,2
CA4577,3
CA4577,4
CA4577,5
CA4577,6
CA4577,7
CA4578,1
CA4578,2
CA4578,3
CA4578,4
CA4578,5
CA4578,6
CA4578,7
CA4591,1
CA4591,2
CA4591,3
CA4591,4
CA4591,5
CA4591,6
CA4591,7
CA4592,1
CA4592,2
CA4592,3
CA4592,4
CA4592,5
CA4592,6
CA4592,7
CA4593,1
CA4593,2
CA4593,3
CA4593,4
CA4593,5
CA4593,6
CA4593,7
CA4594,1
CA4594,2
CA4594,3
CA4594,4
CA4594,5
CA4594,6
CA4594,7
CA4597,1
CA4597,2
CA4597,3
CA4597,4
CA4597,5
CA4597,6
CA4597,7
CA4598,1
CA4598,2
CA4598,3
CA4598,4
CA4598,5
CA4598,6
CA4598,7
CA4601,1
CA4601,2
CA4601,3
CA4601,4
CA4601,5
CA4601,6
CA4601,7
CA4602,1
CA4602,2
CA4602,3
CA4602,4
CA4602,5
CA4602,6
CA4602,7
CA4603,1
CA4603,2
CA4603,3
CA4603,4
CA4603,5
CA4603,6
CA4603,7
CA4604,1
CA4604,2
CA4604,3
CA4604,4
CA4604,5
CA4604,6
CA4604,7
CA4605,1
CA4605,2
CA4605,3
CA4605,4
CA4605,5
CA4605,6
CA4605,7
CA4606,1
CA4606,2
CA4606,3
CA4606,4
CA4606,5
CA4606,6
CA4606,7
CA4607,1
CA4607,2
CA4607,3
CA4607,4
CA4607,5
CA4607,6
CA4607,7
CA4608,1
CA4608,2
CA4608,3
CA4608,4
CA4608,5
CA4608,6
CA4608,7
CA4609,1
CA4609,2
CA4609,3
CA4609,4
CA4609,5
CA4609,6
CA4609,7
CA4610,1
CA4610,2
CA4610,3
CA4610,4
CA4610,5
CA4610,6
CA4610,7
CA4611,1
CA4611,2
CA4611,3
CA4611,4
CA4611,5
CA4611,6
CA4611,7
CA4612,1
CA4612,2
CA4612,3
CA4612,4
CA4612,5
CA4612,6
CA4612,7
CA4613,1
CA4613,2
CA4613,3
CA4613,4
CA4613,5
CA4613,6
CA4613,7
CA4614,1
CA4614,2
CA4614,3
CA4614,4
CA4614,5
CA4614,6
CA4614,7
CA4615,1
CA4615,2
CA4615,3
CA4615,4
CA4615,5
CA4615,6
CA4615,7
CA4616,1
CA4616,2
CA4616,3
CA4616,4
CA4616,5
CA4616,6
CA4616,7
CA4619,1
CA4619,2
CA4619,3
CA4619,4
CA4619,5
CA4619,6
CA4619,7
CA4620,1
CA4620,2
CA4620,3
CA4620,4
CA4620,5
CA4620,6
CA4620,7
CA4623,1
CA4623,2
CA4623,3
CA4623,4
CA4623,5
CA4623,6
CA4623,7
CA4624,1
CA4624,2
CA4624,3
CA4624,4
CA4624,5
CA4624,6
CA4624,7
CA4625,1
CA4625,2
CA4625,3
CA4625,4
CA4625,5
CA4625,6
CA4625,7
CA4626,1
CA4626,2
CA4626,3
CA4626,4
CA4626,5
CA4626,6
CA4626,7
CA4627,1
CA4627,2
CA4627,3
CA4627,4
CA4627,5
CA4627,6
CA4627,7
CA4628,1
CA4628,2
CA4628,3
CA4628,4
CA4628,5
CA4628,6
CA4628,7
CA4629,1
CA4629,2
CA4629,3
CA4629,4
CA4629,5
CA4629,6
CA4629,7
CA4630,1
CA4630,2
CA4630,3
CA4630,4
CA4630,5
CA4630,6
CA4630,7
CA4631,1
CA4631,2
CA4631,3
CA4631,4
CA4631,5
CA4631,6
CA4631,7
CA4632,1
CA4632,2
CA4632,3
CA4632,4
CA4632,5
CA4632,6
CA4632,7
CA4633,1
CA4633,2
CA4633,3
CA4633,4
CA4633,5
CA4633,6
CA4633,7
CA4634,1
CA4634,2
CA4634,3
CA4634,4
CA4634,5
CA4634,6
CA4634,7
CA4635,1
CA4635,2
CA4635,3
CA4635,4
CA4635,5
CA4635,6
CA4635,7
CA4636,1
CA4636,2
CA4636,3
CA4636,4
CA4636,5
CA4636,6
CA4636,7
CA4637,1
CA4637,2
CA4637,3
CA4637,4
CA4637,5
CA4637,6
CA4637,7
CA4638,1
CA4638,2
CA4638,3
CA4638,4
CA4638,5
CA4638,6
CA4638,7
CA4639,1
CA4639,2
CA4639,3
CA4639,4
CA4639,5
CA4639,6
CA4639,7
CA4640,1
CA4640,2
CA4640,3
CA4640,4
CA4640,5
CA4640,6
CA4640,7
CA4641,1
CA4641,2
CA4641,3
CA4641,4
CA4641,5
CA4641,6
CA4641,7
CA4642,1
CA4642,2
CA4642,3
CA4642,4
CA4642,5
CA4642,6
CA4642,7
CA4643,1
CA4643,2
CA4643,3
CA4643,4
CA4643,5
CA4643,6
CA4643,7
CA4644,1
CA4644,2
CA4644,3
CA4644,4
CA4644,5
CA4644,6
CA4644,7
CA4645,1
CA4645,2
CA4645,3
CA4645,4
CA4645,5
CA4645,6
CA4645,7
CA4646,1
CA4646,2
CA4646,3
CA4646,4
CA4646,5
CA4646,6
CA4646,7
CA4648,1
CA4648,2
CA4648,3
CA4648,4
CA4648,5
CA4648,6
CA4648,7
CA4649,1
CA4649,2
CA4649,3
CA4649,4
CA4649,5
CA4649,6
CA4649,7
CA4650,1
CA4650,2
CA4650,3
CA4650,4
CA4650,5
CA4650,6
CA4650,7
CA4651,1
CA4651,2
CA4651,3
CA4651,4
CA4651,5
CA4651,6
CA4651,7
CA4652,1
CA4652,2
CA4652,3
CA4652,4
CA4652,5
CA4652,6
CA4652,7
CA4653,1
CA4653,2
CA4653,3
CA4653,4
CA4653,5
CA4653,6
CA4653,7
CA4654,1
CA4654,2
CA4654,3
CA4654,4
CA4654,5
CA4654,6
CA4654,7
CA4657,1
CA4657,2
CA4657,3
CA4657,4
CA4657,5
CA4657,6
CA4657,7
CA4658,1
CA4658,2
CA4658,3
CA4658,4
CA4658,5
CA4658,6
CA4658,7
CA4661,1
CA4661,2
CA4661,3
CA4661,4
CA4661,5
CA4661,6
CA4661,7
CA4662,1
CA4662,2
CA4662,3
CA4662,4
CA4662,5
CA4662,6
CA4662,7
CA4668,1
CA4668,2
CA4668,3
CA4668,4
CA4668,5
CA4668,6
CA4668,7
CA4669,1
CA4669,2
CA4669,3
CA4669,4
CA4669,5
CA4669,6
CA4669,7
CA4670,1
CA4670,2
CA4670,3
CA4670,4
CA4670,5
CA4670,6
CA4670,7
CA4671,1
CA4671,2
CA4671,3
CA4671,4
CA4671,5
CA4671,6
CA4671,7
CA4672,1
CA4672,2
CA4672,3
CA4672,4
CA4672,5
CA4672,6
CA4672,7
CA4679,1
CA4679,2
CA4679,3
CA4679,4
CA4679,5
CA4679,6
CA4679,7
CA4680,1
CA4680,2
CA4680,3
CA4680,4
CA4680,5
CA4680,6
CA4680,7
CA4681,1
CA4681,2
CA4681,3
CA4681,4
CA4681,5
CA4681,6
CA4681,7
CA4682,1
CA4682,2
CA4682,3
CA4682,4
CA4682,5
CA4682,6
CA4682,7
CA4683,1
CA4683,2
CA4683,3
CA4683,4
CA4683,5
CA4683,6
CA4683,7
CA4684,1
CA4684,2
CA4684,3
CA4684,4
CA4684,5
CA4684,6
CA4684,7
CA4685,1
CA4685,2
CA4685,3
CA4685,4
CA4685,5
CA4685,6
CA4685,7
CA4686,1
CA4686,2
CA4686,3
CA4686,4
CA4686,5
CA4686,6
CA4686,7
CA4687,1
CA4687,2
CA4687,3
CA4687,4
CA4687,5
CA4687,6
CA4687,7
CA4688,1
CA4688,2
CA4688,3
CA4688,4
CA4688,5
CA4688,6
CA4688,7
CA4689,1
CA4689,2
CA4689,3
CA4689,4
CA4689,5
CA4689,6
CA4689,7
CA4690,1
CA4690,2
CA4690,3
CA4690,4
CA4690,5
CA4690,6
CA4690,7
CA4691,1
CA4691,2
CA4691,3
CA4691,4
CA4691,5
CA4691,6
CA4691,7
CA4692,1
CA4692,2
CA4692,3
CA4692,4
CA4692,5
CA4692,6
CA4692,7
CA4693,1
CA4693,2
CA4693,3
CA4693,4
CA4693,5
CA4693,6
CA4693,7
CA4694,1
CA4694,2
CA4694,3
CA4694,4
CA4694,5
CA4694,6
CA4694,7
CA4695,1
CA4695,2
CA4695,3
CA4695,4
CA4695,5
CA4695,6
CA4695,7
CA4696,1
CA4696,2
CA4696,3
CA4696,4
CA4696,5
CA4696,6
CA4696,7
CA4697,1
CA4697,2
CA4697,3
CA4697,4
CA4697,5
CA4697,6
CA4697,7
CA4698,1
CA4698,2
CA4698,3
CA4698,4
CA4698,5
CA4698,6
CA4698,7
CA4699,1
CA4699,2
CA4699,3
CA4699,4
CA4699,5
CA4699,6
CA4699,7
CA4700,1
CA4700,2
CA4700,3
CA4700,4
CA4700,5
CA4700,6
CA4700,7
CA4701,1
CA4701,2
CA4701,3
CA4701,4
CA4701,5
CA4701,6
CA4701,7
CA4702,1
CA4702,2
CA4702,3
CA4702,4
CA4702,5
CA4702,6
CA4702,7
CA4703,1
CA4703,2
CA4703,3
CA4703,4
CA4703,5
CA4703,6
CA4703,7
CA4704,1
CA4704,2
CA4704,3
CA4704,4
CA4704,5
CA4704,6
CA4704,7
CA4705,1
CA4705,2
CA4705,3
CA4705,4
CA4705,5
CA4705,6
CA4705,7
CA4706,1
CA4706,2
CA4706,3
CA4706,4
CA4706,5
CA4706,6
CA4706,7
CA4709,1
CA4709,2
CA4709,3
CA4709,4
CA4709,5
CA4709,6
CA4709,7
CA4710,1
CA4710,2
CA4710,3
CA4710,4
CA4710,5
CA4710,6
CA4710,7
CA4711,1
CA4711,2
CA4711,3
CA4711,4
CA4711,5
CA4711,6
CA4711,7
CA4712,1
CA4712,2
CA4712,3
CA4712,4
CA4712,5
CA4712,6
CA4712,7
CA4713,1
CA4713,2
CA4713,3
CA4713,4
CA4713,5
CA4713,6
CA4713,7
CA4714,1
CA4714,2
CA4714,3
CA4714,4
CA4714,5
CA4714,6
CA4714,7
CA4715,1
CA4715,2
CA4715,3
CA4715,4
CA4715,5
CA4715,6
CA4715,7
CA4716,1
CA4716,2
CA4716,3
CA4716,4
CA4716,5
CA4716,6
CA4716,7
CA4717,1
CA4717,2
CA4717,3
CA4717,4
CA4717,5
CA4717,6
CA4717,7
CA4718,1
CA4718,2
CA4718,3
CA4718,4
CA4718,5
CA4718,6
CA4718,7
CA4719,1
CA4719,2
CA4719,3
CA4719,4
CA4719,5
CA4719,6
CA4719,7
CA4720,1
CA4720,2
CA4720,3
CA4720,4
CA4720,5
CA4720,6
CA4720,7
CA4721,1
CA4721,2
CA4721,3
CA4721,4
CA4721,5
CA4721,6
CA4721,7
CA4724,1
CA4724,2
CA4724,3
CA4724,4
CA4724,5
CA4724,6
CA4724,7
CA4727,1
CA4727,2
CA4727,3
CA4727,4
CA4727,5
CA4727,6
CA4727,7
CA4728,1
CA4728,2
CA4728,3
CA4728,4
CA4728,5
CA4728,6
CA4728,7
CA4731,1
CA4731,2
CA4731,3
CA4731,4
CA4731,5
CA4731,6
CA4731,7
CA4732,1
CA4732,2
CA4732,3
CA4732,4
CA4732,5
CA4732,6
CA4732,7
CA4733,1
CA4733,2
CA4733,3
CA4733,4
CA4733,5
CA4733,6
CA4733,7
CA4734,1
CA4734,2
CA4734,3
CA4734,4
CA4734,5
CA4734,6
CA4734,7
CA4737,1
CA4737,2
CA4737,3
CA4737,4
CA4737,5
CA4737,6
CA4737,7
CA4738,1
CA4738,2
CA4738,3
CA4738,4
CA4738,5
CA4738,6
CA4738,7
CA4739,1
CA4739,2
CA4739,3
CA4739,4
CA4739,5
CA4739,6
CA4739,7
CA4740,1
CA4740,2
CA4740,3
CA4740,4
CA4740,5
CA4740,6
CA4740,7
CA4741,1
CA4741,2
CA4741,3
CA4741,4
CA4741,5
CA4741,6
CA4741,7
CA4742,1
CA4742,2
CA4742,3
CA4742,4
CA4742,5
CA4742,6
CA4742,7
CA4743,1
CA4743,2
CA4743,3
CA4743,4
CA4743,5
CA4743,6
CA4743,7
CA4744,1
CA4744,2
CA4744,3
CA4744,4
CA4744,5
CA4744,6
CA4744,7
CA4745,1
CA4745,2
CA4745,3
CA4745,4
CA4745,5
CA4745,6
CA4745,7
CA4746,1
CA4746,2
CA4746,3
CA4746,4
CA4746,5
CA4746,6
CA4746,7
CA4747,1
CA4747,2
CA4747,3
CA4747,4
CA4747,5
CA4747,6
CA4747,7
CA4748,1
CA4748,2
CA4748,3
CA4748,4
CA4748,5
CA4748,6
CA4748,7
CA4750,1
CA4750,2
CA4750,3
CA4750,4
CA4750,5
CA4750,6
CA4750,7
CA4751,1
CA4751,2
CA4751,3
CA4751,4
CA4751,5
CA4751,6
CA4751,7
CA4752,1
CA4752,2
CA4752,3
CA4752,4
CA4752,5
CA4752,6
CA4752,7
CA4753,1
CA4753,2
CA4753,3
CA4753,4
CA4753,5
CA4753,6
CA4753,7
CA4754,1
CA4754,2
CA4754,3
CA4754,4
CA4754,5
CA4754,6
CA4754,7
CA4757,1
CA4757,2
CA4757,3
CA4757,4
CA4757,5
CA4757,6
CA4757,7
CA4758,1
CA4758,2
CA4758,3
CA4758,4
CA4758,5
CA4758,6
CA4758,7
CA4759,1
CA4759,2
CA4759,3
CA4759,4
CA4759,5
CA4759,6
CA4759,7
CA4760,1
CA4760,2
CA4760,3
CA4760,4
CA4760,5
CA4760,6
CA4760,7
CA4761,1
CA4761,2
CA4761,3
CA4761,4
CA4761,5
CA4761,6
CA4761,7
CA4763,1
CA4763,2
CA4763,3
CA4763,4
CA4763,5
CA4763,6
CA4763,7
CA4767,1
CA4767,2
CA4767,3
CA4767,4
CA4767,5
CA4767,6
CA4767,7
CA4768,1
CA4768,2
CA4768,3
CA4768,4
CA4768,5
CA4768,6
CA4768,7
CA4769,1
CA4769,2
CA4769,3
CA4769,4
CA4769,5
CA4769,6
CA4769,7
CA4770,1
CA4770,2
CA4770,3
CA4770,4
CA4770,5
CA4770,6
CA4770,7
CA4771,1
CA4771,2
CA4771,3
CA4771,4
CA4771,5
CA4771,6
CA4771,7
CA4772,1
CA4772,2
CA4772,3
CA4772,4
CA4772,5
CA4772,6
CA4772,7
CA4773,1
CA4773,2
CA4773,3
CA4773,4
CA4773,5
CA4773,6
CA4773,7
CA4774,1
CA4774,2
CA4774,3
CA4774,4
CA4774,5
CA4774,6
CA4774,7
CA4775,1
CA4775,2
CA4775,3
CA4775,4
CA4775,5
CA4775,6
CA4775,7
CA4776,1
CA4776,2
CA4776,3
CA4776,4
CA4776,5
CA4776,6
CA4776,7
CA4777,1
CA4777,2
CA4777,3
CA4777,4
CA4777,5
CA4777,6
CA4777,7
CA4778,1
CA4778,2
CA4778,3
CA4778,4
CA4778,5
CA4778,6
CA4778,7
CA4781,1
CA4781,2
CA4781,3
CA4781,4
CA4781,5
CA4781,6
CA4781,7
CA4782,1
CA4782,2
CA4782,3
CA4782,4
CA4782,5
CA4782,6
CA4782,7
CA4785,1
CA4785,2
CA4785,3
CA4785,4
CA4785,5
CA4785,6
CA4785,7
CA4786,1
CA4786,2
CA4786,3
CA4786,4
CA4786,5
CA4786,6
CA4786,7
CA4788,1
CA4788,2
CA4788,3
CA4788,4
CA4788,5
CA4788,6
CA4788,7
CA4789,1
CA4789,2
CA4789,3
CA4789,4
CA4789,5
CA4789,6
CA4789,7
CA4790,1
CA4790,2
CA4790,3
CA4790,4
CA4790,5
CA4790,6
CA4790,7
CA4791,1
CA4791,2
CA4791,3
CA4791,4
CA4791,5
CA4791,6
CA4791,7
CA4792,1
CA4792,2
CA4792,3
CA4792,4
CA4792,5
CA4792,6
CA4792,7
CA4793,1
CA4793,2
CA4793,3
CA4793,4
CA4793,5
CA4793,6
CA4793,7
CA4794,1
CA4794,2
CA4794,3
CA4794,4
CA4794,5
CA4794,6
CA4794,7
CA4795,1
CA4795,2
CA4795,3
CA4795,4
CA4795,5
CA4795,6
CA4795,7
CA4796,1
CA4796,2
CA4796,3
CA4796,4
CA4796,5
CA4796,6
CA4796,7
CA4797,1
CA4797,2
CA4797,3
CA4797,4
CA4797,5
CA4797,6
CA4797,7
CA4798,1
CA4798,2
CA4798,3
CA4798,4
CA4798,5
CA4798,6
CA4798,7
CA4799,1
CA4799,2
CA4799,3
CA4799,4
CA4799,5
CA4799,6
CA4799,7
CA4800,1
CA4800,2
CA4800,3
CA4800,4
CA4800,5
CA4800,6
CA4800,7
CA4802,1
CA4802,2
CA4802,3
CA4802,4
CA4802,5
CA4802,6
CA4802,7
CA4805,1
CA4805,2
CA4805,3
CA4805,4
CA4805,5
CA4805,6
CA4805,7
CA4806,1
CA4806,2
CA4806,3
CA4806,4
CA4806,5
CA4806,6
CA4806,7
CA4809,1
CA4809,2
CA4809,3
CA4809,4
CA4809,5
CA4809,6
CA4809,7
CA4810,1
CA4810,2
CA4810,3
CA4810,4
CA4810,5
CA4810,6
CA4810,7
CA4812,1
CA4812,2
CA4812,3
CA4812,4
CA4812,5
CA4812,6
CA4812,7
CA4813,1
CA4813,2
CA4813,3
CA4813,4
CA4813,5
CA4813,6
CA4813,7
CA4814,1
CA4814,2
CA4814,3
CA4814,4
CA4814,5
CA4814,6
CA4814,7
CA4815,1
CA4815,2
CA4815,3
CA4815,4
CA4815,5
CA4815,6
CA4815,7
CA4816,1
CA4816,2
CA4816,3
CA4816,4
CA4816,5
CA4816,6
CA4816,7
CA4817,1
CA4817,2
CA4817,3
CA4817,4
CA4817,5
CA4817,6
CA4817,7
CA4818,1
CA4818,2
CA4818,3
CA4818,4
CA4818,5
CA4818,6
CA4818,7
CA4819,1
CA4819,2
CA4819,3
CA4819,4
CA4819,5
CA4819,6
CA4819,7
CA4820,1
CA4820,2
CA4820,3
CA4820,4
CA4820,5
CA4820,6
CA4820,7
CA4821,1
CA4821,2
CA4821,3
CA4821,4
CA4821,5
CA4821,6
CA4821,7
CA4822,1
CA4822,2
CA4822,3
CA4822,4
CA4822,5
CA4822,6
CA4822,7
CA4823,1
CA4823,2
CA4823,3
CA4823,4
CA4823,5
CA4823,6
CA4823,7
CA4824,1
CA4824,2
CA4824,3
CA4824,4
CA4824,5
CA4824,6
CA4824,7
CA4827,1
CA4827,2
CA4827,3
CA4827,4
CA4827,5
CA4827,6
CA4827,7
CA4828,1
CA4828,2
CA4828,3
CA4828,4
CA4828,5
CA4828,6
CA4828,7
CA4830,1
CA4830,2
CA4830,3
CA4830,4
CA4830,5
CA4830,6
CA4830,7
CA4833,1
CA4833,2
CA4833,3
CA4833,4
CA4833,5
CA4833,6
CA4833,7
CA4834,1
CA4834,2
CA4834,3
CA4834,4
CA4834,5
CA4834,6
CA4834,7
CA4835,1
CA4835,2
CA4835,3
CA4835,4
CA4835,5
CA4835,6
CA4835,7
CA4837,1
CA4837,2
CA4837,3
CA4837,4
CA4837,5
CA4837,6
CA4837,7
CA4841,1
CA4841,2
CA4841,3
CA4841,4
CA4841,5
CA4841,6
CA4841,7
CA4842,1
CA4842,2
CA4842,3
CA4842,4
CA4842,5
CA4842,6
CA4842,7
CA4843,1
CA4843,2
CA4843,3
CA4843,4
CA4843,5
CA4843,6
CA4843,7
CA4845,1
CA4845,2
CA4845,3
CA4845,4
CA4845,5
CA4845,6
CA4845,7
CA4846,1
CA4846,2
CA4846,3
CA4846,4
CA4846,5
CA4846,6
CA4846,7
CA4850,1
CA4850,2
CA4850,3
CA4850,4
CA4850,5
CA4850,6
CA4850,7
CA4851,1
CA4851,2
CA4851,3
CA4851,4
CA4851,5
CA4851,6
CA4851,7
CA4852,1
CA4852,2
CA4852,3
CA4852,4
CA4852,5
CA4852,6
CA4852,7
CA4855,1
CA4855,2
CA4855,3
CA4855,4
CA4855,5
CA4855,6
CA4855,7
CA4856,1
CA4856,2
CA4856,3
CA4856,4
CA4856,5
CA4856,6
CA4856,7
CA4857,1
CA4857,2
CA4857,3
CA4857,4
CA4857,5
CA4857,6
CA4857,7
CA4858,1
CA4858,2
CA4858,3
CA4858,4
CA4858,5
CA4858,6
CA4858,7
CA4859,1
CA4859,2
CA4859,3
CA4859,4
CA4859,5
CA4859,6
CA4859,7
CA4860,1
CA4860,2
CA4860,3
CA4860,4
CA4860,5
CA4860,6
CA4860,7
CA4861,1
CA4861,2
CA4861,3
CA4861,4
CA4861,5
CA4861,6
CA4861,7
CA4862,1
CA4862,2
CA4862,3
CA4862,4
CA4862,5
CA4862,6
CA4862,7
CA4863,1
CA4863,2
CA4863,3
CA4863,4
CA4863,5
CA4863,6
CA4863,7
CA4864,1
CA4864,2
CA4864,3
CA4864,4
CA4864,5
CA4864,6
CA4864,7
CA4869,1
CA4869,2
CA4869,3
CA4869,4
CA4869,5
CA4869,6
CA4869,7
CA4870,1
CA4870,2
CA4870,3
CA4870,4
CA4870,5
CA4870,6
CA4870,7
CA4871,1
CA4871,2
CA4871,3
CA4871,4
CA4871,5
CA4871,6
CA4871,7
CA4872,1
CA4872,2
CA4872,3
CA4872,4
CA4872,5
CA4872,6
CA4872,7
CA4875,1
CA4875,2
CA4875,3
CA4875,4
CA4875,5
CA4875,6
CA4875,7
CA4876,1
CA4876,2
CA4876,3
CA4876,4
CA4876,5
CA4876,6
CA4876,7
CA4877,1
CA4877,2
CA4877,3
CA4877,4
CA4877,5
CA4877,6
CA4877,7
CA4878,1
CA4878,2
CA4878,3
CA4878,4
CA4878,5
CA4878,6
CA4878,7
CA4879,1
CA4879,2
CA4879,3
CA4879,4
CA4879,5
CA4879,6
CA4879,7
CA4880,1
CA4880,2
CA4880,3
CA4880,4
CA4880,5
CA4880,6
CA4880,7
CA4881,1
CA4881,2
CA4881,3
CA4881,4
CA4881,5
CA4881,6
CA4881,7
CA4882,1
CA4882,2
CA4882,3
CA4882,4
CA4882,5
CA4882,6
CA4882,7
CA4883,1
CA4883,2
CA4883,3
CA4883,4
CA4883,5
CA4883,6
CA4883,7
CA4884,1
CA4884,2
CA4884,3
CA4884,4
CA4884,5
CA4884,6
CA4884,7
CA4885,1
CA4885,2
CA4885,3
CA4885,4
CA4885,5
CA4885,6
CA4885,7
CA4886,1
CA4886,2
CA4886,3
CA4886,4
CA4886,5
CA4886,6
CA4886,7
CA4887,1
CA4887,2
CA4887,3
CA4887,4
CA4887,5
CA4887,6
CA4887,7
CA4888,1
CA4888,2
CA4888,3
CA4888,4
CA4888,5
CA4888,6
CA4888,7
CA4889,1
CA4889,2
CA4889,3
CA4889,4
CA4889,5
CA4889,6
CA4889,7
CA4890,1
CA4890,2
CA4890,3
CA4890,4
CA4890,5
CA4890,6
CA4890,7
CA4891,1
CA4891,2
CA4891,3
CA4891,4
CA4891,5
CA4891,6
CA4891,7
CA4892,1
CA4892,2
CA4892,3
CA4892,4
CA4892,5
CA4892,6
CA4892,7
CA4893,1
CA4893,2
CA4893,3
CA4893,4
CA4893,5
CA4893,6
CA4893,7
CA4894,1
CA4894,2
CA4894,3
CA4894,4
CA4894,5
CA4894,6
CA4894,7
CA4895,1
CA4895,2
CA4895,3
CA4895,4
CA4895,5
CA4895,6
CA4895,7
CA4896,1
CA4896,2
CA4896,3
CA4896,4
CA4896,5
CA4896,6
CA4896,7
CA4897,1
CA4897,2
CA4897,3
CA4897,4
CA4897,5
CA4897,6
CA4897,7
CA4898,1
CA4898,2
CA4898,3
CA4898,4
CA4898,5
CA4898,6
CA4898,7
CA4899,1
CA4899,2
CA4899,3
CA4899,4
CA4899,5
CA4899,6
CA4899,7
CA4900,1
CA4900,2
CA4900,3
CA4900,4
CA4900,5
CA4900,6
CA4900,7
CA4901,1
CA4901,2
CA4901,3
CA4901,4
CA4901,5
CA4901,6
CA4901,7
CA4902,1
CA4902,2
CA4902,3
CA4902,4
CA4902,5
CA4902,6
CA4902,7
CA4903,1
CA4903,2
CA4903,3
CA4903,4
CA4903,5
CA4903,6
CA4903,7
CA4904,1
CA4904,2
CA4904,3
CA4904,4
CA4904,5
CA4904,6
CA4904,7
CA4905,1
CA4905,2
CA4905,3
CA4905,4
CA4905,5
CA4905,6
CA4905,7
CA4906,1
CA4906,2
CA4906,3
CA4906,4
CA4906,5
CA4906,6
CA4906,7
CA4907,1
CA4907,2
CA4907,3
CA4907,4
CA4907,5
CA4907,6
CA4907,7
CA4908,1
CA4908,2
CA4908,3
CA4908,4
CA4908,5
CA4908,6
CA4908,7
CA4909,1
CA4909,2
CA4909,3
CA4909,4
CA4909,5
CA4909,6
CA4909,7
CA4910,1
CA4910,2
CA4910,3
CA4910,4
CA4910,5
CA4910,6
CA4910,7
CA4911,1
CA4911,2
CA4911,3
CA4911,4
CA4911,5
CA4911,6
CA4911,7
CA4912,1
CA4912,2
CA4912,3
CA4912,4
CA4912,5
CA4912,6
CA4912,7
CA4915,1
CA4915,2
CA4915,3
CA4915,4
CA4915,5
CA4915,6
CA4915,7
CA4916,1
CA4916,2
CA4916,3
CA4916,4
CA4916,5
CA4916,6
CA4916,7
CA4917,1
CA4917,2
CA4917,3
CA4917,4
CA4917,5
CA4917,6
CA4917,7
CA4918,1
CA4918,2
CA4918,3
CA4918,4
CA4918,5
CA4918,6
CA4918,7
CA4919,1
CA4919,2
CA4919,3
CA4919,4
CA4919,5
CA4919,6
CA4919,7
CA4920,1
CA4920,2
CA4920,3
CA4920,4
CA4920,5
CA4920,6
CA4920,7
CA4923,1
CA4923,2
CA4923,3
CA4923,4
CA4923,5
CA4923,6
CA4923,7
CA4924,1
CA4924,2
CA4924,3
CA4924,4
CA4924,5
CA4924,6
CA4924,7
CA4925,1
CA4925,2
CA4925,3
CA4925,4
CA4925,5
CA4925,6
CA4925,7
CA4926,1
CA4926,2
CA4926,3
CA4926,4
CA4926,5
CA4926,6
CA4926,7
CA4927,1
CA4927,2
CA4927,3
CA4927,4
CA4927,5
CA4927,6
CA4927,7
CA4928,1
CA4928,2
CA4928,3
CA4928,4
CA4928,5
CA4928,6
CA4928,7
CA4929,1
CA4929,2
CA4929,3
CA4929,4
CA4929,5
CA4929,6
CA4929,7
CA4930,1
CA4930,2
CA4930,3
CA4930,4
CA4930,5
CA4930,6
CA4930,7
CA4933,1
CA4933,2
CA4933,3
CA4933,4
CA4933,5
CA4933,6
CA4933,7
CA4934,1
CA4934,2
CA4934,3
CA4934,4
CA4934,5
CA4934,6
CA4934,7
CA4935,1
CA4935,2
CA4935,3
CA4935,4
CA4935,5
CA4935,6
CA4935,7
CA4936,1
CA4936,2
CA4936,3
CA4936,4
CA4936,5
CA4936,6
CA4936,7
CA4937,1
CA4937,2
CA4937,3
CA4937,4
CA4937,5
CA4937,6
CA4937,7
CA4938,1
CA4938,2
CA4938,3
CA4938,4
CA4938,5
CA4938,6
CA4938,7
CA4939,1
CA4939,2
CA4939,3
CA4939,4
CA4939,5
CA4939,6
CA4939,7
CA4940,1
CA4940,2
CA4940,3
CA4940,4
CA4940,5
CA4940,6
CA4940,7
CA4941,1
CA4941,2
CA4941,3
CA4941,4
CA4941,5
CA4941,6
CA4941,7
CA4942,1
CA4942,2
CA4942,3
CA4942,4
CA4942,5
CA4942,6
CA4942,7
CA4943,1
CA4943,2
CA4943,3
CA4943,4
CA4943,5
CA4943,6
CA4943,7
CA4944,1
CA4944,2
CA4944,3
CA4944,4
CA4944,5
CA4944,6
CA4944,7
CA4948,1
CA4948,2
CA4948,3
CA4948,4
CA4948,5
CA4948,6
CA4948,7
CA4949,1
CA4949,2
CA4949,3
CA4949,4
CA4949,5
CA4949,6
CA4949,7
CA4950,1
CA4950,2
CA4950,3
CA4950,4
CA4950,5
CA4950,6
CA4950,7
CA4951,1
CA4951,2
CA4951,3
CA4951,4
CA4951,5
CA4951,6
CA4951,7
CA4952,1
CA4952,2
CA4952,3
CA4952,4
CA4952,5
CA4952,6
CA4952,7
CA4953,1
CA4953,2
CA4953,3
CA4953,4
CA4953,5
CA4953,6
CA4953,7
CA4954,1
CA4954,2
CA4954,3
CA4954,4
CA4954,5
CA4954,6
CA4954,7
CA4955,1
CA4955,2
CA4955,3
CA4955,4
CA4955,5
CA4955,6
CA4955,7
CA4956,1
CA4956,2
CA4956,3
CA4956,4
CA4956,5
CA4956,6
CA4956,7
CA4957,1
CA4957,2
CA4957,3
CA4957,4
CA4957,5
CA4957,6
CA4957,7
CA4958,1
CA4958,2
CA4958,3
CA4958,4
CA4958,5
CA4958,6
CA4958,7
CA4959,1
CA4959,2
CA4959,3
CA4959,4
CA4959,5
CA4959,6
CA4959,7
CA4960,1
CA4960,2
CA4960,3
CA4960,4
CA4960,5
CA4960,6
CA4960,7
CA4963,1
CA4963,2
CA4963,3
CA4963,4
CA4963,5
CA4963,6
CA4963,7
CA4964,1
CA4964,2
CA4964,3
CA4964,4
CA4964,5
CA4964,6
CA4964,7
CA4967,1
CA4967,2
CA4967,3
CA4967,4
CA4967,5
CA4967,6
CA4967,7
CA4968,1
CA4968,2
CA4968,3
CA4968,4
CA4968,5
CA4968,6
CA4968,7
CA4970,1
CA4970,2
CA4970,3
CA4970,4
CA4970,5
CA4970,6
CA4970,7
CA4971,1
CA4971,2
CA4971,3
CA4971,4
CA4971,5
CA4971,6
CA4971,7
CA4972,1
CA4972,2
CA4972,3
CA4972,4
CA4972,5
CA4972,6
CA4972,7
CA4973,1
CA4973,2
CA4973,3
CA4973,4
CA4973,5
CA4973,6
CA4973,7
CA4974,1
CA4974,2
CA4974,3
CA4974,4
CA4974,5
CA4974,6
CA4974,7
CA4975,1
CA4975,2
CA4975,3
CA4975,4
CA4975,5
CA4975,6
CA4975,7
CA4976,1
CA4976,2
CA4976,3
CA4976,4
CA4976,5
CA4976,6
CA4976,7
CA4977,1
CA4977,2
CA4977,3
CA4977,4
CA4977,5
CA4977,6
CA4977,7
CA4978,1
CA4978,2
CA4978,3
CA4978,4
CA4978,5
CA4978,6
CA4978,7
CA4981,1
CA4981,2
CA4981,3
CA4981,4
CA4981,5
CA4981,6
CA4981,7
CA4982,1
CA4982,2
CA4982,3
CA4982,4
CA4982,5
CA4982,6
CA4982,7
CA4983,1
CA4983,2
CA4983,3
CA4983,4
CA4983,5
CA4983,6
CA4983,7
CA4984,1
CA4984,2
CA4984,3
CA4984,4
CA4984,5
CA4984,6
CA4984,7
CA4985,1
CA4985,2
CA4985,3
CA4985,4
CA4985,5
CA4985,6
CA4985,7
CA4986,1
CA4986,2
CA4986,3
CA4986,4
CA4986,5
CA4986,6
CA4986,7
CA4987,1
CA4987,2
CA4987,3
CA4987,4
CA4987,5
CA4987,6
CA4987,7
CA4989,1
CA4989,2
CA4989,3
CA4989,4
CA4989,5
CA4989,6
CA4989,7
CA4990,1
CA4990,2
CA4990,3
CA4990,4
CA4990,5
CA4990,6
CA4990,7
CA4991,1
CA4991,2
CA4991,3
CA4991,4
CA4991,5
CA4991,6
CA4991,7
CA4992,1
CA4992,2
CA4992,3
CA4992,4
CA4992,5
CA4992,6
CA4992,7
CA4993,1
CA4993,2
CA4993,3
CA4993,4
CA4993,5
CA4993,6
CA4993,7
CA4994,1
CA4994,2
CA4994,3
CA4994,4
CA4994,5
CA4994,6
CA4994,7
CA4995,1
CA4995,2
CA4995,3
CA4995,4
CA4995,5
CA4995,6
CA4995,7
CA4996,1
CA4996,2
CA4996,3
CA4996,4
CA4996,5
CA4996,6
CA4996,7
CA4999,1
CA4999,2
CA4999,3
CA4999,4
CA4999,5
CA4999,6
CA4999,7
CA5000,1
CA5000,2
CA5000,3
CA5000,4
CA5000,5
CA5000,6
CA5000,7
CA5331,1
CA5331,2
CA5331,3
CA5331,4
CA5331,5
CA5331,6
CA5331,7
CA5332,1
CA5332,2
CA5332,3
CA5332,4
CA5332,5
CA5332,6
CA5332,7
CA5335,1
CA5335,2
CA5335,3
CA5335,4
CA5335,5
CA5335,6
CA5335,7
CA5336,1
CA5336,2
CA5336,3
CA5336,4
CA5336,5
CA5336,6
CA5336,7
CA5337,1
CA5337,2
CA5337,3
CA5337,4
CA5337,5
CA5337,6
CA5337,7
CA5338,1
CA5338,2
CA5338,3
CA5338,4
CA5338,5
CA5338,6
CA5338,7
CA5341,1
CA5341,2
CA5341,3
CA5341,4
CA5341,5
CA5341,6
CA5341,7
CA5343,1
CA5343,2
CA5343,3
CA5343,4
CA5343,5
CA5343,6
CA5343,7
CA5344,1
CA5344,2
CA5344,3
CA5344,4
CA5344,5
CA5344,6
CA5344,7
CA5345,1
CA5345,2
CA5345,3
CA5345,4
CA5345,5
CA5345,6
CA5345,7
CA5346,1
CA5346,2
CA5346,3
CA5346,4
CA5346,5
CA5346,6
CA5346,7
CA5347,1
CA5347,2
CA5347,3
CA5347,4
CA5347,5
CA5347,6
CA5347,7
CA5348,1
CA5348,2
CA5348,3
CA5348,4
CA5348,5
CA5348,6
CA5348,7
CA5349,1
CA5349,2
CA5349,3
CA5349,4
CA5349,5
CA5349,6
CA5349,7
CA5350,1
CA5350,2
CA5350,3
CA5350,4
CA5350,5
CA5350,6
CA5350,7
CA5351,1
CA5351,2
CA5351,3
CA5351,4
CA5351,5
CA5351,6
CA5351,7
CA5352,1
CA5352,2
CA5352,3
CA5352,4
CA5352,5
CA5352,6
CA5352,7
CA5353,1
CA5353,2
CA5353,3
CA5353,4
CA5353,5
CA5353,6
CA5353,7
CA5354,1
CA5354,2
CA5354,3
CA5354,4
CA5354,5
CA5354,6
CA5354,7
CA5355,1
CA5355,2
CA5355,3
CA5355,4
CA5355,5
CA5355,6
CA5355,7
CA5356,1
CA5356,2
CA5356,3
CA5356,4
CA5356,5
CA5356,6
CA5356,7
CA5357,1
CA5357,2
CA5357,3
CA5357,4
CA5357,5
CA5357,6
CA5357,7
CA5358,1
CA5358,2
CA5358,3
CA5358,4
CA5358,5
CA5358,6
CA5358,7
CA5363,1
CA5363,2
CA5363,3
CA5363,4
CA5363,5
CA5363,6
CA5363,7
CA5364,1
CA5364,2
CA5364,3
CA5364,4
CA5364,5
CA5364,6
CA5364,7
CA5365,1
CA5365,2
CA5365,3
CA5365,4
CA5365,5
CA5365,6
CA5365,7
CA5366,1
CA5366,2
CA5366,3
CA5366,4
CA5366,5
CA5366,6
CA5366,7
CA5367,1
CA5367,2
CA5367,3
CA5367,4
CA5367,5
CA5367,6
CA5367,7
CA5368,1
CA5368,2
CA5368,3
CA5368,4
CA5368,5
CA5368,6
CA5368,7
CA5371,1
CA5371,2
CA5371,3
CA5371,4
CA5371,5
CA5371,6
CA5371,7
CA5372,1
CA5372,2
CA5372,3
CA5372,4
CA5372,5
CA5372,6
CA5372,7
CA5373,1
CA5373,2
CA5373,3
CA5373,4
CA5373,5
CA5373,6
CA5373,7
CA5374,1
CA5374,2
CA5374,3
CA5374,4
CA5374,5
CA5374,6
CA5374,7
CA5377,1
CA5377,2
CA5377,3
CA5377,4
CA5377,5
CA5377,6
CA5377,7
CA5379,1
CA5379,2
CA5379,3
CA5379,4
CA5379,5
CA5379,6
CA5379,7
CA5380,1
CA5380,2
CA5380,3
CA5380,4
CA5380,5
CA5380,6
CA5380,7
CA5381,1
CA5381,2
CA5381,3
CA5381,4
CA5381,5
CA5381,6
CA5381,7
CA5382,1
CA5382,2
CA5382,3
CA5382,4
CA5382,5
CA5382,6
CA5382,7
CA5389,1
CA5389,2
CA5389,3
CA5389,4
CA5389,5
CA5389,6
CA5389,7
CA5554,1
CA5554,2
CA5554,3
CA5554,4
CA5554,5
CA5554,6
CA5554,7
CA5572,1
CA5572,2
CA5572,3
CA5572,4
CA5572,5
CA5572,6
CA5572,7
CA5575,1
CA5575,2
CA5575,3
CA5575,4
CA5575,5
CA5575,6
CA5575,7
CA5576,1
CA5576,2
CA5576,3
CA5576,4
CA5576,5
CA5576,6
CA5576,7
CA5577,1
CA5577,2
CA5577,3
CA5577,4
CA5577,5
CA5577,6
CA5577,7
CA5578,1
CA5578,2
CA5578,3
CA5578,4
CA5578,5
CA5578,6
CA5578,7
CA5581,1
CA5581,2
CA5581,3
CA5581,4
CA5581,5
CA5581,6
CA5581,7
CA5582,1
CA5582,2
CA5582,3
CA5582,4
CA5582,5
CA5582,6
CA5582,7
CA5583,1
CA5583,2
CA5583,3
CA5583,4
CA5583,5
CA5583,6
CA5583,7
CA5584,1
CA5584,2
CA5584,3
CA5584,4
CA5584,5
CA5584,6
CA5584,7
CA5590,1
CA5590,2
CA5590,3
CA5590,4
CA5590,5
CA5590,6
CA5590,7
CA5701,1
CA5701,2
CA5701,3
CA5701,4
CA5701,5
CA5701,6
CA5701,7
CA5702,1
CA5702,2
CA5702,3
CA5702,4
CA5702,5
CA5702,6
CA5702,7
CA5703,1
CA5703,2
CA5703,3
CA5703,4
CA5703,5
CA5703,6
CA5703,7
CA5704,1
CA5704,2
CA5704,3
CA5704,4
CA5704,5
CA5704,6
CA5704,7
CA5705,1
CA5705,2
CA5705,3
CA5705,4
CA5705,5
CA5705,6
CA5705,7
CA5706,1
CA5706,2
CA5706,3
CA5706,4
CA5706,5
CA5706,6
CA5706,7
CA5707,1
CA5707,2
CA5707,3
CA5707,4
CA5707,5
CA5707,6
CA5707,7
CA5708,1
CA5708,2
CA5708,3
CA5708,4
CA5708,5
CA5708,6
CA5708,7
CA5709,1
CA5709,2
CA5709,3
CA5709,4
CA5709,5
CA5709,6
CA5709,7
CA5710,1
CA5710,2
CA5710,3
CA5710,4
CA5710,5
CA5710,6
CA5710,7
CA5713,1
CA5713,2
CA5713,3
CA5713,4
CA5713,5
CA5713,6
CA5713,7
CA5714,1
CA5714,2
CA5714,3
CA5714,4
CA5714,5
CA5714,6
CA5714,7
CA5717,1
CA5717,2
CA5717,3
CA5717,4
CA5717,5
CA5717,6
CA5717,7
CA5718,1
CA5718,2
CA5718,3
CA5718,4
CA5718,5
CA5718,6
CA5718,7
CA5719,1
CA5719,2
CA5719,3
CA5719,4
CA5719,5
CA5719,6
CA5719,7
CA5720,1
CA5720,2
CA5720,3
CA5720,4
CA5720,5
CA5720,6
CA5720,7
CA5721,1
CA5721,2
CA5721,3
CA5721,4
CA5721,5
CA5721,6
CA5721,7
CA5722,1
CA5722,2
CA5722,3
CA5722,4
CA5722,5
CA5722,6
CA5722,7
CA5725,1
CA5725,2
CA5725,3
CA5725,4
CA5725,5
CA5725,6
CA5725,7
CA5726,1
CA5726,2
CA5726,3
CA5726,4
CA5726,5
CA5726,6
CA5726,7
CA5727,1
CA5727,2
CA5727,3
CA5727,4
CA5727,5
CA5727,6
CA5727,7
CA5728,1
CA5728,2
CA5728,3
CA5728,4
CA5728,5
CA5728,6
CA5728,7
CA5729,1
CA5729,2
CA5729,3
CA5729,4
CA5729,5
CA5729,6
CA5729,7
CA5730,1
CA5730,2
CA5730,3
CA5730,4
CA5730,5
CA5730,6
CA5730,7
CA5733,1
CA5733,2
CA5733,3
CA5733,4
CA5733,5
CA5733,6
CA5733,7
CA5734,1
CA5734,2
CA5734,3
CA5734,4
CA5734,5
CA5734,6
CA5734,7
CA5735,1
CA5735,2
CA5735,3
CA5735,4
CA5735,5
CA5735,6
CA5735,7
CA5736,1
CA5736,2
CA5736,3
CA5736,4
CA5736,5
CA5736,6
CA5736,7
CA5739,1
CA5739,2
CA5739,3
CA5739,4
CA5739,5
CA5739,6
CA5739,7
CA5740,1
CA5740,2
CA5740,3
CA5740,4
CA5740,5
CA5740,6
CA5740,7
CA5743,1
CA5743,2
CA5743,3
CA5743,4
CA5743,5
CA5743,6
CA5743,7
CA5744,1
CA5744,2
CA5744,3
CA5744,4
CA5744,5
CA5744,6
CA5744,7
CA5745,1
CA5745,2
CA5745,3
CA5745,4
CA5745,5
CA5745,6
CA5745,7
CA5746,1
CA5746,2
CA5746,3
CA5746,4
CA5746,5
CA5746,6
CA5746,7
CA5749,1
CA5749,2
CA5749,3
CA5749,4
CA5749,5
CA5749,6
CA5749,7
CA5750,1
CA5750,2
CA5750,3
CA5750,4
CA5750,5
CA5750,6
CA5750,7
CA5751,1
CA5751,2
CA5751,3
CA5751,4
CA5751,5
CA5751,6
CA5751,7
CA5752,1
CA5752,2
CA5752,3
CA5752,4
CA5752,5
CA5752,6
CA5752,7
CA5753,1
CA5753,2
CA5753,3
CA5753,4
CA5753,5
CA5753,6
CA5753,7
CA5754,1
CA5754,2
CA5754,3
CA5754,4
CA5754,5
CA5754,6
CA5754,7
CA5755,1
CA5755,2
CA5755,3
CA5755,4
CA5755,5
CA5755,6
CA5755,7
CA5756,1
CA5756,2
CA5756,3
CA5756,4
CA5756,5
CA5756,6
CA5756,7
CA5759,1
CA5759,2
CA5759,3
CA5759,4
CA5759,5
CA5759,6
CA5759,7
CA5760,1
CA5760,2
CA5760,3
CA5760,4
CA5760,5
CA5760,6
CA5760,7
CA5762,1
CA5762,2
CA5762,3
CA5762,4
CA5762,5
CA5762,6
CA5762,7
CA5763,1
CA5763,2
CA5763,3
CA5763,4
CA5763,5
CA5763,6
CA5763,7
CA5764,1
CA5764,2
CA5764,3
CA5764,4
CA5764,5
CA5764,6
CA5764,7
CA5765,1
CA5765,2
CA5765,3
CA5765,4
CA5765,5
CA5765,6
CA5765,7
CA5766,1
CA5766,2
CA5766,3
CA5766,4
CA5766,5
CA5766,6
CA5766,7
CA5767,1
CA5767,2
CA5767,3
CA5767,4
CA5767,5
CA5767,6
CA5767,7
CA5769,1
CA5769,2
CA5769,3
CA5769,4
CA5769,5
CA5769,6
CA5769,7
CA5770,1
CA5770,2
CA5770,3
CA5770,4
CA5770,5
CA5770,6
CA5770,7
CA5771,1
CA5771,2
CA5771,3
CA5771,4
CA5771,5
CA5771,6
CA5771,7
CA5772,1
CA5772,2
CA5772,3
CA5772,4
CA5772,5
CA5772,6
CA5772,7
CA5774,1
CA5774,2
CA5774,3
CA5774,4
CA5774,5
CA5774,6
CA5774,7
CA5775,1
CA5775,2
CA5775,3
CA5775,4
CA5775,5
CA5775,6
CA5775,7
CA5776,1
CA5776,2
CA5776,3
CA5776,4
CA5776,5
CA5776,6
CA5776,7
CA5777,1
CA5777,2
CA5777,3
CA5777,4
CA5777,5
CA5777,6
CA5777,7
CA5778,1
CA5778,2
CA5778,3
CA5778,4
CA5778,5
CA5778,6
CA5778,7
CA5779,1
CA5779,2
CA5779,3
CA5779,4
CA5779,5
CA5779,6
CA5779,7
CA5780,1
CA5780,2
CA5780,3
CA5780,4
CA5780,5
CA5780,6
CA5780,7
CA5781,1
CA5781,2
CA5781,3
CA5781,4
CA5781,5
CA5781,6
CA5781,7
CA5782,1
CA5782,2
CA5782,3
CA5782,4
CA5782,5
CA5782,6
CA5782,7
CA5783,1
CA5783,2
CA5783,3
CA5783,4
CA5783,5
CA5783,6
CA5783,7
CA5784,1
CA5784,2
CA5784,3
CA5784,4
CA5784,5
CA5784,6
CA5784,7
CA5785,1
CA5785,2
CA5785,3
CA5785,4
CA5785,5
CA5785,6
CA5785,7
CA5786,1
CA5786,2
CA5786,3
CA5786,4
CA5786,5
CA5786,6
CA5786,7
CA5787,1
CA5787,2
CA5787,3
CA5787,4
CA5787,5
CA5787,6
CA5787,7
CA5788,1
CA5788,2
CA5788,3
CA5788,4
CA5788,5
CA5788,6
CA5788,7
CA5789,1
CA5789,2
CA5789,3
CA5789,4
CA5789,5
CA5789,6
CA5789,7
CA5791,1
CA5791,2
CA5791,3
CA5791,4
CA5791,5
CA5791,6
CA5791,7
CA5792,1
CA5792,2
CA5792,3
CA5792,4
CA5792,5
CA5792,6
CA5792,7
CA5793,1
CA5793,2
CA5793,3
CA5793,4
CA5793,5
CA5793,6
CA5793,7
CA5794,1
CA5794,2
CA5794,3
CA5794,4
CA5794,5
CA5794,6
CA5794,7
CA5795,1
CA5795,2
CA5795,3
CA5795,4
CA5795,5
CA5795,6
CA5795,7
CA5796,1
CA5796,2
CA5796,3
CA5796,4
CA5796,5
CA5796,6
CA5796,7
CA5797,1
CA5797,2
CA5797,3
CA5797,4
CA5797,5
CA5797,6
CA5797,7
CA5798,1
CA5798,2
CA5798,3
CA5798,4
CA5798,5
CA5798,6
CA5798,7
CA5799,1
CA5799,2
CA5799,3
CA5799,4
CA5799,5
CA5799,6
CA5799,7
CA5800,1
CA5800,2
CA5800,3
CA5800,4
CA5800,5
CA5800,6
CA5800,7
CA5805,1
CA5805,2
CA5805,3
CA5805,4
CA5805,5
CA5805,6
CA5805,7
CA5806,1
CA5806,2
CA5806,3
CA5806,4
CA5806,5
CA5806,6
CA5806,7
CA5808,1
CA5808,2
CA5808,3
CA5808,4
CA5808,5
CA5808,6
CA5808,7
CA5811,1
CA5811,2
CA5811,3
CA5811,4
CA5811,5
CA5811,6
CA5811,7
CA5812,1
CA5812,2
CA5812,3
CA5812,4
CA5812,5
CA5812,6
CA5812,7
CA5813,1
CA5813,2
CA5813,3
CA5813,4
CA5813,5
CA5813,6
CA5813,7
CA5814,1
CA5814,2
CA5814,3
CA5814,4
CA5814,5
CA5814,6
CA5814,7
CA5815,1
CA5815,2
CA5815,3
CA5815,4
CA5815,5
CA5815,6
CA5815,7
CA5816,1
CA5816,2
CA5816,3
CA5816,4
CA5816,5
CA5816,6
CA5816,7
CA5819,1
CA5819,2
CA5819,3
CA5819,4
CA5819,5
CA5819,6
CA5819,7
CA5820,1
CA5820,2
CA5820,3
CA5820,4
CA5820,5
CA5820,6
CA5820,7
CA5829,1
CA5829,2
CA5829,3
CA5829,4
CA5829,5
CA5829,6
CA5829,7
CA5830,1
CA5830,2
CA5830,3
CA5830,4
CA5830,5
CA5830,6
CA5830,7
CA5833,1
CA5833,2
CA5833,3
CA5833,4
CA5833,5
CA5833,6
CA5833,7
CA5834,1
CA5834,2
CA5834,3
CA5834,4
CA5834,5
CA5834,6
CA5834,7
CA779,1
CA779,2
CA779,3
CA779,4
CA779,5
CA779,6
CA779,7
CA782,1
CA782,2
CA782,3
CA782,4
CA782,5
CA782,6
CA782,7
CA7901,1
CA7901,2
CA7901,3
CA7901,4
CA7901,5
CA7901,6
CA7901,7
CA7902,1
CA7902,2
CA7902,3
CA7902,4
CA7902,5
CA7902,6
CA7902,7
CA7903,1
CA7903,2
CA7903,3
CA7903,4
CA7903,5
CA7903,6
CA7903,7
CA7904,1
CA7904,2
CA7904,3
CA7904,4
CA7904,5
CA7904,6
CA7904,7
CA7905,1
CA7905,2
CA7905,3
CA7905,4
CA7905,5
CA7905,6
CA7905,7
CA7907,1
CA7907,2
CA7907,3
CA7907,4
CA7907,5
CA7907,6
CA7907,7
CA7908,1
CA7908,2
CA7908,3
CA7908,4
CA7908,5
CA7908,6
CA7908,7
CA7909,1
CA7909,2
CA7909,3
CA7909,4
CA7909,5
CA7909,6
CA7909,7
CA7910,1
CA7910,2
CA7910,3
CA7910,4
CA7910,5
CA7910,6
CA7910,7
CA7911,1
CA7911,2
CA7911,3
CA7911,4
CA7911,5
CA7911,6
CA7911,7
CA7912,1
CA7912,2
CA7912,3
CA7912,4
CA7912,5
CA7912,6
CA7912,7
CA7919,1
CA7919,2
CA7919,3
CA7919,4
CA7919,5
CA7919,6
CA7919,7
CA7920,1
CA7920,2
CA7920,3
CA7920,4
CA7920,5
CA7920,6
CA7920,7
CA7921,1
CA7921,2
CA7921,3
CA7921,4
CA7921,5
CA7921,6
CA7921,7
CA7923,1
CA7923,2
CA7923,3
CA7923,4
CA7923,5
CA7923,6
CA7923,7
CA7924,1
CA7924,2
CA7924,3
CA7924,4
CA7924,5
CA7924,6
CA7924,7
CA7925,1
CA7925,2
CA7925,3
CA7925,4
CA7925,5
CA7925,6
CA7925,7
CA7926,1
CA7926,2
CA7926,3
CA7926,4
CA7926,5
CA7926,6
CA7926,7
CA7927,1
CA7927,2
CA7927,3
CA7927,4
CA7927,5
CA7927,6
CA7927,7
CA7928,1
CA7928,2
CA7928,3
CA7928,4
CA7928,5
CA7928,6
CA7928,7
CA7929,1
CA7929,2
CA7929,3
CA7929,4
CA7929,5
CA7929,6
CA7929,7
CA7930,1
CA7930,2
CA7930,3
CA7930,4
CA7930,5
CA7930,6
CA7930,7
CA7935,1
CA7935,2
CA7935,3
CA7935,4
CA7935,5
CA7935,6
CA7935,7
CA7936,1
CA7936,2
CA7936,3
CA7936,4
CA7936,5
CA7936,6
CA7936,7
CA7939,1
CA7939,2
CA7939,3
CA7939,4
CA7939,5
CA7939,6
CA7939,7
CA7940,1
CA7940,2
CA7940,3
CA7940,4
CA7940,5
CA7940,6
CA7940,7
CA7943,1
CA7943,2
CA7943,3
CA7943,4
CA7943,5
CA7943,6
CA7943,7
CA7944,1
CA7944,2
CA7944,3
CA7944,4
CA7944,5
CA7944,6
CA7944,7
CA7945,1
CA7945,2
CA7945,3
CA7945,4
CA7945,5
CA7945,6
CA7945,7
CA7946,1
CA7946,2
CA7946,3
CA7946,4
CA7946,5
CA7946,6
CA7946,7
CA7949,1
CA7949,2
CA7949,3
CA7949,4
CA7949,5
CA7949,6
CA7949,7
CA7950,1
CA7950,2
CA7950,3
CA7950,4
CA7950,5
CA7950,6
CA7950,7
CA7957,1
CA7957,2
CA7957,3
CA7957,4
CA7957,5
CA7957,6
CA7957,7
CA7958,1
CA7958,2
CA7958,3
CA7958,4
CA7958,5
CA7958,6
CA7958,7
CA7959,1
CA7959,2
CA7959,3
CA7959,4
CA7959,5
CA7959,6
CA7959,7
CA7960,1
CA7960,2
CA7960,3
CA7960,4
CA7960,5
CA7960,6
CA7960,7
CA7961,1
CA7961,2
CA7961,3
CA7961,4
CA7961,5
CA7961,6
CA7961,7
CA7962,1
CA7962,2
CA7962,3
CA7962,4
CA7962,5
CA7962,6
CA7962,7
CA7965,1
CA7965,2
CA7965,3
CA7965,4
CA7965,5
CA7965,6
CA7965,7
CA7966,1
CA7966,2
CA7966,3
CA7966,4
CA7966,5
CA7966,6
CA7966,7
CA7967,1
CA7967,2
CA7967,3
CA7967,4
CA7967,5
CA7967,6
CA7967,7
CA7968,1
CA7968,2
CA7968,3
CA7968,4
CA7968,5
CA7968,6
CA7968,7
CA7969,1
CA7969,2
CA7969,3
CA7969,4
CA7969,5
CA7969,6
CA7969,7
CA7970,1
CA7970,2
CA7970,3
CA7970,4
CA7970,5
CA7970,6
CA7970,7
CA7971,1
CA7971,2
CA7971,3
CA7971,4
CA7971,5
CA7971,6
CA7971,7
CA7972,1
CA7972,2
CA7972,3
CA7972,4
CA7972,5
CA7972,6
CA7972,7
CA8101,1
CA8101,2
CA8101,3
CA8101,4
CA8101,5
CA8101,6
CA8101,7
CA8105,1
CA8105,2
CA8105,3
CA8105,4
CA8105,5
CA8105,6
CA8105,7
CA8106,1
CA8106,2
CA8106,3
CA8106,4
CA8106,5
CA8106,6
CA8106,7
CA8107,1
CA8107,2
CA8107,3
CA8107,4
CA8107,5
CA8107,6
CA8107,7
CA8108,1
CA8108,2
CA8108,3
CA8108,4
CA8108,5
CA8108,6
CA8108,7
CA8119,1
CA8119,2
CA8119,3
CA8119,4
CA8119,5
CA8119,6
CA8119,7
CA8120,1
CA8120,2
CA8120,3
CA8120,4
CA8120,5
CA8120,6
CA8120,7
CA8127,1
CA8127,2
CA8127,3
CA8127,4
CA8127,5
CA8127,6
CA8127,7
CA8128,1
CA8128,2
CA8128,3
CA8128,4
CA8128,5
CA8128,6
CA8128,7
CA8130,1
CA8130,2
CA8130,3
CA8130,4
CA8130,5
CA8130,6
CA8130,7
CA8133,1
CA8133,2
CA8133,3
CA8133,4
CA8133,5
CA8133,6
CA8133,7
CA8134,1
CA8134,2
CA8134,3
CA8134,4
CA8134,5
CA8134,6
CA8134,7
CA8139,1
CA8139,2
CA8139,3
CA8139,4
CA8139,5
CA8139,6
CA8139,7
CA814,1
CA814,2
CA814,3
CA814,4
CA814,5
CA814,6
CA814,7
CA8140,1
CA8140,2
CA8140,3
CA8140,4
CA8140,5
CA8140,6
CA8140,7
CA8151,1
CA8151,2
CA8151,3
CA8151,4
CA8151,5
CA8151,6
CA8151,7
CA8152,1
CA8152,2
CA8152,3
CA8152,4
CA8152,5
CA8152,6
CA8152,7
CA8156,1
CA8156,2
CA8156,3
CA8156,4
CA8156,5
CA8156,6
CA8156,7
CA8157,1
CA8157,2
CA8157,3
CA8157,4
CA8157,5
CA8157,6
CA8157,7
CA8158,1
CA8158,2
CA8158,3
CA8158,4
CA8158,5
CA8158,6
CA8158,7
CA8159,1
CA8159,2
CA8159,3
CA8159,4
CA8159,5
CA8159,6
CA8159,7
CA8160,1
CA8160,2
CA8160,3
CA8160,4
CA8160,5
CA8160,6
CA8160,7
CA8163,1
CA8163,2
CA8163,3
CA8163,4
CA8163,5
CA8163,6
CA8163,7
CA8164,1
CA8164,2
CA8164,3
CA8164,4
CA8164,5
CA8164,6
CA8164,7
CA8165,1
CA8165,2
CA8165,3
CA8165,4
CA8165,5
CA8165,6
CA8165,7
CA8166,1
CA8166,2
CA8166,3
CA8166,4
CA8166,5
CA8166,6
CA8166,7
CA8167,1
CA8167,2
CA8167,3
CA8167,4
CA8167,5
CA8167,6
CA8167,7
CA8171,1
CA8171,2
CA8171,3
CA8171,4
CA8171,5
CA8171,6
CA8171,7
CA8172,1
CA8172,2
CA8172,3
CA8172,4
CA8172,5
CA8172,6
CA8172,7
CA8177,1
CA8177,2
CA8177,3
CA8177,4
CA8177,5
CA8177,6
CA8177,7
CA8178,1
CA8178,2
CA8178,3
CA8178,4
CA8178,5
CA8178,6
CA8178,7
CA8179,1
CA8179,2
CA8179,3
CA8179,4
CA8179,5
CA8179,6
CA8179,7
CA8180,1
CA8180,2
CA8180,3
CA8180,4
CA8180,5
CA8180,6
CA8180,7
CA8181,1
CA8181,2
CA8181,3
CA8181,4
CA8181,5
CA8181,6
CA8181,7
CA8182,1
CA8182,2
CA8182,3
CA8182,4
CA8182,5
CA8182,6
CA8182,7
CA8191,1
CA8191,2
CA8191,3
CA8191,4
CA8191,5
CA8191,6
CA8191,7
CA8192,1
CA8192,2
CA8192,3
CA8192,4
CA8192,5
CA8192,6
CA8192,7
CA8201,1
CA8201,2
CA8201,3
CA8201,4
CA8201,5
CA8201,6
CA8201,7
CA8202,1
CA8202,2
CA8202,3
CA8202,4
CA8202,5
CA8202,6
CA8202,7
CA8203,1
CA8203,2
CA8203,3
CA8203,4
CA8203,5
CA8203,6
CA8203,7
CA8204,1
CA8204,2
CA8204,3
CA8204,4
CA8204,5
CA8204,6
CA8204,7
CA8205,1
CA8205,2
CA8205,3
CA8205,4
CA8205,5
CA8205,6
CA8205,7
CA8206,1
CA8206,2
CA8206,3
CA8206,4
CA8206,5
CA8206,6
CA8206,7
CA8207,1
CA8207,2
CA8207,3
CA8207,4
CA8207,5
CA8207,6
CA8207,7
CA8208,1
CA8208,2
CA8208,3
CA8208,4
CA8208,5
CA8208,6
CA8208,7
CA8209,1
CA8209,2
CA8209,3
CA8209,4
CA8209,5
CA8209,6
CA8209,7
CA8210,1
CA8210,2
CA8210,3
CA8210,4
CA8210,5
CA8210,6
CA8210,7
CA8211,1
CA8211,2
CA8211,3
CA8211,4
CA8211,5
CA8211,6
CA8211,7
CA8212,1
CA8212,2
CA8212,3
CA8212,4
CA8212,5
CA8212,6
CA8212,7
CA8213,1
CA8213,2
CA8213,3
CA8213,4
CA8213,5
CA8213,6
CA8213,7
CA8214,1
CA8214,2
CA8214,3
CA8214,4
CA8214,5
CA8214,6
CA8214,7
CA8215,1
CA8215,2
CA8215,3
CA8215,4
CA8215,5
CA8215,6
CA8215,7
CA8216,1
CA8216,2
CA8216,3
CA8216,4
CA8216,5
CA8216,6
CA8216,7
CA8223,1
CA8223,2
CA8223,3
CA8223,4
CA8223,5
CA8223,6
CA8223,7
CA8224,1
CA8224,2
CA8224,3
CA8224,4
CA8224,5
CA8224,6
CA8224,7
CA8225,1
CA8225,2
CA8225,3
CA8225,4
CA8225,5
CA8225,6
CA8225,7
CA8226,1
CA8226,2
CA8226,3
CA8226,4
CA8226,5
CA8226,6
CA8226,7
CA8227,1
CA8227,2
CA8227,3
CA8227,4
CA8227,5
CA8227,6
CA8227,7
CA8228,1
CA8228,2
CA8228,3
CA8228,4
CA8228,5
CA8228,6
CA8228,7
CA8229,1
CA8229,2
CA8229,3
CA8229,4
CA8229,5
CA8229,6
CA8229,7
CA8230,1
CA8230,2
CA8230,3
CA8230,4
CA8230,5
CA8230,6
CA8230,7
CA8233,1
CA8233,2
CA8233,3
CA8233,4
CA8233,5
CA8233,6
CA8233,7
CA8234,1
CA8234,2
CA8234,3
CA8234,4
CA8234,5
CA8234,6
CA8234,7
CA8239,1
CA8239,2
CA8239,3
CA8239,4
CA8239,5
CA8239,6
CA8239,7
CA8240,1
CA8240,2
CA8240,3
CA8240,4
CA8240,5
CA8240,6
CA8240,7
CA8241,1
CA8241,2
CA8241,3
CA8241,4
CA8241,5
CA8241,6
CA8241,7
CA8242,1
CA8242,2
CA8242,3
CA8242,4
CA8242,5
CA8242,6
CA8242,7
CA8243,1
CA8243,2
CA8243,3
CA8243,4
CA8243,5
CA8243,6
CA8243,7
CA8244,1
CA8244,2
CA8244,3
CA8244,4
CA8244,5
CA8244,6
CA8244,7
CA8247,1
CA8247,2
CA8247,3
CA8247,4
CA8247,5
CA8247,6
CA8247,7
CA8248,1
CA8248,2
CA8248,3
CA8248,4
CA8248,5
CA8248,6
CA8248,7
CA8255,1
CA8255,2
CA8255,3
CA8255,4
CA8255,5
CA8255,6
CA8255,7
CA8256,1
CA8256,2
CA8256,3
CA8256,4
CA8256,5
CA8256,6
CA8256,7
CA8257,1
CA8257,2
CA8257,3
CA8257,4
CA8257,5
CA8257,6
CA8257,7
CA8258,1
CA8258,2
CA8258,3
CA8258,4
CA8258,5
CA8258,6
CA8258,7
CA8261,1
CA8261,2
CA8261,3
CA8261,4
CA8261,5
CA8261,6
CA8261,7
CA8262,1
CA8262,2
CA8262,3
CA8262,4
CA8262,5
CA8262,6
CA8262,7
CA8265,1
CA8265,2
CA8265,3
CA8265,4
CA8265,5
CA8265,6
CA8265,7
CA8266,1
CA8266,2
CA8266,3
CA8266,4
CA8266,5
CA8266,6
CA8266,7
CA8269,1
CA8269,2
CA8269,3
CA8269,4
CA8269,5
CA8269,6
CA8269,7
CA8270,1
CA8270,2
CA8270,3
CA8270,4
CA8270,5
CA8270,6
CA8270,7
CA8275,1
CA8275,2
CA8275,3
CA8275,4
CA8275,5
CA8275,6
CA8275,7
CA8276,1
CA8276,2
CA8276,3
CA8276,4
CA8276,5
CA8276,6
CA8276,7
CA8283,1
CA8283,2
CA8283,3
CA8283,4
CA8283,5
CA8283,6
CA8283,7
CA8284,1
CA8284,2
CA8284,3
CA8284,4
CA8284,5
CA8284,6
CA8284,7
CA8285,1
CA8285,2
CA8285,3
CA8285,4
CA8285,5
CA8285,6
CA8285,7
CA8286,1
CA8286,2
CA8286,3
CA8286,4
CA8286,5
CA8286,6
CA8286,7
CA8291,1
CA8291,2
CA8291,3
CA8291,4
CA8291,5
CA8291,6
CA8291,7
CA8292,1
CA8292,2
CA8292,3
CA8292,4
CA8292,5
CA8292,6
CA8292,7
CA8293,1
CA8293,2
CA8293,3
CA8293,4
CA8293,5
CA8293,6
CA8293,7
CA8294,1
CA8294,2
CA8294,3
CA8294,4
CA8294,5
CA8294,6
CA8294,7
CA8295,1
CA8295,2
CA8295,3
CA8295,4
CA8295,5
CA8295,6
CA8295,7
CA8296,1
CA8296,2
CA8296,3
CA8296,4
CA8296,5
CA8296,6
CA8296,7
CA8297,1
CA8297,2
CA8297,3
CA8297,4
CA8297,5
CA8297,6
CA8297,7
CA8298,1
CA8298,2
CA8298,3
CA8298,4
CA8298,5
CA8298,6
CA8298,7
CA8301,1
CA8301,2
CA8301,3
CA8301,4
CA8301,5
CA8301,6
CA8301,7
CA8302,1
CA8302,2
CA8302,3
CA8302,4
CA8302,5
CA8302,6
CA8302,7
CA8303,1
CA8303,2
CA8303,3
CA8303,4
CA8303,5
CA8303,6
CA8303,7
CA8304,1
CA8304,2
CA8304,3
CA8304,4
CA8304,5
CA8304,6
CA8304,7
CA8305,1
CA8305,2
CA8305,3
CA8305,4
CA8305,5
CA8305,6
CA8305,7
CA8306,1
CA8306,2
CA8306,3
CA8306,4
CA8306,5
CA8306,6
CA8306,7
CA8309,1
CA8309,2
CA8309,3
CA8309,4
CA8309,5
CA8309,6
CA8309,7
CA8310,1
CA8310,2
CA8310,3
CA8310,4
CA8310,5
CA8310,6
CA8310,7
CA8313,1
CA8313,2
CA8313,3
CA8313,4
CA8313,5
CA8313,6
CA8313,7
CA8314,1
CA8314,2
CA8314,3
CA8314,4
CA8314,5
CA8314,6
CA8314,7
CA8315,1
CA8315,2
CA8315,3
CA8315,4
CA8315,5
CA8315,6
CA8315,7
CA8316,1
CA8316,2
CA8316,3
CA8316,4
CA8316,5
CA8316,6
CA8316,7
CA8321,1
CA8321,2
CA8321,3
CA8321,4
CA8321,5
CA8321,6
CA8321,7
CA8322,1
CA8322,2
CA8322,3
CA8322,4
CA8322,5
CA8322,6
CA8322,7
CA8325,1
CA8325,2
CA8325,3
CA8325,4
CA8325,5
CA8325,6
CA8325,7
CA8326,1
CA8326,2
CA8326,3
CA8326,4
CA8326,5
CA8326,6
CA8326,7
CA8327,1
CA8327,2
CA8327,3
CA8327,4
CA8327,5
CA8327,6
CA8327,7
CA8328,1
CA8328,2
CA8328,3
CA8328,4
CA8328,5
CA8328,6
CA8328,7
CA8329,1
CA8329,2
CA8329,3
CA8329,4
CA8329,5
CA8329,6
CA8329,7
CA8331,1
CA8331,2
CA8331,3
CA8331,4
CA8331,5
CA8331,6
CA8331,7
CA8332,1
CA8332,2
CA8332,3
CA8332,4
CA8332,5
CA8332,6
CA8332,7
CA8333,1
CA8333,2
CA8333,3
CA8333,4
CA8333,5
CA8333,6
CA8333,7
CA8334,1
CA8334,2
CA8334,3
CA8334,4
CA8334,5
CA8334,6
CA8334,7
CA8337,1
CA8337,2
CA8337,3
CA8337,4
CA8337,5
CA8337,6
CA8337,7
CA8338,1
CA8338,2
CA8338,3
CA8338,4
CA8338,5
CA8338,6
CA8338,7
CA8341,1
CA8341,2
CA8341,3
CA8341,4
CA8341,5
CA8341,6
CA8341,7
CA8342,1
CA8342,2
CA8342,3
CA8342,4
CA8342,5
CA8342,6
CA8342,7
CA8343,1
CA8343,2
CA8343,3
CA8343,4
CA8343,5
CA8343,6
CA8343,7
CA8344,1
CA8344,2
CA8344,3
CA8344,4
CA8344,5
CA8344,6
CA8344,7
CA8345,1
CA8345,2
CA8345,3
CA8345,4
CA8345,5
CA8345,6
CA8345,7
CA8346,1
CA8346,2
CA8346,3
CA8346,4
CA8346,5
CA8346,6
CA8346,7
CA8347,1
CA8347,2
CA8347,3
CA8347,4
CA8347,5
CA8347,6
CA8347,7
CA8349,1
CA8349,2
CA8349,3
CA8349,4
CA8349,5
CA8349,6
CA8349,7
CA8350,1
CA8350,2
CA8350,3
CA8350,4
CA8350,5
CA8350,6
CA8350,7
CA8351,1
CA8351,2
CA8351,3
CA8351,4
CA8351,5
CA8351,6
CA8351,7
CA8352,1
CA8352,2
CA8352,3
CA8352,4
CA8352,5
CA8352,6
CA8352,7
CA8359,1
CA8359,2
CA8359,3
CA8359,4
CA8359,5
CA8359,6
CA8359,7
CA8360,1
CA8360,2
CA8360,3
CA8360,4
CA8360,5
CA8360,6
CA8360,7
CA8362,1
CA8362,2
CA8362,3
CA8362,4
CA8362,5
CA8362,6
CA8362,7
CA8365,1
CA8365,2
CA8365,3
CA8365,4
CA8365,5
CA8365,6
CA8365,7
CA8366,1
CA8366,2
CA8366,3
CA8366,4
CA8366,5
CA8366,6
CA8366,7
CA8367,1
CA8367,2
CA8367,3
CA8367,4
CA8367,5
CA8367,6
CA8367,7
CA8368,1
CA8368,2
CA8368,3
CA8368,4
CA8368,5
CA8368,6
CA8368,7
CA8375,1
CA8375,2
CA8375,3
CA8375,4
CA8375,5
CA8375,6
CA8375,7
CA8376,1
CA8376,2
CA8376,3
CA8376,4
CA8376,5
CA8376,6
CA8376,7
CA8377,1
CA8377,2
CA8377,3
CA8377,4
CA8377,5
CA8377,6
CA8377,7
CA8378,1
CA8378,2
CA8378,3
CA8378,4
CA8378,5
CA8378,6
CA8378,7
CA8379,1
CA8379,2
CA8379,3
CA8379,4
CA8379,5
CA8379,6
CA8379,7
CA8380,1
CA8380,2
CA8380,3
CA8380,4
CA8380,5
CA8380,6
CA8380,7
CA8387,1
CA8387,2
CA8387,3
CA8387,4
CA8387,5
CA8387,6
CA8387,7
CA8388,1
CA8388,2
CA8388,3
CA8388,4
CA8388,5
CA8388,6
CA8388,7
CA8389,1
CA8389,2
CA8389,3
CA8389,4
CA8389,5
CA8389,6
CA8389,7
CA8390,1
CA8390,2
CA8390,3
CA8390,4
CA8390,5
CA8390,6
CA8390,7
CA8391,1
CA8391,2
CA8391,3
CA8391,4
CA8391,5
CA8391,6
CA8391,7
CA8392,1
CA8392,2
CA8392,3
CA8392,4
CA8392,5
CA8392,6
CA8392,7
CA8393,1
CA8393,2
CA8393,3
CA8393,4
CA8393,5
CA8393,6
CA8393,7
CA8397,1
CA8397,2
CA8397,3
CA8397,4
CA8397,5
CA8397,6
CA8397,7
CA8398,1
CA8398,2
CA8398,3
CA8398,4
CA8398,5
CA8398,6
CA8398,7
CA8503,1
CA8503,2
CA8503,3
CA8503,4
CA8503,5
CA8503,6
CA8503,7
CA8504,1
CA8504,2
CA8504,3
CA8504,4
CA8504,5
CA8504,6
CA8504,7
CA8509,1
CA8509,2
CA8509,3
CA8509,4
CA8509,5
CA8509,6
CA8509,7
CA8517,1
CA8517,2
CA8517,3
CA8517,4
CA8517,5
CA8517,6
CA8517,7
CA8518,1
CA8518,2
CA8518,3
CA8518,4
CA8518,5
CA8518,6
CA8518,7
CA8521,1
CA8521,2
CA8521,3
CA8521,4
CA8521,5
CA8521,6
CA8521,7
CA8522,1
CA8522,2
CA8522,3
CA8522,4
CA8522,5
CA8522,6
CA8522,7
CA8529,1
CA8529,2
CA8529,3
CA8529,4
CA8529,5
CA8529,6
CA8529,7
CA8530,1
CA8530,2
CA8530,3
CA8530,4
CA8530,5
CA8530,6
CA8530,7
CA8531,1
CA8531,2
CA8531,3
CA8531,4
CA8531,5
CA8531,6
CA8531,7
CA8532,1
CA8532,2
CA8532,3
CA8532,4
CA8532,5
CA8532,6
CA8532,7
CA8533,1
CA8533,2
CA8533,3
CA8533,4
CA8533,5
CA8533,6
CA8533,7
CA8534,1
CA8534,2
CA8534,3
CA8534,4
CA8534,5
CA8534,6
CA8534,7
CA8537,1
CA8537,2
CA8537,3
CA8537,4
CA8537,5
CA8537,6
CA8537,7
CA8538,1
CA8538,2
CA8538,3
CA8538,4
CA8538,5
CA8538,6
CA8538,7
CA8539,1
CA8539,2
CA8539,3
CA8539,4
CA8539,5
CA8539,6
CA8539,7
CA8540,1
CA8540,2
CA8540,3
CA8540,4
CA8540,5
CA8540,6
CA8540,7
CA8541,1
CA8541,2
CA8541,3
CA8541,4
CA8541,5
CA8541,6
CA8541,7
CA8542,1
CA8542,2
CA8542,3
CA8542,4
CA8542,5
CA8542,6
CA8542,7
CA8543,1
CA8543,2
CA8543,3
CA8543,4
CA8543,5
CA8543,6
CA8543,7
CA8544,1
CA8544,2
CA8544,3
CA8544,4
CA8544,5
CA8544,6
CA8544,7
CA8549,1
CA8549,2
CA8549,3
CA8549,4
CA8549,5
CA8549,6
CA8549,7
CA8550,1
CA8550,2
CA8550,3
CA8550,4
CA8550,5
CA8550,6
CA8550,7
CA8551,1
CA8551,2
CA8551,3
CA8551,4
CA8551,5
CA8551,6
CA8551,7
CA8552,1
CA8552,2
CA8552,3
CA8552,4
CA8552,5
CA8552,6
CA8552,7
CA8553,1
CA8553,2
CA8553,3
CA8553,4
CA8553,5
CA8553,6
CA8553,7
CA8554,1
CA8554,2
CA8554,3
CA8554,4
CA8554,5
CA8554,6
CA8554,7
CA8557,1
CA8557,2
CA8557,3
CA8557,4
CA8557,5
CA8557,6
CA8557,7
CA8558,1
CA8558,2
CA8558,3
CA8558,4
CA8558,5
CA8558,6
CA8558,7
CA8560,1
CA8560,2
CA8560,3
CA8560,4
CA8560,5
CA8560,6
CA8560,7
CA8563,1
CA8563,2
CA8563,3
CA8563,4
CA8563,5
CA8563,6
CA8563,7
CA8564,1
CA8564,2
CA8564,3
CA8564,4
CA8564,5
CA8564,6
CA8564,7
CA8565,1
CA8565,2
CA8565,3
CA8565,4
CA8565,5
CA8565,6
CA8565,7
CA8566,1
CA8566,2
CA8566,3
CA8566,4
CA8566,5
CA8566,6
CA8566,7
CA8567,1
CA8567,2
CA8567,3
CA8567,4
CA8567,5
CA8567,6
CA8567,7
CA8568,1
CA8568,2
CA8568,3
CA8568,4
CA8568,5
CA8568,6
CA8568,7
CA8571,1
CA8571,2
CA8571,3
CA8571,4
CA8571,5
CA8571,6
CA8571,7
CA8572,1
CA8572,2
CA8572,3
CA8572,4
CA8572,5
CA8572,6
CA8572,7
CA8573,1
CA8573,2
CA8573,3
CA8573,4
CA8573,5
CA8573,6
CA8573,7
CA8574,1
CA8574,2
CA8574,3
CA8574,4
CA8574,5
CA8574,6
CA8574,7
CA8577,1
CA8577,2
CA8577,3
CA8577,4
CA8577,5
CA8577,6
CA8577,7
CA8578,1
CA8578,2
CA8578,3
CA8578,4
CA8578,5
CA8578,6
CA8578,7
CA8579,1
CA8579,2
CA8579,3
CA8579,4
CA8579,5
CA8579,6
CA8579,7
CA8580,1
CA8580,2
CA8580,3
CA8580,4
CA8580,5
CA8580,6
CA8580,7
CA8581,1
CA8581,2
CA8581,3
CA8581,4
CA8581,5
CA8581,6
CA8581,7
CA8582,1
CA8582,2
CA8582,3
CA8582,4
CA8582,5
CA8582,6
CA8582,7
CA8587,1
CA8587,2
CA8587,3
CA8587,4
CA8587,5
CA8587,6
CA8587,7
CA8589,1
CA8589,2
CA8589,3
CA8589,4
CA8589,5
CA8589,6
CA8589,7
CA8590,1
CA8590,2
CA8590,3
CA8590,4
CA8590,5
CA8590,6
CA8590,7
CA8591,1
CA8591,2
CA8591,3
CA8591,4
CA8591,5
CA8591,6
CA8591,7
CA8592,1
CA8592,2
CA8592,3
CA8592,4
CA8592,5
CA8592,6
CA8592,7
CA8593,1
CA8593,2
CA8593,3
CA8593,4
CA8593,5
CA8593,6
CA8593,7
CA8595,1
CA8595,2
CA8595,3
CA8595,4
CA8595,5
CA8595,6
CA8595,7
CA8596,1
CA8596,2
CA8596,3
CA8596,4
CA8596,5
CA8596,6
CA8596,7
CA8597,1
CA8597,2
CA8597,3
CA8597,4
CA8597,5
CA8597,6
CA8597,7
CA8601,1
CA8601,2
CA8601,3
CA8601,4
CA8601,5
CA8601,6
CA8601,7
CA8602,1
CA8602,2
CA8602,3
CA8602,4
CA8602,5
CA8602,6
CA8602,7
CA8606,1
CA8606,2
CA8606,3
CA8606,4
CA8606,5
CA8606,6
CA8606,7
CA8607,1
CA8607,2
CA8607,3
CA8607,4
CA8607,5
CA8607,6
CA8607,7
CA8608,1
CA8608,2
CA8608,3
CA8608,4
CA8608,5
CA8608,6
CA8608,7
CA8609,1
CA8609,2
CA8609,3
CA8609,4
CA8609,5
CA8609,6
CA8609,7
CA8610,1
CA8610,2
CA8610,3
CA8610,4
CA8610,5
CA8610,6
CA8610,7
CA8611,1
CA8611,2
CA8611,3
CA8611,4
CA8611,5
CA8611,6
CA8611,7
CA8612,1
CA8612,2
CA8612,3
CA8612,4
CA8612,5
CA8612,6
CA8612,7
CA8613,1
CA8613,2
CA8613,3
CA8613,4
CA8613,5
CA8613,6
CA8613,7
CA8614,1
CA8614,2
CA8614,3
CA8614,4
CA8614,5
CA8614,6
CA8614,7
CA8617,1
CA8617,2
CA8617,3
CA8617,4
CA8617,5
CA8617,6
CA8617,7
CA8618,1
CA8618,2
CA8618,3
CA8618,4
CA8618,5
CA8618,6
CA8618,7
CA8621,1
CA8621,2
CA8621,3
CA8621,4
CA8621,5
CA8621,6
CA8621,7
CA8622,1
CA8622,2
CA8622,3
CA8622,4
CA8622,5
CA8622,6
CA8622,7
CA8629,1
CA8629,2
CA8629,3
CA8629,4
CA8629,5
CA8629,6
CA8629,7
CA8633,1
CA8633,2
CA8633,3
CA8633,4
CA8633,5
CA8633,6
CA8633,7
CA8641,1
CA8641,2
CA8641,3
CA8641,4
CA8641,5
CA8641,6
CA8641,7
CA8642,1
CA8642,2
CA8642,3
CA8642,4
CA8642,5
CA8642,6
CA8642,7
CA8643,1
CA8643,2
CA8643,3
CA8643,4
CA8643,5
CA8643,6
CA8643,7
CA8644,1
CA8644,2
CA8644,3
CA8644,4
CA8644,5
CA8644,6
CA8644,7
CA8647,1
CA8647,2
CA8647,3
CA8647,4
CA8647,5
CA8647,6
CA8647,7
CA8649,1
CA8649,2
CA8649,3
CA8649,4
CA8649,5
CA8649,6
CA8649,7
CA8650,1
CA8650,2
CA8650,3
CA8650,4
CA8650,5
CA8650,6
CA8650,7
CA8659,1
CA8659,2
CA8659,3
CA8659,4
CA8659,5
CA8659,6
CA8659,7
CA8660,1
CA8660,2
CA8660,3
CA8660,4
CA8660,5
CA8660,6
CA8660,7
CA8661,1
CA8661,2
CA8661,3
CA8661,4
CA8661,5
CA8661,6
CA8661,7
CA8662,1
CA8662,2
CA8662,3
CA8662,4
CA8662,5
CA8662,6
CA8662,7
CA8663,1
CA8663,2
CA8663,3
CA8663,4
CA8663,5
CA8663,6
CA8663,7
CA8664,1
CA8664,2
CA8664,3
CA8664,4
CA8664,5
CA8664,6
CA8664,7
CA8669,1
CA8669,2
CA8669,3
CA8669,4
CA8669,5
CA8669,6
CA8669,7
CA867,1
CA867,2
CA867,3
CA867,4
CA867,5
CA867,6
CA867,7
CA8670,1
CA8670,2
CA8670,3
CA8670,4
CA8670,5
CA8670,6
CA8670,7
CA8675,1
CA8675,2
CA8675,3
CA8675,4
CA8675,5
CA8675,6
CA8675,7
CA8676,1
CA8676,2
CA8676,3
CA8676,4
CA8676,5
CA8676,6
CA8676,7
CA8677,1
CA8677,2
CA8677,3
CA8677,4
CA8677,5
CA8677,6
CA8677,7
CA8678,1
CA8678,2
CA8678,3
CA8678,4
CA8678,5
CA8678,6
CA8678,7
CA8681,1
CA8681,2
CA8681,3
CA8681,4
CA8681,5
CA8681,6
CA8681,7
CA8682,1
CA8682,2
CA8682,3
CA8682,4
CA8682,5
CA8682,6
CA8682,7
CA8689,1
CA8689,2
CA8689,3
CA8689,4
CA8689,5
CA8689,6
CA8689,7
CA8690,1
CA8690,2
CA8690,3
CA8690,4
CA8690,5
CA8690,6
CA8690,7
CA8691,1
CA8691,2
CA8691,3
CA8691,4
CA8691,5
CA8691,6
CA8691,7
CA8692,1
CA8692,2
CA8692,3
CA8692,4
CA8692,5
CA8692,6
CA8692,7
CA8693,1
CA8693,2
CA8693,3
CA8693,4
CA8693,5
CA8693,6
CA8693,7
CA8694,1
CA8694,2
CA8694,3
CA8694,4
CA8694,5
CA8694,6
CA8694,7
CA8701,1
CA8701,2
CA8701,3
CA8701,4
CA8701,5
CA8701,6
CA8701,7
CA8702,1
CA8702,2
CA8702,3
CA8702,4
CA8702,5
CA8702,6
CA8702,7
CA8703,1
CA8703,2
CA8703,3
CA8703,4
CA8703,5
CA8703,6
CA8703,7
CA8704,1
CA8704,2
CA8704,3
CA8704,4
CA8704,5
CA8704,6
CA8704,7
CA8705,1
CA8705,2
CA8705,3
CA8705,4
CA8705,5
CA8705,6
CA8705,7
CA8706,1
CA8706,2
CA8706,3
CA8706,4
CA8706,5
CA8706,6
CA8706,7
CA8707,1
CA8707,2
CA8707,3
CA8707,4
CA8707,5
CA8707,6
CA8707,7
CA8708,1
CA8708,2
CA8708,3
CA8708,4
CA8708,5
CA8708,6
CA8708,7
CA8709,1
CA8709,2
CA8709,3
CA8709,4
CA8709,5
CA8709,6
CA8709,7
CA8710,1
CA8710,2
CA8710,3
CA8710,4
CA8710,5
CA8710,6
CA8710,7
CA8719,1
CA8719,2
CA8719,3
CA8719,4
CA8719,5
CA8719,6
CA8719,7
CA8720,1
CA8720,2
CA8720,3
CA8720,4
CA8720,5
CA8720,6
CA8720,7
CA8725,1
CA8725,2
CA8725,3
CA8725,4
CA8725,5
CA8725,6
CA8725,7
CA8726,1
CA8726,2
CA8726,3
CA8726,4
CA8726,5
CA8726,6
CA8726,7
CA8771,1
CA8771,2
CA8771,3
CA8771,4
CA8771,5
CA8771,6
CA8771,7
CA8772,1
CA8772,2
CA8772,3
CA8772,4
CA8772,5
CA8772,6
CA8772,7
CA8776,1
CA8776,2
CA8776,3
CA8776,4
CA8776,5
CA8776,6
CA8776,7
CA8777,1
CA8777,2
CA8777,3
CA8777,4
CA8777,5
CA8777,6
CA8777,7
CA8778,1
CA8778,2
CA8778,3
CA8778,4
CA8778,5
CA8778,6
CA8778,7
CA8785,1
CA8785,2
CA8785,3
CA8785,4
CA8785,5
CA8785,6
CA8785,7
CA8786,1
CA8786,2
CA8786,3
CA8786,4
CA8786,5
CA8786,6
CA8786,7
CA8793,1
CA8793,2
CA8793,3
CA8793,4
CA8793,5
CA8793,6
CA8793,7
CA8794,1
CA8794,2
CA8794,3
CA8794,4
CA8794,5
CA8794,6
CA8794,7
CA8795,1
CA8795,2
CA8795,3
CA8795,4
CA8795,5
CA8795,6
CA8795,7
CA8815,1
CA8815,2
CA8815,3
CA8815,4
CA8815,5
CA8815,6
CA8815,7
CA8902,1
CA8902,2
CA8902,3
CA8902,4
CA8902,5
CA8902,6
CA8902,7
CA8903,1
CA8903,2
CA8903,3
CA8903,4
CA8903,5
CA8903,6
CA8903,7
CA8928,1
CA8928,2
CA8928,3
CA8928,4
CA8928,5
CA8928,6
CA8928,7
CA8937,1
CA8937,2
CA8937,3
CA8937,4
CA8937,5
CA8937,6
CA8937,7
CA8938,1
CA8938,2
CA8938,3
CA8938,4
CA8938,5
CA8938,6
CA8938,7
CA9002,1
CA9002,2
CA9002,3
CA9002,4
CA9002,5
CA9002,6
CA9002,7
CA9003,1
CA9003,2
CA9003,3
CA9003,4
CA9003,5
CA9003,6
CA9003,7
CA9004,1
CA9004,2
CA9004,3
CA9004,4
CA9004,5
CA9004,6
CA9004,7
CA9005,1
CA9005,2
CA9005,3
CA9005,4
CA9005,5
CA9005,6
CA9005,7
CA9006,1
CA9006,2
CA9006,3
CA9006,4
CA9006,5
CA9006,6
CA9006,7
CA9007,1
CA9007,2
CA9007,3
CA9007,4
CA9007,5
CA9007,6
CA9007,7
CA9008,1
CA9008,2
CA9008,3
CA9008,4
CA9008,5
CA9008,6
CA9008,7
CA9009,1
CA9009,2
CA9009,3
CA9009,4
CA9009,5
CA9009,6
CA9009,7
CA9011,1
CA9011,2
CA9011,3
CA9011,4
CA9011,5
CA9011,6
CA9011,7
CA9012,1
CA9012,2
CA9012,3
CA9012,4
CA9012,5
CA9012,6
CA9012,7
CA9013,1
CA9013,2
CA9013,3
CA9013,4
CA9013,5
CA9013,6
CA9013,7
CA9014,1
CA9014,2
CA9014,3
CA9014,4
CA9014,5
CA9014,6
CA9014,7
CA9016,1
CA9016,2
CA9016,3
CA9016,4
CA9016,5
CA9016,6
CA9016,7
CA9019,1
CA9019,2
CA9019,3
CA9019,4
CA9019,5
CA9019,6
CA9019,7
CA9020,1
CA9020,2
CA9020,3
CA9020,4
CA9020,5
CA9020,6
CA9020,7
CA9021,1
CA9021,2
CA9021,3
CA9021,4
CA9021,5
CA9021,6
CA9021,7
CA9022,1
CA9022,2
CA9022,3
CA9022,4
CA9022,5
CA9022,6
CA9022,7
CA9023,1
CA9023,2
CA9023,3
CA9023,4
CA9023,5
CA9023,6
CA9023,7
CA9024,1
CA9024,2
CA9024,3
CA9024,4
CA9024,5
CA9024,6
CA9024,7
CA9026,1
CA9026,2
CA9026,3
CA9026,4
CA9026,5
CA9026,6
CA9026,7
CA9027,1
CA9027,2
CA9027,3
CA9027,4
CA9027,5
CA9027,6
CA9027,7
CA9028,1
CA9028,2
CA9028,3
CA9028,4
CA9028,5
CA9028,6
CA9028,7
CA9029,1
CA9029,2
CA9029,3
CA9029,4
CA9029,5
CA9029,6
CA9029,7
CA9031,1
CA9031,2
CA9031,3
CA9031,4
CA9031,5
CA9031,6
CA9031,7
CA9032,1
CA9032,2
CA9032,3
CA9032,4
CA9032,5
CA9032,6
CA9032,7
CA9033,1
CA9033,2
CA9033,3
CA9033,4
CA9033,5
CA9033,6
CA9033,7
CA9034,1
CA9034,2
CA9034,3
CA9034,4
CA9034,5
CA9034,6
CA9034,7
CA9035,1
CA9035,2
CA9035,3
CA9035,4
CA9035,5
CA9035,6
CA9035,7
CA9037,1
CA9037,2
CA9037,3
CA9037,4
CA9037,5
CA9037,6
CA9037,7
CA9038,1
CA9038,2
CA9038,3
CA9038,4
CA9038,5
CA9038,6
CA9038,7
CA9040,1
CA9040,2
CA9040,3
CA9040,4
CA9040,5
CA9040,6
CA9040,7
CA9041,1
CA9041,2
CA9041,3
CA9041,4
CA9041,5
CA9041,6
CA9041,7
CA9042,1
CA9042,2
CA9042,3
CA9042,4
CA9042,5
CA9042,6
CA9042,7
CA9045,1
CA9045,2
CA9045,3
CA9045,4
CA9045,5
CA9045,6
CA9045,7
CA9046,1
CA9046,2
CA9046,3
CA9046,4
CA9046,5
CA9046,6
CA9046,7
CA9048,1
CA9048,2
CA9048,3
CA9048,4
CA9048,5
CA9048,6
CA9048,7
CA9049,1
CA9049,2
CA9049,3
CA9049,4
CA9049,5
CA9049,6
CA9049,7
CA9050,1
CA9050,2
CA9050,3
CA9050,4
CA9050,5
CA9050,6
CA9050,7
CA9051,1
CA9051,2
CA9051,3
CA9051,4
CA9051,5
CA9051,6
CA9051,7
CA9052,1
CA9052,2
CA9052,3
CA9052,4
CA9052,5
CA9052,6
CA9052,7
CA9055,1
CA9055,2
CA9055,3
CA9055,4
CA9055,5
CA9055,6
CA9055,7
CA9056,1
CA9056,2
CA9056,3
CA9056,4
CA9056,5
CA9056,6
CA9056,7
CA9057,1
CA9057,2
CA9057,3
CA9057,4
CA9057,5
CA9057,6
CA9057,7
CA9058,1
CA9058,2
CA9058,3
CA9058,4
CA9058,5
CA9058,6
CA9058,7
CA9059,1
CA9059,2
CA9059,3
CA9059,4
CA9059,5
CA9059,6
CA9059,7
CA9065,1
CA9065,2
CA9065,3
CA9065,4
CA9065,5
CA9065,6
CA9065,7
CA9068,1
CA9068,2
CA9068,3
CA9068,4
CA9068,5
CA9068,6
CA9068,7
CA9069,1
CA9069,2
CA9069,3
CA9069,4
CA9069,5
CA9069,6
CA9069,7
CA9070,1
CA9070,2
CA9070,3
CA9070,4
CA9070,5
CA9070,6
CA9070,7
CA9071,1
CA9071,2
CA9071,3
CA9071,4
CA9071,5
CA9071,6
CA9071,7
CA9072,1
CA9072,2
CA9072,3
CA9072,4
CA9072,5
CA9072,6
CA9072,7
CA9075,1
CA9075,2
CA9075,3
CA9075,4
CA9075,5
CA9075,6
CA9075,7
CA9076,1
CA9076,2
CA9076,3
CA9076,4
CA9076,5
CA9076,6
CA9076,7
CA9077,1
CA9077,2
CA9077,3
CA9077,4
CA9077,5
CA9077,6
CA9077,7
CA9078,1
CA9078,2
CA9078,3
CA9078,4
CA9078,5
CA9078,6
CA9078,7
CA9079,1
CA9079,2
CA9079,3
CA9079,4
CA9079,5
CA9079,6
CA9079,7
CA9081,1
CA9081,2
CA9081,3
CA9081,4
CA9081,5
CA9081,6
CA9081,7
CA9082,1
CA9082,2
CA9082,3
CA9082,4
CA9082,5
CA9082,6
CA9082,7
CA9083,1
CA9083,2
CA9083,3
CA9083,4
CA9083,5
CA9083,6
CA9083,7
CA9084,1
CA9084,2
CA9084,3
CA9084,4
CA9084,5
CA9084,6
CA9084,7
CA9085,1
CA9085,2
CA9085,3
CA9085,4
CA9085,5
CA9085,6
CA9085,7
CA9086,1
CA9086,2
CA9086,3
CA9086,4
CA9086,5
CA9086,6
CA9086,7
CA9087,1
CA9087,2
CA9087,3
CA9087,4
CA9087,5
CA9087,6
CA9087,7
CA9088,1
CA9088,2
CA9088,3
CA9088,4
CA9088,5
CA9088,6
CA9088,7
CA9089,1
CA9089,2
CA9089,3
CA9089,4
CA9089,5
CA9089,6
CA9089,7
CA9090,1
CA9090,2
CA9090,3
CA9090,4
CA9090,5
CA9090,6
CA9090,7
CA9092,1
CA9092,2
CA9092,3
CA9092,4
CA9092,5
CA9092,6
CA9092,7
CA9093,1
CA9093,2
CA9093,3
CA9093,4
CA9093,5
CA9093,6
CA9093,7
CA9099,1
CA9099,2
CA9099,3
CA9099,4
CA9099,5
CA9099,6
CA9099,7
CA9100,1
CA9100,2
CA9100,3
CA9100,4
CA9100,5
CA9100,6
CA9100,7
CA9101,1
CA9101,2
CA9101,3
CA9101,4
CA9101,5
CA9101,6
CA9101,7
CA9102,1
CA9102,2
CA9102,3
CA9102,4
CA9102,5
CA9102,6
CA9102,7
CA9103,1
CA9103,2
CA9103,3
CA9103,4
CA9103,5
CA9103,6
CA9103,7
CA9104,1
CA9104,2
CA9104,3
CA9104,4
CA9104,5
CA9104,6
CA9104,7
CA9105,1
CA9105,2
CA9105,3
CA9105,4
CA9105,5
CA9105,6
CA9105,7
CA9106,1
CA9106,2
CA9106,3
CA9106,4
CA9106,5
CA9106,6
CA9106,7
CA9108,1
CA9108,2
CA9108,3
CA9108,4
CA9108,5
CA9108,6
CA9108,7
CA9109,1
CA9109,2
CA9109,3
CA9109,4
CA9109,5
CA9109,6
CA9109,7
CA9110,1
CA9110,2
CA9110,3
CA9110,4
CA9110,5
CA9110,6
CA9110,7
CA9111,1
CA9111,2
CA9111,3
CA9111,4
CA9111,5
CA9111,6
CA9111,7
CA9112,1
CA9112,2
CA9112,3
CA9112,4
CA9112,5
CA9112,6
CA9112,7
CA9113,1
CA9113,2
CA9113,3
CA9113,4
CA9113,5
CA9113,6
CA9113,7
CA9114,1
CA9114,2
CA9114,3
CA9114,4
CA9114,5
CA9114,6
CA9114,7
CA9118,1
CA9118,2
CA9118,3
CA9118,4
CA9118,5
CA9118,6
CA9118,7
CA9119,1
CA9119,2
CA9119,3
CA9119,4
CA9119,5
CA9119,6
CA9119,7
CA9120,1
CA9120,2
CA9120,3
CA9120,4
CA9120,5
CA9120,6
CA9120,7
CA9121,1
CA9121,2
CA9121,3
CA9121,4
CA9121,5
CA9121,6
CA9121,7
CA9122,1
CA9122,2
CA9122,3
CA9122,4
CA9122,5
CA9122,6
CA9122,7
CA9123,1
CA9123,2
CA9123,3
CA9123,4
CA9123,5
CA9123,6
CA9123,7
CA9127,1
CA9127,2
CA9127,3
CA9127,4
CA9127,5
CA9127,6
CA9127,7
CA9128,1
CA9128,2
CA9128,3
CA9128,4
CA9128,5
CA9128,6
CA9128,7
CA9131,1
CA9131,2
CA9131,3
CA9131,4
CA9131,5
CA9131,6
CA9131,7
CA9132,1
CA9132,2
CA9132,3
CA9132,4
CA9132,5
CA9132,6
CA9132,7
CA9133,1
CA9133,2
CA9133,3
CA9133,4
CA9133,5
CA9133,6
CA9133,7
CA9134,1
CA9134,2
CA9134,3
CA9134,4
CA9134,5
CA9134,6
CA9134,7
CA9135,1
CA9135,2
CA9135,3
CA9135,4
CA9135,5
CA9135,6
CA9135,7
CA9140,1
CA9140,2
CA9140,3
CA9140,4
CA9140,5
CA9140,6
CA9140,7
CA9141,1
CA9141,2
CA9141,3
CA9141,4
CA9141,5
CA9141,6
CA9141,7
CA9142,1
CA9142,2
CA9142,3
CA9142,4
CA9142,5
CA9142,6
CA9142,7
CA9143,1
CA9143,2
CA9143,3
CA9143,4
CA9143,5
CA9143,6
CA9143,7
CA9144,1
CA9144,2
CA9144,3
CA9144,4
CA9144,5
CA9144,6
CA9144,7
CA9145,1
CA9145,2
CA9145,3
CA9145,4
CA9145,5
CA9145,6
CA9145,7
CA9146,1
CA9146,2
CA9146,3
CA9146,4
CA9146,5
CA9146,6
CA9146,7
CA9147,1
CA9147,2
CA9147,3
CA9147,4
CA9147,5
CA9147,6
CA9147,7
CA9148,1
CA9148,2
CA9148,3
CA9148,4
CA9148,5
CA9148,6
CA9148,7
CA9149,1
CA9149,2
CA9149,3
CA9149,4
CA9149,5
CA9149,6
CA9149,7
CA9150,1
CA9150,2
CA9150,3
CA9150,4
CA9150,5
CA9150,6
CA9150,7
CA918,1
CA918,2
CA918,3
CA918,4
CA918,5
CA918,6
CA918,7
CA9801,1
CA9801,2
CA9801,3
CA9801,4
CA9801,5
CA9801,6
CA9801,7
CA9802,1
CA9802,2
CA9802,3
CA9802,4
CA9802,5
CA9802,6
CA9802,7
CA9803,1
CA9803,2
CA9803,3
CA9803,4
CA9803,5
CA9803,6
CA9803,7
CA9805,1
CA9805,2
CA9805,3
CA9805,4
CA9805,5
CA9805,6
CA9805,7
CA9806,1
CA9806,2
CA9806,3
CA9806,4
CA9806,5
CA9806,6
CA9806,7
CA9809,1
CA9809,2
CA9809,3
CA9809,4
CA9809,5
CA9809,6
CA9809,7
FM1035,1
FM1035,2
FM1035,3
FM1035,4
FM1035,5
FM1035,6
FM1035,7
FM1037,1
FM1037,2
FM1037,3
FM1037,4
FM1037,5
FM1037,6
FM1037,7
FM1050,1
FM1050,2
FM1050,3
FM1050,4
FM1050,5
FM1050,6
FM1050,7
FM1078,2
FM1078,4
FM1078,6
FM1152,1
FM1152,3
FM1152,5
FM1152,7
FM1158,1
FM1158,2
FM1158,3
FM1158,4
FM1158,5
FM1158,6
FM1158,7
FM1168,1
FM1168,2
FM1168,3
FM1168,4
FM1168,5
FM1168,6
FM1168,7
FM1189,1
FM1189,2
FM1189,3
FM1189,4
FM1189,5
FM1189,6
FM1189,7
FM1198,1
FM1198,2
FM1198,3
FM1198,4
FM1198,5
FM1198,6
FM1198,7
FM1240,1
FM1240,2
FM1240,3
FM1240,4
FM1240,5
FM1240,6
FM1240,7
FM1260,1
FM1260,2
FM1260,4
FM1260,5
FM1260,6
FM1332,1
FM1332,2
FM1332,3
FM1332,4
FM1332,5
FM1332,6
FM1332,7
FM1334,1
FM1334,3
FM1334,5
FM1334,7
FM1339,2
FM1339,4
FM1339,6
FM1356,3
FM1356,4
FM1356,5
FM1356,6
FM1356,7
FM1417,1
FM1417,2
FM1417,3
FM1417,4
FM1417,5
FM1417,6
FM1417,7
FM1456,1
FM1456,2
FM1456,3
FM1456,4
FM1456,5
FM1456,6
FM1456,7
FM1458,2
FM1458,3
FM1458,5
FM1458,6
FM1458,7
FM1472,1
FM1472,2
FM1472,3
FM1472,4
FM1472,5
FM1472,6
FM1472,7
FM1479,1
FM1479,2
FM1479,3
FM1479,4
FM1479,5
FM1479,6
FM1479,7
FM1489,1
FM1489,2
FM1489,3
FM1489,4
FM1489,5
FM1489,6
FM1489,7
FM1496,1
FM1496,3
FM1496,5
FM1496,7
FM1521,1
FM1521,2
FM1521,3
FM1521,4
FM1521,5
FM1521,6
FM1521,7
FM1553,1
FM1553,2
FM1553,3
FM1553,4
FM1553,5
FM1553,6
FM1553,7
FM1591,1
FM1591,3
FM1591,5
FM1591,7
FM1616,2
FM1616,4
FM1616,6
FM1625,1
FM1625,2
FM1625,3
FM1625,4
FM1625,5
FM1625,6
FM1625,7
FM1653,1
FM1653,3
FM1653,5
FM1653,7
FM1685,1
FM1685,2
FM1685,3
FM1685,4
FM1685,5
FM1685,6
FM1685,7
FM1732,2
FM1732,4
FM1732,6
FM1771,2
FM1771,4
FM1771,6
FM1774,1
FM1774,4
FM1824,1
FM1824,3
FM1824,5
FM1824,7
FM1869,1
FM1869,3
FM1891,1
FM1891,2
FM1891,3
FM1891,4
FM1891,5
FM1891,6
FM1891,7
FM1894,1
FM1894,2
FM1894,3
FM1894,4
FM1894,5
FM1894,6
FM1894,7
FM1919,2
FM1919,4
FM1919,6
FM1926,1
FM1926,2
FM1926,3
FM1926,4
FM1926,5
FM1926,6
FM1926,7
FM1927,2
FM1927,4
FM1927,6
FM1999,1
FM1999,2
FM1999,3
FM1999,4
FM1999,5
FM1999,6
FM1999,7
FM2007,4
FM2007,5
FM2016,1
FM2016,2
FM2016,3
FM2016,4
FM2016,5
FM2016,6
FM2016,7
FM2039,1
FM2039,2
FM2039,3
FM2039,4
FM2039,5
FM2039,6
FM2039,7
FM2069,2
FM2069,4
FM2069,6
FM2082,2
FM2082,4
FM2082,6
FM2118,1
FM2118,3
FM2118,5
FM2118,7
FM2140,1
FM2140,2
FM2140,3
FM2140,4
FM2140,5
FM2140,6
FM2140,7
FM2152,1
FM2152,2
FM2152,3
FM2152,4
FM2152,5
FM2152,6
FM2152,7
FM2199,2
FM2199,5
FM2215,1
FM2215,2
FM2215,3
FM2215,4
FM2215,5
FM2215,6
FM2215,7
FM2251,1
FM2251,2
FM2251,3
FM2251,4
FM2251,5
FM2251,6
FM2251,7
FM2269,1
FM2269,2
FM2269,3
FM2269,4
FM2269,5
FM2269,6
FM2269,7
FM2288,1
FM2288,3
FM2288,4
FM2288,5
FM2296,1
FM2296,3
FM2296,5
FM2296,7
FM2307,2
FM2307,4
FM2307,6
FM2309,1
FM2309,2
FM2309,3
FM2309,4
FM2309,5
FM2309,6
FM2309,7
FM2312,1
FM2312,2
FM2312,3
FM2312,4
FM2312,5
FM2312,6
FM2312,7
FM2337,1
FM2337,2
FM2337,3
FM2337,4
FM2337,5
FM2337,6
FM2337,7
FM2340,1
FM2340,2
FM2340,3
FM2340,4
FM2340,5
FM2340,6
FM2340,7
FM2376,1
FM2376,2
FM2376,3
FM2376,4
FM2376,5
FM2376,6
FM2376,7
FM2382,1
FM2382,2
FM2382,3
FM2382,4
FM2382,5
FM2382,6
FM2382,7
FM2438,1
FM2438,2
FM2438,3
FM2438,4
FM2438,5
FM2438,6
FM2438,7
FM2444,1
FM2444,2
FM2444,3
FM2444,4
FM2444,5
FM2444,6
FM2444,7
FM2445,1
FM2445,2
FM2445,3
FM2445,4
FM2445,5
FM2445,6
FM2445,7
FM2447,1
FM2447,2
FM2447,3
FM2447,4
FM2447,5
FM2447,6
FM2447,7
FM2474,1
FM2474,2
FM2474,3
FM2474,4
FM2474,5
FM2474,6
FM2474,7
FM2509,1
FM2509,2
FM2509,3
FM2509,4
FM2509,5
FM2509,6
FM2509,7
FM2539,1
FM2539,2
FM2539,3
FM2539,4
FM2539,5
FM2539,6
FM2539,7
FM2554,1
FM2554,3
FM2554,5
FM2554,7
FM2567,1
FM2567,2
FM2567,3
FM2567,4
FM2567,5
FM2567,6
FM2567,7
FM2574,1
FM2574,2
FM2574,3
FM2574,4
FM2574,5
FM2574,6
FM2574,7
FM2582,1
FM2582,3
FM2582,5
FM2582,7
FM2586,1
FM2586,2
FM2586,3
FM2586,4
FM2586,5
FM2586,6
FM2586,7
FM2590,2
FM2590,4
FM2590,6
FM2618,1
FM2618,3
FM2618,5
FM2618,7
FM2639,1
FM2639,2
FM2639,3
FM2639,4
FM2639,5
FM2639,6
FM2639,7
FM2649,2
FM2649,4
FM2649,6
FM2678,1
FM2678,3
FM2678,5
FM2678,7
FM2687,1
FM2687,2
FM2687,3
FM2687,4
FM2687,5
FM2687,6
FM2687,7
FM2692,1
FM2692,2
FM2692,3
FM2692,4
FM2692,5
FM2692,6
FM2692,7
FM2731,1
FM2731,2
FM2731,3
FM2731,4
FM2731,5
FM2731,6
FM2731,7
FM2753,1
FM2753,3
FM2753,5
FM2753,7
FM2759,1
FM2759,2
FM2759,3
FM2759,4
FM2759,5
FM2759,6
FM2759,7
FM2766,1
FM2766,2
FM2766,3
FM2766,4
FM2766,5
FM2766,6
FM2766,7
FM2856,1
FM2856,2
FM2856,3
FM2856,5
FM2865,1
FM2865,2
FM2865,3
FM2865,4
FM2865,5
FM2865,6
FM2865,7
FM2925,1
FM2925,2
FM2925,3
FM2925,4
FM2925,5
FM2925,6
FM2925,7
FM2939,2
FM2939,4
FM2939,6
FM2944,2
FM2944,4
FM2944,6
FM2962,1
FM2962,3
FM2962,5
FM2962,7
FM3002,1
FM3002,2
FM3002,3
FM3002,4
FM3002,5
FM3002,6
FM3002,7
FM3008,1
FM3008,2
FM3008,3
FM3008,4
FM3008,5
FM3008,6
FM3008,7
FM3013,2
FM3013,4
FM3013,6
FM3022,1
FM3022,3
FM3022,5
FM3022,7
FM3034,1
FM3034,3
FM3034,5
FM3061,1
FM3061,3
FM3061,5
FM3061,7
FM3096,1
FM3096,3
FM3096,5
FM3096,7
FM3132,1
FM3132,2
FM3132,3
FM3132,4
FM3132,5
FM3132,6
FM3132,7
FM3139,1
FM3139,3
FM3139,5
FM3139,7
FM3149,1
FM3149,3
FM3149,5
FM3149,7
FM3163,1
FM3163,3
FM3163,5
FM3163,7
FM3176,1
FM3176,2
FM3176,3
FM3176,4
FM3176,5
FM3176,6
FM3176,7
FM3199,1
FM3199,2
FM3199,3
FM3199,4
FM3199,5
FM3199,6
FM3199,7
FM3217,1
FM3217,2
FM3217,3
FM3217,4
FM3217,5
FM3217,6
FM3217,7
FM3223,1
FM3223,2
FM3223,3
FM3223,4
FM3223,5
FM3223,6
FM3223,7
FM3247,1
FM3247,2
FM3247,3
FM3247,4
FM3247,5
FM3247,6
FM3247,7
FM3255,1
FM3255,2
FM3255,3
FM3255,4
FM3255,5
FM3255,6
FM3255,7
FM3290,1
FM3290,2
FM3290,3
FM3290,4
FM3290,5
FM3290,6
FM3290,7
FM3298,1
FM3298,3
FM3298,5
FM3298,7
FM3333,1
FM3333,2
FM3333,3
FM3333,4
FM3333,5
FM3333,6
FM3333,7
FM3351,2
FM3351,4
FM3351,6
FM3410,1
FM3410,3
FM3410,5
FM3410,7
FM3447,1
FM3447,2
FM3447,3
FM3447,4
FM3447,5
FM3447,6
FM3447,7
FM3484,1
FM3484,2
FM3484,3
FM3484,4
FM3484,5
FM3484,6
FM3484,7
FM3492,1
FM3492,2
FM3492,3
FM3492,4
FM3492,5
FM3492,6
FM3492,7
FM3509,1
FM3509,2
FM3509,3
FM3509,4
FM3509,5
FM3509,6
FM3509,7
FM3517,1
FM3517,2
FM3517,3
FM3517,4
FM3517,5
FM3517,6
FM3517,7
FM3537,1
FM3537,2
FM3537,3
FM3537,4
FM3537,5
FM3537,6
FM3537,7
FM3570,1
FM3570,2
FM3570,3
FM3570,4
FM3570,5
FM3570,6
FM3570,7
FM3595,1
FM3595,2
FM3595,3
FM3595,4
FM3595,5
FM3595,6
FM3595,7
FM3596,1
FM3596,2
FM3596,3
FM3596,4
FM3596,5
FM3596,6
FM3596,7
FM3611,1
FM3611,2
FM3611,3
FM3611,4
FM3611,5
FM3611,6
FM3611,7
FM3649,1
FM3649,4
FM3649,6
FM3649,7
FM3664,1
FM3664,3
FM3664,5
FM3664,7
FM3688,3
FM3688,5
FM3693,1
FM3693,2
FM3693,3
FM3693,4
FM3693,5
FM3693,6
FM3693,7
FM3694,2
FM3694,7
FM3727,1
FM3727,2
FM3727,3
FM3727,4
FM3727,5
FM3727,6
FM3727,7
FM3728,1
FM3728,2
FM3728,3
FM3728,4
FM3728,5
FM3728,6
FM3728,7
FM3743,1
FM3743,2
FM3743,3
FM3743,4
FM3743,5
FM3743,6
FM3743,7
FM3744,1
FM3744,2
FM3744,3
FM3744,4
FM3744,5
FM3744,6
FM3744,7
FM3746,2
FM3746,4
FM3746,6
FM3753,1
FM3753,2
FM3753,3
FM3753,4
FM3753,5
FM3753,6
FM3753,7
FM3770,1
FM3770,2
FM3770,3
FM3770,4
FM3770,5
FM3770,6
FM3770,7
FM3786,2
FM3786,4
FM3786,6
FM3844,1
FM3844,2
FM3844,3
FM3844,4
FM3844,5
FM3844,6
FM3844,7
FM3870,1
FM3870,2
FM3870,3
FM3870,4
FM3870,5
FM3870,6
FM3870,7
FM3892,1
FM3892,2
FM3892,3
FM3892,4
FM3892,5
FM3892,6
FM3892,7
FM3916,1
FM3916,3
FM3916,5
FM3916,7
FM3924,1
FM3924,2
FM3924,3
FM3924,4
FM3924,5
FM3924,6
FM3924,7
FM3943,1
FM3943,2
FM3943,3
FM3943,4
FM3943,5
FM3943,6
FM3943,7
FM3973,1
FM3973,2
FM3973,3
FM3973,4
FM3973,5
FM3973,6
FM3973,7
FM3976,1
FM3976,2
FM3976,3
FM3976,4
FM3976,5
FM3976,6
FM3976,7
FM3981,1
FM3981,3
FM3981,5
FM3981,7
FM4042,2
FM4042,4
FM4042,6
FM4050,1
FM4050,2
FM4050,3
FM4050,4
FM4050,5
FM4050,6
FM4050,7
FM4087,2
FM4087,4
FM4087,6
FM4100,1
FM4100,3
FM4100,5
FM4100,7
FM4122,1
FM4122,2
FM4122,3
FM4122,4
FM4122,5
FM4122,6
FM4122,7
FM4128,1
FM4128,2
FM4128,3
FM4128,4
FM4128,5
FM4128,6
FM4128,7
FM4155,1
FM4155,2
FM4155,3
FM4155,4
FM4155,5
FM4155,6
FM4155,7
FM4205,1
FM4205,3
FM4205,5
FM4205,7
FM4229,1
FM4229,3
FM4229,5
FM4229,7
FM4260,2
FM4260,4
FM4260,6
FM4263,1
FM4263,2
FM4263,3
FM4263,4
FM4263,5
FM4263,6
FM4263,7
FM4299,2
FM4299,4
FM4299,6
FM4301,1
FM4301,3
FM4301,5
FM4301,7
FM4304,1
FM4304,3
FM4304,5
FM4304,7
FM4310,1
FM4310,2
FM4310,5
FM4310,7
FM4315,1
FM4315,2
FM4315,3
FM4315,4
FM4315,5
FM4315,6
FM4315,7
FM4318,1
FM4318,2
FM4318,3
FM4318,4
FM4318,5
FM4318,6
FM4318,7
FM4331,1
FM4331,2
FM4331,3
FM4331,4
FM4331,5
FM4331,6
FM4331,7
FM4343,2
FM4343,4
FM4343,6
FM4400,1
FM4400,2
FM4400,3
FM4400,4
FM4400,5
FM4400,6
FM4400,7
FM4441,1
FM4441,2
FM4441,3
FM4441,4
FM4441,5
FM4441,6
FM4441,7
FM4442,1
FM4442,2
FM4442,3
FM4442,4
FM4442,5
FM4442,6
FM4442,7
FM4456,1
FM4456,2
FM4456,3
FM4456,4
FM4456,5
FM4456,6
FM4456,7
FM4473,1
FM4473,2
FM4473,3
FM4473,4
FM4473,5
FM4473,6
FM4473,7
FM4561,1
FM4561,2
FM4561,3
FM4561,4
FM4561,5
FM4561,6
FM4561,7
FM4585,1
FM4585,2
FM4585,3
FM4585,4
FM4585,5
FM4585,6
FM4585,7
FM4589,1
FM4589,3
FM4589,5
FM4589,7
FM4608,1
FM4608,3
FM4608,5
FM4608,7
FM4615,1
FM4615,3
FM4615,5
FM4615,7
FM4623,2
FM4623,4
FM4623,6
FM4636,1
FM4636,2
FM4636,3
FM4636,4
FM4636,5
FM4636,6
FM4636,7
FM4665,1
FM4665,2
FM4665,3
FM4665,4
FM4665,5
FM4665,6
FM4665,7
FM4720,1
FM4720,2
FM4720,3
FM4720,4
FM4720,5
FM4720,6
FM4720,7
FM4729,1
FM4729,2
FM4729,3
FM4729,4
FM4729,5
FM4729,6
FM4729,7
FM4794,1
FM4794,2
FM4794,3
FM4794,4
FM4794,5
FM4794,6
FM4794,7
FM4808,1
FM4808,5
FM4808,6
FM4808,7
FM4851,1
FM4851,2
FM4851,3
FM4851,4
FM4851,5
FM4851,6
FM4851,7
FM4872,2
FM4872,4
FM4872,6
FM4893,1
FM4893,2
FM4893,3
FM4893,4
FM4893,5
FM4893,6
FM4893,7
FM4941,1
FM4941,2
FM4941,3
FM4941,4
FM4941,5
FM4941,6
FM4941,7
FM4957,1
FM4957,2
FM4957,3
FM4957,4
FM4957,5
FM4957,6
FM4957,7
FM4974,1
FM4974,2
FM4974,3
FM4974,4
FM4974,5
FM4974,6
FM4974,7
FM4984,1
FM4984,2
FM4984,3
FM4984,4
FM4984,5
FM4984,6
FM4984,7
FM4988,1
FM4988,2
FM4988,3
FM4988,4
FM4988,5
FM4988,6
FM4988,7
FM5067,1
FM5067,2
FM5067,3
FM5067,4
FM5067,5
FM5067,6
FM5067,7
FM5078,1
FM5078,2
FM5078,3
FM5078,4
FM5078,5
FM5078,6
FM5078,7
FM5099,1
FM5099,3
FM5099,5
FM5099,7
FM5107,1
FM5107,2
FM5107,3
FM5107,4
FM5107,5
FM5107,6
FM5107,7
FM5154,1
FM5154,3
FM5154,5
FM5154,7
FM5160,2
FM5160,4
FM5160,6
FM5162,1
FM5162,2
FM5162,3
FM5162,4
FM5162,5
FM5162,6
FM5162,7
FM5177,1
FM5177,2
FM5177,3
FM5177,4
FM5177,5
FM5177,6
FM5177,7
FM5244,1
FM5244,2
FM5244,3
FM5244,4
FM5244,5
FM5244,6
FM5244,7
FM5251,1
FM5251,2
FM5251,3
FM5251,4
FM5251,5
FM5251,6
FM5251,7
FM5266,1
FM5266,5
FM5266,6
FM5266,7
FM5324,1
FM5324,3
FM5324,5
FM5324,7
FM5367,1
FM5367,3
FM5367,5
FM5367,7
FM5370,1
FM5370,2
FM5370,3
FM5370,4
FM5370,5
FM5370,6
FM5370,7
FM5388,1
FM5388,2
FM5388,3
FM5388,4
FM5388,5
FM5388,6
FM5388,7
FM5405,1
FM5405,2
FM5405,3
FM5405,4
FM5405,5
FM5405,6
FM5405,7
FM5457,1
FM5457,2
FM5457,3
FM5457,4
FM5457,5
FM5457,6
FM5457,7
FM5462,1
FM5462,4
FM5462,6
FM5462,7
FM5496,1
FM5496,2
FM5496,3
FM5496,4
FM5496,5
FM5496,6
FM5496,7
FM5498,1
FM5498,2
FM5498,3
FM5498,4
FM5498,5
FM5498,6
FM5498,7
FM5574,1
FM5574,2
FM5574,3
FM5574,4
FM5574,5
FM5574,6
FM5574,7
FM5602,1
FM5602,2
FM5602,3
FM5602,4
FM5602,5
FM5602,6
FM5602,7
FM5645,1
FM5645,2
FM5645,3
FM5645,4
FM5645,5
FM5645,6
FM5645,7
FM5691,1
FM5691,2
FM5691,3
FM5691,4
FM5691,5
FM5691,6
FM5691,7
FM5693,1
FM5693,3
FM5693,5
FM5693,7
FM5728,1
FM5728,2
FM5728,3
FM5728,4
FM5728,5
FM5728,6
FM5728,7
FM5743,1
FM5743,2
FM5743,3
FM5743,4
FM5743,5
FM5743,6
FM5743,7
FM5744,1
FM5744,2
FM5744,3
FM5744,4
FM5744,5
FM5744,6
FM5744,7
FM5769,1
FM5769,2
FM5769,3
FM5769,4
FM5769,5
FM5769,6
FM5769,7
FM5777,1
FM5777,2
FM5777,3
FM5777,4
FM5777,5
FM5777,6
FM5777,7
FM5782,1
FM5782,3
FM5782,5
FM5782,7
FM5787,1
FM5787,2
FM5787,3
FM5787,4
FM5787,5
FM5787,6
FM5787,7
FM5820,1
FM5820,3
FM5820,5
FM5820,7
FM5822,1
FM5822,2
FM5822,3
FM5822,4
FM5822,5
FM5822,6
FM5822,7
FM5841,1
FM5841,3
FM5841,5
FM5841,7
FM5854,1
FM5854,3
FM5854,4
FM5854,5
FM5863,1
FM5863,2
FM5863,3
FM5863,4
FM5863,5
FM5863,6
FM5863,7
FM5882,1
FM5882,3
FM5882,5
FM5882,7
FM5886,2
FM5886,4
FM5886,6
FM5891,2
FM5891,4
FM5891,6
FM5908,1
FM5908,2
FM5908,3
FM5908,4
FM5908,5
FM5908,6
FM5908,7
FM5910,1
FM5910,2
FM5910,3
FM5910,4
FM5910,5
FM5910,6
FM5910,7
FM5915,1
FM5915,3
FM5915,5
FM5915,7
FM5916,1
FM5916,2
FM5916,3
FM5916,4
FM5916,5
FM5916,6
FM5916,7
FM5961,1
FM5961,2
FM5961,3
FM5961,4
FM5961,5
FM5961,6
FM5961,7
FM6056,1
FM6056,3
FM6056,5
FM6056,7
FM6095,1
FM6095,2
FM6095,3
FM6095,4
FM6095,5
FM6095,6
FM6095,7
FM6140,1
FM6140,3
FM6140,5
FM6140,7
FM6149,1
FM6149,3
FM6149,5
FM6149,7
FM6183,1
FM6183,3
FM6183,5
FM6183,7
FM6209,1
FM6209,2
FM6209,3
FM6209,4
FM6209,5
FM6209,6
FM6209,7
FM6260,1
FM6260,2
FM6260,3
FM6260,4
FM6260,5
FM6260,6
FM6260,7
FM6294,1
FM6294,2
FM6294,3
FM6294,4
FM6294,5
FM6294,6
FM6294,7
FM6312,1
FM6312,3
FM6312,5
FM6312,7
FM6325,1
FM6325,3
FM6325,5
FM6325,7
FM6364,1
FM6364,2
FM6364,3
FM6364,4
FM6364,5
FM6364,6
FM6364,7
FM6385,1
FM6385,2
FM6385,3
FM6385,4
FM6385,5
FM6385,6
FM6385,7
FM6386,1
FM6386,2
FM6386,3
FM6386,4
FM6386,5
FM6386,6
FM6386,7
FM6408,1
FM6408,2
FM6408,3
FM6408,4
FM6408,5
FM6408,6
FM6408,7
FM6429,1
FM6429,2
FM6429,3
FM6429,4
FM6429,5
FM6429,6
FM6429,7
FM6456,2
FM6456,4
FM6456,6
FM6470,2
FM6470,4
FM6470,6
FM6510,2
FM6510,4
FM6510,6
FM6516,1
FM6516,3
FM6516,5
FM6516,7
FM6527,1
FM6527,2
FM6527,3
FM6527,4
FM6527,5
FM6527,6
FM6527,7
FM6546,1
FM6546,2
FM6546,3
FM6546,4
FM6546,5
FM6546,6
FM6546,7
FM6548,1
FM6548,2
FM6548,3
FM6548,4
FM6548,5
FM6548,6
FM6548,7
FM6560,2
FM6560,4
FM6560,6
FM6607,1
FM6607,3
FM6607,5
FM6607,7
FM6628,1
FM6628,2
FM6628,3
FM6628,4
FM6628,5
FM6628,6
FM6628,7
FM6645,1
FM6645,2
FM6645,3
FM6645,4
FM6645,5
FM6645,6
FM6645,7
FM6664,1
FM6664,2
FM6664,3
FM6664,4
FM6664,5
FM6664,6
FM6664,7
FM6672,1
FM6672,2
FM6672,3
FM6672,4
FM6672,5
FM6672,6
FM6672,7
FM6708,2
FM6708,4
FM6708,6
FM6726,1
FM6726,2
FM6726,3
FM6726,4
FM6726,5
FM6726,6
FM6726,7
FM6753,1
FM6753,3
FM6753,5
FM6753,7
FM6766,1
FM6766,2
FM6766,3
FM6766,4
FM6766,5
FM6766,6
FM6766,7
FM6805,1
FM6805,2
FM6805,3
FM6805,4
FM6805,5
FM6805,6
FM6805,7
FM6842,1
FM6842,7
FM6885,1
FM6885,6
FM6885,7
FM6962,1
FM6962,2
FM6962,3
FM6962,4
FM6962,5
FM6962,6
FM6962,7
FM7041,1
FM7041,2
FM7041,3
FM7041,4
FM7041,5
FM7041,6
FM7041,7
FM7044,1
FM7044,2
FM7044,3
FM7044,4
FM7044,5
FM7044,6
FM7044,7
FM7050,1
FM7050,2
FM7050,3
FM7050,4
FM7050,5
FM7050,6
FM7050,7
FM7062,1
FM7062,3
FM7062,5
FM7062,7
FM7063,2
FM7063,4
FM7063,6
FM7100,1
FM7100,3
FM7100,5
FM7100,7
FM7104,1
FM7104,3
FM7104,5
FM7104,7
FM7116,2
FM7116,4
FM7116,6
FM7153,1
FM7153,2
FM7153,3
FM7153,4
FM7153,5
FM7153,6
FM7153,7
FM7187,2
FM7187,4
FM7187,6
FM7205,2
FM7205,4
FM7205,6
FM7207,2
FM7207,4
FM7207,6
FM7208,1
FM7208,2
FM7208,3
FM7208,4
FM7208,5
FM7208,6
FM7208,7
FM7228,1
FM7228,3
FM7228,5
FM7228,7
FM7237,1
FM7237,2
FM7237,3
FM7237,4
FM7237,5
FM7237,6
FM7237,7
FM7250,1
FM7250,2
FM7250,3
FM7250,4
FM7250,5
FM7250,6
FM7250,7
FM7278,1
FM7278,2
FM7278,3
FM7278,4
FM7278,5
FM7278,6
FM7278,7
FM7316,1
FM7316,2
FM7316,3
FM7316,4
FM7316,5
FM7316,6
FM7316,7
FM7328,1
FM7328,3
FM7328,5
FM7328,7
FM7343,1
FM7343,2
FM7343,3
FM7343,4
FM7343,5
FM7343,6
FM7343,7
FM7407,1
FM7407,3
FM7407,5
FM7407,7
FM7426,1
FM7426,2
FM7426,3
FM7426,4
FM7426,5
FM7426,6
FM7426,7
FM7432,2
FM7432,4
FM7432,6
FM7439,1
FM7439,2
FM7439,3
FM7439,4
FM7439,5
FM7439,6
FM7439,7
FM7499,3
FM7499,4
FM7499,5
FM7499,6
FM7500,1
FM7500,2
FM7500,3
FM7500,4
FM7500,5
FM7500,6
FM7500,7
FM7523,1
FM7523,2
FM7523,3
FM7523,4
FM7523,5
FM7523,6
FM7523,7
FM7541,1
FM7541,2
FM7541,3
FM7541,4
FM7541,5
FM7541,6
FM7541,7
FM7545,1
FM7545,3
FM7545,5
FM7545,6
FM7553,1
FM7553,2
FM7553,3
FM7553,4
FM7553,5
FM7553,6
FM7553,7
FM7556,1
FM7556,3
FM7556,5
FM7556,7
FM7560,1
FM7560,2
FM7560,3
FM7560,4
FM7560,5
FM7560,6
FM7560,7
FM7583,1
FM7583,3
FM7583,5
FM7583,7
FM7614,1
FM7614,2
FM7614,3
FM7614,4
FM7614,5
FM7614,6
FM7614,7
FM7641,1
FM7641,2
FM7641,3
FM7641,4
FM7641,5
FM7641,6
FM7641,7
FM7668,1
FM7668,2
FM7668,3
FM7668,4
FM7668,5
FM7668,6
FM7668,7
FM7689,1
FM7689,2
FM7689,3
FM7689,4
FM7689,5
FM7689,6
FM7689,7
FM7707,1
FM7707,4
FM7707,5
FM7722,1
FM7722,2
FM7722,3
FM7722,4
FM7722,5
FM7722,6
FM7722,7
FM7727,1
FM7727,2
FM7727,3
FM7727,4
FM7727,5
FM7727,6
FM7727,7
FM7731,1
FM7731,2
FM7731,3
FM7731,4
FM7731,5
FM7731,6
FM7731,7
FM7750,1
FM7750,3
FM7750,5
FM7750,7
FM7753,1
FM7753,2
FM7753,3
FM7753,4
FM7753,5
FM7753,6
FM7753,7
FM7788,1
FM7788,3
FM7788,5
FM7788,7
FM7794,1
FM7794,2
FM7794,3
FM7794,4
FM7794,5
FM7794,6
FM7794,7
FM7837,1
FM7837,3
FM7837,5
FM7837,7
FM7867,1
FM7867,2
FM7867,3
FM7867,4
FM7867,5
FM7867,6
FM7867,7
FM7887,1
FM7887,2
FM7887,3
FM7887,4
FM7887,5
FM7887,6
FM7887,7
FM7904,1
FM7904,2
FM7904,3
FM7904,4
FM7904,5
FM7904,6
FM7904,7
FM7906,1
FM7906,2
FM7906,3
FM7906,4
FM7906,5
FM7906,6
FM7906,7
FM7912,1
FM7912,2
FM7912,3
FM7912,4
FM7912,5
FM7912,6
FM7912,7
FM7922,1
FM7922,2
FM7922,3
FM7922,4
FM7922,5
FM7922,6
FM7922,7
FM7927,1
FM7927,2
FM7927,3
FM7927,4
FM7927,5
FM7927,6
FM7927,7
FM7931,1
FM7931,2
FM7931,3
FM7931,4
FM7931,5
FM7931,6
FM7931,7
FM7940,1
FM7940,2
FM7940,3
FM7940,4
FM7940,5
FM7940,6
FM7940,7
FM7961,1
FM7961,3
FM7961,5
FM7961,7
FM8031,1
FM8031,3
FM8031,5
FM8031,7
FM8042,1
FM8042,2
FM8042,3
FM8042,4
FM8042,5
FM8042,6
FM8042,7
FM8064,1
FM8064,3
FM8064,5
FM8064,7
FM8070,1
FM8070,2
FM8070,3
FM8070,4
FM8070,5
FM8070,6
FM8070,7
FM8105,1
FM8105,3
FM8105,5
FM8105,7
FM8112,1
FM8112,2
FM8112,3
FM8112,4
FM8112,5
FM8112,6
FM8112,7
FM8192,1
FM8192,2
FM8192,3
FM8192,4
FM8192,5
FM8192,6
FM8192,7
FM8197,1
FM8197,2
FM8197,3
FM8197,4
FM8197,5
FM8197,6
FM8197,7
FM8225,1
FM8225,2
FM8225,3
FM8225,4
FM8225,5
FM8225,6
FM8225,7
FM8234,1
FM8234,2
FM8234,4
FM8282,1
FM8282,2
FM8282,3
FM8282,4
FM8282,5
FM8282,6
FM8282,7
FM8293,1
FM8293,3
FM8293,5
FM8293,7
FM8349,1
FM8349,2
FM8349,3
FM8349,4
FM8349,5
FM8349,6
FM8349,7
FM8357,1
FM8357,2
FM8357,3
FM8357,4
FM8357,5
FM8357,6
FM8357,7
FM8373,2
FM8373,4
FM8373,6
FM8394,2
FM8394,4
FM8394,6
FM8423,2
FM8423,4
FM8423,6
FM8432,1
FM8432,2
FM8432,3
FM8432,4
FM8432,5
FM8432,6
FM8432,7
FM8440,1
FM8440,2
FM8440,3
FM8440,4
FM8440,5
FM8440,6
FM8440,7
FM8443,1
FM8443,2
FM8443,3
FM8443,4
FM8443,5
FM8443,6
FM8443,7
FM8456,1
FM8456,2
FM8456,3
FM8456,4
FM8456,5
FM8456,6
FM8456,7
FM8471,1
FM8471,3
FM8471,5
FM8471,7
FM8473,1
FM8473,2
FM8473,3
FM8473,4
FM8473,5
FM8473,6
FM8473,7
FM8504,1
FM8504,2
FM8504,3
FM8504,4
FM8504,5
FM8504,6
FM8504,7
FM8606,1
FM8606,2
FM8606,3
FM8606,4
FM8606,5
FM8606,6
FM8606,7
FM8671,1
FM8671,2
FM8671,3
FM8671,4
FM8671,5
FM8671,6
FM8671,7
FM8678,1
FM8678,3
FM8678,5
FM8678,7
FM8679,2
FM8679,3
FM8679,4
FM8679,7
FM8696,2
FM8696,4
FM8696,6
FM8710,1
FM8710,2
FM8710,3
FM8710,4
FM8710,5
FM8710,6
FM8710,7
FM8725,1
FM8725,2
FM8725,3
FM8725,4
FM8725,5
FM8725,6
FM8725,7
FM8734,1
FM8734,2
FM8734,3
FM8734,4
FM8734,5
FM8734,6
FM8734,7
FM8810,1
FM8810,2
FM8810,3
FM8810,4
FM8810,5
FM8810,6
FM8810,7
FM8858,1
FM8858,2
FM8858,3
FM8858,4
FM8858,5
FM8858,6
FM8858,7
FM8865,1
FM8865,2
FM8865,3
FM8865,4
FM8865,5
FM8865,6
FM8865,7
FM8884,1
FM8884,2
FM8884,3
FM8884,4
FM8884,5
FM8884,6
FM8884,7
FM8889,1
FM8889,2
FM8889,3
FM8889,4
FM8889,5
FM8889,6
FM8889,7
FM8903,1
FM8903,2
FM8903,3
FM8903,4
FM8903,5
FM8903,6
FM8903,7
FM8911,1
FM8911,2
FM8911,3
FM8911,4
FM8911,5
FM8911,6
FM8911,7
FM8913,1
FM8913,2
FM8913,3
FM8913,4
FM8913,5
FM8913,6
FM8913,7
FM8926,1
FM8926,3
FM8926,5
FM8926,7
FM8935,1
FM8935,2
FM8935,3
FM8935,4
FM8935,5
FM8935,6
FM8935,7
FM8988,1
FM8988,2
FM8988,3
FM8988,4
FM8988,5
FM8988,6
FM8988,7
FM9017,1
FM9017,2
FM9017,3
FM9017,4
FM9017,5
FM9017,6
FM9017,7
FM9033,1
FM9033,2
FM9033,3
FM9033,4
FM9033,5
FM9033,6
FM9033,7
FM9057,1
FM9057,2
FM9057,3
FM9057,4
FM9057,5
FM9057,6
FM9057,7
FM9077,1
FM9077,2
FM9077,3
FM9077,4
FM9077,5
FM9077,6
FM9077,7
FM9106,1
FM9106,2
FM9106,3
FM9106,4
FM9106,5
FM9106,6
FM9106,7
FM9122,1
FM9122,2
FM9122,3
FM9122,4
FM9122,5
FM9122,6
FM9122,7
FM9130,2
FM9130,4
FM9130,6
FM9179,2
FM9179,4
FM9179,6
FM9202,1
FM9202,2
FM9202,3
FM9202,4
FM9202,5
FM9202,6
FM9202,7
FM9203,2
FM9203,3
FM9203,5
FM9203,6
FM9218,1
FM9218,2
FM9218,3
FM9218,4
FM9218,5
FM9218,6
FM9218,7
FM9232,1
FM9232,2
FM9232,3
FM9232,4
FM9232,5
FM9232,6
FM9232,7
FM9244,1
FM9244,2
FM9244,3
FM9244,4
FM9244,5
FM9244,6
FM9244,7
FM9249,2
FM9249,4
FM9249,6
FM9260,1
FM9260,2
FM9260,3
FM9260,4
FM9260,5
FM9260,6
FM9260,7
FM9284,1
FM9284,2
FM9284,3
FM9284,4
FM9284,5
FM9284,6
FM9284,7
FM9308,1
FM9308,2
FM9308,3
FM9308,4
FM9308,5
FM9308,6
FM9308,7
FM9315,1
FM9315,2
FM9315,3
FM9315,4
FM9315,5
FM9315,6
FM9315,7
FM9337,1
FM9337,3
FM9337,5
FM9337,7
FM9348,1
FM9348,7
FM9356,1
FM9356,2
FM9356,3
FM9356,4
FM9356,5
FM9356,6
FM9356,7
FM9358,2
FM9358,4
FM9358,6
FM9384,1
FM9384,2
FM9384,3
FM9384,4
FM9384,5
FM9384,6
FM9384,7
FM9461,2
FM9461,4
FM9461,6
FM9479,1
FM9479,2
FM9479,3
FM9479,4
FM9479,5
FM9479,6
FM9479,7
FM9499,1
FM9499,2
FM9499,3
FM9499,4
FM9499,5
FM9499,6
FM9499,7
FM9510,2
FM9510,4
FM9510,6
FM9542,1
FM9542,2
FM9542,3
FM9542,4
FM9542,5
FM9542,6
FM9542,7
FM9561,1
FM9561,2
FM9561,3
FM9561,4
FM9561,5
FM9561,6
FM9561,7
FM9611,1
FM9611,2
FM9611,3
FM9611,4
FM9611,5
FM9611,6
FM9611,7
FM9617,1
FM9617,2
FM9617,3
FM9617,4
FM9617,5
FM9617,6
FM9617,7
FM9659,1
FM9659,3
FM9659,5
FM9659,7
FM9698,1
FM9698,3
FM9698,5
FM9698,7
FM9703,1
FM9703,3
FM9703,5
FM9703,7
FM9705,2
FM9705,4
FM9705,6
FM9726,1
FM9726,2
FM9726,3
FM9726,4
FM9726,5
FM9726,6
FM9726,7
FM9741,1
FM9741,2
FM9741,3
FM9741,4
FM9741,5
FM9741,6
FM9741,7
FM9755,1
FM9755,3
FM9755,5
FM9755,7
FM9757,2
FM9757,4
FM9757,6
FM9787,1
FM9787,3
FM9787,5
FM9787,7
FM9810,1
FM9810,2
FM9810,3
FM9810,4
FM9810,5
FM9810,6
FM9810,7
FM9862,1
FM9862,2
FM9862,3
FM9862,4
FM9862,5
FM9862,6
FM9862,7
FM9865,1
FM9865,2
FM9865,3
FM9865,4
FM9865,5
FM9865,6
FM9865,7
FM9870,1
FM9870,4
FM9870,6
FM9913,1
FM9913,2
FM9913,3
FM9913,4
FM9913,5
FM9913,6
FM9913,7
FM9933,1
FM9933,2
FM9933,3
FM9933,4
FM9933,5
FM9933,6
FM9933,7
FM9992,1
FM9992,2
FM9992,3
FM9992,4
FM9992,5
FM9992,6
FM9992,7
FM9996,1
FM9996,2
FM9996,3
FM9996,4
FM9996,5
FM9996,6
FM9996,7
MU1004,1
MU1004,2
MU1004,3
MU1004,4
MU1004,5
MU1004,6
MU1004,7
MU1017,1
MU1017,2
MU1017,3
MU1017,4
MU1017,5
MU1017,6
MU1017,7
MU1020,1
MU1020,2
MU1020,3
MU1020,4
MU1020,5
MU1020,6
MU1020,7
MU1022,1
MU1022,2
MU1022,3
MU1022,4
MU1022,5
MU1022,6
MU1022,7
MU1026,1
MU1026,3
MU1026,5
MU1026,7
MU1037,1
MU1037,2
MU1037,3
MU1037,4
MU1037,5
MU1037,6
MU1037,7
MU1044,1
MU1044,2
MU1044,3
MU1044,4
MU1044,5
MU1044,6
MU1044,7
MU1048,1
MU1048,3
MU1048,5
MU1048,7
MU1051,1
MU1051,2
MU1051,3
MU1051,4
MU1051,5
MU1051,6
MU1051,7
MU1062,1
MU1062,2
MU1062,3
MU1062,4
MU1062,5
MU1062,6
MU1062,7
MU1068,1
MU1068,2
MU1068,3
MU1068,4
MU1068,5
MU1068,6
MU1068,7
MU1071,1
MU1071,3
MU1071,5
MU1071,7
MU1073,1
MU1073,2
MU1073,3
MU1073,4
MU1073,5
MU1073,6
MU1073,7
MU1075,1
MU1075,3
MU1075,5
MU1075,7
MU1091,1
MU1091,2
MU1091,3
MU1091,4
MU1091,5
MU1091,6
MU1091,7
MU1096,1
MU1096,2
MU1096,3
MU1096,4
MU1096,5
MU1096,6
MU1096,7
MU1097,1
MU1097,2
MU1097,3
MU1097,4
MU1097,5
MU1097,6
MU1097,7
MU1099,1
MU1099,2
MU1099,3
MU1099,4
MU1099,5
MU1099,6
MU1099,7
MU1104,1
MU1104,2
MU1104,3
MU1104,4
MU1104,5
MU1104,6
MU1104,7
MU1107,1
MU1107,3
MU1107,5
MU1107,7
MU1109,1
MU1109,2
MU1109,3
MU1109,4
MU1109,5
MU1109,6
MU1109,7
MU1115,2
MU1115,4
MU1115,6
MU1119,1
MU1119,2
MU1119,3
MU1119,4
MU1119,5
MU1119,6
MU1119,7
MU1126,1
MU1126,2
MU1126,3
MU1126,4
MU1126,5
MU1126,6
MU1126,7
MU1134,1
MU1134,3
MU1134,5
MU1134,7
MU1135,1
MU1135,2
MU1135,3
MU1135,4
MU1135,5
MU1135,6
MU1135,7
MU1140,1
MU1140,3
MU1140,5
MU1140,7
MU1142,1
MU1142,3
MU1142,5
MU1142,7
MU1143,1
MU1143,2
MU1143,3
MU1143,4
MU1143,5
MU1143,6
MU1143,7
MU1148,1
MU1148,2
MU1148,3
MU1148,4
MU1148,5
MU1148,6
MU1148,7
MU1153,1
MU1153,2
MU1153,3
MU1153,4
MU1153,5
MU1153,6
MU1153,7
MU1170,1
MU1170,2
MU1170,3
MU1170,4
MU1170,5
MU1170,6
MU1170,7
MU1171,1
MU1171,2
MU1171,3
MU1171,4
MU1171,5
MU1171,6
MU1171,7
MU1175,1
MU1175,2
MU1175,3
MU1175,4
MU1175,5
MU1175,6
MU1175,7
MU1187,1
MU1187,3
MU1187,5
MU1187,7
MU1190,1
MU1190,2
MU1190,3
MU1190,4
MU1190,5
MU1190,6
MU1190,7
MU1199,1
MU1199,2
MU1199,3
MU1199,4
MU1199,5
MU1199,6
MU1199,7
MU1203,1
MU1203,2
MU1203,3
MU1203,4
MU1203,5
MU1203,6
MU1203,7
MU1215,1
MU1215,3
MU1215,5
MU1215,7
MU1217,2
MU1217,4
MU1217,6
MU1226,1
MU1226,2
MU1226,3
MU1226,4
MU1226,5
MU1226,6
MU1226,7
MU1242,1
MU1242,2
MU1242,3
MU1242,5
MU1243,1
MU1243,2
MU1243,3
MU1243,4
MU1243,5
MU1243,6
MU1243,7
MU1248,1
MU1248,2
MU1248,3
MU1248,4
MU1248,5
MU1248,6
MU1248,7
MU1257,2
MU1257,4
MU1257,6
MU1268,1
MU1268,3
MU1268,5
MU1268,7
MU1270,1
MU1270,2
MU1270,3
MU1270,4
MU1270,5
MU1270,6
MU1270,7
MU1274,1
MU1274,2
MU1274,3
MU1274,4
MU1274,5
MU1274,6
MU1274,7
MU1275,1
MU1275,2
MU1275,3
MU1275,4
MU1275,5
MU1275,6
MU1275,7
MU1276,1
MU1276,2
MU1276,3
MU1276,4
MU1276,5
MU1276,6
MU1276,7
MU1282,1
MU1282,2
MU1282,3
MU1282,4
MU1282,5
MU1282,6
MU1282,7
MU1289,1
MU1289,2
MU1289,3
MU1289,4
MU1289,5
MU1289,6
MU1289,7
MU1292,1
MU1292,2
MU1292,3
MU1292,4
MU1292,5
MU1292,6
MU1292,7
MU1298,1
MU1298,2
MU1298,3
MU1298,4
MU1298,5
MU1298,6
MU1298,7
MU1319,1
MU1319,3
MU1319,5
MU1319,7
MU1323,1
MU1323,2
MU1323,3
MU1323,4
MU1323,5
MU1323,6
MU1323,7
MU1325,2
MU1325,4
MU1325,6
MU1326,2
MU1326,4
MU1326,6
MU1328,1
MU1328,3
MU1328,5
MU1328,7
MU1334,2
MU1334,4
MU1334,6
MU1338,1
MU1338,5
MU1338,6
MU1345,1
MU1345,2
MU1345,3
MU1345,4
MU1345,5
MU1345,6
MU1345,7
MU1346,1
MU1346,2
MU1346,3
MU1346,4
MU1346,5
MU1346,6
MU1346,7
MU1353,1
MU1353,3
MU1353,5
MU1353,7
MU1370,1
MU1370,2
MU1370,3
MU1370,4
MU1370,5
MU1370,6
MU1370,7
MU1371,1
MU1371,2
MU1371,3
MU1371,4
MU1371,5
MU1371,6
MU1371,7
MU1379,1
MU1379,3
MU1379,5
MU1379,7
MU1382,1
MU1382,3
MU1382,5
MU1382,7
MU1397,1
MU1397,3
MU1397,5
MU1397,7
MU1398,1
MU1398,2
MU1398,3
MU1398,4
MU1398,5
MU1398,6
MU1398,7
MU1404,2
MU1404,4
MU1404,6
MU1416,1
MU1416,2
MU1416,3
MU1416,4
MU1416,5
MU1416,6
MU1416,7
MU1420,1
MU1420,3
MU1420,5
MU1420,7
MU1423,1
MU1423,2
MU1423,3
MU1423,4
MU1423,5
MU1423,6
MU1423,7
MU1425,1
MU1425,2
MU1425,3
MU1425,4
MU1425,5
MU1425,6
MU1425,7
MU1427,1
MU1427,3
MU1427,5
MU1427,7
MU1428,2
MU1428,4
MU1428,6
MU1429,1
MU1429,2
MU1429,3
MU1429,4
MU1429,5
MU1429,6
MU1429,7
MU1430,1
MU1430,3
MU1430,5
MU1430,7
MU1431,1
MU1431,2
MU1431,4
MU1431,6
MU1431,7
MU1434,1
MU1434,2
MU1434,3
MU1434,4
MU1434,5
MU1434,6
MU1434,7
MU1446,1
MU1446,2
MU1446,3
MU1446,4
MU1446,5
MU1446,6
MU1446,7
MU1452,1
MU1452,2
MU1452,3
MU1452,4
MU1452,5
MU1452,6
MU1452,7
MU1456,1
MU1456,2
MU1456,6
MU1457,2
MU1457,4
MU1457,6
MU1461,1
MU1461,2
MU1461,3
MU1461,4
MU1461,5
MU1461,6
MU1461,7
MU1464,1
MU1464,2
MU1464,3
MU1464,4
MU1464,5
MU1464,6
MU1464,7
MU1466,2
MU1466,4
MU1466,6
MU1476,1
MU1476,3
MU1476,5
MU1476,7
MU1478,1
MU1478,2
MU1478,3
MU1478,4
MU1478,5
MU1478,6
MU1478,7
MU1485,1
MU1485,2
MU1485,3
MU1485,4
MU1485,5
MU1485,6
MU1485,7
MU1487,1
MU1487,2
MU1487,3
MU1487,4
MU1487,5
MU1487,6
MU1487,7
MU1499,1
MU1499,3
MU1499,5
MU1499,7
MU1526,1
MU1526,3
MU1526,5
MU1526,7
MU1532,1
MU1532,2
MU1532,3
MU1532,4
MU1532,5
MU1532,6
MU1532,7
MU1534,2
MU1534,3
MU1534,6
MU1534,7
MU1540,1
MU1540,2
MU1540,3
MU1540,4
MU1540,5
MU1540,6
MU1540,7
MU1541,1
MU1541,3
MU1541,5
MU1541,7
MU1547,1
MU1547,2
MU1547,3
MU1547,4
MU1547,5
MU1547,6
MU1547,7
MU1551,1
MU1551,2
MU1551,3
MU1551,4
MU1551,5
MU1551,6
MU1551,7
MU1552,1
MU1552,2
MU1552,3
MU1552,4
MU1552,5
MU1552,6
MU1552,7
MU1556,1
MU1556,3
MU1556,5
MU1556,7
MU1558,1
MU1558,2
MU1558,3
MU1558,4
MU1558,5
MU1558,6
MU1558,7
MU1559,1
MU1559,2
MU1559,3
MU1559,4
MU1559,5
MU1559,6
MU1559,7
MU1571,1
MU1571,2
MU1571,3
MU1571,4
MU1571,5
MU1571,6
MU1571,7
MU1573,1
MU1573,3
MU1573,5
MU1573,7
MU1574,1
MU1574,2
MU1574,3
MU1574,4
MU1574,5
MU1574,6
MU1574,7
MU1579,1
MU1579,2
MU1579,3
MU1579,4
MU1579,5
MU1579,6
MU1579,7
MU1583,1
MU1583,3
MU1583,5
MU1583,7
MU1586,2
MU1586,4
MU1586,6
MU1596,1
MU1596,2
MU1596,3
MU1596,4
MU1596,5
MU1596,6
MU1596,7
MU1597,2
MU1597,4
MU1597,6
MU1598,1
MU1598,2
MU1598,3
MU1598,4
MU1598,5
MU1598,6
MU1598,7
MU1607,1
MU1607,2
MU1607,3
MU1607,4
MU1607,5
MU1607,6
MU1607,7
MU1609,2
MU1609,4
MU1609,6
MU1618,1
MU1618,3
MU1618,5
MU1618,7
MU1621,1
MU1621,3
MU1621,5
MU1621,7
MU1629,1
MU1629,3
MU1629,5
MU1629,7
MU1631,2
MU1631,4
MU1631,6
MU1633,1
MU1633,3
MU1633,5
MU1633,7
MU1635,1
MU1635,2
MU1635,3
MU1635,4
MU1635,5
MU1635,6
MU1635,7
MU1644,1
MU1644,2
MU1644,4
MU1644,6
MU1644,7
MU1657,1
MU1657,3
MU1657,5
MU1657,7
MU1659,1
MU1659,2
MU1659,3
MU1659,4
MU1659,5
MU1659,6
MU1659,7
MU1660,2
MU1660,4
MU1660,6
MU1664,1
MU1664,3
MU1664,5
MU1664,7
MU1666,1
MU1666,2
MU1666,3
MU1666,4
MU1666,5
MU1666,6
MU1666,7
MU1667,1
MU1667,2
MU1667,3
MU1667,4
MU1667,5
MU1667,6
MU1667,7
MU1678,1
MU1678,2
MU1678,3
MU1678,4
MU1678,5
MU1678,6
MU1678,7
MU1679,3
MU1679,7
MU1680,1
MU1680,3
MU1680,5
MU1680,7
MU1683,2
MU1683,4
MU1683,6
MU1685,1
MU1685,2
MU1685,3
MU1685,4
MU1685,5
MU1685,6
MU1685,7
MU1696,2
MU1696,4
MU1696,6
MU1713,1
MU1713,2
MU1713,3
MU1713,4
MU1713,5
MU1713,6
MU1713,7
MU1722,2
MU1722,4
MU1722,6
MU1742,1
MU1742,2
MU1742,3
MU1742,4
MU1742,5
MU1742,6
MU1742,7
MU1753,1
MU1753,2
MU1753,3
MU1753,4
MU1753,5
MU1753,6
MU1753,7
MU1763,1
MU1763,2
MU1763,3
MU1763,4
MU1763,5
MU1763,6
MU1763,7
MU1774,1
MU1774,2
MU1774,3
MU1774,4
MU1774,5
MU1774,6
MU1774,7
MU1783,1
MU1783,2
MU1783,3
MU1783,4
MU1783,5
MU1783,6
MU1783,7
MU1785,2
MU1785,4
MU1785,6
MU1794,1
MU1794,3
MU1794,5
MU1794,7
MU1802,1
MU1802,2
MU1802,3
MU1802,4
MU1802,5
MU1802,6
MU1802,7
MU1810,1
MU1810,3
MU1810,5
MU1810,7
MU1833,1
MU1833,2
MU1833,3
MU1833,4
MU1833,5
MU1833,6
MU1833,7
MU1837,1
MU1837,2
MU1837,3
MU1837,4
MU1837,5
MU1837,6
MU1837,7
MU1838,1
MU1838,2
MU1838,3
MU1838,4
MU1838,5
MU1838,6
MU1838,7
MU1839,1
MU1839,2
MU1839,3
MU1839,4
MU1839,5
MU1839,6
MU1839,7
MU1840,1
MU1840,2
MU1840,3
MU1840,4
MU1840,5
MU1840,6
MU1840,7
MU1851,2
MU1851,4
MU1851,6
MU1852,1
MU1852,2
MU1852,3
MU1852,4
MU1852,5
MU1852,6
MU1852,7
MU1872,1
MU1872,2
MU1872,3
MU1872,4
MU1872,5
MU1872,6
MU1872,7
MU1874,1
MU1874,2
MU1874,3
MU1874,4
MU1874,5
MU1874,6
MU1874,7
MU1881,3
MU1881,4
MU1889,1
MU1889,2
MU1889,3
MU1889,4
MU1889,5
MU1889,6
MU1889,7
MU1893,1
MU1893,2
MU1893,3
MU1893,4
MU1893,5
MU1893,6
MU1893,7
MU1895,1
MU1895,2
MU1895,3
MU1895,4
MU1895,5
MU1895,6
MU1895,7
MU1900,1
MU1900,2
MU1900,3
MU1900,4
MU1900,5
MU1900,6
MU1900,7
MU1904,1
MU1904,2
MU1904,3
MU1904,4
MU1904,5
MU1904,6
MU1904,7
MU1912,1
MU1912,3
MU1912,5
MU1912,7
MU1919,1
MU1919,3
MU1919,5
MU1919,7
MU1934,2
MU1934,6
MU1944,2
MU1944,4
MU1944,6
MU1945,2
MU1945,4
MU1945,6
MU1959,1
MU1959,2
MU1959,3
MU1959,4
MU1959,5
MU1959,6
MU1959,7
MU1965,1
MU1965,2
MU1965,3
MU1965,4
MU1965,5
MU1965,6
MU1965,7
MU1966,1
MU1966,2
MU1966,3
MU1966,4
MU1966,5
MU1966,6
MU1966,7
MU1970,1
MU1970,2
MU1970,3
MU1970,4
MU1970,5
MU1970,6
MU1970,7
MU1973,1
MU1973,3
MU1973,5
MU1973,7
MU1975,1
MU1975,2
MU1975,3
MU1975,4
MU1975,5
MU1975,6
MU1975,7
MU1980,1
MU1980,2
MU1980,3
MU1980,4
MU1980,5
MU1980,6
MU1980,7
MU1982,1
MU1982,3
MU1982,5
MU1982,7
MU1999,1
MU1999,2
MU1999,3
MU1999,4
MU1999,5
MU1999,6
MU1999,7
MU2002,1
MU2002,2
MU2002,3
MU2002,4
MU2002,5
MU2002,6
MU2002,7
MU2022,1
MU2022,2
MU2022,3
MU2022,4
MU2022,5
MU2022,6
MU2022,7
MU2026,1
MU2026,2
MU2026,3
MU2026,4
MU2026,5
MU2026,6
MU2026,7
MU2031,1
MU2031,2
MU2031,3
MU2031,4
MU2031,5
MU2031,6
MU2031,7
MU2032,1
MU2032,2
MU2032,3
MU2032,4
MU2032,5
MU2032,6
MU2032,7
MU2033,1
MU2033,3
MU2033,5
MU2033,7
MU2035,1
MU2035,2
MU2035,3
MU2035,4
MU2035,5
MU2035,6
MU2035,7
MU2039,1
MU2039,2
MU2039,3
MU2039,4
MU2039,5
MU2039,6
MU2039,7
MU2056,1
MU2056,2
MU2056,3
MU2056,4
MU2056,5
MU2056,6
MU2056,7
MU2062,1
MU2062,2
MU2062,3
MU2062,4
MU2062,5
MU2062,6
MU2062,7
MU2077,1
MU2077,3
MU2077,5
MU2077,7
MU2096,2
MU2096,4
MU2096,6
MU2097,1
MU2097,2
MU2097,3
MU2097,4
MU2097,5
MU2097,6
MU2097,7
MU2099,2
MU2099,4
MU2099,6
MU2100,2
MU2100,4
MU2100,6
MU2101,1
MU2101,3
MU2101,5
MU2101,7
MU2102,3
MU2102,5
MU2103,2
MU2103,4
MU2103,6
MU2107,1
MU2107,3
MU2107,5
MU2107,7
MU2120,1
MU2120,2
MU2120,3
MU2120,4
MU2120,5
MU2120,6
MU2120,7
MU2121,2
MU2121,4
MU2121,6
MU2128,1
MU2128,2
MU2128,3
MU2128,4
MU2128,5
MU2128,6
MU2128,7
MU2141,1
MU2141,3
MU2141,6
MU2142,1
MU2142,2
MU2142,3
MU2142,4
MU2142,5
MU2142,6
MU2142,7
MU2145,1
MU2145,2
MU2145,3
MU2145,4
MU2145,5
MU2145,6
MU2145,7
MU2163,1
MU2163,2
MU2163,3
MU2163,4
MU2163,5
MU2163,6
MU2163,7
MU2181,2
MU2181,4
MU2181,6
MU2185,1
MU2185,3
MU2185,5
MU2185,7
MU2213,2
MU2213,4
MU2213,6
MU2218,1
MU2218,2
MU2218,3
MU2218,4
MU2218,5
MU2218,6
MU2218,7
MU2220,1
MU2220,2
MU2220,3
MU2220,4
MU2220,5
MU2220,6
MU2220,7
MU2235,2
MU2235,4
MU2235,6
MU2236,1
MU2236,2
MU2236,3
MU2236,4
MU2236,5
MU2236,6
MU2236,7
MU2238,1
MU2238,3
MU2238,5
MU2238,7
MU2241,1
MU2241,2
MU2241,3
MU2241,4
MU2241,5
MU2241,6
MU2241,7
MU2243,1
MU2243,2
MU2243,3
MU2243,4
MU2243,5
MU2243,6
MU2243,7
MU2249,1
MU2249,2
MU2249,3
MU2249,4
MU2249,5
MU2249,6
MU2249,7
MU2254,1
MU2254,2
MU2254,3
MU2254,4
MU2254,5
MU2254,6
MU2254,7
MU2255,1
MU2255,2
MU2255,3
MU2255,4
MU2255,5
MU2255,6
MU2255,7
MU2264,1
MU2264,2
MU2264,3
MU2264,4
MU2264,5
MU2264,6
MU2264,7
MU2270,1
MU2270,2
MU2270,3
MU2270,4
MU2270,5
MU2270,6
MU2270,7
MU2276,1
MU2276,2
MU2276,3
MU2276,4
MU2276,5
MU2276,6
MU2276,7
MU2277,5
MU2277,6
MU2282,1
MU2282,2
MU2282,3
MU2282,4
MU2282,5
MU2282,6
MU2282,7
MU2290,1
MU2290,2
MU2290,3
MU2290,4
MU2290,5
MU2290,6
MU2290,7
MU2303,2
MU2303,4
MU2303,6
MU2313,1
MU2313,2
MU2313,3
MU2313,4
MU2313,5
MU2313,6
MU2313,7
MU2323,1
MU2323,2
MU2323,3
MU2323,4
MU2323,5
MU2323,6
MU2323,7
MU2324,1
MU2324,2
MU2324,3
MU2324,4
MU2324,5
MU2324,6
MU2324,7
MU2326,1
MU2326,3
MU2326,5
MU2326,7
MU2330,1
MU2330,2
MU2330,3
MU2330,4
MU2330,5
MU2330,6
MU2330,7
MU2345,1
MU2345,2
MU2345,3
MU2345,4
MU2345,5
MU2345,6
MU2345,7
MU2349,1
MU2349,2
MU2349,3
MU2349,4
MU2349,5
MU2349,6
MU2349,7
MU2352,1
MU2352,2
MU2352,3
MU2352,4
MU2352,5
MU2352,6
MU2352,7
MU2359,1
MU2359,2
MU2359,3
MU2359,4
MU2359,5
MU2359,6
MU2359,7
MU2369,1
MU2369,2
MU2369,3
MU2369,4
MU2369,5
MU2369,6
MU2369,7
MU2375,1
MU2375,2
MU2375,3
MU2375,4
MU2375,5
MU2375,6
MU2375,7
MU2376,1
MU2376,2
MU2376,3
MU2376,4
MU2376,5
MU2376,6
MU2376,7
MU2404,1
MU2404,2
MU2404,3
MU2404,4
MU2404,5
MU2404,6
MU2404,7
MU2407,1
MU2407,2
MU2407,3
MU2407,4
MU2407,5
MU2407,6
MU2407,7
MU2408,1
MU2408,2
MU2408,3
MU2408,4
MU2408,5
MU2408,6
MU2408,7
MU2413,1
MU2413,2
MU2413,3
MU2413,4
MU2413,5
MU2413,6
MU2413,7
MU2418,2
MU2418,4
MU2418,6
MU2424,1
MU2424,2
MU2424,3
MU2424,4
MU2424,5
MU2424,6
MU2424,7
MU2429,2
MU2429,4
MU2429,6
MU2431,1
MU2431,2
MU2431,3
MU2431,4
MU2431,5
MU2431,6
MU2431,7
MU2433,1
MU2433,2
MU2433,3
MU2433,4
MU2433,5
MU2433,6
MU2433,7
MU2440,2
MU2440,4
MU2440,6
MU2449,1
MU2449,2
MU2449,3
MU2449,4
MU2449,5
MU2449,6
MU2449,7
MU2455,1
MU2455,2
MU2455,3
MU2455,4
MU2455,5
MU2455,6
MU2455,7
MU2456,2
MU2456,4
MU2456,6
MU2459,1
MU2459,2
MU2459,3
MU2459,4
MU2459,5
MU2459,6
MU2459,7
MU2463,1
MU2463,2
MU2463,3
MU2463,4
MU2463,5
MU2463,6
MU2463,7
MU2466,2
MU2466,4
MU2466,6
MU2475,2
MU2475,4
MU2475,6
MU2478,1
MU2478,2
MU2478,3
MU2478,4
MU2478,5
MU2478,6
MU2478,7
MU2482,1
MU2482,3
MU2482,5
MU2482,7
MU2485,1
MU2485,2
MU2485,3
MU2485,4
MU2485,5
MU2485,6
MU2485,7
MU2489,1
MU2489,2
MU2489,3
MU2489,4
MU2489,5
MU2489,6
MU2489,7
MU2492,1
MU2492,2
MU2492,3
MU2492,4
MU2492,5
MU2492,6
MU2492,7
MU2497,1
MU2497,2
MU2497,3
MU2497,4
MU2497,5
MU2497,6
MU2497,7
MU2505,2
MU2505,4
MU2505,6
MU2509,1
MU2509,3
MU2509,5
MU2509,7
MU2514,1
MU2514,3
MU2514,5
MU2514,7
MU2515,1
MU2515,2
MU2515,3
MU2515,4
MU2515,5
MU2515,6
MU2515,7
MU2516,1
MU2516,2
MU2516,3
MU2516,4
MU2516,5
MU2516,6
MU2516,7
MU2518,1
MU2518,3
MU2518,5
MU2518,7
MU2519,2
MU2519,4
MU2519,6
MU2524,1
MU2524,3
MU2524,5
MU2524,7
MU2525,2
MU2525,4
MU2525,6
MU2536,1
MU2536,2
MU2536,3
MU2536,4
MU2536,5
MU2536,6
MU2536,7
MU2541,1
MU2541,2
MU2541,3
MU2541,4
MU2541,5
MU2541,6
MU2541,7
MU2544,1
MU2544,3
MU2544,5
MU2544,7
MU2545,1
MU2545,2
MU2545,3
MU2545,4
MU2545,5
MU2545,6
MU2545,7
MU2562,2
MU2562,4
MU2562,6
MU2568,1
MU2568,2
MU2568,3
MU2568,4
MU2568,5
MU2568,6
MU2568,7
MU2570,1
MU2570,2
MU2570,3
MU2570,4
MU2570,5
MU2570,6
MU2570,7
MU2572,1
MU2572,2
MU2572,3
MU2572,4
MU2572,5
MU2572,6
MU2572,7
MU2585,1
MU2585,2
MU2585,3
MU2585,4
MU2585,5
MU2585,6
MU2585,7
MU2589,1
MU2589,2
MU2589,3
MU2589,4
MU2589,5
MU2589,6
MU2589,7
MU2591,2
MU2591,4
MU2591,6
MU2600,1
MU2600,2
MU2600,3
MU2600,4
MU2600,5
MU2600,6
MU2600,7
MU2606,1
MU2606,2
MU2606,3
MU2606,4
MU2606,5
MU2606,6
MU2606,7
MU2607,2
MU2607,4
MU2607,6
MU2640,3
MU2640,4
MU2640,5
MU2640,6
MU2640,7
MU2647,1
MU2647,3
MU2647,5
MU2647,7
MU2649,1
MU2649,4
MU2649,5
MU2649,7
MU2660,1
MU2660,3
MU2660,5
MU2660,7
MU2661,2
MU2661,4
MU2661,6
MU2668,1
MU2668,2
MU2668,3
MU2668,4
MU2668,5
MU2668,6
MU2668,7
MU2671,1
MU2671,2
MU2671,3
MU2671,4
MU2671,5
MU2671,6
MU2671,7
MU2685,1
MU2685,2
MU2685,3
MU2685,4
MU2685,5
MU2685,6
MU2685,7
MU2690,1
MU2690,3
MU2690,5
MU2690,7
MU2703,1
MU2703,2
MU2703,3
MU2703,4
MU2703,5
MU2703,6
MU2703,7
MU2711,1
MU2711,2
MU2711,3
MU2711,4
MU2711,5
MU2711,6
MU2711,7
MU2739,1
MU2739,3
MU2739,5
MU2739,7
MU2740,1
MU2740,2
MU2740,3
MU2740,4
MU2740,5
MU2740,6
MU2740,7
MU2757,1
MU2757,2
MU2757,3
MU2757,4
MU2757,5
MU2757,6
MU2757,7
MU2759,1
MU2759,2
MU2759,3
MU2759,4
MU2759,5
MU2759,6
MU2759,7
MU2761,1
MU2761,3
MU2761,5
MU2761,7
MU2762,1
MU2762,2
MU2762,3
MU2762,4
MU2762,5
MU2762,6
MU2762,7
MU2784,1
MU2784,3
MU2784,5
MU2784,7
MU2785,2
MU2785,4
MU2785,6
MU2788,1
MU2788,2
MU2788,3
MU2788,4
MU2788,5
MU2788,6
MU2788,7
MU2796,1
MU2796,2
MU2796,3
MU2796,4
MU2796,5
MU2796,6
MU2796,7
MU2797,1
MU2797,2
MU2797,3
MU2797,4
MU2797,5
MU2797,6
MU2797,7
MU2800,1
MU2800,3
MU2800,5
MU2800,7
MU2801,1
MU2801,2
MU2801,3
MU2801,4
MU2801,5
MU2801,6
MU2801,7
MU2803,1
MU2803,2
MU2803,3
MU2803,4
MU2803,5
MU2803,6
MU2803,7
MU2807,1
MU2807,2
MU2807,3
MU2807,4
MU2807,5
MU2807,6
MU2807,7
MU2811,1
MU2811,3
MU2811,5
MU2811,7
MU2823,1
MU2823,2
MU2823,3
MU2823,4
MU2823,5
MU2823,6
MU2823,7
MU2825,1
MU2825,2
MU2825,3
MU2825,4
MU2825,5
MU2825,6
MU2825,7
MU2826,1
MU2826,2
MU2826,3
MU2826,4
MU2826,5
MU2826,6
MU2826,7
MU2830,1
MU2830,2
MU2830,3
MU2830,4
MU2830,5
MU2830,6
MU2830,7
MU2831,1
MU2831,2
MU2831,3
MU2831,4
MU2831,5
MU2831,6
MU2831,7
MU2832,1
MU2832,2
MU2832,3
MU2832,4
MU2832,5
MU2832,6
MU2832,7
MU2835,1
MU2835,2
MU2835,3
MU2835,4
MU2835,5
MU2835,6
MU2835,7
MU2836,1
MU2836,2
MU2836,3
MU2836,4
MU2836,5
MU2836,6
MU2836,7
MU2838,1
MU2838,2
MU2838,3
MU2838,4
MU2838,5
MU2838,6
MU2838,7
MU2849,1
MU2849,2
MU2849,3
MU2849,4
MU2849,5
MU2849,6
MU2849,7
MU2856,1
MU2856,2
MU2856,3
MU2856,4
MU2856,5
MU2856,6
MU2856,7
MU2857,2
MU2857,3
MU2857,4
MU2857,7
MU2863,1
MU2863,2
MU2863,3
MU2863,4
MU2863,5
MU2863,6
MU2863,7
MU2866,1
MU2866,2
MU2866,3
MU2866,4
MU2866,5
MU2866,6
MU2866,7
MU2870,1
MU2870,2
MU2870,3
MU2870,4
MU2870,5
MU2870,6
MU2870,7
MU2875,1
MU2875,2
MU2875,3
MU2875,4
MU2875,5
MU2875,6
MU2875,7
MU2882,1
MU2882,2
MU2882,3
MU2882,4
MU2882,5
MU2882,6
MU2882,7
MU2883,1
MU2883,2
MU2883,3
MU2883,4
MU2883,5
MU2883,6
MU2883,7
MU2885,1
MU2885,2
MU2885,3
MU2885,4
MU2885,5
MU2885,6
MU2885,7
MU2899,1
MU2899,2
MU2899,3
MU2899,4
MU2899,5
MU2899,6
MU2899,7
MU2904,1
MU2904,2
MU2904,3
MU2904,4
MU2904,5
MU2904,6
MU2904,7
MU2914,1
MU2914,3
MU2914,5
MU2914,7
MU2927,2
MU2927,4
MU2927,6
MU2947,2
MU2947,4
MU2947,6
MU2953,1
MU2953,2
MU2953,3
MU2953,4
MU2953,5
MU2953,6
MU2953,7
MU2956,1
MU2956,2
MU2956,3
MU2956,4
MU2956,5
MU2956,6
MU2956,7
MU2960,1
MU2960,2
MU2960,3
MU2960,4
MU2960,5
MU2960,6
MU2960,7
MU2962,2
MU2962,4
MU2962,6
MU2964,1
MU2964,2
MU2964,3
MU2964,4
MU2964,5
MU2964,6
MU2964,7
MU2978,2
MU2978,4
MU2978,6
MU2983,1
MU2983,3
MU2983,5
MU2983,7
MU2985,1
MU2985,2
MU2985,3
MU2985,4
MU2985,5
MU2985,6
MU2985,7
MU2993,1
MU2993,2
MU2993,3
MU2993,4
MU2993,5
MU2993,6
MU2993,7
MU2996,1
MU2996,2
MU2996,3
MU2996,4
MU2996,5
MU2996,6
MU2996,7
MU2998,1
MU2998,3
MU2998,5
MU2998,7
MU3003,1
MU3003,2
MU3003,4
MU3003,6
MU3003,7
MU3014,2
MU3014,4
MU3014,6
MU3015,2
MU3015,4
MU3015,6
MU3021,1
MU3021,3
MU3021,5
MU3021,7
MU3023,2
MU3023,4
MU3023,6
MU3024,1
MU3024,3
MU3024,5
MU3024,7
MU3026,2
MU3026,4
MU3026,6
MU3036,1
MU3036,3
MU3036,5
MU3036,7
MU3052,1
MU3052,2
MU3052,3
MU3052,4
MU3052,5
MU3052,6
MU3052,7
MU3058,2
MU3058,4
MU3058,6
MU3060,2
MU3060,3
MU3060,4
MU3060,5
MU3083,1
MU3083,2
MU3083,3
MU3083,4
MU3083,5
MU3083,6
MU3083,7
MU3086,1
MU3086,2
MU3086,3
MU3086,4
MU3086,5
MU3086,6
MU3086,7
MU3109,1
MU3109,2
MU3109,3
MU3109,4
MU3109,5
MU3109,6
MU3109,7
MU3114,2
MU3114,4
MU3114,6
MU3126,1
MU3126,2
MU3126,3
MU3126,4
MU3126,5
MU3126,6
MU3126,7
MU3128,2
MU3128,3
MU3128,4
MU3128,7
MU3130,2
MU3130,4
MU3130,6
MU3133,1
MU3133,3
MU3133,5
MU3133,7
MU3135,1
MU3135,2
MU3135,3
MU3135,4
MU3135,5
MU3135,6
MU3135,7
MU3137,2
MU3137,4
MU3137,6
MU3140,1
MU3140,3
MU3140,5
MU3140,7
MU3166,1
MU3166,3
MU3166,5
MU3166,7
MU3172,2
MU3172,4
MU3172,6
MU3193,2
MU3193,4
MU3193,6
MU3196,1
MU3196,2
MU3196,3
MU3196,4
MU3196,5
MU3196,6
MU3196,7
MU3201,1
MU3201,2
MU3201,3
MU3201,4
MU3201,5
MU3201,6
MU3201,7
MU3213,1
MU3213,3
MU3213,5
MU3213,7
MU3215,1
MU3215,2
MU3215,3
MU3215,4
MU3215,5
MU3215,6
MU3215,7
MU3233,1
MU3233,3
MU3233,7
MU3236,1
MU3236,2
MU3236,3
MU3236,4
MU3236,5
MU3236,6
MU3236,7
MU3245,2
MU3245,4
MU3245,6
MU3252,2
MU3252,4
MU3252,6
MU3263,1
MU3263,2
MU3263,3
MU3263,4
MU3263,5
MU3263,6
MU3263,7
MU3264,1
MU3264,2
MU3264,3
MU3264,4
MU3264,5
MU3264,6
MU3264,7
MU3266,1
MU3266,2
MU3266,3
MU3266,4
MU3266,5
MU3266,6
MU3266,7
MU3271,1
MU3271,3
MU3271,5
MU3271,7
MU3278,1
MU3278,2
MU3278,3
MU3278,4
MU3278,5
MU3278,6
MU3278,7
MU3291,2
MU3291,4
MU3291,6
MU3296,1
MU3296,2
MU3296,3
MU3296,4
MU3296,5
MU3296,6
MU3296,7
MU3305,1
MU3305,2
MU3305,3
MU3305,4
MU3305,5
MU3305,6
MU3305,7
MU3318,1
MU3318,2
MU3318,3
MU3318,4
MU3318,5
MU3318,6
MU3318,7
MU3321,1
MU3321,2
MU3321,3
MU3321,4
MU3321,5
MU3321,6
MU3321,7
MU3324,1
MU3324,3
MU3324,5
MU3324,7
MU3328,1
MU3328,2
MU3328,3
MU3328,4
MU3328,5
MU3328,6
MU3328,7
MU3329,5
MU3329,6
MU3331,1
MU3331,2
MU3331,3
MU3331,4
MU3331,5
MU3331,6
MU3331,7
MU3339,1
MU3339,2
MU3339,3
MU3339,4
MU3339,5
MU3339,6
MU3339,7
MU3347,3
MU3347,4
MU3347,5
MU3347,6
MU3347,7
MU3355,1
MU3355,3
MU3355,5
MU3355,7
MU3360,2
MU3360,4
MU3360,6
MU3371,1
MU3371,2
MU3371,3
MU3371,4
MU3371,5
MU3371,6
MU3371,7
MU3373,2
MU3373,4
MU3373,6
MU3374,1
MU3374,2
MU3374,3
MU3374,4
MU3374,5
MU3374,6
MU3374,7
MU3377,1
MU3377,2
MU3377,3
MU3377,4
MU3377,5
MU3377,6
MU3377,7
MU3388,1
MU3388,3
MU3388,5
MU3388,7
MU3391,1
MU3391,2
MU3391,3
MU3391,4
MU3391,5
MU3391,6
MU3391,7
MU3392,1
MU3392,2
MU3392,3
MU3392,4
MU3392,5
MU3392,6
MU3392,7
MU3399,1
MU3399,2
MU3399,3
MU3399,4
MU3399,5
MU3399,6
MU3399,7
MU3400,1
MU3400,2
MU3400,3
MU3400,4
MU3400,5
MU3400,6
MU3400,7
MU3412,1
MU3412,2
MU3412,3
MU3412,4
MU3412,5
MU3412,6
MU3412,7
MU3414,1
MU3414,2
MU3414,3
MU3414,4
MU3414,5
MU3414,6
MU3414,7
MU3428,1
MU3428,2
MU3428,3
MU3428,4
MU3428,5
MU3428,6
MU3428,7
MU3445,1
MU3445,2
MU3445,3
MU3445,4
MU3445,5
MU3445,6
MU3445,7
MU3446,1
MU3446,2
MU3446,3
MU3446,4
MU3446,5
MU3446,6
MU3446,7
MU3452,1
MU3452,2
MU3452,3
MU3452,4
MU3452,5
MU3452,6
MU3452,7
MU3468,1
MU3468,2
MU3468,3
MU3468,4
MU3468,5
MU3468,6
MU3468,7
MU3490,1
MU3490,2
MU3490,3
MU3490,4
MU3490,5
MU3490,6
MU3490,7
MU3495,1
MU3495,2
MU3495,3
MU3495,4
MU3495,5
MU3495,6
MU3495,7
MU3496,1
MU3496,2
MU3496,3
MU3496,4
MU3496,5
MU3496,6
MU3496,7
MU3500,1
MU3500,2
MU3500,3
MU3500,4
MU3500,5
MU3500,6
MU3500,7
MU3506,1
MU3506,2
MU3506,3
MU3506,4
MU3506,5
MU3506,6
MU3506,7
MU3507,2
MU3507,4
MU3507,6
MU3508,1
MU3508,2
MU3508,3
MU3508,4
MU3508,5
MU3508,6
MU3508,7
MU3527,1
MU3527,2
MU3527,3
MU3527,4
MU3527,5
MU3527,6
MU3527,7
MU3529,1
MU3529,2
MU3529,3
MU3529,4
MU3529,5
MU3529,6
MU3529,7
MU3531,2
MU3531,3
MU3531,4
MU3541,2
MU3541,4
MU3541,6
MU3550,1
MU3550,2
MU3550,3
MU3550,4
MU3550,5
MU3550,6
MU3550,7
MU3558,1
MU3558,3
MU3558,5
MU3558,7
MU3562,1
MU3562,2
MU3562,3
MU3562,4
MU3562,5
MU3562,6
MU3562,7
MU3574,1
MU3574,2
MU3574,3
MU3574,4
MU3574,5
MU3574,6
MU3574,7
MU3578,1
MU3578,2
MU3578,3
MU3578,4
MU3578,5
MU3578,6
MU3578,7
MU3582,2
MU3582,4
MU3582,6
MU3585,2
MU3585,4
MU3585,6
MU3590,1
MU3590,3
MU3590,5
MU3590,7
MU3592,1
MU3592,2
MU3592,3
MU3592,4
MU3592,5
MU3592,6
MU3592,7
MU3595,1
MU3595,3
MU3595,5
MU3595,7
MU3601,1
MU3601,3
MU3601,5
MU3601,7
MU3602,2
MU3602,4
MU3602,6
MU3603,1
MU3603,2
MU3603,3
MU3603,4
MU3603,5
MU3603,6
MU3603,7
MU3604,2
MU3604,4
MU3604,6
MU3608,1
MU3608,3
MU3608,5
MU3608,7
MU3609,1
MU3609,2
MU3609,3
MU3609,4
MU3609,5
MU3609,6
MU3609,7
MU3614,2
MU3614,4
MU3614,6
MU3615,1
MU3615,3
MU3615,5
MU3615,7
MU3619,1
MU3619,2
MU3619,3
MU3619,4
MU3619,5
MU3619,6
MU3619,7
MU3623,1
MU3623,2
MU3623,3
MU3623,4
MU3623,5
MU3623,6
MU3623,7
MU3630,1
MU3630,2
MU3630,5
MU3630,7
MU3635,1
MU3635,3
MU3635,5
MU3635,7
MU3643,1
MU3643,2
MU3643,3
MU3643,4
MU3643,5
MU3643,6
MU3643,7
MU3645,1
MU3645,2
MU3645,3
MU3645,4
MU3645,5
MU3645,6
MU3645,7
MU3655,1
MU3655,2
MU3655,3
MU3655,4
MU3655,5
MU3655,6
MU3655,7
MU3663,2
MU3663,4
MU3663,6
MU3670,1
MU3670,2
MU3670,3
MU3670,4
MU3670,5
MU3670,6
MU3670,7
MU3673,2
MU3673,4
MU3673,6
MU3674,3
MU3674,4
MU3674,5
MU3674,6
MU3676,2
MU3676,4
MU3676,6
MU3682,1
MU3682,2
MU3682,3
MU3682,4
MU3682,5
MU3682,6
MU3682,7
MU3686,1
MU3686,2
MU3686,3
MU3686,4
MU3686,5
MU3686,6
MU3686,7
MU3711,2
MU3711,4
MU3711,6
MU3716,2
MU3716,4
MU3716,6
MU3718,2
MU3718,4
MU3718,6
MU3719,2
MU3719,4
MU3719,6
MU3733,1
MU3733,2
MU3733,3
MU3733,4
MU3733,5
MU3733,6
MU3733,7
MU3734,1
MU3734,2
MU3734,3
MU3734,4
MU3734,5
MU3734,6
MU3734,7
MU3735,1
MU3735,2
MU3735,3
MU3735,4
MU3735,5
MU3735,6
MU3735,7
MU3736,1
MU3736,2
MU3736,3
MU3736,4
MU3736,5
MU3736,6
MU3736,7
MU3738,1
MU3738,2
MU3738,3
MU3738,4
MU3738,5
MU3738,6
MU3738,7
MU3741,1
MU3741,3
MU3741,5
MU3741,7
MU3746,1
MU3746,3
MU3746,5
MU3746,7
MU3752,1
MU3752,5
MU3752,7
MU3755,1
MU3755,2
MU3755,3
MU3755,4
MU3755,5
MU3755,6
MU3755,7
MU3756,1
MU3756,3
MU3756,6
MU3757,1
MU3757,3
MU3757,5
MU3757,7
MU3763,1
MU3763,2
MU3763,3
MU3763,4
MU3763,5
MU3763,6
MU3763,7
MU3768,1
MU3768,2
MU3768,3
MU3768,4
MU3768,5
MU3768,6
MU3768,7
MU3775,1
MU3775,2
MU3775,3
MU3775,4
MU3775,5
MU3775,6
MU3775,7
MU3783,1
MU3783,2
MU3783,3
MU3783,4
MU3783,5
MU3783,6
MU3783,7
MU3790,1
MU3790,3
MU3790,5
MU3790,7
MU3797,1
MU3797,2
MU3797,3
MU3797,4
MU3797,5
MU3797,6
MU3797,7
MU3798,1
MU3798,2
MU3798,3
MU3798,4
MU3798,5
MU3798,6
MU3798,7
MU3800,1
MU3800,2
MU3800,3
MU3800,4
MU3800,5
MU3800,6
MU3800,7
MU3801,1
MU3801,3
MU3801,5
MU3801,7
MU3806,1
MU3806,2
MU3806,3
MU3806,4
MU3806,5
MU3806,6
MU3806,7
MU3808,1
MU3808,3
MU3808,5
MU3808,7
MU3827,1
MU3827,2
MU3830,1
MU3830,2
MU3830,3
MU3830,4
MU3830,5
MU3830,6
MU3830,7
MU3835,2
MU3835,4
MU3835,6
MU3835,7
MU3840,1
MU3840,2
MU3840,3
MU3840,4
MU3840,5
MU3840,6
MU3840,7
MU3843,2
MU3843,4
MU3843,6
MU3846,1
MU3846,2
MU3846,3
MU3846,4
MU3846,5
MU3846,6
MU3846,7
MU3847,1
MU3847,2
MU3847,3
MU3847,4
MU3847,5
MU3847,6
MU3847,7
MU3852,1
MU3852,3
MU3852,5
MU3852,7
MU3857,1
MU3857,2
MU3857,3
MU3857,4
MU3857,5
MU3857,6
MU3857,7
MU3858,1
MU3858,3
MU3858,5
MU3858,7
MU3861,1
MU3861,2
MU3861,3
MU3861,4
MU3861,5
MU3861,6
MU3861,7
MU3868,2
MU3868,4
MU3868,6
MU3869,1
MU3869,2
MU3869,3
MU3869,6
MU3869,7
MU3880,1
MU3880,2
MU3880,3
MU3880,4
MU3880,5
MU3880,6
MU3880,7
MU3890,2
MU3890,4
MU3890,6
MU3893,1
MU3893,3
MU3893,5
MU3893,7
MU3894,1
MU3894,2
MU3894,3
MU3894,4
MU3894,5
MU3894,6
MU3894,7
MU3895,1
MU3895,2
MU3895,3
MU3895,4
MU3895,5
MU3895,6
MU3895,7
MU3926,1
MU3926,2
MU3926,3
MU3926,4
MU3926,5
MU3926,6
MU3926,7
MU3927,1
MU3927,2
MU3927,3
MU3927,4
MU3927,5
MU3927,6
MU3927,7
MU3939,2
MU3939,4
MU3939,6
MU3941,1
MU3941,2
MU3941,3
MU3941,4
MU3941,5
MU3941,6
MU3941,7
MU3949,1
MU3949,3
MU3949,5
MU3949,7
MU3953,1
MU3953,2
MU3953,3
MU3953,4
MU3953,5
MU3953,6
MU3953,7
MU3956,2
MU3956,7
MU3957,1
MU3957,3
MU3957,5
MU3957,7
MU3958,1
MU3958,2
MU3958,3
MU3958,4
MU3958,5
MU3958,6
MU3958,7
MU3963,2
MU3963,4
MU3963,6
MU3967,1
MU3967,2
MU3967,3
MU3967,4
MU3967,5
MU3967,6
MU3967,7
MU3968,1
MU3968,2
MU3968,3
MU3968,4
MU3968,5
MU3968,6
MU3968,7
MU3972,1
MU3972,2
MU3972,3
MU3972,4
MU3972,5
MU3972,6
MU3972,7
MU3988,1
MU3988,2
MU3988,3
MU3988,4
MU3988,5
MU3988,6
MU3988,7
MU3992,1
MU3992,2
MU3992,3
MU3992,4
MU3992,5
MU3992,6
MU3992,7
MU4002,1
MU4002,3
MU4002,5
MU4002,7
MU4006,1
MU4006,2
MU4006,3
MU4006,4
MU4006,5
MU4006,6
MU4006,7
MU4010,1
MU4010,3
MU4010,5
MU4010,7
MU4012,1
MU4012,3
MU4012,5
MU4012,7
MU4030,1
MU4030,2
MU4030,3
MU4030,4
MU4030,5
MU4030,6
MU4030,7
MU4044,1
MU4044,2
MU4044,3
MU4044,4
MU4044,5
MU4044,6
MU4044,7
MU4052,1
MU4052,3
MU4052,5
MU4052,7
MU4055,1
MU4055,2
MU4055,3
MU4055,4
MU4055,5
MU4055,6
MU4055,7
MU4060,2
MU4060,4
MU4060,5
MU4060,6
MU4060,7
MU4070,1
MU4070,2
MU4070,3
MU4070,4
MU4070,5
MU4070,6
MU4070,7
MU4084,1
MU4084,2
MU4084,3
MU4084,4
MU4084,5
MU4084,6
MU4084,7
MU4086,1
MU4086,2
MU4086,3
MU4086,5
MU4086,7
MU4105,1
MU4105,2
MU4105,3
MU4105,4
MU4105,5
MU4105,6
MU4105,7
MU4116,2
MU4116,3
MU4116,5
MU4116,6
MU4125,1
MU4125,2
MU4125,3
MU4125,4
MU4125,5
MU4125,6
MU4125,7
MU4127,2
MU4127,4
MU4127,6
MU4129,1
MU4129,2
MU4129,3
MU4129,4
MU4129,5
MU4129,6
MU4129,7
MU4138,1
MU4138,3
MU4138,5
MU4138,7
MU4142,1
MU4142,2
MU4142,3
MU4142,4
MU4142,5
MU4142,6
MU4142,7
MU4144,2
MU4144,4
MU4144,6
MU4153,1
MU4153,2
MU4153,3
MU4153,4
MU4153,5
MU4153,6
MU4153,7
MU4156,1
MU4156,2
MU4156,3
MU4156,4
MU4156,5
MU4156,6
MU4156,7
MU4162,1
MU4162,2
MU4162,3
MU4162,4
MU4162,5
MU4162,6
MU4162,7
MU4164,1
MU4164,2
MU4164,3
MU4164,4
MU4164,5
MU4164,6
MU4164,7
MU4166,1
MU4166,2
MU4166,3
MU4166,4
MU4166,5
MU4166,6
MU4166,7
MU4171,2
MU4171,4
MU4171,6
MU4172,1
MU4172,2
MU4172,3
MU4172,4
MU4172,5
MU4172,6
MU4172,7
MU4175,1
MU4175,2
MU4175,3
MU4175,4
MU4175,5
MU4175,6
MU4175,7
MU4185,2
MU4185,4
MU4185,6
MU4190,2
MU4190,4
MU4190,6
MU4194,1
MU4194,3
MU4194,5
MU4194,7
MU4201,1
MU4201,2
MU4201,3
MU4201,4
MU4201,5
MU4201,6
MU4201,7
MU4202,1
MU4202,2
MU4202,3
MU4202,4
MU4202,5
MU4202,6
MU4202,7
MU4203,1
MU4203,3
MU4203,5
MU4203,7
MU4209,1
MU4209,2
MU4209,3
MU4209,4
MU4209,5
MU4209,6
MU4209,7
MU4222,1
MU4222,2
MU4222,3
MU4222,4
MU4222,5
MU4222,6
MU4222,7
MU4251,1
MU4251,2
MU4251,3
MU4251,4
MU4251,5
MU4251,6
MU4251,7
MU4259,1
MU4259,2
MU4259,3
MU4259,4
MU4259,5
MU4259,6
MU4259,7
MU4265,2
MU4265,4
MU4265,6
MU4266,1
MU4266,3
MU4266,5
MU4266,7
MU4268,1
MU4268,3
MU4268,5
MU4268,7
MU4277,1
MU4277,3
MU4277,5
MU4277,7
MU4285,1
MU4285,3
MU4285,5
MU4285,7
MU4287,2
MU4287,3
MU4287,4
MU4287,5
MU4287,6
MU4288,1
MU4288,3
MU4288,5
MU4288,7
MU4289,2
MU4289,4
MU4289,6
MU4290,1
MU4290,2
MU4290,3
MU4290,4
MU4290,5
MU4290,6
MU4290,7
MU4291,1
MU4291,2
MU4291,3
MU4291,4
MU4291,5
MU4291,6
MU4291,7
MU4297,1
MU4297,2
MU4297,3
MU4297,4
MU4297,5
MU4297,6
MU4297,7
MU4300,1
MU4300,2
MU4300,3
MU4300,4
MU4300,5
MU4300,6
MU4300,7
MU4303,1
MU4303,3
MU4303,5
MU4303,7
MU4304,1
MU4304,2
MU4304,3
MU4304,4
MU4304,5
MU4304,6
MU4304,7
MU4306,1
MU4306,2
MU4306,3
MU4306,4
MU4306,5
MU4306,6
MU4306,7
MU4308,2
MU4308,4
MU4308,6
MU4311,2
MU4311,4
MU4311,6
MU4315,1
MU4315,2
MU4315,3
MU4315,4
MU4315,5
MU4315,6
MU4315,7
MU4318,1
MU4318,2
MU4318,3
MU4318,4
MU4318,5
MU4318,6
MU4318,7
MU4320,1
MU4320,2
MU4320,3
MU4320,4
MU4320,5
MU4320,6
MU4320,7
MU4323,1
MU4323,4
MU4323,5
MU4323,6
MU4323,7
MU4326,2
MU4326,4
MU4326,6
MU4336,1
MU4336,3
MU4336,5
MU4336,7
MU4345,1
MU4345,2
MU4345,3
MU4345,4
MU4345,5
MU4345,6
MU4345,7
MU4349,1
MU4349,2
MU4349,3
MU4349,4
MU4349,5
MU4349,6
MU4349,7
MU4353,1
MU4353,2
MU4353,3
MU4353,4
MU4353,5
MU4353,6
MU4353,7
MU4356,2
MU4356,4
MU4356,6
MU4357,1
MU4357,3
MU4357,5
MU4357,7
MU4364,1
MU4364,2
MU4364,3
MU4364,4
MU4364,5
MU4364,6
MU4364,7
MU4366,1
MU4366,3
MU4366,5
MU4366,7
MU4367,1
MU4367,2
MU4367,3
MU4367,4
MU4367,5
MU4367,6
MU4367,7
MU4369,1
MU4369,2
MU4369,3
MU4369,4
MU4369,5
MU4369,6
MU4369,7
MU4370,1
MU4370,2
MU4370,3
MU4370,4
MU4370,5
MU4370,6
MU4370,7
MU4375,1
MU4375,2
MU4375,3
MU4375,4
MU4375,5
MU4375,6
MU4375,7
MU4378,2
MU4378,4
MU4378,6
MU4379,1
MU4379,3
MU4379,5
MU4379,7
MU4380,1
MU4380,2
MU4380,3
MU4380,4
MU4380,5
MU4380,6
MU4380,7
MU4403,1
MU4403,2
MU4403,3
MU4403,4
MU4403,5
MU4403,6
MU4403,7
MU4405,3
MU4405,4
MU4405,5
MU4405,6
MU4405,7
MU4411,1
MU4411,2
MU4411,3
MU4411,4
MU4411,5
MU4411,6
MU4411,7
MU4412,2
MU4412,4
MU4412,6
MU4420,2
MU4420,4
MU4420,6
MU4442,1
MU4442,2
MU4442,3
MU4442,4
MU4442,5
MU4442,6
MU4442,7
MU4444,2
MU4444,4
MU4444,6
MU4451,1
MU4451,3
MU4474,1
MU4474,2
MU4474,3
MU4474,4
MU4474,5
MU4474,6
MU4474,7
MU4475,1
MU4475,2
MU4475,3
MU4475,4
MU4475,5
MU4475,6
MU4475,7
MU4476,1
MU4476,2
MU4476,3
MU4476,4
MU4476,5
MU4476,6
MU4476,7
MU4480,1
MU4480,2
MU4480,3
MU4480,4
MU4480,5
MU4480,6
MU4480,7
MU4483,1
MU4483,2
MU4483,3
MU4483,4
MU4483,5
MU4483,6
MU4483,7
MU4488,1
MU4488,3
MU4488,5
MU4488,7
MU4496,1
MU4496,3
MU4496,5
MU4496,7
MU4504,1
MU4504,3
MU4504,5
MU4504,7
MU4517,1
MU4517,2
MU4517,3
MU4517,4
MU4517,5
MU4517,6
MU4517,7
MU4520,1
MU4520,2
MU4520,3
MU4520,4
MU4520,5
MU4520,6
MU4520,7
MU4532,1
MU4532,2
MU4532,3
MU4532,4
MU4532,5
MU4532,6
MU4532,7
MU4537,1
MU4537,2
MU4537,3
MU4537,4
MU4537,5
MU4537,6
MU4537,7
MU4538,1
MU4538,2
MU4538,3
MU4538,4
MU4538,5
MU4538,6
MU4538,7
MU4539,1
MU4539,2
MU4539,3
MU4539,4
MU4539,5
MU4539,6
MU4539,7
MU4555,1
MU4555,2
MU4555,3
MU4555,4
MU4555,5
MU4555,6
MU4555,7
MU4560,2
MU4560,4
MU4560,6
MU4561,2
MU4561,4
MU4561,6
MU4566,1
MU4566,3
MU4566,5
MU4566,7
MU4578,1
MU4578,2
MU4578,7
MU4583,1
MU4583,3
MU4583,5
MU4583,7
MU4585,2
MU4585,4
MU4585,6
MU4599,1
MU4599,2
MU4599,3
MU4599,4
MU4599,7
MU4606,1
MU4606,2
MU4606,3
MU4606,4
MU4606,5
MU4606,6
MU4606,7
MU4620,1
MU4620,2
MU4620,3
MU4620,4
MU4620,5
MU4620,6
MU4620,7
MU4629,2
MU4629,4
MU4629,6
MU4637,2
MU4637,5
MU4637,7
MU4639,1
MU4639,2
MU4639,3
MU4639,4
MU4639,5
MU4639,6
MU4639,7
MU4642,1
MU4642,2
MU4642,3
MU4642,4
MU4642,5
MU4642,6
MU4642,7
MU4657,1
MU4657,2
MU4657,3
MU4657,4
MU4657,5
MU4657,6
MU4657,7
MU4658,1
MU4658,2
MU4658,3
MU4658,4
MU4658,5
MU4658,6
MU4658,7
MU4667,1
MU4667,3
MU4667,5
MU4667,7
MU4682,1
MU4682,2
MU4682,3
MU4682,4
MU4682,5
MU4682,6
MU4682,7
MU4686,1
MU4686,2
MU4686,3
MU4686,4
MU4686,5
MU4686,6
MU4686,7
MU4700,2
MU4700,4
MU4700,6
MU4702,1
MU4702,2
MU4702,3
MU4702,4
MU4702,5
MU4702,6
MU4702,7
MU4706,1
MU4706,2
MU4706,3
MU4706,4
MU4706,5
MU4706,6
MU4706,7
MU4707,1
MU4707,2
MU4707,3
MU4707,4
MU4707,5
MU4707,6
MU4707,7
MU4710,1
MU4710,2
MU4710,3
MU4710,4
MU4710,5
MU4710,6
MU4710,7
MU4723,1
MU4723,3
MU4723,5
MU4723,7
MU4728,2
MU4728,4
MU4728,6
MU4736,1
MU4736,2
MU4736,3
MU4736,4
MU4736,5
MU4736,6
MU4736,7
MU4742,1
MU4742,2
MU4742,3
MU4742,4
MU4742,5
MU4742,6
MU4742,7
MU4754,1
MU4754,2
MU4754,3
MU4754,4
MU4754,5
MU4754,6
MU4754,7
MU4758,1
MU4758,2
MU4758,3
MU4758,4
MU4758,5
MU4758,6
MU4758,7
MU4761,1
MU4761,2
MU4761,3
MU4761,4
MU4761,5
MU4761,6
MU4761,7
MU4762,1
MU4762,2
MU4762,3
MU4762,4
MU4762,5
MU4762,6
MU4762,7
MU4768,2
MU4768,4
MU4768,6
MU4772,1
MU4772,3
MU4772,4
MU4772,5
MU4772,6
MU4779,1
MU4779,2
MU4779,3
MU4779,4
MU4779,5
MU4779,6
MU4779,7
MU4784,1
MU4784,2
MU4784,3
MU4784,4
MU4784,5
MU4784,6
MU4784,7
MU4788,1
MU4788,3
MU4788,5
MU4788,7
MU4789,2
MU4789,4
MU4789,6
MU4794,1
MU4794,2
MU4794,3
MU4794,4
MU4794,5
MU4794,6
MU4794,7
MU4799,1
MU4799,3
MU4799,5
MU4799,7
MU4807,1
MU4807,3
MU4807,5
MU4807,7
MU4810,1
MU4810,2
MU4810,3
MU4810,4
MU4810,5
MU4810,6
MU4810,7
MU4811,1
MU4811,3
MU4811,5
MU4811,7
MU4812,1
MU4812,2
MU4812,3
MU4812,4
MU4812,5
MU4812,6
MU4812,7
MU4813,1
MU4813,3
MU4813,5
MU4813,7
MU4821,1
MU4821,4
MU4821,5
MU4821,7
MU4825,2
MU4825,7
MU4829,1
MU4829,2
MU4829,3
MU4829,4
MU4829,5
MU4829,6
MU4829,7
MU4834,1
MU4834,3
MU4834,5
MU4834,7
MU4838,1
MU4838,2
MU4838,3
MU4838,4
MU4838,5
MU4838,6
MU4838,7
MU4839,2
MU4839,4
MU4839,6
MU4842,2
MU4842,4
MU4842,6
MU4843,1
MU4843,2
MU4843,3
MU4843,4
MU4843,5
MU4843,6
MU4843,7
MU4848,2
MU4848,4
MU4848,6
MU4849,1
MU4849,3
MU4849,5
MU4849,7
MU4862,1
MU4862,2
MU4862,3
MU4862,4
MU4862,5
MU4862,6
MU4862,7
MU4865,1
MU4865,3
MU4865,5
MU4865,7
MU4867,1
MU4867,2
MU4867,3
MU4867,4
MU4867,5
MU4867,6
MU4867,7
MU4871,1
MU4871,3
MU4871,5
MU4871,7
MU4889,1
MU4889,2
MU4889,3
MU4889,4
MU4889,5
MU4889,6
MU4889,7
MU4893,1
MU4893,2
MU4893,3
MU4893,4
MU4893,5
MU4893,6
MU4893,7
MU4895,1
MU4895,2
MU4895,3
MU4895,4
MU4895,5
MU4895,6
MU4895,7
MU4902,1
MU4902,2
MU4902,3
MU4902,4
MU4902,5
MU4902,6
MU4902,7
MU4903,1
MU4903,2
MU4903,3
MU4903,4
MU4903,5
MU4903,6
MU4903,7
MU4917,1
MU4917,2
MU4917,3
MU4917,4
MU4917,5
MU4917,6
MU4917,7
MU4929,1
MU4929,2
MU4929,3
MU4929,4
MU4929,5
MU4929,6
MU4929,7
MU4930,1
MU4930,2
MU4930,3
MU4930,4
MU4930,5
MU4930,6
MU4930,7
MU4940,2
MU4940,4
MU4940,6
MU4943,1
MU4943,2
MU4943,3
MU4943,4
MU4943,5
MU4943,6
MU4943,7
MU4944,1
MU4944,2
MU4944,3
MU4944,4
MU4944,5
MU4944,6
MU4944,7
MU4948,1
MU4948,2
MU4948,3
MU4948,4
MU4948,5
MU4948,6
MU4948,7
MU4951,1
MU4951,2
MU4951,3
MU4951,4
MU4951,5
MU4951,6
MU4951,7
MU4979,1
MU4979,2
MU4979,3
MU4979,4
MU4979,5
MU4979,6
MU4979,7
MU4983,2
MU4983,4
MU4983,6
MU4994,1
MU4994,2
MU4994,3
MU4994,4
MU4994,5
MU4994,6
MU4994,7
MU4995,1
MU4995,3
MU4995,5
MU4995,7
MU5003,1
MU5003,3
MU5003,5
MU5003,7
MU5004,1
MU5004,3
MU5004,5
MU5004,7
MU5010,1
MU5010,2
MU5010,3
MU5010,4
MU5010,5
MU5010,6
MU5010,7
MU5014,1
MU5014,2
MU5014,3
MU5014,4
MU5014,5
MU5014,6
MU5014,7
MU5018,1
MU5018,2
MU5018,3
MU5018,4
MU5018,5
MU5018,6
MU5018,7
MU5024,1
MU5024,3
MU5024,5
MU5024,7
MU5027,1
MU5027,3
MU5027,5
MU5027,7
MU5035,1
MU5035,2
MU5035,3
MU5035,4
MU5035,5
MU5035,6
MU5035,7
MU5045,1
MU5045,3
MU5045,5
MU5045,7
MU5051,1
MU5051,3
MU5051,5
MU5051,7
MU5054,1
MU5054,2
MU5054,3
MU5054,4
MU5054,5
MU5054,6
MU5054,7
MU5055,1
MU5055,2
MU5055,3
MU5055,4
MU5055,5
MU5055,6
MU5055,7
MU5056,1
MU5056,2
MU5056,3
MU5056,4
MU5056,5
MU5056,6
MU5056,7
MU5073,1
MU5073,2
MU5073,3
MU5073,4
MU5073,5
MU5073,6
MU5073,7
MU5079,1
MU5079,2
MU5079,3
MU5079,4
MU5079,5
MU5079,6
MU5079,7
MU5081,1
MU5081,2
MU5081,3
MU5081,4
MU5081,5
MU5081,6
MU5081,7
MU5087,1
MU5087,3
MU5087,5
MU5087,7
MU5095,1
MU5095,3
MU5095,5
MU5095,7
MU5114,1
MU5114,2
MU5114,3
MU5114,4
MU5114,5
MU5114,6
MU5114,7
MU5117,1
MU5117,3
MU5117,5
MU5117,7
MU5118,1
MU5118,2
MU5118,3
MU5118,4
MU5118,5
MU5118,6
MU5118,7
MU5139,1
MU5139,2
MU5139,3
MU5139,4
MU5139,5
MU5139,6
MU5139,7
MU5142,1
MU5142,2
MU5142,3
MU5142,4
MU5142,5
MU5142,6
MU5142,7
MU5150,1
MU5150,3
MU5150,5
MU5150,7
MU5168,1
MU5168,3
MU5168,5
MU5168,7
MU5190,1
MU5190,2
MU5190,3
MU5190,4
MU5190,5
MU5190,6
MU5190,7
MU5197,1
MU5197,2
MU5197,3
MU5197,4
MU5197,5
MU5197,6
MU5197,7
MU5198,1
MU5198,2
MU5198,3
MU5198,4
MU5198,5
MU5198,6
MU5198,7
MU5202,1
MU5202,2
MU5202,3
MU5202,4
MU5202,5
MU5202,6
MU5202,7
MU5205,1
MU5205,2
MU5205,3
MU5205,4
MU5205,5
MU5205,6
MU5205,7
MU5206,2
MU5206,4
MU5206,6
MU5210,3
MU5210,5
MU5210,7
MU5213,1
MU5213,2
MU5213,3
MU5213,4
MU5213,5
MU5213,6
MU5213,7
MU5218,2
MU5218,4
MU5218,6
MU5219,1
MU5219,2
MU5219,3
MU5219,4
MU5219,5
MU5219,6
MU5219,7
MU5220,1
MU5220,3
MU5220,5
MU5220,7
MU5223,1
MU5223,3
MU5223,5
MU5223,7
MU5228,2
MU5228,4
MU5228,6
MU5236,1
MU5236,2
MU5236,3
MU5236,4
MU5236,5
MU5236,6
MU5236,7
MU5238,2
MU5238,5
MU5238,6
MU5238,7
MU5244,1
MU5244,2
MU5244,3
MU5244,4
MU5244,5
MU5244,6
MU5244,7
MU5246,1
MU5246,2
MU5246,3
MU5246,4
MU5246,5
MU5246,6
MU5246,7
MU5249,1
MU5249,2
MU5249,3
MU5249,4
MU5249,5
MU5249,6
MU5249,7
MU5252,1
MU5252,3
MU5252,4
MU5252,6
MU5252,7
MU5253,1
MU5253,3
MU5253,5
MU5253,7
MU5259,1
MU5259,3
MU5259,5
MU5259,7
MU5263,2
MU5263,4
MU5263,6
MU5282,4
MU5282,5
MU5282,6
MU5287,1
MU5287,2
MU5287,3
MU5287,4
MU5287,5
MU5287,6
MU5287,7
MU5292,1
MU5292,3
MU5292,5
MU5292,7
MU5298,1
MU5298,3
MU5298,5
MU5298,7
MU5316,2
MU5316,4
MU5316,6
MU5319,1
MU5319,3
MU5319,5
MU5319,7
MU5330,1
MU5330,2
MU5330,3
MU5330,4
MU5330,5
MU5330,6
MU5330,7
MU5339,1
MU5339,2
MU5339,3
MU5339,4
MU5339,5
MU5339,6
MU5339,7
MU5345,1
MU5345,2
MU5345,3
MU5345,4
MU5345,5
MU5345,6
MU5345,7
MU5346,1
MU5346,2
MU5346,3
MU5346,4
MU5346,5
MU5346,6
MU5346,7
MU5350,1
MU5350,5
MU5353,1
MU5353,3
MU5353,5
MU5353,7
MU5357,1
MU5357,2
MU5357,3
MU5357,4
MU5357,5
MU5357,6
MU5357,7
MU5364,1
MU5364,2
MU5364,3
MU5364,4
MU5364,5
MU5364,6
MU5364,7
MU5370,1
MU5370,2
MU5370,3
MU5370,4
MU5370,5
MU5370,6
MU5370,7
MU5378,1
MU5378,3
MU5378,5
MU5378,7
MU5387,1
MU5387,2
MU5387,3
MU5387,4
MU5387,5
MU5387,6
MU5387,7
MU5392,1
MU5392,2
MU5392,3
MU5392,4
MU5392,5
MU5392,6
MU5392,7
MU5394,1
MU5394,2
MU5394,3
MU5394,4
MU5394,5
MU5394,6
MU5394,7
MU5407,1
MU5407,2
MU5407,5
MU5407,6
MU5407,7
MU5411,1
MU5411,2
MU5411,3
MU5411,4
MU5411,5
MU5411,6
MU5411,7
MU5412,2
MU5412,4
MU5412,6
MU5414,1
MU5414,5
MU5420,2
MU5420,4
MU5420,6
MU5424,2
MU5424,4
MU5424,6
MU5433,1
MU5433,2
MU5433,3
MU5433,4
MU5433,5
MU5433,6
MU5433,7
MU5434,2
MU5434,4
MU5434,6
MU5440,1
MU5440,3
MU5440,5
MU5440,7
MU5446,1
MU5446,2
MU5446,3
MU5446,4
MU5446,5
MU5446,6
MU5446,7
MU5455,1
MU5455,3
MU5455,5
MU5455,7
MU5457,1
MU5457,2
MU5457,3
MU5457,4
MU5457,5
MU5457,6
MU5457,7
MU5461,1
MU5461,2
MU5461,3
MU5461,4
MU5461,5
MU5461,6
MU5461,7
MU5462,1
MU5462,2
MU5462,3
MU5462,4
MU5462,5
MU5462,6
MU5462,7
MU5464,2
MU5464,4
MU5464,6
MU5470,1
MU5470,2
MU5470,3
MU5470,4
MU5470,5
MU5470,6
MU5470,7
MU5482,1
MU5482,3
MU5482,7
MU5487,1
MU5487,3
MU5487,5
MU5487,7
MU5493,1
MU5493,3
MU5493,5
MU5493,7
MU5495,1
MU5495,3
MU5495,5
MU5495,7
MU5498,2
MU5498,4
MU5498,6
MU5506,1
MU5506,2
MU5506,3
MU5506,4
MU5506,5
MU5506,6
MU5506,7
MU5510,1
MU5510,3
MU5510,5
MU5510,7
MU5512,1
MU5512,3
MU5512,5
MU5512,7
MU5522,1
MU5522,3
MU5522,5
MU5522,7
MU5530,1
MU5530,2
MU5530,3
MU5530,4
MU5530,5
MU5530,6
MU5530,7
MU5535,1
MU5535,3
MU5535,5
MU5535,7
MU5541,1
MU5541,2
MU5541,3
MU5541,4
MU5541,5
MU5541,6
MU5541,7
MU5549,1
MU5549,2
MU5549,3
MU5549,4
MU5549,5
MU5549,6
MU5549,7
MU5555,1
MU5555,3
MU5555,5
MU5555,7
MU5558,1
MU5558,2
MU5558,3
MU5558,4
MU5558,5
MU5558,6
MU5558,7
MU5562,1
MU5562,2
MU5562,3
MU5562,4
MU5562,5
MU5562,6
MU5562,7
MU5566,1
MU5566,2
MU5566,3
MU5566,4
MU5566,5
MU5566,6
MU5566,7
MU5568,2
MU5568,4
MU5568,6
MU5587,1
MU5587,2
MU5587,3
MU5587,4
MU5587,5
MU5587,6
MU5587,7
MU5591,1
MU5591,2
MU5591,3
MU5591,4
MU5591,5
MU5591,6
MU5591,7
MU5594,1
MU5594,2
MU5594,3
MU5594,4
MU5594,5
MU5594,6
MU5594,7
MU5601,1
MU5601,2
MU5601,3
MU5601,4
MU5601,5
MU5601,6
MU5601,7
MU5607,1
MU5607,2
MU5607,3
MU5607,4
MU5607,5
MU5607,6
MU5607,7
MU5611,1
MU5611,2
MU5611,3
MU5611,4
MU5611,5
MU5611,6
MU5611,7
MU5623,1
MU5623,2
MU5623,3
MU5623,4
MU5623,5
MU5623,6
MU5623,7
MU5627,1
MU5627,2
MU5627,3
MU5627,4
MU5627,5
MU5627,6
MU5627,7
MU5631,1
MU5631,2
MU5631,3
MU5631,4
MU5631,5
MU5631,6
MU5631,7
MU5639,1
MU5639,3
MU5639,5
MU5639,7
MU5644,1
MU5644,3
MU5644,5
MU5644,7
MU5648,1
MU5648,3
MU5648,5
MU5648,7
MU5651,1
MU5651,2
MU5651,3
MU5651,4
MU5651,5
MU5651,6
MU5651,7
MU5654,1
MU5654,3
MU5654,5
MU5654,7
MU5655,1
MU5655,3
MU5655,5
MU5655,7
MU5658,1
MU5658,2
MU5658,3
MU5658,4
MU5658,5
MU5658,6
MU5658,7
MU5663,1
MU5663,2
MU5663,3
MU5663,4
MU5663,5
MU5663,6
MU5663,7
MU5669,1
MU5669,2
MU5669,3
MU5669,4
MU5669,5
MU5669,6
MU5669,7
MU5671,1
MU5671,2
MU5671,3
MU5671,4
MU5671,5
MU5671,6
MU5671,7
MU5675,2
MU5675,4
MU5675,6
MU5679,2
MU5679,4
MU5679,6
MU5682,1
MU5682,3
MU5682,5
MU5682,7
MU5719,1
MU5719,2
MU5719,3
MU5719,4
MU5719,5
MU5719,6
MU5719,7
MU5721,2
MU5721,4
MU5721,6
MU5725,1
MU5725,2
MU5725,3
MU5725,4
MU5725,5
MU5725,6
MU5725,7
MU5729,1
MU5729,2
MU5729,3
MU5729,4
MU5729,5
MU5729,6
MU5729,7
MU5731,1
MU5731,3
MU5731,5
MU5731,7
MU5734,1
MU5734,2
MU5734,3
MU5734,4
MU5734,5
MU5734,6
MU5734,7
MU5738,1
MU5738,2
MU5738,3
MU5738,4
MU5738,5
MU5738,6
MU5738,7
MU5745,1
MU5745,2
MU5745,3
MU5745,4
MU5745,5
MU5745,6
MU5745,7
MU5746,1
MU5746,3
MU5746,5
MU5746,7
MU5751,1
MU5751,2
MU5751,3
MU5751,4
MU5751,5
MU5751,6
MU5751,7
MU5756,2
MU5756,4
MU5756,6
MU5761,1
MU5761,2
MU5761,3
MU5761,4
MU5761,5
MU5761,6
MU5761,7
MU5777,1
MU5777,2
MU5777,3
MU5777,4
MU5777,5
MU5777,6
MU5777,7
MU5782,1
MU5782,2
MU5782,3
MU5782,4
MU5782,5
MU5782,6
MU5782,7
MU5783,1
MU5783,2
MU5783,3
MU5783,4
MU5783,5
MU5783,6
MU5783,7
MU5790,1
MU5790,3
MU5790,5
MU5790,7
MU5792,2
MU5792,4
MU5792,6
MU5803,1
MU5803,2
MU5803,3
MU5803,4
MU5803,5
MU5803,6
MU5803,7
MU5804,1
MU5804,2
MU5804,3
MU5804,4
MU5804,5
MU5804,6
MU5804,7
MU5814,1
MU5814,2
MU5814,3
MU5814,4
MU5814,5
MU5814,6
MU5814,7
MU5820,1
MU5820,2
MU5820,3
MU5820,4
MU5820,5
MU5820,6
MU5820,7
MU5831,1
MU5831,2
MU5831,3
MU5831,4
MU5831,5
MU5831,6
MU5831,7
MU5832,2
MU5832,3
MU5832,7
MU5836,1
MU5836,3
MU5836,5
MU5836,7
MU5839,1
MU5839,2
MU5839,3
MU5839,4
MU5839,5
MU5839,6
MU5839,7
MU5840,1
MU5840,3
MU5840,5
MU5840,7
MU5844,1
MU5844,2
MU5844,3
MU5844,4
MU5844,5
MU5844,6
MU5844,7
MU5846,1
MU5846,2
MU5846,3
MU5846,4
MU5846,5
MU5846,6
MU5846,7
MU5854,1
MU5854,3
MU5854,5
MU5854,7
MU5858,1
MU5858,2
MU5858,3
MU5858,4
MU5858,5
MU5858,6
MU5858,7
MU5860,1
MU5860,3
MU5860,5
MU5860,7
MU5882,1
MU5882,2
MU5882,3
MU5882,4
MU5882,5
MU5882,6
MU5882,7
MU5883,1
MU5883,2
MU5883,3
MU5883,4
MU5883,5
MU5883,6
MU5883,7
MU5901,1
MU5901,2
MU5901,3
MU5901,4
MU5901,5
MU5901,6
MU5901,7
MU5903,1
MU5903,5
MU5903,6
MU5903,7
MU5911,1
MU5911,3
MU5911,5
MU5911,7
MU5914,1
MU5914,2
MU5914,3
MU5914,4
MU5914,5
MU5914,6
MU5914,7
MU5919,1
MU5919,3
MU5919,5
MU5919,7
MU5933,1
MU5933,2
MU5933,3
MU5933,4
MU5933,5
MU5933,6
MU5933,7
MU5951,1
MU5951,3
MU5951,5
MU5951,7
MU5958,1
MU5958,3
MU5958,5
MU5958,7
MU5959,1
MU5959,3
MU5959,5
MU5959,7
MU5965,2
MU5965,4
MU5965,6
MU5967,1
MU5967,2
MU5967,3
MU5967,4
MU5967,5
MU5967,6
MU5967,7
MU5970,1
MU5970,2
MU5970,3
MU5970,4
MU5970,5
MU5970,6
MU5970,7
MU5974,1
MU5974,2
MU5974,3
MU5974,4
MU5974,5
MU5974,6
MU5974,7
MU5978,1
MU5978,2
MU5978,3
MU5978,4
MU5978,5
MU5978,6
MU5978,7
MU5987,1
MU5987,2
MU5987,3
MU5987,4
MU5987,5
MU5987,6
MU5987,7
MU5993,2
MU5993,4
MU5993,6
MU6001,1
MU6001,3
MU6001,5
MU6001,7
MU6009,2
MU6009,4
MU6009,6
MU6012,1
MU6012,2
MU6012,3
MU6012,4
MU6012,5
MU6012,6
MU6012,7
MU6014,1
MU6014,3
MU6014,5
MU6014,7
MU6022,2
MU6022,4
MU6022,6
MU6039,1
MU6039,3
MU6039,5
MU6039,7
MU6046,1
MU6046,2
MU6046,3
MU6046,4
MU6046,5
MU6046,6
MU6046,7
MU6050,2
MU6050,4
MU6050,6
MU6051,1
MU6051,2
MU6051,3
MU6051,4
MU6051,5
MU6051,6
MU6051,7
MU6054,1
MU6054,2
MU6054,3
MU6054,4
MU6054,5
MU6054,6
MU6054,7
MU6062,1
MU6062,2
MU6062,3
MU6062,4
MU6062,5
MU6062,6
MU6062,7
MU6069,1
MU6069,3
MU6069,5
MU6069,7
MU6071,1
MU6071,2
MU6071,3
MU6071,4
MU6071,5
MU6071,6
MU6071,7
MU6072,1
MU6072,3
MU6072,5
MU6072,7
MU6081,1
MU6081,2
MU6081,3
MU6081,4
MU6081,5
MU6081,6
MU6081,7
MU6086,1
MU6086,2
MU6086,3
MU6086,4
MU6086,5
MU6086,6
MU6086,7
MU6091,2
MU6091,4
MU6091,6
MU6097,1
MU6097,2
MU6097,3
MU6097,4
MU6097,5
MU6097,6
MU6097,7
MU6098,1
MU6098,2
MU6098,3
MU6098,4
MU6098,5
MU6098,6
MU6098,7
MU6102,1
MU6102,2
MU6102,3
MU6102,4
MU6102,5
MU6102,6
MU6102,7
MU6104,1
MU6104,2
MU6104,3
MU6104,4
MU6104,5
MU6104,6
MU6104,7
MU6116,1
MU6116,3
MU6116,5
MU6116,7
MU6127,1
MU6127,3
MU6127,5
MU6127,7
MU6129,1
MU6129,3
MU6129,5
MU6129,7
MU6130,2
MU6130,3
MU6134,1
MU6134,2
MU6134,3
MU6134,4
MU6134,5
MU6134,6
MU6134,7
MU6135,2
MU6135,4
MU6135,6
MU6143,2
MU6143,4
MU6143,6
MU6148,1
MU6148,2
MU6148,3
MU6148,4
MU6148,5
MU6148,6
MU6148,7
MU6152,1
MU6152,2
MU6152,3
MU6152,4
MU6152,5
MU6152,6
MU6152,7
MU6154,1
MU6154,2
MU6154,3
MU6154,4
MU6154,5
MU6154,6
MU6154,7
MU6155,1
MU6155,3
MU6155,5
MU6155,7
MU6157,1
MU6157,2
MU6157,3
MU6157,4
MU6157,5
MU6157,6
MU6157,7
MU6159,1
MU6159,2
MU6159,3
MU6159,4
MU6159,5
MU6159,6
MU6159,7
MU6166,1
MU6166,3
MU6166,5
MU6166,7
MU6180,1
MU6180,2
MU6180,3
MU6180,4
MU6180,5
MU6180,6
MU6180,7
MU6190,2
MU6190,4
MU6190,6
MU6191,1
MU6191,2
MU6191,3
MU6191,4
MU6191,5
MU6191,6
MU6191,7
MU6197,1
MU6197,2
MU6197,3
MU6197,4
MU6197,5
MU6197,6
MU6197,7
MU6211,1
MU6211,2
MU6211,3
MU6211,4
MU6211,5
MU6211,6
MU6211,7
MU6214,1
MU6214,3
MU6214,5
MU6214,7
MU6226,1
MU6226,2
MU6226,3
MU6226,4
MU6226,5
MU6226,6
MU6226,7
MU6228,2
MU6228,4
MU6228,6
MU6233,2
MU6233,4
MU6233,6
MU6239,1
MU6239,2
MU6239,3
MU6239,4
MU6239,5
MU6239,6
MU6239,7
MU6241,1
MU6241,2
MU6241,3
MU6241,4
MU6241,5
MU6241,6
MU6241,7
MU6265,1
MU6265,2
MU6265,3
MU6265,4
MU6265,5
MU6265,6
MU6265,7
MU6266,1
MU6266,2
MU6266,3
MU6266,4
MU6266,5
MU6266,6
MU6266,7
MU6269,1
MU6269,2
MU6269,3
MU6269,4
MU6269,5
MU6269,6
MU6269,7
MU6274,1
MU6274,2
MU6274,3
MU6274,4
MU6274,5
MU6274,6
MU6274,7
MU6281,2
MU6281,4
MU6281,6
MU6286,2
MU6286,4
MU6286,6
MU6288,1
MU6288,3
MU6288,5
MU6288,7
MU6295,1
MU6295,3
MU6295,5
MU6295,7
MU6297,1
MU6297,2
MU6297,3
MU6297,4
MU6297,5
MU6297,6
MU6297,7
MU6303,1
MU6303,2
MU6303,3
MU6303,4
MU6303,5
MU6303,6
MU6303,7
MU6310,1
MU6310,2
MU6310,3
MU6310,4
MU6310,5
MU6310,6
MU6310,7
MU6314,1
MU6314,2
MU6314,4
MU6314,5
MU6320,1
MU6320,3
MU6320,5
MU6320,7
MU6325,1
MU6325,2
MU6325,3
MU6325,4
MU6325,5
MU6325,6
MU6325,7
MU6328,1
MU6328,2
MU6328,3
MU6328,4
MU6328,5
MU6328,6
MU6328,7
MU6335,2
MU6335,4
MU6335,6
MU6339,1
MU6339,2
MU6339,3
MU6339,4
MU6339,5
MU6339,6
MU6339,7
MU6341,1
MU6341,2
MU6341,3
MU6341,4
MU6341,5
MU6341,6
MU6341,7
MU6349,1
MU6349,2
MU6349,3
MU6349,4
MU6349,5
MU6349,6
MU6349,7
MU6354,1
MU6354,3
MU6354,5
MU6354,7
MU6357,1
MU6357,2
MU6357,3
MU6357,4
MU6357,5
MU6357,6
MU6357,7
MU6360,1
MU6360,2
MU6360,3
MU6360,4
MU6360,5
MU6360,6
MU6360,7
MU6361,1
MU6361,3
MU6361,5
MU6361,7
MU6362,1
MU6362,2
MU6362,3
MU6362,4
MU6362,5
MU6362,6
MU6362,7
MU6365,1
MU6365,3
MU6365,5
MU6365,7
MU6369,1
MU6369,3
MU6369,5
MU6369,7
MU6373,1
MU6373,3
MU6373,5
MU6373,7
MU6382,1
MU6382,3
MU6382,5
MU6382,7
MU6391,2
MU6391,4
MU6391,6
MU6392,1
MU6392,2
MU6392,3
MU6392,4
MU6392,5
MU6392,6
MU6392,7
MU6396,1
MU6396,3
MU6396,5
MU6396,7
MU6409,1
MU6409,2
MU6409,3
MU6409,4
MU6409,5
MU6409,6
MU6409,7
MU6413,1
MU6413,2
MU6413,3
MU6413,4
MU6413,5
MU6413,6
MU6413,7
MU6416,1
MU6416,2
MU6416,3
MU6416,4
MU6416,5
MU6416,6
MU6416,7
MU6417,1
MU6417,2
MU6417,3
MU6417,4
MU6417,5
MU6417,6
MU6417,7
MU6420,1
MU6420,2
MU6420,3
MU6420,4
MU6420,5
MU6420,6
MU6420,7
MU6436,1
MU6436,2
MU6436,3
MU6436,4
MU6436,5
MU6436,6
MU6436,7
MU6445,6
MU6445,7
MU6447,1
MU6447,2
MU6447,3
MU6447,4
MU6447,5
MU6447,6
MU6447,7
MU6453,2
MU6453,4
MU6453,6
MU6458,1
MU6458,2
MU6458,3
MU6458,4
MU6458,5
MU6458,6
MU6458,7
MU6472,1
MU6472,2
MU6472,3
MU6472,4
MU6472,5
MU6472,6
MU6472,7
MU6475,1
MU6475,3
MU6475,5
MU6475,7
MU6482,1
MU6482,2
MU6482,3
MU6482,4
MU6482,5
MU6482,6
MU6482,7
MU6491,1
MU6491,2
MU6491,3
MU6491,4
MU6491,5
MU6491,6
MU6491,7
MU6495,1
MU6495,2
MU6495,3
MU6495,4
MU6495,5
MU6495,6
MU6495,7
MU6498,2
MU6498,4
MU6498,6
MU6504,1
MU6504,2
MU6504,3
MU6504,4
MU6504,5
MU6504,6
MU6504,7
MU6511,1
MU6511,3
MU6511,5
MU6511,7
MU6512,1
MU6512,3
MU6512,5
MU6512,7
MU6516,2
MU6516,4
MU6516,6
MU6517,2
MU6517,4
MU6517,6
MU6519,1
MU6519,2
MU6519,3
MU6519,4
MU6519,5
MU6519,6
MU6519,7
MU6520,1
MU6520,2
MU6520,3
MU6520,4
MU6520,5
MU6520,6
MU6520,7
MU6529,1
MU6529,2
MU6529,3
MU6529,4
MU6529,5
MU6529,6
MU6529,7
MU6530,1
MU6530,3
MU6530,5
MU6530,7
MU6534,2
MU6534,4
MU6534,6
MU6535,1
MU6535,2
MU6535,3
MU6535,4
MU6535,5
MU6535,6
MU6535,7
MU6541,1
MU6541,3
MU6541,5
MU6541,7
MU6542,1
MU6542,2
MU6542,3
MU6542,4
MU6542,5
MU6542,6
MU6542,7
MU6548,2
MU6548,4
MU6548,6
MU6551,1
MU6551,2
MU6551,3
MU6551,4
MU6551,5
MU6551,6
MU6551,7
MU6553,1
MU6553,2
MU6553,3
MU6553,4
MU6553,5
MU6553,6
MU6553,7
MU6562,2
MU6562,4
MU6562,6
MU6570,1
MU6570,2
MU6570,3
MU6570,4
MU6570,5
MU6570,6
MU6570,7
MU6571,1
MU6571,2
MU6571,3
MU6571,4
MU6571,5
MU6571,6
MU6571,7
MU6576,1
MU6576,2
MU6576,3
MU6576,4
MU6576,5
MU6576,6
MU6576,7
MU6586,1
MU6586,2
MU6586,3
MU6586,4
MU6586,5
MU6586,6
MU6586,7
MU6588,2
MU6588,4
MU6588,6
MU6590,1
MU6590,3
MU6590,5
MU6590,7
MU6592,1
MU6592,2
MU6592,3
MU6592,4
MU6592,5
MU6592,6
MU6592,7
MU6601,1
MU6601,2
MU6601,3
MU6601,4
MU6601,5
MU6601,6
MU6601,7
MU6603,1
MU6603,2
MU6603,3
MU6603,4
MU6603,5
MU6603,6
MU6603,7
MU6606,1
MU6606,2
MU6606,3
MU6606,4
MU6606,5
MU6606,6
MU6606,7
MU6621,1
MU6621,2
MU6621,3
MU6621,4
MU6621,5
MU6621,6
MU6621,7
MU6622,2
MU6622,4
MU6622,6
MU6627,1
MU6627,3
MU6627,5
MU6627,7
MU6632,1
MU6632,2
MU6632,3
MU6632,4
MU6632,5
MU6632,6
MU6632,7
MU6636,1
MU6636,3
MU6636,5
MU6636,7
MU6639,1
MU6639,2
MU6639,3
MU6639,4
MU6639,5
MU6639,6
MU6639,7
MU6640,1
MU6640,3
MU6640,5
MU6640,7
MU6641,1
MU6641,2
MU6641,3
MU6641,4
MU6641,5
MU6641,6
MU6641,7
MU6643,1
MU6643,2
MU6643,3
MU6643,4
MU6643,5
MU6643,6
MU6643,7
MU6646,2
MU6646,4
MU6646,6
MU6658,1
MU6658,2
MU6658,3
MU6658,4
MU6658,5
MU6658,6
MU6658,7
MU6665,1
MU6665,2
MU6665,3
MU6665,4
MU6665,5
MU6665,6
MU6665,7
MU6666,1
MU6666,2
MU6666,3
MU6666,4
MU6666,5
MU6666,6
MU6666,7
MU6667,1
MU6667,2
MU6667,3
MU6667,4
MU6667,5
MU6667,6
MU6667,7
MU6673,1
MU6673,2
MU6673,3
MU6673,4
MU6673,5
MU6673,6
MU6673,7
MU6680,1
MU6680,2
MU6680,3
MU6680,4
MU6680,5
MU6680,6
MU6680,7
MU6681,1
MU6681,2
MU6681,3
MU6681,4
MU6681,5
MU6681,6
MU6681,7
MU6687,1
MU6687,2
MU6687,3
MU6687,4
MU6687,5
MU6687,6
MU6687,7
MU6689,1
MU6689,2
MU6689,3
MU6689,4
MU6689,5
MU6689,6
MU6689,7
MU6691,1
MU6691,2
MU6691,3
MU6691,4
MU6691,5
MU6691,6
MU6691,7
MU6700,1
MU6700,2
MU6700,3
MU6700,4
MU6700,5
MU6700,6
MU6700,7
MU6709,1
MU6709,2
MU6709,3
MU6709,4
MU6709,5
MU6709,6
MU6709,7
MU6711,2
MU6711,4
MU6711,6
MU6730,1
MU6730,2
MU6730,3
MU6730,4
MU6730,5
MU6730,6
MU6730,7
MU6738,1
MU6738,2
MU6738,3
MU6738,4
MU6738,5
MU6738,6
MU6738,7
MU6740,1
MU6740,3
MU6740,5
MU6740,7
MU6745,1
MU6745,2
MU6745,3
MU6745,4
MU6745,5
MU6745,6
MU6745,7
MU6756,1
MU6756,2
MU6756,3
MU6756,4
MU6756,5
MU6756,6
MU6756,7
MU6759,1
MU6759,2
MU6759,3
MU6759,4
MU6759,5
MU6759,6
MU6759,7
MU6760,1
MU6760,2
MU6760,3
MU6760,4
MU6760,5
MU6760,6
MU6760,7
MU6761,1
MU6761,3
MU6761,5
MU6761,7
MU6765,1
MU6765,2
MU6765,3
MU6765,4
MU6765,5
MU6765,6
MU6765,7
MU6768,2
MU6768,4
MU6768,6
MU6785,1
MU6785,2
MU6785,3
MU6785,4
MU6785,5
MU6785,6
MU6785,7
MU6786,1
MU6786,2
MU6786,3
MU6786,4
MU6786,5
MU6786,6
MU6786,7
MU6787,1
MU6787,2
MU6787,3
MU6787,4
MU6787,5
MU6787,6
MU6787,7
MU6790,1
MU6790,3
MU6790,5
MU6790,7
MU6791,1
MU6791,2
MU6791,3
MU6791,4
MU6791,5
MU6791,6
MU6791,7
MU6792,1
MU6792,2
MU6792,3
MU6792,4
MU6792,5
MU6792,6
MU6792,7
MU6799,1
MU6799,3
MU6799,5
MU6799,7
MU6801,1
MU6801,2
MU6801,3
MU6801,4
MU6801,5
MU6801,6
MU6801,7
MU6802,1
MU6802,3
MU6802,5
MU6802,7
MU6811,1
MU6811,2
MU6811,3
MU6811,4
MU6811,5
MU6811,6
MU6811,7
MU6817,1
MU6817,3
MU6817,5
MU6817,7
MU6820,1
MU6820,3
MU6820,5
MU6820,7
MU6821,1
MU6821,3
MU6821,5
MU6821,7
MU6836,2
MU6836,4
MU6836,6
MU6851,1
MU6851,2
MU6851,3
MU6851,4
MU6851,5
MU6851,6
MU6851,7
MU6852,2
MU6852,4
MU6852,6
MU6855,1
MU6855,2
MU6855,3
MU6855,4
MU6855,5
MU6855,6
MU6855,7
MU6857,1
MU6857,2
MU6857,3
MU6857,4
MU6857,5
MU6857,6
MU6857,7
MU6860,1
MU6860,2
MU6860,3
MU6860,4
MU6860,5
MU6860,6
MU6860,7
MU6861,2
MU6861,4
MU6861,6
MU6876,1
MU6876,2
MU6876,3
MU6876,4
MU6876,5
MU6876,6
MU6876,7
MU6878,1
MU6878,2
MU6878,3
MU6878,4
MU6878,5
MU6878,6
MU6878,7
MU6892,1
MU6892,2
MU6892,3
MU6892,4
MU6892,5
MU6892,6
MU6892,7
MU6896,1
MU6896,2
MU6896,3
MU6896,4
MU6896,5
MU6896,6
MU6896,7
MU6898,1
MU6898,2
MU6898,3
MU6898,4
MU6898,5
MU6898,6
MU6898,7
MU6911,1
MU6911,2
MU6911,3
MU6911,4
MU6911,5
MU6911,6
MU6911,7
MU6915,2
MU6915,3
MU6915,4
MU6915,5
MU6916,1
MU6916,2
MU6916,3
MU6916,4
MU6916,5
MU6916,6
MU6916,7
MU6921,1
MU6921,3
MU6921,5
MU6921,7
MU6927,1
MU6927,2
MU6927,3
MU6927,4
MU6927,5
MU6927,6
MU6927,7
MU6930,2
MU6930,3
MU6930,4
MU6930,6
MU6930,7
MU6931,1
MU6931,2
MU6931,3
MU6931,4
MU6931,5
MU6931,6
MU6931,7
MU6940,1
MU6940,3
MU6940,5
MU6940,7
MU6943,1
MU6943,2
MU6943,3
MU6943,4
MU6943,5
MU6943,6
MU6943,7
MU6946,1
MU6946,2
MU6946,3
MU6946,4
MU6946,5
MU6946,6
MU6946,7
MU6966,1
MU6966,2
MU6966,3
MU6966,4
MU6966,5
MU6966,6
MU6966,7
MU6975,1
MU6975,2
MU6975,3
MU6975,4
MU6975,5
MU6975,6
MU6975,7
MU6979,2
MU6979,4
MU6979,6
MU6985,6
MU6985,7
MU6986,1
MU6986,2
MU6986,3
MU6986,4
MU6986,5
MU6986,6
MU6986,7
MU6994,3
MU6994,5
MU7011,1
MU7011,2
MU7011,3
MU7011,4
MU7011,5
MU7011,6
MU7011,7
MU7013,1
MU7013,6
MU7018,1
MU7018,2
MU7018,3
MU7018,4
MU7018,5
MU7018,6
MU7018,7
MU7019,1
MU7019,2
MU7019,3
MU7019,4
MU7019,5
MU7019,6
MU7019,7
MU7035,1
MU7035,2
MU7035,3
MU7035,4
MU7035,5
MU7035,6
MU7035,7
MU7054,1
MU7054,2
MU7054,3
MU7054,4
MU7054,5
MU7054,6
MU7054,7
MU7055,1
MU7055,3
MU7055,5
MU7055,7
MU7062,1
MU7062,3
MU7062,5
MU7062,7
MU7067,1
MU7067,2
MU7067,3
MU7067,4
MU7067,5
MU7067,6
MU7067,7
MU7068,2
MU7068,4
MU7068,6
MU7074,2
MU7074,4
MU7074,6
MU7075,1
MU7075,2
MU7075,3
MU7075,4
MU7075,5
MU7075,6
MU7075,7
MU7077,2
MU7077,4
MU7077,6
MU7082,2
MU7082,4
MU7082,6
MU7091,1
MU7091,3
MU7091,5
MU7091,7
MU7095,1
MU7095,3
MU7095,5
MU7095,7
MU7101,1
MU7101,3
MU7101,5
MU7101,7
MU7109,1
MU7109,2
MU7109,3
MU7109,4
MU7109,5
MU7109,6
MU7109,7
MU7110,1
MU7110,2
MU7110,3
MU7110,4
MU7110,5
MU7110,6
MU7110,7
MU7112,1
MU7112,2
MU7112,3
MU7112,4
MU7112,5
MU7112,6
MU7112,7
MU7113,2
MU7113,4
MU7113,6
MU7115,1
MU7115,2
MU7115,3
MU7115,4
MU7115,5
MU7115,6
MU7115,7
MU7116,1
MU7116,2
MU7116,3
MU7116,4
MU7116,5
MU7116,6
MU7116,7
MU7117,1
MU7117,2
MU7117,3
MU7117,4
MU7117,5
MU7117,6
MU7117,7
MU7123,1
MU7123,2
MU7123,3
MU7123,4
MU7123,5
MU7123,6
MU7123,7
MU7124,1
MU7124,3
MU7124,5
MU7124,7
MU7125,1
MU7125,2
MU7125,3
MU7125,4
MU7125,5
MU7125,6
MU7125,7
MU7140,1
MU7140,3
MU7140,5
MU7140,7
MU7157,1
MU7157,2
MU7157,3
MU7157,4
MU7157,5
MU7157,6
MU7157,7
MU7163,1
MU7163,2
MU7163,3
MU7163,4
MU7163,5
MU7163,6
MU7163,7
MU7168,1
MU7168,2
MU7168,3
MU7168,4
MU7168,5
MU7168,6
MU7168,7
MU7170,1
MU7170,3
MU7170,5
MU7170,7
MU7176,1
MU7176,3
MU7176,6
MU7176,7
MU7177,1
MU7177,2
MU7177,3
MU7177,4
MU7177,5
MU7177,6
MU7177,7
MU7187,1
MU7187,2
MU7187,3
MU7187,4
MU7187,5
MU7187,6
MU7187,7
MU7190,1
MU7190,2
MU7190,3
MU7190,4
MU7190,5
MU7190,6
MU7190,7
MU7197,1
MU7197,2
MU7197,3
MU7197,4
MU7197,5
MU7197,6
MU7197,7
MU7201,1
MU7201,2
MU7201,3
MU7201,4
MU7201,5
MU7201,6
MU7201,7
MU7203,1
MU7203,2
MU7203,3
MU7203,4
MU7203,5
MU7203,6
MU7203,7
MU7204,1
MU7204,2
MU7204,3
MU7204,4
MU7204,5
MU7204,6
MU7204,7
MU7205,1
MU7205,2
MU7205,3
MU7205,4
MU7205,5
MU7205,6
MU7205,7
MU7209,1
MU7209,2
MU7209,3
MU7209,4
MU7209,5
MU7209,6
MU7209,7
MU7213,1
MU7213,2
MU7213,3
MU7213,4
MU7213,5
MU7213,6
MU7213,7
MU7218,1
MU7218,2
MU7218,3
MU7218,4
MU7218,5
MU7218,6
MU7218,7
MU7219,1
MU7219,2
MU7219,3
MU7219,4
MU7219,5
MU7219,6
MU7219,7
MU7223,1
MU7223,3
MU7223,5
MU7223,7
MU7224,1
MU7224,2
MU7224,3
MU7224,4
MU7224,5
MU7224,6
MU7224,7
MU7228,1
MU7228,2
MU7228,3
MU7228,4
MU7228,5
MU7228,6
MU7228,7
MU7252,1
MU7252,2
MU7252,3
MU7252,4
MU7252,5
MU7252,6
MU7252,7
MU7253,1
MU7253,2
MU7253,3
MU7253,4
MU7253,5
MU7253,6
MU7253,7
MU7255,2
MU7255,4
MU7255,6
MU7256,1
MU7256,2
MU7256,3
MU7256,4
MU7256,5
MU7256,6
MU7256,7
MU7263,1
MU7263,2
MU7263,5
MU7263,6
MU7268,1
MU7268,3
MU7268,5
MU7268,7
MU7274,1
MU7274,2
MU7274,3
MU7274,4
MU7274,5
MU7274,6
MU7274,7
MU7277,1
MU7277,2
MU7277,3
MU7277,4
MU7277,5
MU7277,6
MU7277,7
MU7282,1
MU7282,2
MU7282,3
MU7282,4
MU7282,5
MU7282,6
MU7282,7
MU7289,1
MU7289,2
MU7289,3
MU7289,4
MU7289,5
MU7289,6
MU7289,7
MU7290,1
MU7290,2
MU7290,3
MU7290,4
MU7290,5
MU7290,6
MU7290,7
MU7293,1
MU7293,2
MU7293,3
MU7293,4
MU7293,5
MU7293,6
MU7293,7
MU7299,1
MU7299,2
MU7299,3
MU7299,4
MU7299,5
MU7299,6
MU7299,7
MU7303,2
MU7303,4
MU7303,6
MU7311,1
MU7311,3
MU7311,5
MU7311,7
MU7317,1
MU7317,3
MU7317,5
MU7317,7
MU7319,1
MU7319,2
MU7319,3
MU7319,4
MU7319,5
MU7319,6
MU7319,7
MU7322,2
MU7322,4
MU7322,6
MU7324,1
MU7324,3
MU7324,5
MU7324,7
MU7330,1
MU7330,2
MU7330,3
MU7330,4
MU7330,5
MU7330,6
MU7330,7
MU7339,2
MU7339,4
MU7339,6
MU7351,1
MU7351,2
MU7351,3
MU7351,4
MU7351,5
MU7351,6
MU7351,7
MU7361,1
MU7361,3
MU7361,5
MU7361,7
MU7370,1
MU7370,2
MU7370,3
MU7370,4
MU7370,5
MU7370,6
MU7370,7
MU7375,1
MU7375,2
MU7375,3
MU7375,4
MU7375,5
MU7375,6
MU7375,7
MU7377,1
MU7377,2
MU7377,3
MU7377,4
MU7377,5
MU7377,6
MU7377,7
MU7382,1
MU7382,2
MU7382,3
MU7382,4
MU7382,5
MU7382,6
MU7382,7
MU7388,1
MU7388,3
MU7388,5
MU7388,7
MU7389,1
MU7389,2
MU7389,3
MU7389,4
MU7389,5
MU7389,6
MU7389,7
MU7394,2
MU7394,4
MU7394,6
MU7398,1
MU7398,2
MU7398,3
MU7398,4
MU7398,5
MU7398,6
MU7398,7
MU7401,1
MU7401,2
MU7401,3
MU7401,4
MU7401,5
MU7401,6
MU7401,7
MU7402,2
MU7402,4
MU7402,6
MU7403,1
MU7403,2
MU7403,3
MU7403,4
MU7403,5
MU7403,6
MU7403,7
MU7407,1
MU7407,2
MU7407,3
MU7407,4
MU7407,5
MU7407,6
MU7407,7
MU7408,1
MU7408,2
MU7408,3
MU7408,4
MU7408,5
MU7408,6
MU7408,7
MU7414,1
MU7414,2
MU7414,3
MU7414,4
MU7414,5
MU7414,6
MU7414,7
MU7419,1
MU7419,2
MU7419,3
MU7419,4
MU7419,5
MU7419,6
MU7419,7
MU7420,1
MU7420,2
MU7420,3
MU7420,4
MU7420,5
MU7420,6
MU7420,7
MU7422,1
MU7422,2
MU7422,4
MU7422,6
MU7422,7
MU7428,2
MU7428,4
MU7428,6
MU7429,1
MU7429,2
MU7429,3
MU7429,4
MU7429,5
MU7429,6
MU7429,7
MU7432,1
MU7432,2
MU7432,3
MU7432,4
MU7432,5
MU7432,6
MU7432,7
MU7433,1
MU7433,2
MU7433,3
MU7433,4
MU7433,5
MU7433,6
MU7433,7
MU7436,1
MU7436,3
MU7436,5
MU7436,7
MU7450,1
MU7450,2
MU7450,3
MU7450,4
MU7450,5
MU7450,6
MU7450,7
MU7451,1
MU7451,3
MU7451,5
MU7451,7
MU7454,1
MU7454,2
MU7454,3
MU7454,4
MU7454,5
MU7454,6
MU7454,7
MU7458,1
MU7458,3
MU7458,5
MU7458,7
MU7460,1
MU7460,2
MU7460,3
MU7460,4
MU7460,5
MU7460,6
MU7460,7
MU7470,1
MU7470,2
MU7470,3
MU7470,4
MU7470,5
MU7470,6
MU7470,7
MU7473,1
MU7473,2
MU7473,3
MU7473,4
MU7473,5
MU7473,6
MU7473,7
MU7477,2
MU7477,4
MU7477,6
MU7479,1
MU7479,2
MU7479,3
MU7479,4
MU7479,5
MU7479,6
MU7479,7
MU7481,1
MU7481,2
MU7481,3
MU7481,4
MU7481,5
MU7481,6
MU7481,7
MU7483,1
MU7483,3
MU7483,5
MU7483,7
MU7505,1
MU7505,2
MU7505,3
MU7505,4
MU7505,5
MU7505,6
MU7505,7
MU7506,1
MU7506,3
MU7506,5
MU7506,7
MU7508,1
MU7508,2
MU7508,3
MU7508,4
MU7508,5
MU7508,6
MU7508,7
MU7514,1
MU7514,2
MU7514,3
MU7514,4
MU7514,5
MU7514,6
MU7514,7
MU7518,1
MU7518,2
MU7518,3
MU7518,4
MU7518,5
MU7518,6
MU7518,7
MU7523,1
MU7523,3
MU7523,5
MU7523,7
MU7528,1
MU7528,3
MU7528,5
MU7528,7
MU7529,1
MU7529,3
MU7529,5
MU7529,7
MU7532,1
MU7532,2
MU7532,3
MU7532,4
MU7532,5
MU7532,6
MU7532,7
MU7536,2
MU7536,4
MU7536,6
MU7539,1
MU7539,2
MU7539,3
MU7539,4
MU7539,5
MU7539,6
MU7539,7
MU7541,3
MU7541,4
MU7541,5
MU7541,6
MU7541,7
MU7545,1
MU7545,3
MU7545,5
MU7545,7
MU7556,2
MU7556,4
MU7556,6
MU7566,2
MU7566,4
MU7566,6
MU7569,1
MU7569,2
MU7569,3
MU7569,4
MU7569,5
MU7569,6
MU7569,7
MU7572,1
MU7572,3
MU7572,5
MU7572,7
MU7573,1
MU7573,3
MU7573,5
MU7573,7
MU7583,1
MU7583,3
MU7583,4
MU7583,5
MU7583,7
MU7595,1
MU7595,2
MU7595,3
MU7595,4
MU7595,5
MU7595,6
MU7595,7
MU7605,1
MU7605,2
MU7605,3
MU7605,4
MU7605,5
MU7605,6
MU7605,7
MU7606,1
MU7606,2
MU7606,3
MU7606,4
MU7606,5
MU7606,6
MU7606,7
MU7609,1
MU7609,3
MU7609,5
MU7609,7
MU7619,1
MU7619,3
MU7619,5
MU7619,7
MU7622,1
MU7622,3
MU7622,5
MU7622,7
MU7642,1
MU7642,2
MU7642,3
MU7642,4
MU7642,5
MU7642,6
MU7642,7
MU7651,2
MU7651,4
MU7651,6
MU7657,2
MU7657,4
MU7657,6
MU7673,1
MU7673,3
MU7673,5
MU7673,7
MU7674,1
MU7674,2
MU7674,3
MU7674,4
MU7674,5
MU7674,6
MU7674,7
MU7678,1
MU7678,2
MU7678,3
MU7678,4
MU7678,5
MU7678,6
MU7678,7
MU7679,1
MU7679,2
MU7679,3
MU7679,4
MU7679,5
MU7679,6
MU7679,7
MU7683,1
MU7683,2
MU7683,3
MU7683,4
MU7683,5
MU7683,6
MU7683,7
MU7691,1
MU7691,2
MU7691,3
MU7691,4
MU7691,5
MU7691,6
MU7691,7
MU7696,1
MU7696,2
MU7696,3
MU7696,4
MU7696,5
MU7696,6
MU7696,7
MU7701,1
MU7701,2
MU7701,3
MU7701,4
MU7701,5
MU7701,6
MU7701,7
MU7713,1
MU7713,2
MU7713,3
MU7713,4
MU7713,5
MU7713,6
MU7713,7
MU7714,1
MU7714,2
MU7714,3
MU7714,4
MU7714,5
MU7714,6
MU7714,7
MU7720,2
MU7720,4
MU7720,6
MU7730,2
MU7730,4
MU7730,6
MU7732,1
MU7732,3
MU7732,5
MU7732,7
MU7758,2
MU7758,4
MU7758,6
MU7761,1
MU7761,3
MU7761,5
MU7761,7
MU7772,1
MU7772,3
MU7772,5
MU7772,7
MU7773,2
MU7773,4
MU7773,6
MU7777,1
MU7777,3
MU7777,5
MU7777,7
MU7781,1
MU7781,3
MU7781,5
MU7781,7
MU7788,1
MU7788,3
MU7788,5
MU7788,7
MU7791,1
MU7791,3
MU7791,5
MU7791,7
MU7792,1
MU7792,3
MU7792,5
MU7792,7
MU7801,1
MU7801,2
MU7801,3
MU7801,4
MU7801,5
MU7801,6
MU7801,7
MU7803,2
MU7803,4
MU7803,6
MU7812,1
MU7812,2
MU7812,3
MU7812,4
MU7812,5
MU7812,6
MU7812,7
MU7815,1
MU7815,2
MU7815,3
MU7815,4
MU7815,5
MU7815,6
MU7815,7
MU7822,1
MU7822,2
MU7822,3
MU7822,4
MU7822,5
MU7822,6
MU7822,7
MU7824,1
MU7824,2
MU7824,3
MU7824,4
MU7824,5
MU7824,6
MU7824,7
MU7827,1
MU7827,3
MU7827,5
MU7827,7
MU7829,1
MU7829,2
MU7829,3
MU7829,4
MU7829,5
MU7829,6
MU7829,7
MU7832,1
MU7832,3
MU7832,6
MU7832,7
MU7837,1
MU7837,2
MU7837,3
MU7837,4
MU7837,5
MU7837,6
MU7837,7
MU7843,1
MU7843,3
MU7843,5
MU7843,7
MU7848,1
MU7848,2
MU7848,3
MU7848,4
MU7848,5
MU7848,6
MU7848,7
MU7853,1
MU7853,3
MU7853,5
MU7853,7
MU7860,1
MU7860,3
MU7860,5
MU7860,7
MU7864,1
MU7864,2
MU7864,3
MU7864,4
MU7864,5
MU7864,6
MU7864,7
MU7867,2
MU7867,4
MU7867,6
MU7874,1
MU7874,3
MU7874,5
MU7874,7
MU7877,2
MU7877,4
MU7877,6
MU7881,1
MU7881,2
MU7881,3
MU7881,4
MU7881,5
MU7881,6
MU7881,7
MU7890,1
MU7890,2
MU7890,3
MU7890,4
MU7890,5
MU7890,6
MU7890,7
MU7903,1
MU7903,2
MU7903,3
MU7903,4
MU7903,5
MU7903,6
MU7903,7
MU7909,2
MU7909,4
MU7909,6
MU7912,1
MU7912,2
MU7912,3
MU7912,4
MU7912,5
MU7912,6
MU7912,7
MU7914,1
MU7914,2
MU7914,3
MU7914,4
MU7914,5
MU7914,6
MU7914,7
MU7924,3
MU7924,4
MU7924,5
MU7937,2
MU7937,4
MU7937,6
MU7939,2
MU7939,4
MU7939,6
MU7945,2
MU7945,4
MU7945,6
MU7956,1
MU7956,2
MU7956,3
MU7956,4
MU7956,5
MU7956,6
MU7956,7
MU7967,1
MU7967,2
MU7967,3
MU7967,4
MU7967,5
MU7967,6
MU7967,7
MU7981,1
MU7981,2
MU7981,3
MU7981,4
MU7981,5
MU7981,6
MU7981,7
MU7983,1
MU7983,2
MU7983,3
MU7983,4
MU7983,5
MU7983,6
MU7983,7
MU7984,1
MU7984,2
MU7984,3
MU7984,4
MU7984,5
MU7984,6
MU7984,7
MU7987,2
MU7987,4
MU7987,6
MU7993,1
MU7993,2
MU7993,3
MU7993,4
MU7993,5
MU7993,6
MU7993,7
MU7997,1
MU7997,3
MU7997,5
MU7997,7
MU8002,2
MU8002,4
MU8002,6
MU8004,1
MU8004,2
MU8004,3
MU8004,4
MU8004,5
MU8004,6
MU8004,7
MU8012,1
MU8012,3
MU8012,5
MU8012,7
MU8025,1
MU8025,2
MU8025,3
MU8025,4
MU8025,5
MU8025,6
MU8025,7
MU8027,1
MU8027,2
MU8027,3
MU8027,4
MU8027,5
MU8027,6
MU8027,7
MU8028,2
MU8028,4
MU8028,6
MU8059,1
MU8059,3
MU8059,4
MU8059,5
MU8059,6
MU8062,2
MU8062,4
MU8062,6
MU8067,1
MU8067,3
MU8067,5
MU8067,7
MU8071,1
MU8071,2
MU8071,3
MU8071,4
MU8071,5
MU8071,6
MU8071,7
MU8078,1
MU8078,3
MU8078,5
MU8078,7
MU8079,1
MU8079,2
MU8079,3
MU8079,4
MU8079,5
MU8079,6
MU8079,7
MU8084,1
MU8084,2
MU8084,3
MU8084,4
MU8084,5
MU8084,6
MU8084,7
MU8086,1
MU8086,3
MU8086,5
MU8086,7
MU8090,2
MU8090,4
MU8090,6
MU8093,2
MU8093,4
MU8093,6
MU8100,1
MU8100,2
MU8100,3
MU8100,4
MU8100,5
MU8100,6
MU8100,7
MU8112,1
MU8112,2
MU8112,3
MU8112,4
MU8112,5
MU8112,6
MU8112,7
MU8120,1
MU8120,2
MU8120,3
MU8120,4
MU8120,5
MU8120,6
MU8120,7
MU8133,1
MU8133,3
MU8133,5
MU8133,7
MU8137,1
MU8137,3
MU8137,5
MU8137,7
MU8142,1
MU8142,2
MU8142,3
MU8142,4
MU8142,5
MU8142,6
MU8142,7
MU8143,1
MU8143,2
MU8143,3
MU8143,4
MU8143,5
MU8143,6
MU8143,7
MU8145,1
MU8145,2
MU8145,3
MU8145,4
MU8145,5
MU8145,6
MU8145,7
MU8146,1
MU8146,3
MU8146,5
MU8146,7
MU8148,1
MU8148,3
MU8148,5
MU8148,7
MU8149,2
MU8149,4
MU8149,6
MU8151,2
MU8151,4
MU8151,6
MU8151,7
MU8161,1
MU8161,3
MU8161,5
MU8161,7
MU8162,1
MU8162,2
MU8162,3
MU8162,4
MU8162,5
MU8162,6
MU8162,7
MU8167,1
MU8167,2
MU8167,3
MU8167,4
MU8167,5
MU8167,6
MU8167,7
MU8168,1
MU8168,2
MU8168,3
MU8168,4
MU8168,5
MU8168,6
MU8168,7
MU8173,1
MU8173,2
MU8173,3
MU8173,4
MU8173,5
MU8173,6
MU8173,7
MU8182,1
MU8182,2
MU8182,3
MU8182,4
MU8182,5
MU8182,6
MU8182,7
MU8186,1
MU8186,2
MU8186,3
MU8186,4
MU8186,5
MU8186,6
MU8186,7
MU8187,1
MU8187,3
MU8187,5
MU8187,7
MU8194,1
MU8194,2
MU8194,3
MU8194,4
MU8194,5
MU8194,6
MU8194,7
MU8201,1
MU8201,2
MU8201,3
MU8201,4
MU8201,5
MU8201,6
MU8201,7
MU8203,3
MU8203,4
MU8203,7
MU8206,1
MU8206,3
MU8206,5
MU8206,7
MU8207,1
MU8207,3
MU8207,5
MU8207,7
MU8212,1
MU8212,2
MU8212,3
MU8212,4
MU8212,5
MU8212,6
MU8212,7
MU8215,1
MU8215,2
MU8215,3
MU8215,4
MU8215,5
MU8215,6
MU8215,7
MU8219,2
MU8219,5
MU8222,1
MU8222,2
MU8222,3
MU8222,4
MU8222,5
MU8222,6
MU8222,7
MU8234,1
MU8234,2
MU8234,3
MU8234,4
MU8234,5
MU8234,6
MU8234,7
MU8240,1
MU8240,2
MU8240,3
MU8240,4
MU8240,5
MU8240,6
MU8240,7
MU8252,1
MU8252,2
MU8252,3
MU8252,4
MU8252,5
MU8252,6
MU8252,7
MU8257,1
MU8257,2
MU8257,3
MU8257,4
MU8257,5
MU8257,6
MU8257,7
MU8262,1
MU8262,3
MU8262,5
MU8262,7
MU8267,2
MU8267,4
MU8267,6
MU8268,1
MU8268,2
MU8268,3
MU8268,4
MU8268,5
MU8268,6
MU8268,7
MU8275,1
MU8275,2
MU8275,3
MU8275,4
MU8275,5
MU8275,6
MU8275,7
MU8276,1
MU8276,2
MU8276,3
MU8276,4
MU8276,5
MU8276,6
MU8276,7
MU8284,1
MU8284,3
MU8284,4
MU8284,6
MU8284,7
MU8290,1
MU8290,2
MU8290,3
MU8290,4
MU8290,5
MU8290,6
MU8290,7
MU8295,1
MU8295,2
MU8295,3
MU8295,4
MU8295,5
MU8295,6
MU8295,7
MU8304,2
MU8304,4
MU8304,6
MU8305,1
MU8305,2
MU8305,3
MU8305,4
MU8305,5
MU8305,6
MU8305,7
MU8309,1
MU8309,2
MU8309,3
MU8309,4
MU8309,5
MU8309,6
MU8309,7
MU8316,2
MU8316,4
MU8316,6
MU8320,2
MU8320,4
MU8320,6
MU8323,1
MU8323,2
MU8323,3
MU8323,4
MU8323,5
MU8323,6
MU8323,7
MU8328,1
MU8328,2
MU8328,3
MU8328,4
MU8328,5
MU8328,6
MU8328,7
MU8329,1
MU8329,3
MU8329,5
MU8329,7
MU8344,1
MU8344,3
MU8344,5
MU8344,7
MU8349,1
MU8349,3
MU8349,5
MU8349,7
MU8350,2
MU8350,4
MU8350,6
MU8368,1
MU8368,2
MU8368,3
MU8368,4
MU8368,5
MU8368,6
MU8368,7
MU8372,2
MU8372,4
MU8372,6
MU8373,1
MU8373,2
MU8373,3
MU8373,4
MU8373,5
MU8373,6
MU8373,7
MU8375,1
MU8375,2
MU8375,3
MU8375,4
MU8375,5
MU8375,6
MU8375,7
MU8381,2
MU8381,4
MU8381,6
MU8405,1
MU8405,2
MU8405,3
MU8405,4
MU8405,5
MU8405,6
MU8405,7
MU8414,1
MU8414,2
MU8414,3
MU8414,4
MU8414,5
MU8414,6
MU8414,7
MU8416,1
MU8416,2
MU8416,3
MU8416,4
MU8416,5
MU8416,6
MU8416,7
MU8417,1
MU8417,2
MU8417,3
MU8417,4
MU8417,5
MU8417,6
MU8417,7
MU8420,1
MU8420,3
MU8420,5
MU8420,7
MU8448,1
MU8448,2
MU8448,3
MU8448,4
MU8448,5
MU8448,6
MU8448,7
MU8453,1
MU8453,2
MU8453,3
MU8453,4
MU8453,5
MU8453,6
MU8453,7
MU8456,1
MU8456,2
MU8456,3
MU8456,4
MU8456,5
MU8456,6
MU8456,7
MU8461,1
MU8461,2
MU8461,3
MU8461,4
MU8461,5
MU8461,6
MU8461,7
MU8469,2
MU8469,4
MU8469,6
MU8477,1
MU8477,2
MU8477,3
MU8477,4
MU8477,5
MU8477,6
MU8477,7
MU8478,1
MU8478,3
MU8478,5
MU8478,7
MU8479,1
MU8479,2
MU8479,3
MU8479,4
MU8479,5
MU8479,6
MU8479,7
MU8480,1
MU8480,2
MU8480,3
MU8480,4
MU8480,5
MU8480,6
MU8480,7
MU8482,1
MU8482,2
MU8482,3
MU8482,4
MU8482,5
MU8482,6
MU8482,7
MU8485,1
MU8485,3
MU8485,5
MU8485,7
MU8490,2
MU8490,4
MU8490,6
MU8500,1
MU8500,4
MU8500,5
MU8509,1
MU8509,2
MU8509,3
MU8509,4
MU8509,5
MU8509,6
MU8509,7
MU8514,1
MU8514,2
MU8514,3
MU8514,4
MU8514,5
MU8514,6
MU8514,7
MU8517,1
MU8517,3
MU8517,4
MU8517,6
MU8519,2
MU8519,4
MU8519,6
MU8520,1
MU8520,2
MU8520,3
MU8520,4
MU8520,5
MU8520,6
MU8520,7
MU8534,1
MU8534,2
MU8534,3
MU8534,4
MU8534,5
MU8534,6
MU8534,7
MU8537,1
MU8537,2
MU8537,3
MU8537,4
MU8537,5
MU8537,6
MU8537,7
MU8539,1
MU8539,2
MU8539,3
MU8539,4
MU8539,5
MU8539,6
MU8539,7
MU8567,1
MU8567,2
MU8567,3
MU8567,4
MU8567,5
MU8567,6
MU8567,7
MU8568,1
MU8568,2
MU8568,3
MU8568,4
MU8568,5
MU8568,6
MU8568,7
MU8577,1
MU8577,3
MU8577,5
MU8577,7
MU8601,1
MU8601,2
MU8601,3
MU8601,4
MU8601,5
MU8601,6
MU8601,7
MU8604,1
MU8604,3
MU8604,5
MU8604,7
MU8618,1
MU8618,2
MU8618,3
MU8618,4
MU8618,5
MU8618,6
MU8618,7
MU8623,1
MU8623,4
MU8623,6
MU8639,1
MU8639,3
MU8639,5
MU8639,7
MU8646,2
MU8646,4
MU8646,6
MU8647,1
MU8647,2
MU8647,3
MU8647,4
MU8647,5
MU8647,6
MU8647,7
MU8650,1
MU8650,2
MU8650,3
MU8650,4
MU8650,5
MU8650,6
MU8650,7
MU8652,1
MU8652,2
MU8652,3
MU8652,4
MU8652,5
MU8652,6
MU8652,7
MU8663,1
MU8663,2
MU8663,3
MU8663,4
MU8663,5
MU8663,6
MU8663,7
MU8664,1
MU8664,3
MU8664,5
MU8664,7
MU8678,1
MU8678,2
MU8678,3
MU8678,4
MU8678,5
MU8678,6
MU8678,7
MU8679,1
MU8679,3
MU8679,5
MU8679,7
MU8688,1
MU8688,2
MU8688,3
MU8688,4
MU8688,5
MU8688,6
MU8688,7
MU8689,1
MU8689,3
MU8689,5
MU8689,7
MU8690,2
MU8690,4
MU8690,6
MU8691,1
MU8691,2
MU8691,3
MU8691,4
MU8691,5
MU8691,6
MU8691,7
MU8698,2
MU8698,4
MU8698,6
MU8699,1
MU8699,2
MU8699,3
MU8699,4
MU8699,5
MU8699,6
MU8699,7
MU8700,1
MU8700,2
MU8700,3
MU8700,4
MU8700,5
MU8700,6
MU8700,7
MU8707,1
MU8707,3
MU8707,5
MU8707,7
MU8713,1
MU8713,2
MU8713,5
MU8713,6
MU8713,7
MU8720,1
MU8720,2
MU8720,3
MU8720,4
MU8720,5
MU8720,6
MU8720,7
MU8721,1
MU8721,2
MU8721,3
MU8721,4
MU8721,5
MU8721,6
MU8721,7
MU8724,1
MU8724,2
MU8724,3
MU8724,4
MU8724,5
MU8724,6
MU8724,7
MU8725,1
MU8725,3
MU8725,5
MU8725,7
MU8726,1
MU8726,3
MU8726,5
MU8726,7
MU8731,1
MU8731,2
MU8731,3
MU8731,4
MU8731,5
MU8731,6
MU8731,7
MU8743,1
MU8743,3
MU8743,5
MU8743,7
MU8747,2
MU8747,4
MU8747,6
MU8753,1
MU8753,2
MU8753,3
MU8753,4
MU8753,5
MU8753,6
MU8753,7
MU8761,1
MU8761,4
MU8762,1
MU8762,2
MU8762,3
MU8762,4
MU8762,5
MU8762,6
MU8762,7
MU8766,1
MU8766,2
MU8766,3
MU8766,4
MU8766,5
MU8766,6
MU8766,7
MU8773,1
MU8773,2
MU8773,3
MU8773,4
MU8773,5
MU8773,6
MU8773,7
MU8780,1
MU8780,2
MU8780,3
MU8780,4
MU8780,5
MU8780,6
MU8780,7
MU8781,1
MU8781,2
MU8781,3
MU8781,4
MU8781,5
MU8781,6
MU8781,7
MU8783,1
MU8783,2
MU8783,3
MU8783,4
MU8783,5
MU8783,6
MU8783,7
MU8789,1
MU8789,2
MU8789,3
MU8789,4
MU8789,5
MU8789,6
MU8789,7
MU8802,1
MU8802,2
MU8802,3
MU8802,4
MU8802,5
MU8802,6
MU8802,7
MU8803,1
MU8803,3
MU8803,5
MU8803,7
MU8817,2
MU8817,4
MU8817,6
MU8819,2
MU8819,4
MU8819,6
MU8861,1
MU8861,2
MU8861,3
MU8861,4
MU8861,5
MU8861,6
MU8861,7
MU8864,1
MU8864,2
MU8864,3
MU8864,4
MU8864,5
MU8864,6
MU8864,7
MU8871,1
MU8871,3
MU8871,5
MU8871,7
MU8875,1
MU8875,3
MU8875,5
MU8875,7
MU8881,1
MU8881,2
MU8881,3
MU8881,4
MU8881,5
MU8881,6
MU8881,7
MU8882,1
MU8882,2
MU8882,3
MU8882,4
MU8882,5
MU8882,6
MU8882,7
MU8886,1
MU8886,2
MU8886,3
MU8886,4
MU8886,5
MU8886,6
MU8886,7
MU8892,1
MU8892,3
MU8892,5
MU8892,7
MU8895,1
MU8895,2
MU8895,3
MU8895,4
MU8895,5
MU8895,6
MU8895,7
MU8899,2
MU8899,4
MU8899,6
MU8900,2
MU8900,4
MU8900,6
MU8904,1
MU8904,2
MU8904,3
MU8904,4
MU8904,5
MU8904,6
MU8904,7
MU8905,1
MU8905,2
MU8905,3
MU8905,4
MU8905,5
MU8905,6
MU8905,7
MU8927,1
MU8927,3
MU8927,5
MU8927,7
MU8931,1
MU8931,2
MU8931,3
MU8931,4
MU8931,5
MU8931,6
MU8931,7
MU8934,1
MU8934,2
MU8934,3
MU8934,4
MU8934,5
MU8934,6
MU8934,7
MU8936,1
MU8936,3
MU8936,5
MU8936,7
MU8944,1
MU8944,2
MU8944,3
MU8944,4
MU8944,5
MU8944,6
MU8944,7
MU8953,1
MU8953,3
MU8953,5
MU8953,7
MU8981,1
MU8981,2
MU8981,3
MU8981,4
MU8981,5
MU8981,6
MU8981,7
MU8983,1
MU8983,2
MU8983,3
MU8983,4
MU8983,5
MU8983,6
MU8983,7
MU8984,2
MU8984,4
MU8984,6
MU8986,1
MU8986,3
MU8986,5
MU8986,7
MU8987,1
MU8987,3
MU8987,5
MU8987,7
MU8988,1
MU8988,7
MU8997,1
MU8997,2
MU8997,3
MU8997,4
MU8997,5
MU8997,6
MU8997,7
MU9005,1
MU9005,2
MU9005,3
MU9005,4
MU9005,5
MU9005,6
MU9005,7
MU9007,1
MU9007,2
MU9007,3
MU9007,4
MU9007,5
MU9007,6
MU9007,7
MU9015,1
MU9015,3
MU9015,5
MU9015,7
MU9023,1
MU9023,2
MU9023,3
MU9023,4
MU9023,5
MU9023,6
MU9023,7
MU9029,1
MU9029,2
MU9029,3
MU9029,4
MU9029,5
MU9029,6
MU9029,7
MU9035,1
MU9035,2
MU9035,3
MU9035,4
MU9035,5
MU9035,6
MU9035,7
MU9038,1
MU9038,3
MU9038,5
MU9038,7
MU9039,1
MU9039,3
MU9039,5
MU9039,7
MU9044,1
MU9044,2
MU9044,3
MU9044,4
MU9044,5
MU9044,6
MU9044,7
MU9050,1
MU9050,2
MU9050,3
MU9050,4
MU9050,5
MU9050,6
MU9050,7
MU9067,1
MU9067,2
MU9067,3
MU9067,4
MU9067,5
MU9067,6
MU9067,7
MU9068,2
MU9068,4
MU9068,6
MU9070,1
MU9070,2
MU9070,3
MU9070,4
MU9070,5
MU9070,6
MU9070,7
MU9078,1
MU9078,2
MU9078,3
MU9078,4
MU9078,5
MU9078,6
MU9078,7
MU9084,2
MU9084,4
MU9084,6
MU9091,1
MU9091,2
MU9091,3
MU9091,4
MU9091,5
MU9091,6
MU9091,7
MU9095,2
MU9095,4
MU9095,6
MU9101,1
MU9101,3
MU9101,5
MU9101,7
MU9103,1
MU9103,3
MU9103,5
MU9103,7
MU9113,1
MU9113,2
MU9113,3
MU9113,4
MU9113,5
MU9113,6
MU9113,7
MU9120,1
MU9120,3
MU9120,5
MU9120,7
MU9126,1
MU9126,2
MU9126,3
MU9126,4
MU9126,5
MU9126,6
MU9126,7
MU9127,1
MU9127,3
MU9127,5
MU9127,7
MU9128,2
MU9128,4
MU9128,6
MU9130,1
MU9130,2
MU9130,3
MU9130,4
MU9130,5
MU9130,6
MU9130,7
MU9145,2
MU9145,4
MU9145,6
MU9146,1
MU9146,2
MU9146,3
MU9146,4
MU9146,5
MU9146,6
MU9146,7
MU9172,1
MU9172,2
MU9172,3
MU9172,4
MU9172,5
MU9172,6
MU9172,7
MU9178,1
MU9178,2
MU9178,3
MU9178,4
MU9178,5
MU9178,6
MU9178,7
MU9192,2
MU9192,4
MU9192,6
MU9194,1
MU9194,2
MU9194,3
MU9194,4
MU9194,5
MU9194,6
MU9194,7
MU9198,1
MU9198,2
MU9198,3
MU9198,4
MU9198,5
MU9198,6
MU9198,7
MU9202,2
MU9202,4
MU9202,6
MU9202,7
MU9211,1
MU9211,2
MU9211,3
MU9211,4
MU9211,5
MU9211,6
MU9211,7
MU9215,1
MU9215,2
MU9215,3
MU9215,4
MU9215,5
MU9215,6
MU9215,7
MU9216,2
MU9216,4
MU9216,6
MU9219,2
MU9219,4
MU9219,6
MU9223,2
MU9223,4
MU9223,6
MU9227,1
MU9227,2
MU9227,3
MU9227,4
MU9227,5
MU9227,6
MU9227,7
MU9242,1
MU9242,3
MU9242,5
MU9242,7
MU9248,1
MU9248,2
MU9248,4
MU9248,7
MU9260,1
MU9260,2
MU9260,3
MU9260,4
MU9260,5
MU9260,6
MU9260,7
MU9265,1
MU9265,2
MU9265,3
MU9265,4
MU9265,5
MU9265,6
MU9265,7
MU9267,1
MU9267,2
MU9267,3
MU9267,4
MU9267,5
MU9267,6
MU9267,7
MU9296,1
MU9296,2
MU9296,3
MU9296,4
MU9296,5
MU9296,6
MU9296,7
MU9308,1
MU9308,2
MU9308,3
MU9308,4
MU9308,5
MU9308,6
MU9308,7
MU9310,1
MU9310,2
MU9310,3
MU9310,4
MU9310,5
MU9310,6
MU9310,7
MU9314,2
MU9314,4
MU9314,6
MU9317,1
MU9317,2
MU9317,3
MU9317,4
MU9317,5
MU9317,6
MU9317,7
MU9318,1
MU9318,2
MU9318,3
MU9318,4
MU9318,5
MU9318,6
MU9318,7
MU9319,1
MU9319,2
MU9319,3
MU9319,4
MU9319,5
MU9319,6
MU9319,7
MU9321,1
MU9321,2
MU9321,3
MU9321,4
MU9321,5
MU9321,6
MU9321,7
MU9325,1
MU9325,2
MU9325,3
MU9325,4
MU9325,5
MU9325,6
MU9325,7
MU9340,1
MU9340,2
MU9340,3
MU9340,4
MU9340,5
MU9340,6
MU9340,7
MU9344,2
MU9344,4
MU9344,6
MU9346,1
MU9346,3
MU9346,5
MU9346,7
MU9351,1
MU9351,2
MU9351,3
MU9351,4
MU9351,5
MU9351,6
MU9351,7
MU9361,1
MU9361,2
MU9361,3
MU9361,4
MU9361,5
MU9361,6
MU9361,7
MU9366,1
MU9366,2
MU9366,3
MU9366,4
MU9366,5
MU9366,6
MU9366,7
MU9375,2
MU9375,3
MU9375,5
MU9375,6
MU9388,1
MU9388,3
MU9388,5
MU9388,7
MU9393,1
MU9393,2
MU9393,3
MU9393,4
MU9393,5
MU9393,6
MU9393,7
MU9396,1
MU9396,2
MU9396,3
MU9396,4
MU9396,5
MU9396,6
MU9396,7
MU9417,1
MU9417,3
MU9417,5
MU9417,7
MU9423,1
MU9423,2
MU9423,3
MU9423,4
MU9423,5
MU9423,6
MU9423,7
MU9424,1
MU9424,3
MU9424,5
MU9424,7
MU9430,1
MU9430,2
MU9430,3
MU9430,4
MU9430,5
MU9430,6
MU9430,7
MU9431,2
MU9431,4
MU9431,6
MU9452,1
MU9452,3
MU9452,5
MU9452,7
MU9453,1
MU9453,2
MU9453,3
MU9453,4
MU9453,5
MU9453,6
MU9453,7
MU9459,3
MU9459,5
MU9462,1
MU9462,2
MU9462,3
MU9462,4
MU9462,5
MU9462,6
MU9462,7
MU9464,1
MU9464,2
MU9464,3
MU9464,4
MU9464,5
MU9464,6
MU9464,7
MU9476,1
MU9476,2
MU9476,3
MU9476,4
MU9476,5
MU9476,6
MU9476,7
MU9493,1
MU9493,2
MU9493,3
MU9493,4
MU9493,5
MU9493,6
MU9493,7
MU9496,1
MU9496,2
MU9496,3
MU9496,4
MU9496,5
MU9496,6
MU9496,7
MU9497,1
MU9497,2
MU9497,3
MU9497,4
MU9497,5
MU9497,6
MU9497,7
MU9502,1
MU9502,2
MU9502,3
MU9502,4
MU9502,5
MU9502,6
MU9502,7
MU9507,2
MU9507,4
MU9507,6
MU9508,2
MU9508,4
MU9508,6
MU9509,1
MU9509,2
MU9509,3
MU9509,4
MU9509,5
MU9509,6
MU9509,7
MU9529,2
MU9529,4
MU9529,6
MU9530,1
MU9530,2
MU9530,3
MU9530,4
MU9530,5
MU9530,6
MU9530,7
MU9534,1
MU9534,2
MU9534,3
MU9534,4
MU9534,5
MU9534,6
MU9534,7
MU9549,2
MU9549,4
MU9549,6
MU9550,1
MU9550,3
MU9550,5
MU9550,7
MU9552,1
MU9552,2
MU9552,3
MU9552,4
MU9552,5
MU9552,6
MU9552,7
MU9557,1
MU9557,3
MU9557,5
MU9557,7
MU9559,1
MU9559,2
MU9559,3
MU9559,4
MU9559,5
MU9559,6
MU9559,7
MU9562,3
MU9562,4
MU9562,5
MU9562,6
MU9562,7
MU9566,1
MU9566,3
MU9566,5
MU9566,7
MU9570,1
MU9570,3
MU9570,5
MU9570,7
MU9571,2
MU9571,4
MU9571,6
MU9572,1
MU9572,2
MU9572,3
MU9572,4
MU9572,5
MU9572,6
MU9572,7
MU9577,1
MU9577,2
MU9577,3
MU9577,4
MU9577,5
MU9577,6
MU9577,7
MU9593,1
MU9593,3
MU9593,5
MU9593,7
MU9598,2
MU9598,4
MU9598,6
MU9599,1
MU9599,3
MU9599,5
MU9599,7
MU9602,1
MU9602,2
MU9602,3
MU9602,4
MU9602,5
MU9602,6
MU9602,7
MU9605,1
MU9605,3
MU9605,5
MU9605,7
MU9609,1
MU9609,2
MU9609,3
MU9609,4
MU9609,5
MU9609,6
MU9609,7
MU9611,1
MU9611,2
MU9611,3
MU9611,4
MU9611,5
MU9611,6
MU9611,7
MU9621,1
MU9621,3
MU9621,5
MU9621,7
MU9629,2
MU9629,4
MU9629,6
MU9632,1
MU9632,3
MU9632,5
MU9632,7
MU9634,1
MU9634,2
MU9634,3
MU9634,4
MU9634,5
MU9634,6
MU9634,7
MU9641,1
MU9641,2
MU9641,3
MU9641,4
MU9641,5
MU9641,6
MU9641,7
MU9648,1
MU9648,2
MU9648,3
MU9648,4
MU9648,5
MU9648,6
MU9648,7
MU9651,2
MU9651,4
MU9651,6
MU9662,2
MU9662,4
MU9662,6
MU9672,1
MU9672,2
MU9672,3
MU9672,4
MU9672,5
MU9672,6
MU9672,7
MU9673,2
MU9673,4
MU9673,6
MU9687,1
MU9687,2
MU9687,3
MU9687,4
MU9687,5
MU9687,6
MU9687,7
MU9695,1
MU9695,3
MU9695,5
MU9695,7
MU9704,1
MU9704,2
MU9704,3
MU9704,4
MU9704,5
MU9704,6
MU9704,7
MU9707,1
MU9707,3
MU9707,5
MU9707,7
MU9713,1
MU9713,2
MU9713,3
MU9713,4
MU9713,5
MU9713,6
MU9713,7
MU9717,1
MU9717,2
MU9717,3
MU9717,4
MU9717,5
MU9717,6
MU9717,7
MU9719,1
MU9719,3
MU9719,5
MU9719,7
MU9721,1
MU9721,2
MU9721,3
MU9721,4
MU9721,5
MU9721,6
MU9721,7
MU9723,1
MU9723,2
MU9723,3
MU9723,4
MU9723,5
MU9723,6
MU9723,7
MU9731,2
MU9731,4
MU9731,6
MU9735,1
MU9735,2
MU9735,3
MU9735,4
MU9735,5
MU9735,6
MU9735,7
MU9740,1
MU9740,2
MU9740,3
MU9740,4
MU9740,5
MU9740,6
MU9740,7
MU9741,1
MU9741,2
MU9741,3
MU9741,4
MU9741,5
MU9741,6
MU9741,7
MU9742,2
MU9742,4
MU9742,6
MU9750,1
MU9750,2
MU9750,3
MU9750,4
MU9750,5
MU9750,6
MU9750,7
MU9759,1
MU9759,2
MU9759,3
MU9759,4
MU9759,5
MU9759,6
MU9759,7
MU9769,1
MU9769,2
MU9769,3
MU9769,4
MU9769,5
MU9769,6
MU9769,7
MU9772,1
MU9772,2
MU9772,3
MU9772,4
MU9772,5
MU9772,6
MU9772,7
MU9775,1
MU9775,2
MU9775,3
MU9775,4
MU9775,5
MU9775,6
MU9775,7
MU9780,1
MU9780,3
MU9780,5
MU9780,7
MU9782,2
MU9782,4
MU9782,6
MU9786,1
MU9786,2
MU9786,3
MU9786,4
MU9786,5
MU9786,6
MU9786,7
MU9795,2
MU9795,4
MU9795,6
MU9799,1
MU9799,2
MU9799,3
MU9799,4
MU9799,5
MU9799,6
MU9799,7
MU9807,1
MU9807,3
MU9807,5
MU9807,7
MU9810,1
MU9810,2
MU9810,3
MU9810,4
MU9810,5
MU9810,6
MU9810,7
MU9819,1
MU9819,2
MU9819,3
MU9819,4
MU9819,5
MU9819,6
MU9819,7
MU9820,2
MU9820,4
MU9820,6
MU9823,2
MU9823,4
MU9823,6
MU9847,1
MU9847,3
MU9847,5
MU9847,7
MU9849,2
MU9849,4
MU9849,6
MU9853,1
MU9853,3
MU9853,5
MU9853,7
MU9859,1
MU9859,3
MU9859,5
MU9859,7
MU9870,1
MU9870,2
MU9870,3
MU9870,4
MU9870,5
MU9870,6
MU9870,7
MU9872,1
MU9872,2
MU9872,3
MU9872,4
MU9872,5
MU9872,6
MU9872,7
MU9874,1
MU9874,2
MU9874,3
MU9874,4
MU9874,5
MU9874,6
MU9874,7
MU9880,2
MU9880,4
MU9880,6
MU9881,1
MU9881,2
MU9881,3
MU9881,4
MU9881,5
MU9881,6
MU9881,7
MU9882,1
MU9882,2
MU9882,3
MU9882,4
MU9882,5
MU9882,6
MU9882,7
MU9884,1
MU9884,2
MU9884,3
MU9884,4
MU9884,5
MU9884,6
MU9884,7
MU9891,1
MU9891,2
MU9891,3
MU9891,4
MU9891,5
MU9891,6
MU9891,7
MU9895,2
MU9895,4
MU9895,6
MU9896,2
MU9896,4
MU9896,6
MU9897,1
MU9897,2
MU9897,3
MU9897,4
MU9897,5
MU9897,6
MU9897,7
MU9899,1
MU9899,2
MU9899,3
MU9899,4
MU9899,5
MU9899,6
MU9899,7
MU9909,1
MU9909,2
MU9909,3
MU9909,4
MU9909,5
MU9909,6
MU9909,7
MU9910,1
MU9910,3
MU9910,5
MU9910,7
MU9917,2
MU9917,4
MU9917,6
MU9920,1
MU9920,2
MU9920,3
MU9920,4
MU9920,5
MU9920,6
MU9920,7
MU9927,1
MU9927,2
MU9927,3
MU9927,4
MU9927,5
MU9927,6
MU9927,7
MU9930,1
MU9930,2
MU9930,3
MU9930,4
MU9930,5
MU9930,6
MU9930,7
MU9938,2
MU9938,4
MU9938,6
MU9943,1
MU9943,2
MU9943,3
MU9943,4
MU9943,5
MU9943,6
MU9943,7
MU9947,1
MU9947,2
MU9947,3
MU9947,4
MU9947,5
MU9947,6
MU9947,7
MU9955,1
MU9955,2
MU9955,3
MU9955,4
MU9955,5
MU9955,6
MU9955,7
MU9966,1
MU9966,2
MU9966,3
MU9966,4
MU9966,5
MU9966,6
MU9966,7
MU9967,1
MU9967,2
MU9967,3
MU9967,4
MU9967,5
MU9967,6
MU9967,7
MU9970,1
MU9970,2
MU9970,3
MU9970,4
MU9970,5
MU9970,6
MU9970,7
MU9973,1
MU9973,6
MU9978,2
MU9978,4
MU9978,6
MU9981,1
MU9981,2
MU9981,3
MU9981,4
MU9981,5
MU9981,6
MU9981,7
MU9985,1
MU9985,2
MU9985,3
MU9985,4
MU9985,5
MU9985,6
MU9985,7
MU9992,1
MU9992,2
MU9992,3
MU9992,4
MU9992,5
MU9992,6
MU9992,7
MU9999,2
MU9999,4
MU9999,6
CZ7008,7
CZ32,7
CZ4873,7
CZ7179,7
CZ4540,7
CZ4403,7
CZ1905,7
CZ21,7
CZ9182,7
CZ181,7
CZ4815,7
CZ4311,7
CZ4283,7
CZ90,7
CZ4431,7
CZ4831,7
CZ100,7
CZ46,7
CZ4258,7
CZ4208,7
CZ9074,7
CZ202,7
CZ208,7
CZ168,7
CZ9157,7
CZ9058,7
CZ9050,7
CZ1490,7
CZ4117,7
CZ4299,7
CZ4062,7
CZ4289,7
CZ4318,7
CZ7176,7
CZ4441,7
CZ9204,7
CZ1922,7
CZ4793,7
CZ4610,7
CZ4353,7
CZ9298,7
CZ4103,7
CZ9140,7
CZ9138,7
CZ1970,7
CZ4028,7
CZ29,7
CZ9048,7
CZ9304,7
CZ97,7
CZ1787,7
CZ4132,7
CZ4191,7
CZ6756,7
CZ4925,7
CZ1904,7
CZ4616,7
CZ94,7
CZ9046,7
CZ9327,7
CZ9268,7
CZ4668,7
CZ50,7
CZ4211,7
CZ4393,7
CZ9468,7
CZ72,7
CZ4274,7
CZ4281,7
CZ4443,7
CZ5608,7
CZ4879,7
CZ1419,7
CZ4915,7
CZ130,7
CZ4037,7
CZ7087,7
CZ1500,7
CZ4110,7
CZ6558,7
CZ1845,7
CZ9067,7
CZ4647,7
CZ6442,7
CZ6472,7
CZ7146,7
CZ4149,7
CZ4994,7
CZ4948,7
CZ9318,7
CZ4005,7
CZ9156,7
CZ4071,7
CZ9203,7
CZ7018,7
CZ1954,7
CZ9024,7
CZ9162,7
CZ4660,7
CZ4279,7
CZ9408,7
CZ4813,7
CZ4605,7
CZ4903,7
CZ4837,7
CZ4399,7
CZ4739,7
CZ1579,7
CZ3894,7
CZ82,7
CZ9061,7
CZ7002,7
CZ4963,7
CZ9105,7
CZ4825,7
CZ3465,7
CZ1782,7
CZ11,7
CZ1955,7
CZ35,7
CZ4451,7
CZ4160,7
CZ9173,7
CZ9317,7
CZ4919,7
CZ4877,7
CZ9355,7
CZ4829,7
CZ1945,7
CZ9343,7
CZ9191,7
CZ4933,7
CZ4284,7
CZ9113,7
CZ4228,7
CZ9185,7
CZ9121,7
CZ7161,7
CZ9199,7
CZ9155,7
CZ4444,7
CZ7443,7
CZ6219,7
CZ1819,7
CZ6145,7
CZ3591,7
CZ3811,7
CZ3463,7
CZ3521,7
CZ3513,7
CZ9081,7
CZ6221,7
CZ3578,7
CZ7145,7
CZ7083,7
CZ6163,7
CZ9056,7
CZ4945,7
CZ9349,7
CZ6703,7
CZ3117,7
CZ6823,7
CZ6877,7
CZ1,7
CZ68,7
CZ33,7
CZ195,7
CZ3713,7
CZ3523,7
CZ5485,7
CZ3257,7
CZ3727,7
CZ3777,7
CZ3723,7
CZ3199,7
CZ3311,7
CZ3201,7
CZ3354,7
CZ6919,7
CZ6317,7
CZ6797,7
CZ8738,7
CZ1942,7
CZ1960,7
CZ142,7
CZ3785,7
CZ3674,7
CZ3661,7
CZ1786,7
CZ1885,7
CZ7285,7
CZ6810,7
CZ6201,7
CZ6257,7
CZ217,7
CZ3431,7
CZ9389,7
CZ3366,7
CZ8284,7
CZ9299,7
CZ4418,7
CZ4124,7
CZ4010,7
CZ6213,7
CZ6590,7
CZ6439,7
CZ6125,7
CZ3123,7
CZ4541,7
CZ9273,7
CZ3721,7
CZ3196,7
CZ3240,7
CZ9413,7
CZ7065,7
CZ6545,7
CZ9415,7
CZ6335,7
CZ1480,7
CZ8959,7
CZ1934,7
CZ1964,7
CZ7025,7
CZ6821,7
CZ4089,7
CZ9497,7
CZ8797,7
CZ7134,7
CZ4227,7
CZ9381,7
CZ9109,7
CZ1928,7
CZ6657,7
CZ3330,7
CZ4212,7
CZ4546,7
CZ4276,7
CZ6647,7
CZ3895,7
CZ6195,7
CZ6253,7
CZ6337,7
CZ7115,7
CZ1920,7
CZ3958,7
CZ4731,7
CZ6282,7
CZ4152,7
CZ9483,7
CZ5861,7
CZ6731,7
CZ3977,7
CZ4047,7
CZ7076,7
CZ9271,7
CZ6521,7
CZ9241,7
CZ9057,7
CZ9249,7
CZ3533,7
CZ9098,7
CZ9301,7
CZ1930,7
CZ6591,7
CZ16,7
CZ7164,7
CZ1957,7
CZ37,7
CZ4391,7
CZ210,7
CZ4917,7
CZ1916,7
CZ4960,7
CZ9017,7
CZ1974,7
CZ9142,7
CZ9076,7
CZ4322,7
CZ4429,7
CZ4365,7
CZ4120,7
CZ4166,7
CZ120,7
CZ9090,7
CZ9116,7
CZ165,7
CZ215,7
CZ9022,7
CZ4452,7
CZ4765,7
CZ4043,7
CZ4504,7
CZ48,7
CZ4065,7
CZ1472,7
CZ4320,7
CZ8540,7
CZ1449,7
CZ4468,7
CZ6134,7
CZ222,7
CZ4961,7
CZ9481,7
CZ9493,7
CZ6443,7
CZ118,7
CZ8554,7
CZ1877,7
CZ4014,7
CZ4424,7
CZ9055,7
CZ6748,7
CZ9044,7
CZ4102,7
CZ7118,7
CZ4359,7
CZ9263,7
CZ1925,7
CZ4383,7
CZ9137,7
CZ9303,7
CZ1902,7
CZ9160,7
CZ9331,7
CZ4082,7
CZ4609,7
CZ9106,7
CZ45,7
CZ4361,7
CZ1482,7
CZ9275,7
CZ4348,7
CZ4287,7
CZ9297,7
CZ4180,7
CZ9429,7
CZ9144,7
CZ7095,7
CZ6832,7
CZ78,7
CZ4012,7
CZ3474,7
CZ4490,7
CZ4500,7
CZ4309,7
CZ4935,7
CZ9193,7
CZ9257,7
CZ7159,7
CZ9035,7
CZ1577,7
CZ4114,7
CZ4859,7
CZ9474,7
CZ206,7
CZ1404,7
CZ4542,7
CZ9063,7
CZ7291,7
CZ6123,7
CZ3628,7
CZ3320,7
CZ6786,7
CZ3763,7
CZ4941,7
CZ4975,7
CZ4522,7
CZ4558,7
CZ124,7
CZ1489,7
CZ1947,7
CZ88,7
CZ1968,7
CZ4233,7
CZ190,7
CZ290,7
CZ4130,7
CZ1910,7
CZ4401,7
CZ9419,7
CZ74,7
CZ4224,7
CZ7077,7
CZ9159,7
CZ9147,7
CZ4056,7
CZ1924,7
CZ4382,7
CZ4713,7
CZ7441,7
CZ3351,7
CZ3568,7
CZ4285,7
CZ9071,7
CZ9131,7
CZ4929,7
CZ7121,7
CZ1599,7
CZ3549,7
CZ4272,7
CZ4867,7
CZ19,7
CZ1953,7
CZ128,7
CZ4148,7
CZ9281,7
CZ9255,7
CZ1436,7
CZ4861,7
CZ4863,7
CZ6648,7
CZ4789,7
CZ9425,7
CZ1456,7
CZ4821,7
CZ9152,7
CZ7129,7
CZ136,7
CZ4809,7
CZ4338,7
CZ70,7
CZ6774,7
CZ3380,7
CZ3505,7
CZ3437,7
CZ3803,7
CZ6126,7
CZ5983,7
CZ1940,7
CZ41,7
CZ4618,7
CZ4375,7
CZ1926,7
CZ4163,7
CZ99,7
CZ4207,7
CZ4390,7
CZ4515,7
CZ4155,7
CZ9141,7
CZ9175,7
CZ8,7
CZ4216,7
CZ4083,7
CZ1956,7
CZ4761,7
CZ167,7
CZ4895,7
CZ4342,7
CZ4024,7
CZ4428,7
CZ4751,7
CZ1876,7
CZ43,7
CZ7016,7
CZ4046,7
CZ4165,7
CZ6108,7
CZ4629,7
CZ4417,7
CZ1913,7
CZ214,7
CZ4303,7
CZ7078,7
CZ9336,7
CZ9364,7
CZ123,7
CZ4437,7
CZ9139,7
CZ4947,7
CZ1445,7
CZ1856,7
CZ4057,7
CZ1929,7
CZ4206,7
CZ4763,7
CZ7047,7
CZ98,7
CZ155,7
CZ9145,7
CZ9177,7
CZ9143,7
CZ9133,7
CZ5199,7
CZ8547,7
CZ6101,7
CZ5799,7
CZ4096,7
CZ8663,7
CZ4072,7
CZ5791,7
CZ1887,7
CZ4993,7
CZ1976,7
CZ8974,7
CZ5161,7
CZ8619,7
CZ4747,7
CZ4983,7
CZ196,7
CZ1561,7
CZ246,7
CZ3796,7
CZ5266,7
CZ3629,7
CZ3770,7
CZ4804,7
CZ4475,7
CZ4288,7
CZ7175,7
CZ4827,7
CZ4871,7
CZ9084,7
CZ7093,7
CZ4830,7
CZ4374,7
CZ4298,7
CZ4116,7
CZ9473,7
CZ7041,7
CZ7039,7
CZ4471,7
CZ1418,7
CZ7168,7
CZ4775,7
CZ34,7
CZ2061,7
CZ9280,7
CZ5976,7
CZ6464,7
CZ9485,7
CZ4905,7
CZ4721,7
CZ4009,7
CZ9431,7
CZ6234,7
CZ1411,7
CZ84,7
CZ9329,7
CZ6138,7
CZ20,7
CZ236,7
CZ1944,7
CZ4164,7
CZ1478,7
CZ4450,7
CZ4995,7
CZ7101,7
CZ9166,7
CZ252,7
CZ9330,7
CZ4159,7
CZ4332,7
CZ1470,7
CZ4045,7
CZ7045,7
CZ4524,7
CZ9416,7
CZ4840,7
CZ4011,7
CZ13,7
CZ9205,7
CZ4354,7
CZ132,7
CZ9135,7
CZ1492,7
CZ1484,7
CZ9251,7
CZ27,7
CZ4366,7
CZ7096,7
CZ4972,7
CZ4176,7
CZ9016,7
CZ9385,7
CZ1474,7
CZ6256,7
CZ4528,7
CZ9111,7
CZ4498,7
CZ4029,7
CZ4828,7
CZ234,7
CZ4270,7
CZ4240,7
CZ9287,7
CZ4824,7
CZ4395,7
CZ1410,7
CZ8407,7
CZ5835,7
CZ9083,7
CZ6845,7
CZ9309,7
CZ1864,7
CZ3749,7
CZ4300,7
CZ6795,7
CZ6699,7
CZ6227,7
CZ4812,7
CZ4788,7
CZ9181,7
CZ4301,7
CZ4058,7
CZ31,7
CZ4838,7
CZ1597,7
CZ7008,6
CZ32,6
CZ4873,6
CZ7179,6
CZ4540,6
CZ4403,6
CZ1905,6
CZ21,6
CZ9182,6
CZ181,6
CZ4815,6
CZ4311,6
CZ4283,6
CZ90,6
CZ4431,6
CZ4831,6
CZ100,6
CZ46,6
CZ4258,6
CZ4208,6
CZ9074,6
CZ202,6
CZ208,6
CZ168,6
CZ9157,6
CZ9058,6
CZ9050,6
CZ1490,6
CZ4117,6
CZ4299,6
CZ4062,6
CZ4289,6
CZ4318,6
CZ7176,6
CZ4441,6
CZ9204,6
CZ1922,6
CZ4793,6
CZ4610,6
CZ4353,6
CZ9298,6
CZ4103,6
CZ9140,6
CZ9138,6
CZ1970,6
CZ4028,6
CZ29,6
CZ9048,6
CZ9304,6
CZ97,6
CZ1787,6
CZ4132,6
CZ4191,6
CZ6756,6
CZ4925,6
CZ1904,6
CZ4616,6
CZ94,6
CZ9046,6
CZ9327,6
CZ9268,6
CZ4668,6
CZ50,6
CZ4211,6
CZ4393,6
CZ9468,6
CZ72,6
CZ4274,6
CZ4281,6
CZ4443,6
CZ5608,6
CZ4879,6
CZ1419,6
CZ4915,6
CZ130,6
CZ4037,6
CZ7087,6
CZ1500,6
CZ4110,6
CZ6558,6
CZ1845,6
CZ9067,6
CZ4647,6
CZ6442,6
CZ6472,6
CZ7146,6
CZ4149,6
CZ4994,6
CZ4948,6
CZ9318,6
CZ4005,6
CZ9156,6
CZ4071,6
CZ9203,6
CZ7018,6
CZ1954,6
CZ9024,6
CZ9162,6
CZ4660,6
CZ4279,6
CZ9408,6
CZ4813,6
CZ4605,6
CZ4903,6
CZ4837,6
CZ4399,6
CZ4739,6
CZ1579,6
CZ3894,6
CZ82,6
CZ9061,6
CZ7002,6
CZ4963,6
CZ9105,6
CZ4825,6
CZ3465,6
CZ1782,6
CZ11,6
CZ1955,6
CZ35,6
CZ4451,6
CZ4160,6
CZ9173,6
CZ9317,6
CZ4919,6
CZ4877,6
CZ9355,6
CZ4829,6
CZ1945,6
CZ9343,6
CZ9191,6
CZ4933,6
CZ4284,6
CZ9113,6
CZ4228,6
CZ9185,6
CZ9121,6
CZ7161,6
CZ9199,6
CZ9155,6
CZ4444,6
CZ7443,6
CZ6219,6
CZ1819,6
CZ6145,6
CZ3591,6
CZ3811,6
CZ3463,6
CZ3521,6
CZ3513,6
CZ9081,6
CZ6221,6
CZ3578,6
CZ7145,6
CZ7083,6
CZ6163,6
CZ9056,6
CZ4945,6
CZ9349,6
CZ6703,6
CZ3117,6
CZ6823,6
CZ6877,6
CZ1,6
CZ68,6
CZ33,6
CZ195,6
CZ3713,6
CZ3523,6
CZ5485,6
CZ3257,6
CZ3727,6
CZ3777,6
CZ3723,6
CZ3199,6
CZ3311,6
CZ3201,6
CZ3354,6
CZ6919,6
CZ6317,6
CZ6797,6
CZ8738,6
CZ1942,6
CZ1960,6
CZ142,6
CZ3785,6
CZ3674,6
CZ3661,6
CZ1786,6
CZ1885,6
CZ7285,6
CZ6810,6
CZ6201,6
CZ6257,6
CZ217,6
CZ3431,6
CZ9389,6
CZ3366,6
CZ8284,6
CZ9299,6
CZ4418,6
CZ4124,6
CZ4010,6
CZ6213,6
CZ6590,6
CZ6439,6
CZ6125,6
CZ3123,6
CZ4541,6
CZ9273,6
CZ3721,6
CZ3196,6
CZ3240,6
CZ9413,6
CZ7065,6
CZ6545,6
CZ9415,6
CZ6335,6
CZ1480,6
CZ8959,6
CZ1934,6
CZ1964,6
CZ7025,6
CZ6821,6
CZ4089,6
CZ9497,6
CZ8797,6
CZ7134,6
CZ4227,6
CZ9381,6
CZ9109,6
CZ1928,6
CZ6657,6
CZ3330,6
CZ4212,6
CZ4546,6
CZ4276,6
CZ6647,6
CZ3895,6
CZ6195,6
CZ6253,6
CZ6337,6
CZ7115,6
CZ1920,6
CZ3958,6
CZ4731,6
CZ6282,6
CZ4152,6
CZ9483,6
CZ5861,6
CZ6731,6
CZ3977,6
CZ4047,6
CZ7076,6
CZ9271,6
CZ6521,6
CZ9241,6
CZ9057,6
CZ9249,6
CZ3533,6
CZ9098,6
CZ9301,6
CZ1930,6
CZ6591,6
CZ16,6
CZ7164,6
CZ1957,6
CZ37,6
CZ4391,6
CZ210,6
CZ4917,6
CZ1916,6
CZ4960,6
CZ9017,6
CZ1974,6
CZ9142,6
CZ9076,6
CZ4322,6
CZ4429,6
CZ4365,6
CZ4120,6
CZ4166,6
CZ120,6
CZ9090,6
CZ9116,6
CZ165,6
CZ215,6
CZ9022,6
CZ4452,6
CZ4765,6
CZ4043,6
CZ4504,6
CZ48,6
CZ4065,6
CZ1472,6
CZ4320,6
CZ8540,6
CZ1449,6
CZ4468,6
CZ6134,6
CZ222,6
CZ4961,6
CZ9481,6
CZ9493,6
CZ6443,6
CZ118,6
CZ8554,6
CZ1877,6
CZ4014,6
CZ4424,6
CZ9055,6
CZ6748,6
CZ9044,6
CZ4102,6
CZ7118,6
CZ4359,6
CZ9263,6
CZ1925,6
CZ4383,6
CZ9137,6
CZ9303,6
CZ1902,6
CZ9160,6
CZ9331,6
CZ4082,6
CZ4609,6
CZ9106,6
CZ45,6
CZ4361,6
CZ1482,6
CZ9275,6
CZ4348,6
CZ4287,6
CZ9297,6
CZ4180,6
CZ9429,6
CZ9144,6
CZ7095,6
CZ6832,6
CZ78,6
CZ4012,6
CZ3474,6
CZ4490,6
CZ4500,6
CZ4309,6
CZ4935,6
CZ9193,6
CZ9257,6
CZ7159,6
CZ9035,6
CZ1577,6
CZ4114,6
CZ4859,6
CZ9474,6
CZ206,6
CZ1404,6
CZ4542,6
CZ9063,6
CZ7291,6
CZ6123,6
CZ3628,6
CZ3320,6
CZ6786,6
CZ3763,6
CZ4941,6
CZ4975,6
CZ4522,6
CZ4558,6
CZ124,6
CZ1489,6
CZ1947,6
CZ88,6
CZ1968,6
CZ4233,6
CZ190,6
CZ290,6
CZ4130,6
CZ1910,6
CZ4401,6
CZ9419,6
CZ74,6
CZ4224,6
CZ7077,6
CZ9159,6
CZ9147,6
CZ4056,6
CZ1924,6
CZ4382,6
CZ4713,6
CZ7441,6
CZ3351,6
CZ3568,6
CZ4285,6
CZ9071,6
CZ9131,6
CZ4929,6
CZ7121,6
CZ1599,6
CZ3549,6
CZ4272,6
CZ4867,6
CZ19,6
CZ1953,6
CZ128,6
CZ4148,6
CZ9281,6
CZ9255,6
CZ1436,6
CZ4861,6
CZ4863,6
CZ6648,6
CZ4789,6
CZ9425,6
CZ1456,6
CZ4821,6
CZ9152,6
CZ7129,6
CZ136,6
CZ4809,6
CZ4338,6
CZ70,6
CZ6774,6
CZ3380,6
CZ3505,6
CZ3437,6
CZ3803,6
CZ6126,6
CZ5983,6
CZ1940,6
CZ41,6
CZ4618,6
CZ4375,6
CZ1926,6
CZ4163,6
CZ99,6
CZ4207,6
CZ4390,6
CZ4515,6
CZ4155,6
CZ9141,6
CZ9175,6
CZ8,6
CZ4216,6
CZ4083,6
CZ1956,6
CZ4761,6
CZ167,6
CZ4895,6
CZ4342,6
CZ4024,6
CZ4428,6
CZ4751,6
CZ1876,6
CZ43,6
CZ7016,6
CZ4046,6
CZ4165,6
CZ6108,6
CZ4629,6
CZ4417,6
CZ1913,6
CZ214,6
CZ4303,6
CZ7078,6
CZ9336,6
CZ9364,6
CZ123,6
CZ4437,6
CZ9139,6
CZ4947,6
CZ1445,6
CZ1856,6
CZ4057,6
CZ1929,6
CZ4206,6
CZ4763,6
CZ7047,6
CZ98,6
CZ155,6
CZ9145,6
CZ9177,6
CZ9143,6
CZ9133,6
CZ5199,6
CZ8547,6
CZ6101,6
CZ5799,6
CZ4096,6
CZ8663,6
CZ4072,6
CZ5791,6
CZ1887,6
CZ4993,6
CZ1976,6
CZ8974,6
CZ5161,6
CZ8619,6
CZ4747,6
CZ4983,6
CZ196,6
CZ1561,6
CZ246,6
CZ3796,6
CZ5266,6
CZ3629,6
CZ3770,6
CZ4804,6
CZ4475,6
CZ4288,6
CZ7175,6
CZ4827,6
CZ4871,6
CZ9084,6
CZ7093,6
CZ4830,6
CZ4374,6
CZ4298,6
CZ4116,6
CZ9473,6
CZ7041,6
CZ7039,6
CZ4471,6
CZ1418,6
CZ7168,6
CZ4775,6
CZ34,6
CZ2061,6
CZ9280,6
CZ5976,6
CZ6464,6
CZ9485,6
CZ4905,6
CZ4721,6
CZ4009,6
CZ9431,6
CZ6234,6
CZ1411,6
CZ84,6
CZ9329,6
CZ6138,6
CZ20,6
CZ236,6
CZ1944,6
CZ4164,6
CZ1478,6
CZ4450,6
CZ4995,6
CZ7101,6
CZ9166,6
CZ252,6
CZ9330,6
CZ4159,6
CZ4332,6
CZ1470,6
CZ4045,6
CZ7045,6
CZ4524,6
CZ9416,6
CZ4840,6
CZ4011,6
CZ13,6
CZ9205,6
CZ4354,6
CZ132,6
CZ9135,6
CZ1492,6
CZ1484,6
CZ9251,6
CZ27,6
CZ4366,6
CZ7096,6
CZ4972,6
CZ4176,6
CZ9016,6
CZ9385,6
CZ1474,6
CZ6256,6
CZ4528,6
CZ9111,6
CZ4498,6
CZ4029,6
CZ4828,6
CZ234,6
CZ4270,6
CZ4240,6
CZ9287,6
CZ4824,6
CZ4395,6
CZ1410,6
CZ8407,6
CZ5835,6
CZ9083,6
CZ6845,6
CZ9309,6
CZ1864,6
CZ3749,6
CZ4300,6
CZ6795,6
CZ6699,6
CZ6227,6
CZ4812,6
CZ4788,6
CZ9181,6
CZ4301,6
CZ4058,6
CZ31,6
CZ4838,6
CZ1597,6
CZ7008,5
CZ32,5
CZ4873,5
CZ7179,5
CZ4540,5
CZ4403,5
CZ1905,5
CZ21,5
CZ9182,5
CZ181,5
CZ4815,5
CZ4311,5
CZ4283,5
CZ90,5
CZ4431,5
CZ4831,5
CZ100,5
CZ46,5
CZ4258,5
CZ4208,5
CZ9074,5
CZ202,5
CZ208,5
CZ168,5
CZ9157,5
CZ9058,5
CZ9050,5
CZ1490,5
CZ4117,5
CZ4299,5
CZ4062,5
CZ4289,5
CZ4318,5
CZ7176,5
CZ4441,5
CZ9204,5
CZ1922,5
CZ4793,5
CZ4610,5
CZ4353,5
CZ9298,5
CZ4103,5
CZ9140,5
CZ9138,5
CZ1970,5
CZ4028,5
CZ29,5
CZ9048,5
CZ9304,5
CZ97,5
CZ1787,5
CZ4132,5
CZ4191,5
CZ6756,5
CZ4925,5
CZ1904,5
CZ4616,5
CZ94,5
CZ9046,5
CZ9327,5
CZ9268,5
CZ4668,5
CZ50,5
CZ4211,5
CZ4393,5
CZ9468,5
CZ72,5
CZ4274,5
CZ4281,5
CZ4443,5
CZ5608,5
CZ4879,5
CZ1419,5
CZ4915,5
CZ130,5
CZ4037,5
CZ7087,5
CZ1500,5
CZ4110,5
CZ6558,5
CZ1845,5
CZ9067,5
CZ4647,5
CZ6442,5
CZ6472,5
CZ7146,5
CZ4149,5
CZ4994,5
CZ4948,5
CZ9318,5
CZ4005,5
CZ9156,5
CZ4071,5
CZ9203,5
CZ7018,5
CZ1954,5
CZ9024,5
CZ9162,5
CZ4660,5
CZ4279,5
CZ9408,5
CZ4813,5
CZ4605,5
CZ4903,5
CZ4837,5
CZ4399,5
CZ4739,5
CZ1579,5
CZ3894,5
CZ82,5
CZ9061,5
CZ7002,5
CZ4963,5
CZ9105,5
CZ4825,5
CZ3465,5
CZ1782,5
CZ11,5
CZ1955,5
CZ35,5
CZ4451,5
CZ4160,5
CZ9173,5
CZ9317,5
CZ4919,5
CZ4877,5
CZ9355,5
CZ4829,5
CZ1945,5
CZ9343,5
CZ9191,5
CZ4933,5
CZ4284,5
CZ9113,5
CZ4228,5
CZ9185,5
CZ9121,5
CZ7161,5
CZ9199,5
CZ9155,5
CZ4444,5
CZ7443,5
CZ6219,5
CZ1819,5
CZ6145,5
CZ3591,5
CZ3811,5
CZ3463,5
CZ3521,5
CZ3513,5
CZ9081,5
CZ6221,5
CZ3578,5
CZ7145,5
CZ7083,5
CZ6163,5
CZ9056,5
CZ4945,5
CZ9349,5
CZ6703,5
CZ3117,5
CZ6823,5
CZ6877,5
CZ1,5
CZ68,5
CZ33,5
CZ195,5
CZ3713,5
CZ3523,5
CZ5485,5
CZ3257,5
CZ3727,5
CZ3777,5
CZ3723,5
CZ3199,5
CZ3311,5
CZ3201,5
CZ3354,5
CZ6919,5
CZ6317,5
CZ6797,5
CZ8738,5
CZ1942,5
CZ1960,5
CZ142,5
CZ3785,5
CZ3674,5
CZ3661,5
CZ1786,5
CZ1885,5
CZ7285,5
CZ6810,5
CZ6201,5
CZ6257,5
CZ217,5
CZ3431,5
CZ9389,5
CZ3366,5
CZ8284,5
CZ9299,5
CZ4418,5
CZ4124,5
CZ4010,5
CZ6213,5
CZ6590,5
CZ6439,5
CZ6125,5
CZ3123,5
CZ4541,5
CZ9273,5
CZ3721,5
CZ3196,5
CZ3240,5
CZ9413,5
CZ7065,5
CZ6545,5
CZ9415,5
CZ6335,5
CZ1480,5
CZ8959,5
CZ1934,5
CZ1964,5
CZ7025,5
CZ6821,5
CZ4089,5
CZ9497,5
CZ8797,5
CZ7134,5
CZ4227,5
CZ9381,5
CZ9109,5
CZ1928,5
CZ6657,5
CZ3330,5
CZ4212,5
CZ4546,5
CZ4276,5
CZ6647,5
CZ3895,5
CZ6195,5
CZ6253,5
CZ6337,5
CZ7115,5
CZ1920,5
CZ3958,5
CZ4731,5
CZ6282,5
CZ4152,5
CZ9483,5
CZ5861,5
CZ6731,5
CZ3977,5
CZ4047,5
CZ7076,5
CZ9271,5
CZ6521,5
CZ9241,5
CZ9057,5
CZ9249,5
CZ3533,5
CZ9098,5
CZ9301,5
CZ1930,5
CZ6591,5
CZ16,5
CZ7164,5
CZ1957,5
CZ37,5
CZ4391,5
CZ210,5
CZ4917,5
CZ1916,5
CZ4960,5
CZ9017,5
CZ1974,5
CZ9142,5
CZ9076,5
CZ4322,5
CZ4429,5
CZ4365,5
CZ4120,5
CZ4166,5
CZ120,5
CZ9090,5
CZ9116,5
CZ165,5
CZ215,5
CZ9022,5
CZ4452,5
CZ4765,5
CZ4043,5
CZ4504,5
CZ48,5
CZ4065,5
CZ1472,5
CZ4320,5
CZ8540,5
CZ1449,5
CZ4468,5
CZ6134,5
CZ222,5
CZ4961,5
CZ9481,5
CZ9493,5
CZ6443,5
CZ118,5
CZ8554,5
CZ1877,5
CZ4014,5
CZ4424,5
CZ9055,5
CZ6748,5
CZ9044,5
CZ4102,5
CZ7118,5
CZ4359,5
CZ9263,5
CZ1925,5
CZ4383,5
CZ9137,5
CZ9303,5
CZ1902,5
CZ9160,5
CZ9331,5
CZ4082,5
CZ4609,5
CZ9106,5
CZ45,5
CZ4361,5
CZ1482,5
CZ9275,5
CZ4348,5
CZ4287,5
CZ9297,5
CZ4180,5
CZ9429,5
CZ9144,5
CZ7095,5
CZ6832,5
CZ78,5
CZ4012,5
CZ3474,5
CZ4490,5
CZ4500,5
CZ4309,5
CZ4935,5
CZ9193,5
CZ9257,5
CZ7159,5
CZ9035,5
CZ1577,5
CZ4114,5
CZ4859,5
CZ9474,5
CZ206,5
CZ1404,5
CZ4542,5
CZ9063,5
CZ7291,5
CZ6123,5
CZ3628,5
CZ3320,5
CZ6786,5
CZ3763,5
CZ4941,5
CZ4975,5
CZ4522,5
CZ4558,5
CZ124,5
CZ1489,5
CZ1947,5
CZ88,5
CZ1968,5
CZ4233,5
CZ190,5
CZ290,5
CZ4130,5
CZ1910,5
CZ4401,5
CZ9419,5
CZ74,5
CZ4224,5
CZ7077,5
CZ9159,5
CZ9147,5
CZ4056,5
CZ1924,5
CZ4382,5
CZ4713,5
CZ7441,5
CZ3351,5
CZ3568,5
CZ4285,5
CZ9071,5
CZ9131,5
CZ4929,5
CZ7121,5
CZ1599,5
CZ3549,5
CZ4272,5
CZ4867,5
CZ19,5
CZ1953,5
CZ128,5
CZ4148,5
CZ9281,5
CZ9255,5
CZ1436,5
CZ4861,5
CZ4863,5
CZ6648,5
CZ4789,5
CZ9425,5
CZ1456,5
CZ4821,5
CZ9152,5
CZ7129,5
CZ136,5
CZ4809,5
CZ4338,5
CZ70,5
CZ6774,5
CZ3380,5
CZ3505,5
CZ3437,5
CZ3803,5
CZ6126,5
CZ5983,5
CZ1940,5
CZ41,5
CZ4618,5
CZ4375,5
CZ1926,5
CZ4163,5
CZ99,5
CZ4207,5
CZ4390,5
CZ4515,5
CZ4155,5
CZ9141,5
CZ9175,5
CZ8,5
CZ4216,5
CZ4083,5
CZ1956,5
CZ4761,5
CZ167,5
CZ4895,5
CZ4342,5
CZ4024,5
CZ4428,5
CZ4751,5
CZ1876,5
CZ43,5
CZ7016,5
CZ4046,5
CZ4165,5
CZ6108,5
CZ4629,5
CZ4417,5
CZ1913,5
CZ214,5
CZ4303,5
CZ7078,5
CZ9336,5
CZ9364,5
CZ123,5
CZ4437,5
CZ9139,5
CZ4947,5
CZ1445,5
CZ1856,5
CZ4057,5
CZ1929,5
CZ4206,5
CZ4763,5
CZ7047,5
CZ98,5
CZ155,5
CZ9145,5
CZ9177,5
CZ9143,5
CZ9133,5
CZ5199,5
CZ8547,5
CZ6101,5
CZ5799,5
CZ4096,5
CZ8663,5
CZ4072,5
CZ5791,5
CZ1887,5
CZ4993,5
CZ1976,5
CZ8974,5
CZ5161,5
CZ8619,5
CZ4747,5
CZ4983,5
CZ196,5
CZ1561,5
CZ246,5
CZ3796,5
CZ5266,5
CZ3629,5
CZ3770,5
CZ4804,5
CZ4475,5
CZ4288,5
CZ7175,5
CZ4827,5
CZ4871,5
CZ9084,5
CZ7093,5
CZ4830,5
CZ4374,5
CZ4298,5
CZ4116,5
CZ9473,5
CZ7041,5
CZ7039,5
CZ4471,5
CZ1418,5
CZ7168,5
CZ4775,5
CZ34,5
CZ2061,5
CZ9280,5
CZ5976,5
CZ6464,5
CZ9485,5
CZ4905,5
CZ4721,5
CZ4009,5
CZ9431,5
CZ6234,5
CZ1411,5
CZ84,5
CZ9329,5
CZ6138,5
CZ20,5
CZ236,5
CZ1944,5
CZ4164,5
CZ1478,5
CZ4450,5
CZ4995,5
CZ7101,5
CZ9166,5
CZ252,5
CZ9330,5
CZ4159,5
CZ4332,5
CZ1470,5
CZ4045,5
CZ7045,5
CZ4524,5
CZ9416,5
CZ4840,5
CZ4011,5
CZ13,5
CZ9205,5
CZ4354,5
CZ132,5
CZ9135,5
CZ1492,5
CZ1484,5
CZ9251,5
CZ27,5
CZ4366,5
CZ7096,5
CZ4972,5
CZ4176,5
CZ9016,5
CZ9385,5
CZ1474,5
CZ6256,5
CZ4528,5
CZ9111,5
CZ4498,5
CZ4029,5
CZ4828,5
CZ234,5
CZ4270,5
CZ4240,5
CZ9287,5
CZ4824,5
CZ4395,5
CZ1410,5
CZ8407,5
CZ5835,5
CZ9083,5
CZ6845,5
CZ9309,5
CZ1864,5
CZ3749,5
CZ4300,5
CZ6795,5
CZ6699,5
CZ6227,5
CZ4812,5
CZ4788,5
CZ9181,5
CZ4301,5
CZ4058,5
CZ31,5
CZ4838,5
CZ1597,5
CZ7008,4
CZ32,4
CZ4873,4
CZ7179,4
CZ4540,4
CZ4403,4
CZ1905,4
CZ21,4
CZ9182,4
CZ181,4
CZ4815,4
CZ4311,4
CZ4283,4
CZ90,4
CZ4431,4
CZ4831,4
CZ100,4
CZ46,4
CZ4258,4
CZ4208,4
CZ9074,4
CZ202,4
CZ208,4
CZ168,4
CZ9157,4
CZ9058,4
CZ9050,4
CZ1490,4
CZ4117,4
CZ4299,4
CZ4062,4
CZ4289,4
CZ4318,4
CZ7176,4
CZ4441,4
CZ9204,4
CZ1922,4
CZ4793,4
CZ4610,4
CZ4353,4
CZ9298,4
CZ4103,4
CZ9140,4
CZ9138,4
CZ1970,4
CZ4028,4
CZ29,4
CZ9048,4
CZ9304,4
CZ97,4
CZ1787,4
CZ4132,4
CZ4191,4
CZ6756,4
CZ4925,4
CZ1904,4
CZ4616,4
CZ94,4
CZ9046,4
CZ9327,4
CZ9268,4
CZ4668,4
CZ50,4
CZ4211,4
CZ4393,4
CZ9468,4
CZ72,4
CZ4274,4
CZ4281,4
CZ4443,4
CZ5608,4
CZ4879,4
CZ1419,4
CZ4915,4
CZ130,4
CZ4037,4
CZ7087,4
CZ1500,4
CZ4110,4
CZ6558,4
CZ1845,4
CZ9067,4
CZ4647,4
CZ6442,4
CZ6472,4
CZ7146,4
CZ4149,4
CZ4994,4
CZ4948,4
CZ9318,4
CZ4005,4
CZ9156,4
CZ4071,4
CZ9203,4
CZ7018,4
CZ1954,4
CZ9024,4
CZ9162,4
CZ4660,4
CZ4279,4
CZ9408,4
CZ4813,4
CZ4605,4
CZ4903,4
CZ4837,4
CZ4399,4
CZ4739,4
CZ1579,4
CZ3894,4
CZ82,4
CZ9061,4
CZ7002,4
CZ4963,4
CZ9105,4
CZ4825,4
CZ3465,4
CZ1782,4
CZ11,4
CZ1955,4
CZ35,4
CZ4451,4
CZ4160,4
CZ9173,4
CZ9317,4
CZ4919,4
CZ4877,4
CZ9355,4
CZ4829,4
CZ1945,4
CZ9343,4
CZ9191,4
CZ4933,4
CZ4284,4
CZ9113,4
CZ4228,4
CZ9185,4
CZ9121,4
CZ7161,4
CZ9199,4
CZ9155,4
CZ4444,4
CZ7443,4
CZ6219,4
CZ1819,4
CZ6145,4
CZ3591,4
CZ3811,4
CZ3463,4
CZ3521,4
CZ3513,4
CZ9081,4
CZ6221,4
CZ3578,4
CZ7145,4
CZ7083,4
CZ6163,4
CZ9056,4
CZ4945,4
CZ9349,4
CZ6703,4
CZ3117,4
CZ6823,4
CZ6877,4
CZ1,4
CZ68,4
CZ33,4
CZ195,4
CZ3713,4
CZ3523,4
CZ5485,4
CZ3257,4
CZ3727,4
CZ3777,4
CZ3723,4
CZ3199,4
CZ3311,4
CZ3201,4
CZ3354,4
CZ6919,4
CZ6317,4
CZ6797,4
CZ8738,4
CZ1942,4
CZ1960,4
CZ142,4
CZ3785,4
CZ3674,4
CZ3661,4
CZ1786,4
CZ1885,4
CZ7285,4
CZ6810,4
CZ6201,4
CZ6257,4
CZ217,4
CZ3431,4
CZ9389,4
CZ3366,4
CZ8284,4
CZ9299,4
CZ4418,4
CZ4124,4
CZ4010,4
CZ6213,4
CZ6590,4
CZ6439,4
CZ6125,4
CZ3123,4
CZ4541,4
CZ9273,4
CZ3721,4
CZ3196,4
CZ3240,4
CZ9413,4
CZ7065,4
CZ6545,4
CZ9415,4
CZ6335,4
CZ1480,4
CZ8959,4
CZ1934,4
CZ1964,4
CZ7025,4
CZ6821,4
CZ4089,4
CZ9497,4
CZ8797,4
CZ7134,4
CZ4227,4
CZ9381,4
CZ9109,4
CZ1928,4
CZ6657,4
CZ3330,4
CZ4212,4
CZ4546,4
CZ4276,4
CZ6647,4
CZ3895,4
CZ6195,4
CZ6253,4
CZ6337,4
CZ7115,4
CZ1920,4
CZ3958,4
CZ4731,4
CZ6282,4
CZ4152,4
CZ9483,4
CZ5861,4
CZ6731,4
CZ3977,4
CZ4047,4
CZ7076,4
CZ9271,4
CZ6521,4
CZ9241,4
CZ9057,4
CZ9249,4
CZ3533,4
CZ9098,4
CZ9301,4
CZ1930,4
CZ6591,4
CZ16,4
CZ7164,4
CZ1957,4
CZ37,4
CZ4391,4
CZ210,4
CZ4917,4
CZ1916,4
CZ4960,4
CZ9017,4
CZ1974,4
CZ9142,4
CZ9076,4
CZ4322,4
CZ4429,4
CZ4365,4
CZ4120,4
CZ4166,4
CZ120,4
CZ9090,4
CZ9116,4
CZ165,4
CZ215,4
CZ9022,4
CZ4452,4
CZ4765,4
CZ4043,4
CZ4504,4
CZ48,4
CZ4065,4
CZ1472,4
CZ4320,4
CZ8540,4
CZ1449,4
CZ4468,4
CZ6134,4
CZ222,4
CZ4961,4
CZ9481,4
CZ9493,4
CZ6443,4
CZ118,4
CZ8554,4
CZ1877,4
CZ4014,4
CZ4424,4
CZ9055,4
CZ6748,4
CZ9044,4
CZ4102,4
CZ7118,4
CZ4359,4
CZ9263,4
CZ1925,4
CZ4383,4
CZ9137,4
CZ9303,4
CZ1902,4
CZ9160,4
CZ9331,4
CZ4082,4
CZ4609,4
CZ9106,4
CZ45,4
CZ4361,4
CZ1482,4
CZ9275,4
CZ4348,4
CZ4287,4
CZ9297,4
CZ4180,4
CZ9429,4
CZ9144,4
CZ7095,4
CZ6832,4
CZ78,4
CZ4012,4
CZ3474,4
CZ4490,4
CZ4500,4
CZ4309,4
CZ4935,4
CZ9193,4
CZ9257,4
CZ7159,4
CZ9035,4
CZ1577,4
CZ4114,4
CZ4859,4
CZ9474,4
CZ206,4
CZ1404,4
CZ4542,4
CZ9063,4
CZ7291,4
CZ6123,4
CZ3628,4
CZ3320,4
CZ6786,4
CZ3763,4
CZ4941,4
CZ4975,4
CZ4522,4
CZ4558,4
CZ124,4
CZ1489,4
CZ1947,4
CZ88,4
CZ1968,4
CZ4233,4
CZ190,4
CZ290,4
CZ4130,4
CZ1910,4
CZ4401,4
CZ9419,4
CZ74,4
CZ4224,4
CZ7077,4
CZ9159,4
CZ9147,4
CZ4056,4
CZ1924,4
CZ4382,4
CZ4713,4
CZ7441,4
CZ3351,4
CZ3568,4
CZ4285,4
CZ9071,4
CZ9131,4
CZ4929,4
CZ7121,4
CZ1599,4
CZ3549,4
CZ4272,4
CZ4867,4
CZ19,4
CZ1953,4
CZ128,4
CZ4148,4
CZ9281,4
CZ9255,4
CZ1436,4
CZ4861,4
CZ4863,4
CZ6648,4
CZ4789,4
CZ9425,4
CZ1456,4
CZ4821,4
CZ9152,4
CZ7129,4
CZ136,4
CZ4809,4
CZ4338,4
CZ70,4
CZ6774,4
CZ3380,4
CZ3505,4
CZ3437,4
CZ3803,4
CZ6126,4
CZ5983,4
CZ1940,4
CZ41,4
CZ4618,4
CZ4375,4
CZ1926,4
CZ4163,4
CZ99,4
CZ4207,4
CZ4390,4
CZ4515,4
CZ4155,4
CZ9141,4
CZ9175,4
CZ8,4
CZ4216,4
CZ4083,4
CZ1956,4
CZ4761,4
CZ167,4
CZ4895,4
CZ4342,4
CZ4024,4
CZ4428,4
CZ4751,4
CZ1876,4
CZ43,4
CZ7016,4
CZ4046,4
CZ4165,4
CZ6108,4
CZ4629,4
CZ4417,4
CZ1913,4
CZ214,4
CZ4303,4
CZ7078,4
CZ9336,4
CZ9364,4
CZ123,4
CZ4437,4
CZ9139,4
CZ4947,4
CZ1445,4
CZ1856,4
CZ4057,4
CZ1929,4
CZ4206,4
CZ4763,4
CZ7047,4
CZ98,4
CZ155,4
CZ9145,4
CZ9177,4
CZ9143,4
CZ9133,4
CZ5199,4
CZ8547,4
CZ6101,4
CZ5799,4
CZ4096,4
CZ8663,4
CZ4072,4
CZ5791,4
CZ1887,4
CZ4993,4
CZ1976,4
CZ8974,4
CZ5161,4
CZ8619,4
CZ4747,4
CZ4983,4
CZ196,4
CZ1561,4
CZ246,4
CZ3796,4
CZ5266,4
CZ3629,4
CZ3770,4
CZ4804,4
CZ4475,4
CZ4288,4
CZ7175,4
CZ4827,4
CZ4871,4
CZ9084,4
CZ7093,4
CZ4830,4
CZ4374,4
CZ4298,4
CZ4116,4
CZ9473,4
CZ7041,4
CZ7039,4
CZ4471,4
CZ1418,4
CZ7168,4
CZ4775,4
CZ34,4
CZ2061,4
CZ9280,4
CZ5976,4
CZ6464,4
CZ9485,4
CZ4905,4
CZ4721,4
CZ4009,4
CZ9431,4
CZ6234,4
CZ1411,4
CZ84,4
CZ9329,4
CZ6138,4
CZ20,4
CZ236,4
CZ1944,4
CZ4164,4
CZ1478,4
CZ4450,4
CZ4995,4
CZ7101,4
CZ9166,4
CZ252,4
CZ9330,4
CZ4159,4
CZ4332,4
CZ1470,4
CZ4045,4
CZ7045,4
CZ4524,4
CZ9416,4
CZ4840,4
CZ4011,4
CZ13,4
CZ9205,4
CZ4354,4
CZ132,4
CZ9135,4
CZ1492,4
CZ1484,4
CZ9251,4
CZ27,4
CZ4366,4
CZ7096,4
CZ4972,4
CZ4176,4
CZ9016,4
CZ9385,4
CZ1474,4
CZ6256,4
CZ4528,4
CZ9111,4
CZ4498,4
CZ4029,4
CZ4828,4
CZ234,4
CZ4270,4
CZ4240,4
CZ9287,4
CZ4824,4
CZ4395,4
CZ1410,4
CZ8407,4
CZ5835,4
CZ9083,4
CZ6845,4
CZ9309,4
CZ1864,4
CZ3749,4
CZ4300,4
CZ6795,4
CZ6699,4
CZ6227,4
CZ4812,4
CZ4788,4
CZ9181,4
CZ4301,4
CZ4058,4
CZ31,4
CZ4838,4
CZ1597,4
CZ7008,3
CZ32,3
CZ4873,3
CZ7179,3
CZ4540,3
CZ4403,3
CZ1905,3
CZ21,3
CZ9182,3
CZ181,3
CZ4815,3
CZ4311,3
CZ4283,3
CZ90,3
CZ4431,3
CZ4831,3
CZ100,3
CZ46,3
CZ4258,3
CZ4208,3
CZ9074,3
CZ202,3
CZ208,3
CZ168,3
CZ9157,3
CZ9058,3
CZ9050,3
CZ1490,3
CZ4117,3
CZ4299,3
CZ4062,3
CZ4289,3
CZ4318,3
CZ7176,3
CZ4441,3
CZ9204,3
CZ1922,3
CZ4793,3
CZ4610,3
CZ4353,3
CZ9298,3
CZ4103,3
CZ9140,3
CZ9138,3
CZ1970,3
CZ4028,3
CZ29,3
CZ9048,3
CZ9304,3
CZ97,3
CZ1787,3
CZ4132,3
CZ4191,3
CZ6756,3
CZ4925,3
CZ1904,3
CZ4616,3
CZ94,3
CZ9046,3
CZ9327,3
CZ9268,3
CZ4668,3
CZ50,3
CZ4211,3
CZ4393,3
CZ9468,3
CZ72,3
CZ4274,3
CZ4281,3
CZ4443,3
CZ5608,3
CZ4879,3
CZ1419,3
CZ4915,3
CZ130,3
CZ4037,3
CZ7087,3
CZ1500,3
CZ4110,3
CZ6558,3
CZ1845,3
CZ9067,3
CZ4647,3
CZ6442,3
CZ6472,3
CZ7146,3
CZ4149,3
CZ4994,3
CZ4948,3
CZ9318,3
CZ4005,3
CZ9156,3
CZ4071,3
CZ9203,3
CZ7018,3
CZ1954,3
CZ9024,3
CZ9162,3
CZ4660,3
CZ4279,3
CZ9408,3
CZ4813,3
CZ4605,3
CZ4903,3
CZ4837,3
CZ4399,3
CZ4739,3
CZ1579,3
CZ3894,3
CZ82,3
CZ9061,3
CZ7002,3
CZ4963,3
CZ9105,3
CZ4825,3
CZ3465,3
CZ1782,3
CZ11,3
CZ1955,3
CZ35,3
CZ4451,3
CZ4160,3
CZ9173,3
CZ9317,3
CZ4919,3
CZ4877,3
CZ9355,3
CZ4829,3
CZ1945,3
CZ9343,3
CZ9191,3
CZ4933,3
CZ4284,3
CZ9113,3
CZ4228,3
CZ9185,3
CZ9121,3
CZ7161,3
CZ9199,3
CZ9155,3
CZ4444,3
CZ7443,3
CZ6219,3
CZ1819,3
CZ6145,3
CZ3591,3
CZ3811,3
CZ3463,3
CZ3521,3
CZ3513,3
CZ9081,3
CZ6221,3
CZ3578,3
CZ7145,3
CZ7083,3
CZ6163,3
CZ9056,3
CZ4945,3
CZ9349,3
CZ6703,3
CZ3117,3
CZ6823,3
CZ6877,3
CZ1,3
CZ68,3
CZ33,3
CZ195,3
CZ3713,3
CZ3523,3
CZ5485,3
CZ3257,3
CZ3727,3
CZ3777,3
CZ3723,3
CZ3199,3
CZ3311,3
CZ3201,3
CZ3354,3
CZ6919,3
CZ6317,3
CZ6797,3
CZ8738,3
CZ1942,3
CZ1960,3
CZ142,3
CZ3785,3
CZ3674,3
CZ3661,3
CZ1786,3
CZ1885,3
CZ7285,3
CZ6810,3
CZ6201,3
CZ6257,3
CZ217,3
CZ3431,3
CZ9389,3
CZ3366,3
CZ8284,3
CZ9299,3
CZ4418,3
CZ4124,3
CZ4010,3
CZ6213,3
CZ6590,3
CZ6439,3
CZ6125,3
CZ3123,3
CZ4541,3
CZ9273,3
CZ3721,3
CZ3196,3
CZ3240,3
CZ9413,3
CZ7065,3
CZ6545,3
CZ9415,3
CZ6335,3
CZ1480,3
CZ8959,3
CZ1934,3
CZ1964,3
CZ7025,3
CZ6821,3
CZ4089,3
CZ9497,3
CZ8797,3
CZ7134,3
CZ4227,3
CZ9381,3
CZ9109,3
CZ1928,3
CZ6657,3
CZ3330,3
CZ4212,3
CZ4546,3
CZ4276,3
CZ6647,3
CZ3895,3
CZ6195,3
CZ6253,3
CZ6337,3
CZ7115,3
CZ1920,3
CZ3958,3
CZ4731,3
CZ6282,3
CZ4152,3
CZ9483,3
CZ5861,3
CZ6731,3
CZ3977,3
CZ4047,3
CZ7076,3
CZ9271,3
CZ6521,3
CZ9241,3
CZ9057,3
CZ9249,3
CZ3533,3
CZ9098,3
CZ9301,3
CZ1930,3
CZ6591,3
CZ16,3
CZ7164,3
CZ1957,3
CZ37,3
CZ4391,3
CZ210,3
CZ4917,3
CZ1916,3
CZ4960,3
CZ9017,3
CZ1974,3
CZ9142,3
CZ9076,3
CZ4322,3
CZ4429,3
CZ4365,3
CZ4120,3
CZ4166,3
CZ120,3
CZ9090,3
CZ9116,3
CZ165,3
CZ215,3
CZ9022,3
CZ4452,3
CZ4765,3
CZ4043,3
CZ4504,3
CZ48,3
CZ4065,3
CZ1472,3
CZ4320,3
CZ8540,3
CZ1449,3
CZ4468,3
CZ6134,3
CZ222,3
CZ4961,3
CZ9481,3
CZ9493,3
CZ6443,3
CZ118,3
CZ8554,3
CZ1877,3
CZ4014,3
CZ4424,3
CZ9055,3
CZ6748,3
CZ9044,3
CZ4102,3
CZ7118,3
CZ4359,3
CZ9263,3
CZ1925,3
CZ4383,3
CZ9137,3
CZ9303,3
CZ1902,3
CZ9160,3
CZ9331,3
CZ4082,3
CZ4609,3
CZ9106,3
CZ45,3
CZ4361,3
CZ1482,3
CZ9275,3
CZ4348,3
CZ4287,3
CZ9297,3
CZ4180,3
CZ9429,3
CZ9144,3
CZ7095,3
CZ6832,3
CZ78,3
CZ4012,3
CZ3474,3
CZ4490,3
CZ4500,3
CZ4309,3
CZ4935,3
CZ9193,3
CZ9257,3
CZ7159,3
CZ9035,3
CZ1577,3
CZ4114,3
CZ4859,3
CZ9474,3
CZ206,3
CZ1404,3
CZ4542,3
CZ9063,3
CZ7291,3
CZ6123,3
CZ3628,3
CZ3320,3
CZ6786,3
CZ3763,3
CZ4941,3
CZ4975,3
CZ4522,3
CZ4558,3
CZ124,3
CZ1489,3
CZ1947,3
CZ88,3
CZ1968,3
CZ4233,3
CZ190,3
CZ290,3
CZ4130,3
CZ1910,3
CZ4401,3
CZ9419,3
CZ74,3
CZ4224,3
CZ7077,3
CZ9159,3
CZ9147,3
CZ4056,3
CZ1924,3
CZ4382,3
CZ4713,3
CZ7441,3
CZ3351,3
CZ3568,3
CZ4285,3
CZ9071,3
CZ9131,3
CZ4929,3
CZ7121,3
CZ1599,3
CZ3549,3
CZ4272,3
CZ4867,3
CZ19,3
CZ1953,3
CZ128,3
CZ4148,3
CZ9281,3
CZ9255,3
CZ1436,3
CZ4861,3
CZ4863,3
CZ6648,3
CZ4789,3
CZ9425,3
CZ1456,3
CZ4821,3
CZ9152,3
CZ7129,3
CZ136,3
CZ4809,3
CZ4338,3
CZ70,3
CZ6774,3
CZ3380,3
CZ3505,3
CZ3437,3
CZ3803,3
CZ6126,3
CZ5983,3
CZ1940,3
CZ41,3
CZ4618,3
CZ4375,3
CZ1926,3
CZ4163,3
CZ99,3
CZ4207,3
CZ4390,3
CZ4515,3
CZ4155,3
CZ9141,3
CZ9175,3
CZ8,3
CZ4216,3
CZ4083,3
CZ1956,3
CZ4761,3
CZ167,3
CZ4895,3
CZ4342,3
CZ4024,3
CZ4428,3
CZ4751,3
CZ1876,3
CZ43,3
CZ7016,3
CZ4046,3
CZ4165,3
CZ6108,3
CZ4629,3
CZ4417,3
CZ1913,3
CZ214,3
CZ4303,3
CZ7078,3
CZ9336,3
CZ9364,3
CZ123,3
CZ4437,3
CZ9139,3
CZ4947,3
CZ1445,3
CZ1856,3
CZ4057,3
CZ1929,3
CZ4206,3
CZ4763,3
CZ7047,3
CZ98,3
CZ155,3
CZ9145,3
CZ9177,3
CZ9143,3
CZ9133,3
CZ5199,3
CZ8547,3
CZ6101,3
CZ5799,3
CZ4096,3
CZ8663,3
CZ4072,3
CZ5791,3
CZ1887,3
CZ4993,3
CZ1976,3
CZ8974,3
CZ5161,3
CZ8619,3
CZ4747,3
CZ4983,3
CZ196,3
CZ1561,3
CZ246,3
CZ3796,3
CZ5266,3
CZ3629,3
CZ3770,3
CZ4804,3
CZ4475,3
CZ4288,3
CZ7175,3
CZ4827,3
CZ4871,3
CZ9084,3
CZ7093,3
CZ4830,3
CZ4374,3
CZ4298,3
CZ4116,3
CZ9473,3
CZ7041,3
CZ7039,3
CZ4471,3
CZ1418,3
CZ7168,3
CZ4775,3
CZ34,3
CZ2061,3
CZ9280,3
CZ5976,3
CZ6464,3
CZ9485,3
CZ4905,3
CZ4721,3
CZ4009,3
CZ9431,3
CZ6234,3
CZ1411,3
CZ84,3
CZ9329,3
CZ6138,3
CZ20,3
CZ236,3
CZ1944,3
CZ4164,3
CZ1478,3
CZ4450,3
CZ4995,3
CZ7101,3
CZ9166,3
CZ252,3
CZ9330,3
CZ4159,3
CZ4332,3
CZ1470,3
CZ4045,3
CZ7045,3
CZ4524,3
CZ9416,3
CZ4840,3
CZ4011,3
CZ13,3
CZ9205,3
CZ4354,3
CZ132,3
CZ9135,3
CZ1492,3
CZ1484,3
CZ9251,3
CZ27,3
CZ4366,3
CZ7096,3
CZ4972,3
CZ4176,3
CZ9016,3
CZ9385,3
CZ1474,3
CZ6256,3
CZ4528,3
CZ9111,3
CZ4498,3
CZ4029,3
CZ4828,3
CZ234,3
CZ4270,3
CZ4240,3
CZ9287,3
CZ4824,3
CZ4395,3
CZ1410,3
CZ8407,3
CZ5835,3
CZ9083,3
CZ6845,3
CZ9309,3
CZ1864,3
CZ3749,3
CZ4300,3
CZ6795,3
CZ6699,3
CZ6227,3
CZ4812,3
CZ4788,3
CZ9181,3
CZ4301,3
CZ4058,3
CZ31,3
CZ4838,3
CZ1597,3
CZ7008,2
CZ32,2
CZ4873,2
CZ7179,2
CZ4540,2
CZ4403,2
CZ1905,2
CZ21,2
CZ9182,2
CZ181,2
CZ4815,2
CZ4311,2
CZ4283,2
CZ90,2
CZ4431,2
CZ4831,2
CZ100,2
CZ46,2
CZ4258,2
CZ4208,2
CZ9074,2
CZ202,2
CZ208,2
CZ168,2
CZ9157,2
CZ9058,2
CZ9050,2
CZ1490,2
CZ4117,2
CZ4299,2
CZ4062,2
CZ4289,2
CZ4318,2
CZ7176,2
CZ4441,2
CZ9204,2
CZ1922,2
CZ4793,2
CZ4610,2
CZ4353,2
CZ9298,2
CZ4103,2
CZ9140,2
CZ9138,2
CZ1970,2
CZ4028,2
CZ29,2
CZ9048,2
CZ9304,2
CZ97,2
CZ1787,2
CZ4132,2
CZ4191,2
CZ6756,2
CZ4925,2
CZ1904,2
CZ4616,2
CZ94,2
CZ9046,2
CZ9327,2
CZ9268,2
CZ4668,2
CZ50,2
CZ4211,2
CZ4393,2
CZ9468,2
CZ72,2
CZ4274,2
CZ4281,2
CZ4443,2
CZ5608,2
CZ4879,2
CZ1419,2
CZ4915,2
CZ130,2
CZ4037,2
CZ7087,2
CZ1500,2
CZ4110,2
CZ6558,2
CZ1845,2
CZ9067,2
CZ4647,2
CZ6442,2
CZ6472,2
CZ7146,2
CZ4149,2
CZ4994,2
CZ4948,2
CZ9318,2
CZ4005,2
CZ9156,2
CZ4071,2
CZ9203,2
CZ7018,2
CZ1954,2
CZ9024,2
CZ9162,2
CZ4660,2
CZ4279,2
CZ9408,2
CZ4813,2
CZ4605,2
CZ4903,2
CZ4837,2
CZ4399,2
CZ4739,2
CZ1579,2
CZ3894,2
CZ82,2
CZ9061,2
CZ7002,2
CZ4963,2
CZ9105,2
CZ4825,2
CZ3465,2
CZ1782,2
CZ11,2
CZ1955,2
CZ35,2
CZ4451,2
CZ4160,2
CZ9173,2
CZ9317,2
CZ4919,2
CZ4877,2
CZ9355,2
CZ4829,2
CZ1945,2
CZ9343,2
CZ9191,2
CZ4933,2
CZ4284,2
CZ9113,2
CZ4228,2
CZ9185,2
CZ9121,2
CZ7161,2
CZ9199,2
CZ9155,2
CZ4444,2
CZ7443,2
CZ6219,2
CZ1819,2
CZ6145,2
CZ3591,2
CZ3811,2
CZ3463,2
CZ3521,2
CZ3513,2
CZ9081,2
CZ6221,2
CZ3578,2
CZ7145,2
CZ7083,2
CZ6163,2
CZ9056,2
CZ4945,2
CZ9349,2
CZ6703,2
CZ3117,2
CZ6823,2
CZ6877,2
CZ1,2
CZ68,2
CZ33,2
CZ195,2
CZ3713,2
CZ3523,2
CZ5485,2
CZ3257,2
CZ3727,2
CZ3777,2
CZ3723,2
CZ3199,2
CZ3311,2
CZ3201,2
CZ3354,2
CZ6919,2
CZ6317,2
CZ6797,2
CZ8738,2
CZ1942,2
CZ1960,2
CZ142,2
CZ3785,2
CZ3674,2
CZ3661,2
CZ1786,2
CZ1885,2
CZ7285,2
CZ6810,2
CZ6201,2
CZ6257,2
CZ217,2
CZ3431,2
CZ9389,2
CZ3366,2
CZ8284,2
CZ9299,2
CZ4418,2
CZ4124,2
CZ4010,2
CZ6213,2
CZ6590,2
CZ6439,2
CZ6125,2
CZ3123,2
CZ4541,2
CZ9273,2
CZ3721,2
CZ3196,2
CZ3240,2
CZ9413,2
CZ7065,2
CZ6545,2
CZ9415,2
CZ6335,2
CZ1480,2
CZ8959,2
CZ1934,2
CZ1964,2
CZ7025,2
CZ6821,2
CZ4089,2
CZ9497,2
CZ8797,2
CZ7134,2
CZ4227,2
CZ9381,2
CZ9109,2
CZ1928,2
CZ6657,2
CZ3330,2
CZ4212,2
CZ4546,2
CZ4276,2
CZ6647,2
CZ3895,2
CZ6195,2
CZ6253,2
CZ6337,2
CZ7115,2
CZ1920,2
CZ3958,2
CZ4731,2
CZ6282,2
CZ4152,2
CZ9483,2
CZ5861,2
CZ6731,2
CZ3977,2
CZ4047,2
CZ7076,2
CZ9271,2
CZ6521,2
CZ9241,2
CZ9057,2
CZ9249,2
CZ3533,2
CZ9098,2
CZ9301,2
CZ1930,2
CZ6591,2
CZ16,2
CZ7164,2
CZ1957,2
CZ37,2
CZ4391,2
CZ210,2
CZ4917,2
CZ1916,2
CZ4960,2
CZ9017,2
CZ1974,2
CZ9142,2
CZ9076,2
CZ4322,2
CZ4429,2
CZ4365,2
CZ4120,2
CZ4166,2
CZ120,2
CZ9090,2
CZ9116,2
CZ165,2
CZ215,2
CZ9022,2
CZ4452,2
CZ4765,2
CZ4043,2
CZ4504,2
CZ48,2
CZ4065,2
CZ1472,2
CZ4320,2
CZ8540,2
CZ1449,2
CZ4468,2
CZ6134,2
CZ222,2
CZ4961,2
CZ9481,2
CZ9493,2
CZ6443,2
CZ118,2
CZ8554,2
CZ1877,2
CZ4014,2
CZ4424,2
CZ9055,2
CZ6748,2
CZ9044,2
CZ4102,2
CZ7118,2
CZ4359,2
CZ9263,2
CZ1925,2
CZ4383,2
CZ9137,2
CZ9303,2
CZ1902,2
CZ9160,2
CZ9331,2
CZ4082,2
CZ4609,2
CZ9106,2
CZ45,2
CZ4361,2
CZ1482,2
CZ9275,2
CZ4348,2
CZ4287,2
CZ9297,2
CZ4180,2
CZ9429,2
CZ9144,2
CZ7095,2
CZ6832,2
CZ78,2
CZ4012,2
CZ3474,2
CZ4490,2
CZ4500,2
CZ4309,2
CZ4935,2
CZ9193,2
CZ9257,2
CZ7159,2
CZ9035,2
CZ1577,2
CZ4114,2
CZ4859,2
CZ9474,2
CZ206,2
CZ1404,2
CZ4542,2
CZ9063,2
CZ7291,2
CZ6123,2
CZ3628,2
CZ3320,2
CZ6786,2
CZ3763,2
CZ4941,2
CZ4975,2
CZ4522,2
CZ4558,2
CZ124,2
CZ1489,2
CZ1947,2
CZ88,2
CZ1968,2
CZ4233,2
CZ190,2
CZ290,2
CZ4130,2
CZ1910,2
CZ4401,2
CZ9419,2
CZ74,2
CZ4224,2
CZ7077,2
CZ9159,2
CZ9147,2
CZ4056,2
CZ1924,2
CZ4382,2
CZ4713,2
CZ7441,2
CZ3351,2
CZ3568,2
CZ4285,2
CZ9071,2
CZ9131,2
CZ4929,2
CZ7121,2
CZ1599,2
CZ3549,2
CZ4272,2
CZ4867,2
CZ19,2
CZ1953,2
CZ128,2
CZ4148,2
CZ9281,2
CZ9255,2
CZ1436,2
CZ4861,2
CZ4863,2
CZ6648,2
CZ4789,2
CZ9425,2
CZ1456,2
CZ4821,2
CZ9152,2
CZ7129,2
CZ136,2
CZ4809,2
CZ4338,2
CZ70,2
CZ6774,2
CZ3380,2
CZ3505,2
CZ3437,2
CZ3803,2
CZ6126,2
CZ5983,2
CZ1940,2
CZ41,2
CZ4618,2
CZ4375,2
CZ1926,2
CZ4163,2
CZ99,2
CZ4207,2
CZ4390,2
CZ4515,2
CZ4155,2
CZ9141,2
CZ9175,2
CZ8,2
CZ4216,2
CZ4083,2
CZ1956,2
CZ4761,2
CZ167,2
CZ4895,2
CZ4342,2
CZ4024,2
CZ4428,2
CZ4751,2
CZ1876,2
CZ43,2
CZ7016,2
CZ4046,2
CZ4165,2
CZ6108,2
CZ4629,2
CZ4417,2
CZ1913,2
CZ214,2
CZ4303,2
CZ7078,2
CZ9336,2
CZ9364,2
CZ123,2
CZ4437,2
CZ9139,2
CZ4947,2
CZ1445,2
CZ1856,2
CZ4057,2
CZ1929,2
CZ4206,2
CZ4763,2
CZ7047,2
CZ98,2
CZ155,2
CZ9145,2
CZ9177,2
CZ9143,2
CZ9133,2
CZ5199,2
CZ8547,2
CZ6101,2
CZ5799,2
CZ4096,2
CZ8663,2
CZ4072,2
CZ5791,2
CZ1887,2
CZ4993,2
CZ1976,2
CZ8974,2
CZ5161,2
CZ8619,2
CZ4747,2
CZ4983,2
CZ196,2
CZ1561,2
CZ246,2
CZ3796,2
CZ5266,2
CZ3629,2
CZ3770,2
CZ4804,2
CZ4475,2
CZ4288,2
CZ7175,2
CZ4827,2
CZ4871,2
CZ9084,2
CZ7093,2
CZ4830,2
CZ4374,2
CZ4298,2
CZ4116,2
CZ9473,2
CZ7041,2
CZ7039,2
CZ4471,2
CZ1418,2
CZ7168,2
CZ4775,2
CZ34,2
CZ2061,2
CZ9280,2
CZ5976,2
CZ6464,2
CZ9485,2
CZ4905,2
CZ4721,2
CZ4009,2
CZ9431,2
CZ6234,2
CZ1411,2
CZ84,2
CZ9329,2
CZ6138,2
CZ20,2
CZ236,2
CZ1944,2
CZ4164,2
CZ1478,2
CZ4450,2
CZ4995,2
CZ7101,2
CZ9166,2
CZ252,2
CZ9330,2
CZ4159,2
CZ4332,2
CZ1470,2
CZ4045,2
CZ7045,2
CZ4524,2
CZ9416,2
CZ4840,2
CZ4011,2
CZ13,2
CZ9205,2
CZ4354,2
CZ132,2
CZ9135,2
CZ1492,2
CZ1484,2
CZ9251,2
CZ27,2
CZ4366,2
CZ7096,2
CZ4972,2
CZ4176,2
CZ9016,2
CZ9385,2
CZ1474,2
CZ6256,2
CZ4528,2
CZ9111,2
CZ4498,2
CZ4029,2
CZ4828,2
CZ234,2
CZ4270,2
CZ4240,2
CZ9287,2
CZ4824,2
CZ4395,2
CZ1410,2
CZ8407,2
CZ5835,2
CZ9083,2
CZ6845,2
CZ9309,2
CZ1864,2
CZ3749,2
CZ4300,2
CZ6795,2
CZ6699,2
CZ6227,2
CZ4812,2
CZ4788,2
CZ9181,2
CZ4301,2
CZ4058,2
CZ31,2
CZ4838,2
CZ1597,2
CZ7008,1
CZ32,1
CZ4873,1
CZ7179,1
CZ4540,1
CZ4403,1
CZ1905,1
CZ21,1
CZ9182,1
CZ181,1
CZ4815,1
CZ4311,1
CZ4283,1
CZ90,1
CZ4431,1
CZ4831,1
CZ100,1
CZ46,1
CZ4258,1
CZ4208,1
CZ9074,1
CZ202,1
CZ208,1
CZ168,1
CZ9157,1
CZ9058,1
CZ9050,1
CZ1490,1
CZ4117,1
CZ4299,1
CZ4062,1
CZ4289,1
CZ4318,1
CZ7176,1
CZ4441,1
CZ9204,1
CZ1922,1
CZ4793,1
CZ4610,1
CZ4353,1
CZ9298,1
CZ4103,1
CZ9140,1
CZ9138,1
CZ1970,1
CZ4028,1
CZ29,1
CZ9048,1
CZ9304,1
CZ97,1
CZ1787,1
CZ4132,1
CZ4191,1
CZ6756,1
CZ4925,1
CZ1904,1
CZ4616,1
CZ94,1
CZ9046,1
CZ9327,1
CZ9268,1
CZ4668,1
CZ50,1
CZ4211,1
CZ4393,1
CZ9468,1
CZ72,1
CZ4274,1
CZ4281,1
CZ4443,1
CZ5608,1
CZ4879,1
CZ1419,1
CZ4915,1
CZ130,1
CZ4037,1
CZ7087,1
CZ1500,1
CZ4110,1
CZ6558,1
CZ1845,1
CZ9067,1
CZ4647,1
CZ6442,1
CZ6472,1
CZ7146,1
CZ4149,1
CZ4994,1
CZ4948,1
CZ9318,1
CZ4005,1
CZ9156,1
CZ4071,1
CZ9203,1
CZ7018,1
CZ1954,1
CZ9024,1
CZ9162,1
CZ4660,1
CZ4279,1
CZ9408,1
CZ4813,1
CZ4605,1
CZ4903,1
CZ4837,1
CZ4399,1
CZ4739,1
CZ1579,1
CZ3894,1
CZ82,1
CZ9061,1
CZ7002,1
CZ4963,1
CZ9105,1
CZ4825,1
CZ3465,1
CZ1782,1
CZ11,1
CZ1955,1
CZ35,1
CZ4451,1
CZ4160,1
CZ9173,1
CZ9317,1
CZ4919,1
CZ4877,1
CZ9355,1
CZ4829,1
CZ1945,1
CZ9343,1
CZ9191,1
CZ4933,1
CZ4284,1
CZ9113,1
CZ4228,1
CZ9185,1
CZ9121,1
CZ7161,1
CZ9199,1
CZ9155,1
CZ4444,1
CZ7443,1
CZ6219,1
CZ1819,1
CZ6145,1
CZ3591,1
CZ3811,1
CZ3463,1
CZ3521,1
CZ3513,1
CZ9081,1
CZ6221,1
CZ3578,1
CZ7145,1
CZ7083,1
CZ6163,1
CZ9056,1
CZ4945,1
CZ9349,1
CZ6703,1
CZ3117,1
CZ6823,1
CZ6877,1
CZ1,1
CZ68,1
CZ33,1
CZ195,1
CZ3713,1
CZ3523,1
CZ5485,1
CZ3257,1
CZ3727,1
CZ3777,1
CZ3723,1
CZ3199,1
CZ3311,1
CZ3201,1
CZ3354,1
CZ6919,1
CZ6317,1
CZ6797,1
CZ8738,1
CZ1942,1
CZ1960,1
CZ142,1
CZ3785,1
CZ3674,1
CZ3661,1
CZ1786,1
CZ1885,1
CZ7285,1
CZ6810,1
CZ6201,1
CZ6257,1
CZ217,1
CZ3431,1
CZ9389,1
CZ3366,1
CZ8284,1
CZ9299,1
CZ4418,1
CZ4124,1
CZ4010,1
CZ6213,1
CZ6590,1
CZ6439,1
CZ6125,1
CZ3123,1
CZ4541,1
CZ9273,1
CZ3721,1
CZ3196,1
CZ3240,1
CZ9413,1
CZ7065,1
CZ6545,1
CZ9415,1
CZ6335,1
CZ1480,1
CZ8959,1
CZ1934,1
CZ1964,1
CZ7025,1
CZ6821,1
CZ4089,1
CZ9497,1
CZ8797,1
CZ7134,1
CZ4227,1
CZ9381,1
CZ9109,1
CZ1928,1
CZ6657,1
CZ3330,1
CZ4212,1
CZ4546,1
CZ4276,1
CZ6647,1
CZ3895,1
CZ6195,1
CZ6253,1
CZ6337,1
CZ7115,1
CZ1920,1
CZ3958,1
CZ4731,1
CZ6282,1
CZ4152,1
CZ9483,1
CZ5861,1
CZ6731,1
CZ3977,1
CZ4047,1
CZ7076,1
CZ9271,1
CZ6521,1
CZ9241,1
CZ9057,1
CZ9249,1
CZ3533,1
CZ9098,1
CZ9301,1
CZ1930,1
CZ6591,1
CZ16,1
CZ7164,1
CZ1957,1
CZ37,1
CZ4391,1
CZ210,1
CZ4917,1
CZ1916,1
CZ4960,1
CZ9017,1
CZ1974,1
CZ9142,1
CZ9076,1
CZ4322,1
CZ4429,1
CZ4365,1
CZ4120,1
CZ4166,1
CZ120,1
CZ9090,1
CZ9116,1
CZ165,1
CZ215,1
CZ9022,1
CZ4452,1
CZ4765,1
CZ4043,1
CZ4504,1
CZ48,1
CZ4065,1
CZ1472,1
CZ4320,1
CZ8540,1
CZ1449,1
CZ4468,1
CZ6134,1
CZ222,1
CZ4961,1
CZ9481,1
CZ9493,1
CZ6443,1
CZ118,1
CZ8554,1
CZ1877,1
CZ4014,1
CZ4424,1
CZ9055,1
CZ6748,1
CZ9044,1
CZ4102,1
CZ7118,1
CZ4359,1
CZ9263,1
CZ1925,1
CZ4383,1
CZ9137,1
CZ9303,1
CZ1902,1
CZ9160,1
CZ9331,1
CZ4082,1
CZ4609,1
CZ9106,1
CZ45,1
CZ4361,1
CZ1482,1
CZ9275,1
CZ4348,1
CZ4287,1
CZ9297,1
CZ4180,1
CZ9429,1
CZ9144,1
CZ7095,1
CZ6832,1
CZ78,1
CZ4012,1
CZ3474,1
CZ4490,1
CZ4500,1
CZ4309,1
CZ4935,1
CZ9193,1
CZ9257,1
CZ7159,1
CZ9035,1
CZ1577,1
CZ4114,1
CZ4859,1
CZ9474,1
CZ206,1
CZ1404,1
CZ4542,1
CZ9063,1
CZ7291,1
CZ6123,1
CZ3628,1
CZ3320,1
CZ6786,1
CZ3763,1
CZ4941,1
CZ4975,1
CZ4522,1
CZ4558,1
CZ124,1
CZ1489,1
CZ1947,1
CZ88,1
CZ1968,1
CZ4233,1
CZ190,1
CZ290,1
CZ4130,1
CZ1910,1
CZ4401,1
CZ9419,1
CZ74,1
CZ4224,1
CZ7077,1
CZ9159,1
CZ9147,1
CZ4056,1
CZ1924,1
CZ4382,1
CZ4713,1
CZ7441,1
CZ3351,1
CZ3568,1
CZ4285,1
CZ9071,1
CZ9131,1
CZ4929,1
CZ7121,1
CZ1599,1
CZ3549,1
CZ4272,1
CZ4867,1
CZ19,1
CZ1953,1
CZ128,1
CZ4148,1
CZ9281,1
CZ9255,1
CZ1436,1
CZ4861,1
CZ4863,1
CZ6648,1
CZ4789,1
CZ9425,1
CZ1456,1
CZ4821,1
CZ9152,1
CZ7129,1
CZ136,1
CZ4809,1
CZ4338,1
CZ70,1
CZ6774,1
CZ3380,1
CZ3505,1
CZ3437,1
CZ3803,1
CZ6126,1
CZ5983,1
CZ1940,1
CZ41,1
CZ4618,1
CZ4375,1
CZ1926,1
CZ4163,1
CZ99,1
CZ4207,1
CZ4390,1
CZ4515,1
CZ4155,1
CZ9141,1
CZ9175,1
CZ8,1
CZ4216,1
CZ4083,1
CZ1956,1
CZ4761,1
CZ167,1
CZ4895,1
CZ4342,1
CZ4024,1
CZ4428,1
CZ4751,1
CZ1876,1
CZ43,1
CZ7016,1
CZ4046,1
CZ4165,1
CZ6108,1
CZ4629,1
CZ4417,1
CZ1913,1
CZ214,1
CZ4303,1
CZ7078,1
CZ9336,1
CZ9364,1
CZ123,1
CZ4437,1
CZ9139,1
CZ4947,1
CZ1445,1
CZ1856,1
CZ4057,1
CZ1929,1
CZ4206,1
CZ4763,1
CZ7047,1
CZ98,1
CZ155,1
CZ9145,1
CZ9177,1
CZ9143,1
CZ9133,1
CZ5199,1
CZ8547,1
CZ6101,1
CZ5799,1
CZ4096,1
CZ8663,1
CZ4072,1
CZ5791,1
CZ1887,1
CZ4993,1
CZ1976,1
CZ8974,1
CZ5161,1
CZ8619,1
CZ4747,1
CZ4983,1
CZ196,1
CZ1561,1
CZ246,1
CZ3796,1
CZ5266,1
CZ3629,1
CZ3770,1
CZ4804,1
CZ4475,1
CZ4288,1
CZ7175,1
CZ4827,1
CZ4871,1
CZ9084,1
CZ7093,1
CZ4830,1
CZ4374,1
CZ4298,1
CZ4116,1
CZ9473,1
CZ7041,1
CZ7039,1
CZ4471,1
CZ1418,1
CZ7168,1
CZ4775,1
CZ34,1
CZ2061,1
CZ9280,1
CZ5976,1
CZ6464,1
CZ9485,1
CZ4905,1
CZ4721,1
CZ4009,1
CZ9431,1
CZ6234,1
CZ1411,1
CZ84,1
CZ9329,1
CZ6138,1
CZ20,1
CZ236,1
CZ1944,1
CZ4164,1
CZ1478,1
CZ4450,1
CZ4995,1
CZ7101,1
CZ9166,1
CZ252,1
CZ9330,1
CZ4159,1
CZ4332,1
CZ1470,1
CZ4045,1
CZ7045,1
CZ4524,1
CZ9416,1
CZ4840,1
CZ4011,1
CZ13,1
CZ9205,1
CZ4354,1
CZ132,1
CZ9135,1
CZ1492,1
CZ1484,1
CZ9251,1
CZ27,1
CZ4366,1
CZ7096,1
CZ4972,1
CZ4176,1
CZ9016,1
CZ9385,1
CZ1474,1
CZ6256,1
CZ4528,1
CZ9111,1
CZ4498,1
CZ4029,1
CZ4828,1
CZ234,1
CZ4270,1
CZ4240,1
CZ9287,1
CZ4824,1
CZ4395,1
CZ1410,1
CZ8407,1
CZ5835,1
CZ9083,1
CZ6845,1
CZ9309,1
CZ1864,1
CZ3749,1
CZ4300,1
CZ6795,1
CZ6699,1
CZ6227,1
CZ4812,1
CZ4788,1
CZ9181,1
CZ4301,1
CZ4058,1
CZ31,1
CZ4838,1
CZ1597,1
CZ1759,1
CZ1759,2
CZ1759,3
CZ1759,4
CZ1759,5
CZ1759,6
CZ1759,7
CZ1053,1
CZ1053,2
CZ1053,4
CZ1053,6
CZ7390,1
CZ7390,2
CZ7390,3
CZ7390,4
CZ7390,5
CZ7390,6
CZ7390,7
CZ1149,1
CZ1149,2
CZ1149,3
CZ1149,4
CZ1149,5
CZ1149,6
CZ1149,7
CZ1842,2
CZ1842,4
CZ1842,6
CZ1377,1
CZ1377,2
CZ1377,4
CZ1377,6
CZ2629,2
CZ2629,4
CZ2629,6
CZ1061,1
CZ1061,2
CZ1061,3
CZ1061,4
CZ1061,5
CZ1061,6
CZ1061,7
CZ2194,1
CZ2194,3
CZ2194,5
CZ2194,7
CZ3667,1
CZ3667,3
CZ3667,5
CZ3667,7
CZ6236,2
CZ6236,4
CZ6236,6
CZ6631,1
CZ6631,2
CZ6631,3
CZ6631,4
CZ6631,5
CZ6631,6
CZ6631,7
CZ7570,1
CZ7570,3
CZ7570,5
CZ7570,7
CZ8437,1
CZ8437,2
CZ8437,3
CZ8437,4
CZ8437,5
CZ8437,6
CZ8437,7
CZ5411,2
CZ5411,4
CZ5411,7
CZ2122,1
CZ2122,4
CZ2122,6
CZ8503,1
CZ8503,2
CZ8503,4
CZ8503,6
CZ4314,1
CZ4314,2
CZ4314,3
CZ4314,4
CZ4314,5
CZ4314,6
CZ4314,7
CZ8871,2
CZ8871,4
CZ8871,6
CZ6396,1
CZ6396,2
CZ6396,3
CZ6396,4
CZ6396,5
CZ6396,6
CZ6396,7
CZ1059,1
CZ1059,2
CZ1059,3
CZ1059,4
CZ1059,5
CZ1059,6
CZ1059,7
CZ4643,1
CZ4643,2
CZ4643,4
CZ4643,6
CZ4803,2
CZ4803,4
CZ4803,6
CZ1214,1
CZ1214,2
CZ1214,3
CZ1214,4
CZ1214,5
CZ1214,6
CZ1214,7
CZ8081,1
CZ8081,2
CZ8081,3
CZ8081,4
CZ8081,5
CZ8081,6
CZ8081,7
CZ4779,1
CZ4779,3
CZ4779,5
CZ1573,1
CZ1573,3
CZ1573,5
CZ3593,1
CZ3593,3
CZ3593,5
CZ3593,7
CZ4244,1
CZ4244,2
CZ4244,4
CZ4244,6
CZ2344,1
CZ2344,2
CZ2344,3
CZ2344,4
CZ2344,5
CZ2344,6
CZ2344,7
CZ5757,1
CZ5757,3
CZ5757,5
CZ5757,7
CZ2658,1
CZ2658,3
CZ2658,5
CZ2658,7
CZ5029,1
CZ5029,3
CZ5029,5
CZ9393,1
CZ9393,3
CZ9393,5
CZ9393,7
CZ9498,1
CZ9498,2
CZ9498,3
CZ9498,4
CZ9498,5
CZ9498,6
CZ9498,7
CZ3262,1
CZ3262,2
CZ3262,3
CZ3262,4
CZ3262,5
CZ3262,6
CZ3262,7
CZ1192,1
CZ1192,2
CZ1192,3
CZ1192,4
CZ1192,5
CZ1192,6
CZ1192,7
CZ4637,2
CZ4637,4
CZ4637,6
CZ3335,1
CZ3335,2
CZ3335,4
CZ3335,6
CZ3751,1
CZ3751,4
CZ3751,6
CZ3896,2
CZ3896,4
CZ3896,6
CZ2503,1
CZ2503,3
CZ2503,5
CZ2503,7
CZ3387,1
CZ3387,3
CZ3387,5
CZ7903,1
CZ7903,2
CZ7903,3
CZ7903,4
CZ7903,5
CZ7903,6
CZ7903,7
CZ9900,1
CZ9900,2
CZ9900,4
CZ9900,6
CZ8842,1
CZ8842,2
CZ8842,4
CZ8842,6
CZ2322,1
CZ2322,2
CZ2322,4
CZ2322,6
CZ3016,1
CZ3016,3
CZ3016,5
CZ3016,7
CZ1345,1
CZ1345,3
CZ1345,5
CZ1345,7
CZ9065,1
CZ9065,2
CZ9065,4
CZ9065,6
CZ4226,1
CZ4226,2
CZ4226,3
CZ4226,4
CZ4226,5
CZ4226,6
CZ4226,7
CZ3025,1
CZ3025,3
CZ3025,5
CZ3025,7
CZ7589,1
CZ7589,2
CZ7589,3
CZ7589,4
CZ7589,5
CZ7589,6
CZ7589,7
CZ7944,1
CZ7944,2
CZ7944,4
CZ7944,6
CZ7587,1
CZ7587,3
CZ7587,5
CZ7587,7
CZ9395,1
CZ9395,2
CZ9395,3
CZ9395,4
CZ9395,5
CZ9395,6
CZ9395,7
CZ5491,1
CZ5491,3
CZ5491,5
CZ5491,7
CZ5129,1
CZ5129,2
CZ5129,4
CZ5129,6
CZ7862,1
CZ7862,2
CZ7862,3
CZ7862,4
CZ7862,5
CZ7862,6
CZ7862,7
CZ9801,1
CZ9801,2
CZ9801,3
CZ9801,4
CZ9801,5
CZ9801,6
CZ9801,7
CZ4483,1
CZ4483,3
CZ4483,5
CZ4483,7
CZ8531,1
CZ8531,2
CZ8531,3
CZ8531,4
CZ8531,5
CZ8531,6
CZ8531,7
CZ1774,2
CZ1774,4
CZ1774,6
CZ5693,1
CZ5693,3
CZ5693,5
CZ5693,7
CZ1821,1
CZ1821,3
CZ1821,5
CZ1821,7
CZ6542,1
CZ6542,2
CZ6542,3
CZ6542,4
CZ6542,5
CZ6542,6
CZ6542,7
CZ7961,2
CZ7961,4
CZ7961,6
CZ1700,1
CZ1700,2
CZ1700,3
CZ1700,4
CZ1700,5
CZ1700,6
CZ1700,7
CZ6761,2
CZ6761,4
CZ6761,6
CZ8551,1
CZ8551,3
CZ8551,5
CZ8551,7
CZ1562,1
CZ1562,2
CZ1562,3
CZ1562,4
CZ1562,5
CZ1562,6
CZ1562,7
CZ8172,1
CZ8172,3
CZ8172,5
CZ8172,7
CZ3119,2
CZ3119,4
CZ3119,7
CZ1669,1
CZ1669,3
CZ1669,5
CZ9445,1
CZ9445,3
CZ9445,5
CZ9445,7
CZ2189,2
CZ2189,4
CZ2189,6
CZ1891,2
CZ1891,4
CZ1891,7
CZ7349,1
CZ7349,3
CZ7349,5
CZ1078,1
CZ1078,2
CZ1078,3
CZ1078,4
CZ1078,5
CZ1078,6
CZ1078,7
CZ6140,1
CZ6140,2
CZ6140,3
CZ6140,4
CZ6140,5
CZ6140,6
CZ6140,7
CZ8075,1
CZ8075,2
CZ8075,3
CZ8075,4
CZ8075,5
CZ8075,6
CZ8075,7
CZ9231,2
CZ9231,4
CZ9231,7
CZ3282,1
CZ3282,3
CZ3282,5
CZ7404,2
CZ7404,4
CZ7404,6
CZ3851,2
CZ3851,4
CZ3851,6
CZ2478,1
CZ2478,3
CZ2478,5
CZ2478,7
CZ2314,1
CZ2314,4
CZ2314,6
CZ7374,1
CZ7374,2
CZ7374,4
CZ7374,6
CZ5992,1
CZ5992,3
CZ5992,5
CZ5992,7
CZ9019,1
CZ9019,2
CZ9019,3
CZ9019,4
CZ9019,5
CZ9019,6
CZ9019,7
CZ9391,2
CZ9391,4
CZ9391,6
CZ8160,1
CZ8160,2
CZ8160,3
CZ8160,4
CZ8160,5
CZ8160,6
CZ8160,7
CZ1257,1
CZ1257,2
CZ1257,4
CZ1257,6
CZ9829,1
CZ9829,2
CZ9829,3
CZ9829,4
CZ9829,5
CZ9829,6
CZ9829,7
CZ8174,1
CZ8174,2
CZ8174,3
CZ8174,4
CZ8174,5
CZ8174,6
CZ8174,7
CZ7701,2
CZ7701,4
CZ7701,6
CZ3032,1
CZ3032,2
CZ3032,3
CZ3032,4
CZ3032,5
CZ3032,6
CZ3032,7
CZ5648,2
CZ5648,4
CZ5648,6
CZ7659,1
CZ7659,3
CZ7659,5
CZ7659,7
CZ7459,1
CZ7459,2
CZ7459,3
CZ7459,4
CZ7459,5
CZ7459,6
CZ7459,7
CZ3935,1
CZ3935,3
CZ3935,5
CZ3935,7
CZ1423,1
CZ1423,2
CZ1423,3
CZ1423,4
CZ1423,5
CZ1423,6
CZ1423,7
CZ8780,2
CZ8780,4
CZ8780,6
CZ2255,2
CZ2255,4
CZ2255,6
CZ4888,1
CZ4888,3
CZ4888,5
CZ4888,7
CZ5021,1
CZ5021,2
CZ5021,3
CZ5021,4
CZ5021,5
CZ5021,6
CZ5021,7
CZ5940,1
CZ5940,2
CZ5940,4
CZ5940,6
CZ5274,2
CZ5274,4
CZ5274,6
CZ3012,2
CZ3012,4
CZ3012,7
CZ8295,1
CZ8295,2
CZ8295,3
CZ8295,4
CZ8295,5
CZ8295,6
CZ8295,7
CZ7625,2
CZ7625,4
CZ7625,6
CZ7892,1
CZ7892,3
CZ7892,5
CZ7249,1
CZ7249,2
CZ7249,3
CZ7249,4
CZ7249,5
CZ7249,6
CZ7249,7
CZ3305,1
CZ3305,2
CZ3305,3
CZ3305,4
CZ3305,5
CZ3305,6
CZ3305,7
CZ5154,1
CZ5154,2
CZ5154,3
CZ5154,4
CZ5154,5
CZ5154,6
CZ5154,7
CZ8157,1
CZ8157,2
CZ8157,4
CZ8157,6
CZ2099,1
CZ2099,2
CZ2099,3
CZ2099,4
CZ2099,5
CZ2099,6
CZ2099,7
CZ9387,1
CZ9387,2
CZ9387,3
CZ9387,4
CZ9387,5
CZ9387,6
CZ9387,7
CZ5528,1
CZ5528,3
CZ5528,5
CZ5528,7
CZ3444,2
CZ3444,4
CZ3444,7
CZ9853,2
CZ9853,4
CZ9853,7
CZ4556,2
CZ4556,4
CZ4556,6
CZ4296,2
CZ4296,4
CZ4296,6
CZ5002,1
CZ5002,3
CZ5002,5
CZ5002,7
CZ2610,1
CZ2610,2
CZ2610,3
CZ2610,4
CZ2610,5
CZ2610,6
CZ2610,7
CZ5789,2
CZ5789,4
CZ5789,7
CZ1601,1
CZ1601,2
CZ1601,3
CZ1601,4
CZ1601,5
CZ1601,6
CZ1601,7
CZ3373,1
CZ3373,2
CZ3373,3
CZ3373,4
CZ3373,5
CZ3373,6
CZ3373,7
CZ3622,1
CZ3622,2
CZ3622,3
CZ3622,4
CZ3622,5
CZ3622,6
CZ3622,7
CZ1356,1
CZ1356,2
CZ1356,3
CZ1356,4
CZ1356,5
CZ1356,6
CZ1356,7
CZ8722,1
CZ8722,4
CZ8722,6
CZ2357,1
CZ2357,3
CZ2357,5
CZ7456,1
CZ7456,2
CZ7456,3
CZ7456,4
CZ7456,5
CZ7456,6
CZ7456,7
CZ8432,1
CZ8432,2
CZ8432,3
CZ8432,4
CZ8432,5
CZ8432,6
CZ8432,7
CZ8058,1
CZ8058,2
CZ8058,3
CZ8058,4
CZ8058,5
CZ8058,6
CZ8058,7
CZ7849,1
CZ7849,2
CZ7849,4
CZ7849,6
CZ5456,2
CZ5456,4
CZ5456,7
CZ3794,2
CZ3794,4
CZ3794,7
CZ7254,1
CZ7254,3
CZ7254,5
CZ7254,7
CZ6692,1
CZ6692,2
CZ6692,3
CZ6692,4
CZ6692,5
CZ6692,6
CZ6692,7
CZ1130,1
CZ1130,3
CZ1130,5
CZ1130,7
CZ2281,1
CZ2281,3
CZ2281,5
CZ2281,7
CZ1493,1
CZ1493,3
CZ1493,5
CZ1493,7
CZ6683,1
CZ6683,2
CZ6683,4
CZ6683,6
CZ8398,1
CZ8398,4
CZ8398,6
CZ8927,2
CZ8927,4
CZ8927,6
CZ5708,2
CZ5708,4
CZ5708,7
CZ1552,1
CZ1552,4
CZ1552,6
CZ5453,1
CZ5453,3
CZ5453,5
CZ5453,7
CZ7351,1
CZ7351,2
CZ7351,3
CZ7351,4
CZ7351,5
CZ7351,6
CZ7351,7
CZ9969,2
CZ9969,4
CZ9969,6
CZ2458,1
CZ2458,2
CZ2458,3
CZ2458,4
CZ2458,5
CZ2458,6
CZ2458,7
CZ6777,2
CZ6777,4
CZ6777,6
CZ8646,1
CZ8646,2
CZ8646,3
CZ8646,4
CZ8646,5
CZ8646,6
CZ8646,7
CZ6103,1
CZ6103,4
CZ6103,6
CZ7457,1
CZ7457,3
CZ7457,5
CZ4261,1
CZ4261,3
CZ4261,5
CZ4503,1
CZ4503,2
CZ4503,3
CZ4503,4
CZ4503,5
CZ4503,6
CZ4503,7
CZ7409,1
CZ7409,2
CZ7409,3
CZ7409,4
CZ7409,5
CZ7409,6
CZ7409,7
CZ2444,2
CZ2444,4
CZ2444,6
CZ1415,1
CZ1415,2
CZ1415,3
CZ1415,4
CZ1415,5
CZ1415,6
CZ1415,7
CZ7776,2
CZ7776,4
CZ7776,6
CZ4066,1
CZ4066,3
CZ4066,5
CZ4066,7
CZ5939,1
CZ5939,2
CZ5939,3
CZ5939,4
CZ5939,5
CZ5939,6
CZ5939,7
CZ2714,2
CZ2714,4
CZ2714,6
CZ7673,1
CZ7673,2
CZ7673,3
CZ7673,4
CZ7673,5
CZ7673,6
CZ7673,7
CZ7811,1
CZ7811,2
CZ7811,4
CZ7811,6
CZ7758,1
CZ7758,2
CZ7758,3
CZ7758,4
CZ7758,5
CZ7758,6
CZ7758,7
CZ4387,1
CZ4387,2
CZ4387,3
CZ4387,4
CZ4387,5
CZ4387,6
CZ4387,7
CZ4378,1
CZ4378,2
CZ4378,4
CZ4378,6
CZ7718,1
CZ7718,2
CZ7718,3
CZ7718,4
CZ7718,5
CZ7718,6
CZ7718,7
CZ7091,1
CZ7091,4
CZ7091,6
CZ2238,2
CZ2238,4
CZ2238,6
CZ9258,1
CZ9258,3
CZ9258,5
CZ9258,7
CZ7281,1
CZ7281,3
CZ7281,5
CZ9646,1
CZ9646,2
CZ9646,3
CZ9646,4
CZ9646,5
CZ9646,6
CZ9646,7
CZ9799,1
CZ9799,2
CZ9799,3
CZ9799,4
CZ9799,5
CZ9799,6
CZ9799,7
CZ2760,2
CZ2760,4
CZ2760,6
CZ8206,1
CZ8206,2
CZ8206,3
CZ8206,4
CZ8206,5
CZ8206,6
CZ8206,7
CZ5502,1
CZ5502,3
CZ5502,5
CZ5502,7
CZ7541,1
CZ7541,3
CZ7541,5
CZ7541,7
CZ4151,1
CZ4151,3
CZ4151,5
CZ4151,7
CZ9676,2
CZ9676,4
CZ9676,7
CZ6354,1
CZ6354,3
CZ6354,5
CZ1477,1
CZ1477,3
CZ1477,5
CZ1477,7
CZ8637,1
CZ8637,4
CZ8637,6
CZ2837,2
CZ2837,4
CZ2837,6
CZ2712,2
CZ2712,4
CZ2712,6
CZ7449,1
CZ7449,2
CZ7449,3
CZ7449,4
CZ7449,5
CZ7449,6
CZ7449,7
CZ2973,1
CZ2973,2
CZ2973,3
CZ2973,4
CZ2973,5
CZ2973,6
CZ2973,7
CZ4448,1
CZ4448,2
CZ4448,3
CZ4448,4
CZ4448,5
CZ4448,6
CZ4448,7
CZ4458,1
CZ4458,2
CZ4458,3
CZ4458,4
CZ4458,5
CZ4458,6
CZ4458,7
CZ9569,1
CZ9569,2
CZ9569,3
CZ9569,4
CZ9569,5
CZ9569,6
CZ9569,7
CZ9120,1
CZ9120,3
CZ9120,5
CZ3427,1
CZ3427,3
CZ3427,5
CZ3427,7
CZ3920,1
CZ3920,3
CZ3920,5
CZ3920,7
CZ2204,1
CZ2204,2
CZ2204,4
CZ2204,6
CZ3254,1
CZ3254,3
CZ3254,5
CZ3254,7
CZ6099,1
CZ6099,3
CZ6099,5
CZ6099,7
CZ5300,1
CZ5300,3
CZ5300,5
CZ5300,7
CZ3772,1
CZ3772,3
CZ3772,5
CZ8208,1
CZ8208,2
CZ8208,3
CZ8208,4
CZ8208,5
CZ8208,6
CZ8208,7
CZ8849,1
CZ8849,2
CZ8849,3
CZ8849,4
CZ8849,5
CZ8849,6
CZ8849,7
CZ6059,2
CZ6059,4
CZ6059,7
CZ4714,1
CZ4714,2
CZ4714,3
CZ4714,4
CZ4714,5
CZ4714,6
CZ4714,7
CZ1363,1
CZ1363,2
CZ1363,3
CZ1363,4
CZ1363,5
CZ1363,6
CZ1363,7
CZ8057,2
CZ8057,4
CZ8057,6
CZ9796,1
CZ9796,3
CZ9796,5
CZ9796,7
CZ6854,1
CZ6854,2
CZ6854,3
CZ6854,4
CZ6854,5
CZ6854,6
CZ6854,7
CZ7112,1
CZ7112,2
CZ7112,4
CZ7112,6
CZ6734,1
CZ6734,2
CZ6734,3
CZ6734,4
CZ6734,5
CZ6734,6
CZ6734,7
CZ8148,1
CZ8148,2
CZ8148,3
CZ8148,4
CZ8148,5
CZ8148,6
CZ8148,7
CZ5392,1
CZ5392,2
CZ5392,3
CZ5392,4
CZ5392,5
CZ5392,6
CZ5392,7
CZ1262,1
CZ1262,2
CZ1262,4
CZ1262,6
CZ2906,1
CZ2906,4
CZ2906,6
CZ2151,1
CZ2151,3
CZ2151,5
CZ2151,7
CZ2047,2
CZ2047,4
CZ2047,7
CZ7957,1
CZ7957,3
CZ7957,5
CZ7957,7
CZ3083,1
CZ3083,2
CZ3083,3
CZ3083,4
CZ3083,5
CZ3083,6
CZ3083,7
CZ5245,1
CZ5245,2
CZ5245,4
CZ5245,6
CZ3899,1
CZ3899,3
CZ3899,5
CZ6884,1
CZ6884,2
CZ6884,3
CZ6884,4
CZ6884,5
CZ6884,6
CZ6884,7
CZ7595,1
CZ7595,3
CZ7595,5
CZ7595,7
CZ8581,1
CZ8581,3
CZ8581,5
CZ8581,7
CZ9486,1
CZ9486,2
CZ9486,3
CZ9486,4
CZ9486,5
CZ9486,6
CZ9486,7
CZ8245,1
CZ8245,2
CZ8245,3
CZ8245,4
CZ8245,5
CZ8245,6
CZ8245,7
CZ4790,1
CZ4790,2
CZ4790,3
CZ4790,4
CZ4790,5
CZ4790,6
CZ4790,7
CZ2295,1
CZ2295,4
CZ2295,6
CZ5725,1
CZ5725,2
CZ5725,3
CZ5725,4
CZ5725,5
CZ5725,6
CZ5725,7
CZ7251,1
CZ7251,3
CZ7251,5
CZ7251,7
CZ9938,2
CZ9938,4
CZ9938,6
CZ2367,2
CZ2367,4
CZ2367,7
CZ4595,1
CZ4595,3
CZ4595,5
CZ5891,1
CZ5891,2
CZ5891,3
CZ5891,4
CZ5891,5
CZ5891,6
CZ5891,7
CZ2621,1
CZ2621,2
CZ2621,3
CZ2621,4
CZ2621,5
CZ2621,6
CZ2621,7
CZ2335,1
CZ2335,3
CZ2335,5
CZ2335,7
CZ2781,1
CZ2781,2
CZ2781,3
CZ2781,4
CZ2781,5
CZ2781,6
CZ2781,7
CZ2829,1
CZ2829,3
CZ2829,5
CZ9810,1
CZ9810,2
CZ9810,3
CZ9810,4
CZ9810,5
CZ9810,6
CZ9810,7
CZ9002,1
CZ9002,2
CZ9002,3
CZ9002,4
CZ9002,5
CZ9002,6
CZ9002,7
CZ3266,1
CZ3266,3
CZ3266,5
CZ8963,1
CZ8963,3
CZ8963,5
CZ8963,7
CZ3393,1
CZ3393,3
CZ3393,5
CZ3393,7
CZ6553,1
CZ6553,3
CZ6553,5
CZ6553,7
CZ8267,1
CZ8267,2
CZ8267,4
CZ8267,6
CZ2806,2
CZ2806,4
CZ2806,7
CZ5396,1
CZ5396,3
CZ5396,5
CZ5396,7
CZ2197,1
CZ2197,3
CZ2197,5
CZ4571,1
CZ4571,4
CZ4571,6
CZ3973,1
CZ3973,3
CZ3973,5
CZ3973,7
CZ5842,1
CZ5842,3
CZ5842,5
CZ5842,7
CZ5562,1
CZ5562,2
CZ5562,3
CZ5562,4
CZ5562,5
CZ5562,6
CZ5562,7
CZ1607,1
CZ1607,2
CZ1607,3
CZ1607,4
CZ1607,5
CZ1607,6
CZ1607,7
CZ7030,1
CZ7030,2
CZ7030,3
CZ7030,4
CZ7030,5
CZ7030,6
CZ7030,7
CZ6791,1
CZ6791,2
CZ6791,3
CZ6791,4
CZ6791,5
CZ6791,6
CZ6791,7
CZ5449,1
CZ5449,4
CZ5449,6
CZ4360,2
CZ4360,4
CZ4360,6
CZ1125,1
CZ1125,3
CZ1125,5
CZ4973,1
CZ4973,3
CZ4973,5
CZ4973,7
CZ8840,1
CZ8840,3
CZ8840,5
CZ6932,1
CZ6932,3
CZ6932,5
CZ6932,7
CZ7142,1
CZ7142,2
CZ7142,3
CZ7142,4
CZ7142,5
CZ7142,6
CZ7142,7
CZ1309,1
CZ1309,2
CZ1309,3
CZ1309,4
CZ1309,5
CZ1309,6
CZ1309,7
CZ6455,1
CZ6455,2
CZ6455,3
CZ6455,4
CZ6455,5
CZ6455,6
CZ6455,7
CZ7629,2
CZ7629,4
CZ7629,6
CZ1666,2
CZ1666,4
CZ1666,6
CZ7663,1
CZ7663,3
CZ7663,5
CZ7663,7
CZ3690,1
CZ3690,3
CZ3690,5
CZ3690,7
CZ3186,1
CZ3186,2
CZ3186,3
CZ3186,4
CZ3186,5
CZ3186,6
CZ3186,7
CZ8553,1
CZ8553,3
CZ8553,5
CZ8553,7
CZ1140,1
CZ1140,3
CZ1140,5
CZ1140,7
CZ3383,1
CZ3383,2
CZ3383,3
CZ3383,4
CZ3383,5
CZ3383,6
CZ3383,7
CZ6544,1
CZ6544,3
CZ6544,5
CZ9388,1
CZ9388,2
CZ9388,3
CZ9388,4
CZ9388,5
CZ9388,6
CZ9388,7
CZ3221,1
CZ3221,3
CZ3221,5
CZ3221,7
CZ8447,1
CZ8447,3
CZ8447,5
CZ8447,7
CZ6971,1
CZ6971,3
CZ6971,5
CZ6971,7
CZ1542,1
CZ1542,2
CZ1542,3
CZ1542,4
CZ1542,5
CZ1542,6
CZ1542,7
CZ7640,1
CZ7640,2
CZ7640,3
CZ7640,4
CZ7640,5
CZ7640,6
CZ7640,7
CZ8909,1
CZ8909,2
CZ8909,4
CZ8909,6
CZ3592,1
CZ3592,2
CZ3592,3
CZ3592,4
CZ3592,5
CZ3592,6
CZ3592,7
CZ1731,1
CZ1731,2
CZ1731,3
CZ1731,4
CZ1731,5
CZ1731,6
CZ1731,7
CZ5127,1
CZ5127,2
CZ5127,4
CZ5127,6
CZ6666,2
CZ6666,4
CZ6666,6
CZ7582,1
CZ7582,2
CZ7582,3
CZ7582,4
CZ7582,5
CZ7582,6
CZ7582,7
CZ5966,1
CZ5966,3
CZ5966,5
CZ5966,7
CZ6310,1
CZ6310,2
CZ6310,3
CZ6310,4
CZ6310,5
CZ6310,6
CZ6310,7
CZ2136,1
CZ2136,2
CZ2136,4
CZ2136,6
CZ8695,2
CZ8695,4
CZ8695,6
CZ1749,1
CZ1749,2
CZ1749,3
CZ1749,4
CZ1749,5
CZ1749,6
CZ1749,7
CZ9534,2
CZ9534,4
CZ9534,6
CZ6764,2
CZ6764,4
CZ6764,7
CZ3454,1
CZ3454,2
CZ3454,3
CZ3454,4
CZ3454,5
CZ3454,6
CZ3454,7
CZ1744,1
CZ1744,3
CZ1744,5
CZ1744,7
CZ7394,2
CZ7394,4
CZ7394,6
CZ1671,1
CZ1671,2
CZ1671,3
CZ1671,4
CZ1671,5
CZ1671,6
CZ1671,7
CZ2193,1
CZ2193,3
CZ2193,5
CZ1510,1
CZ1510,3
CZ1510,5
CZ5629,2
CZ5629,4
CZ5629,6
CZ4521,1
CZ4521,2
CZ4521,3
CZ4521,4
CZ4521,5
CZ4521,6
CZ4521,7
CZ8851,1
CZ8851,2
CZ8851,4
CZ8851,6
CZ1702,1
CZ1702,4
CZ1702,6
CZ7513,1
CZ7513,2
CZ7513,3
CZ7513,4
CZ7513,5
CZ7513,6
CZ7513,7
CZ5369,1
CZ5369,2
CZ5369,3
CZ5369,4
CZ5369,5
CZ5369,6
CZ5369,7
CZ1201,1
CZ1201,4
CZ1201,6
CZ4495,1
CZ4495,2
CZ4495,3
CZ4495,4
CZ4495,5
CZ4495,6
CZ4495,7
CZ1367,1
CZ1367,2
CZ1367,3
CZ1367,4
CZ1367,5
CZ1367,6
CZ1367,7
CZ8789,1
CZ8789,4
CZ8789,6
CZ7551,1
CZ7551,2
CZ7551,3
CZ7551,4
CZ7551,5
CZ7551,6
CZ7551,7
CZ3294,1
CZ3294,2
CZ3294,3
CZ3294,4
CZ3294,5
CZ3294,6
CZ3294,7
CZ8666,1
CZ8666,2
CZ8666,4
CZ8666,6
CZ7829,1
CZ7829,3
CZ7829,5
CZ9551,2
CZ9551,4
CZ9551,6
CZ6363,2
CZ6363,4
CZ6363,6
CZ9622,1
CZ9622,3
CZ9622,5
CZ6228,1
CZ6228,3
CZ6228,5
CZ6228,7
CZ3360,1
CZ3360,4
CZ3360,6
CZ3300,1
CZ3300,3
CZ3300,5
CZ3300,7
CZ2430,1
CZ2430,2
CZ2430,3
CZ2430,4
CZ2430,5
CZ2430,6
CZ2430,7
CZ3124,2
CZ3124,4
CZ3124,7
CZ5459,1
CZ5459,2
CZ5459,3
CZ5459,4
CZ5459,5
CZ5459,6
CZ5459,7
CZ4467,1
CZ4467,2
CZ4467,3
CZ4467,4
CZ4467,5
CZ4467,6
CZ4467,7
CZ6894,1
CZ6894,3
CZ6894,5
CZ6894,7
CZ6187,1
CZ6187,2
CZ6187,3
CZ6187,4
CZ6187,5
CZ6187,6
CZ6187,7
CZ7952,1
CZ7952,2
CZ7952,3
CZ7952,4
CZ7952,5
CZ7952,6
CZ7952,7
CZ6484,1
CZ6484,2
CZ6484,3
CZ6484,4
CZ6484,5
CZ6484,6
CZ6484,7
CZ9786,2
CZ9786,4
CZ9786,7
CZ1679,1
CZ1679,2
CZ1679,4
CZ1679,6
CZ7609,1
CZ7609,2
CZ7609,3
CZ7609,4
CZ7609,5
CZ7609,6
CZ7609,7
CZ6433,1
CZ6433,2
CZ6433,3
CZ6433,4
CZ6433,5
CZ6433,6
CZ6433,7
CZ9741,2
CZ9741,4
CZ9741,6
CZ2724,1
CZ2724,2
CZ2724,3
CZ2724,4
CZ2724,5
CZ2724,6
CZ2724,7
CZ3287,1
CZ3287,3
CZ3287,5
CZ3705,1
CZ3705,2
CZ3705,3
CZ3705,4
CZ3705,5
CZ3705,6
CZ3705,7
CZ7345,1
CZ7345,2
CZ7345,3
CZ7345,4
CZ7345,5
CZ7345,6
CZ7345,7
CZ4683,1
CZ4683,2
CZ4683,3
CZ4683,4
CZ4683,5
CZ4683,6
CZ4683,7
CZ2312,1
CZ2312,2
CZ2312,3
CZ2312,4
CZ2312,5
CZ2312,6
CZ2312,7
CZ2669,2
CZ2669,4
CZ2669,7
CZ5478,1
CZ5478,2
CZ5478,3
CZ5478,4
CZ5478,5
CZ5478,6
CZ5478,7
CZ2176,1
CZ2176,4
CZ2176,6
CZ5490,2
CZ5490,4
CZ5490,7
CZ6750,1
CZ6750,3
CZ6750,5
CZ6750,7
CZ5422,1
CZ5422,2
CZ5422,4
CZ5422,6
CZ9449,1
CZ9449,3
CZ9449,5
CZ9449,7
CZ5903,1
CZ5903,2
CZ5903,4
CZ5903,6
CZ2297,1
CZ2297,2
CZ2297,3
CZ2297,4
CZ2297,5
CZ2297,6
CZ2297,7
CZ3731,2
CZ3731,4
CZ3731,6
CZ9433,1
CZ9433,2
CZ9433,3
CZ9433,4
CZ9433,5
CZ9433,6
CZ9433,7
CZ9274,2
CZ9274,4
CZ9274,7
CZ1822,1
CZ1822,2
CZ1822,4
CZ1822,6
CZ1640,1
CZ1640,2
CZ1640,3
CZ1640,4
CZ1640,5
CZ1640,6
CZ1640,7
CZ5190,1
CZ5190,2
CZ5190,3
CZ5190,4
CZ5190,5
CZ5190,6
CZ5190,7
CZ8487,1
CZ8487,2
CZ8487,4
CZ8487,6
CZ4777,1
CZ4777,3
CZ4777,5
CZ7203,1
CZ7203,2
CZ7203,3
CZ7203,4
CZ7203,5
CZ7203,6
CZ7203,7
CZ6381,1
CZ6381,2
CZ6381,3
CZ6381,4
CZ6381,5
CZ6381,6
CZ6381,7
CZ7891,1
CZ7891,2
CZ7891,3
CZ7891,4
CZ7891,5
CZ7891,6
CZ7891,7
CZ3874,2
CZ3874,4
CZ3874,6
CZ3492,2
CZ3492,4
CZ3492,7
CZ7269,1
CZ7269,3
CZ7269,5
CZ7269,7
CZ4097,1
CZ4097,3
CZ4097,5
CZ4097,7
CZ5804,1
CZ5804,2
CZ5804,4
CZ5804,6
CZ9842,1
CZ9842,2
CZ9842,3
CZ9842,4
CZ9842,5
CZ9842,6
CZ9842,7
CZ1401,1
CZ1401,3
CZ1401,5
CZ4938,1
CZ4938,3
CZ4938,5
CZ6897,1
CZ6897,2
CZ6897,3
CZ6897,4
CZ6897,5
CZ6897,6
CZ6897,7
CZ3191,1
CZ3191,2
CZ3191,3
CZ3191,4
CZ3191,5
CZ3191,6
CZ3191,7
CZ5144,1
CZ5144,4
CZ5144,6
CZ8085,1
CZ8085,3
CZ8085,5
CZ7532,1
CZ7532,2
CZ7532,3
CZ7532,4
CZ7532,5
CZ7532,6
CZ7532,7
CZ3473,1
CZ3473,3
CZ3473,5
CZ3473,7
CZ3698,1
CZ3698,2
CZ3698,4
CZ3698,6
CZ5236,1
CZ5236,2
CZ5236,3
CZ5236,4
CZ5236,5
CZ5236,6
CZ5236,7
CZ3370,1
CZ3370,2
CZ3370,3
CZ3370,4
CZ3370,5
CZ3370,6
CZ3370,7
CZ3126,1
CZ3126,2
CZ3126,3
CZ3126,4
CZ3126,5
CZ3126,6
CZ3126,7
CZ2391,1
CZ2391,2
CZ2391,3
CZ2391,4
CZ2391,5
CZ2391,6
CZ2391,7
CZ4356,2
CZ4356,4
CZ4356,6
CZ7475,1
CZ7475,3
CZ7475,5
CZ7475,7
CZ5722,1
CZ5722,2
CZ5722,3
CZ5722,4
CZ5722,5
CZ5722,6
CZ5722,7
CZ8238,2
CZ8238,4
CZ8238,6
CZ8285,1
CZ8285,3
CZ8285,5
CZ8285,7
CZ8342,1
CZ8342,2
CZ8342,4
CZ8342,6
CZ2155,1
CZ2155,3
CZ2155,5
CZ2155,7
CZ9897,2
CZ9897,4
CZ9897,6
CZ9529,2
CZ9529,4
CZ9529,7
CZ8986,1
CZ8986,3
CZ8986,5
CZ8986,7
CZ8325,1
CZ8325,2
CZ8325,3
CZ8325,4
CZ8325,5
CZ8325,6
CZ8325,7
CZ3740,1
CZ3740,2
CZ3740,3
CZ3740,4
CZ3740,5
CZ3740,6
CZ3740,7
CZ7781,1
CZ7781,2
CZ7781,3
CZ7781,4
CZ7781,5
CZ7781,6
CZ7781,7
CZ9282,2
CZ9282,4
CZ9282,7
CZ3830,2
CZ3830,4
CZ3830,6
CZ3349,2
CZ3349,4
CZ3349,6
CZ7744,1
CZ7744,2
CZ7744,3
CZ7744,4
CZ7744,5
CZ7744,6
CZ7744,7
CZ6728,1
CZ6728,2
CZ6728,3
CZ6728,4
CZ6728,5
CZ6728,6
CZ6728,7
CZ8480,2
CZ8480,4
CZ8480,7
CZ8762,1
CZ8762,2
CZ8762,3
CZ8762,4
CZ8762,5
CZ8762,6
CZ8762,7
CZ8548,1
CZ8548,2
CZ8548,3
CZ8548,4
CZ8548,5
CZ8548,6
CZ8548,7
CZ9264,1
CZ9264,2
CZ9264,4
CZ9264,6
CZ8143,1
CZ8143,2
CZ8143,3
CZ8143,4
CZ8143,5
CZ8143,6
CZ8143,7
CZ6574,1
CZ6574,2
CZ6574,3
CZ6574,4
CZ6574,5
CZ6574,6
CZ6574,7
CZ9515,2
CZ9515,4
CZ9515,7
CZ5960,2
CZ5960,4
CZ5960,7
CZ3530,1
CZ3530,2
CZ3530,3
CZ3530,4
CZ3530,5
CZ3530,6
CZ3530,7
CZ9580,1
CZ9580,2
CZ9580,3
CZ9580,4
CZ9580,5
CZ9580,6
CZ9580,7
CZ7645,1
CZ7645,3
CZ7645,5
CZ7645,7
CZ5807,2
CZ5807,4
CZ5807,7
CZ2679,1
CZ2679,2
CZ2679,3
CZ2679,4
CZ2679,5
CZ2679,6
CZ2679,7
CZ8273,1
CZ8273,2
CZ8273,3
CZ8273,4
CZ8273,5
CZ8273,6
CZ8273,7
CZ3430,1
CZ3430,4
CZ3430,6
CZ9984,1
CZ9984,3
CZ9984,5
CZ9984,7
CZ7681,1
CZ7681,2
CZ7681,3
CZ7681,4
CZ7681,5
CZ7681,6
CZ7681,7
CZ6808,1
CZ6808,2
CZ6808,3
CZ6808,4
CZ6808,5
CZ6808,6
CZ6808,7
CZ6267,1
CZ6267,2
CZ6267,3
CZ6267,4
CZ6267,5
CZ6267,6
CZ6267,7
CZ7240,1
CZ7240,2
CZ7240,4
CZ7240,6
CZ4122,1
CZ4122,3
CZ4122,5
CZ4122,7
CZ5737,1
CZ5737,3
CZ5737,5
CZ5737,7
CZ8231,1
CZ8231,2
CZ8231,3
CZ8231,4
CZ8231,5
CZ8231,6
CZ8231,7
CZ6309,1
CZ6309,2
CZ6309,3
CZ6309,4
CZ6309,5
CZ6309,6
CZ6309,7
CZ7284,1
CZ7284,2
CZ7284,3
CZ7284,4
CZ7284,5
CZ7284,6
CZ7284,7
CZ6781,1
CZ6781,2
CZ6781,3
CZ6781,4
CZ6781,5
CZ6781,6
CZ6781,7
CZ5690,1
CZ5690,2
CZ5690,4
CZ5690,6
CZ6519,1
CZ6519,2
CZ6519,4
CZ6519,6
CZ1134,1
CZ1134,3
CZ1134,5
CZ1134,7
CZ5857,1
CZ5857,2
CZ5857,4
CZ5857,6
CZ1650,1
CZ1650,2
CZ1650,3
CZ1650,4
CZ1650,5
CZ1650,6
CZ1650,7
CZ5464,1
CZ5464,3
CZ5464,5
CZ5464,7
CZ9673,1
CZ9673,2
CZ9673,3
CZ9673,4
CZ9673,5
CZ9673,6
CZ9673,7
CZ1481,1
CZ1481,3
CZ1481,5
CZ1481,7
CZ1943,1
CZ1943,2
CZ1943,3
CZ1943,4
CZ1943,5
CZ1943,6
CZ1943,7
CZ9632,1
CZ9632,2
CZ9632,3
CZ9632,4
CZ9632,5
CZ9632,6
CZ9632,7
CZ9475,1
CZ9475,2
CZ9475,4
CZ9475,6
CZ1878,1
CZ1878,3
CZ1878,5
CZ1878,7
CZ1938,1
CZ1938,2
CZ1938,3
CZ1938,4
CZ1938,5
CZ1938,6
CZ1938,7
CZ8280,1
CZ8280,2
CZ8280,3
CZ8280,4
CZ8280,5
CZ8280,6
CZ8280,7
CZ9644,1
CZ9644,2
CZ9644,3
CZ9644,4
CZ9644,5
CZ9644,6
CZ9644,7
CZ6780,1
CZ6780,3
CZ6780,5
CZ6780,7
CZ6483,1
CZ6483,2
CZ6483,3
CZ6483,4
CZ6483,5
CZ6483,6
CZ6483,7
CZ7886,1
CZ7886,3
CZ7886,5
CZ7886,7
CZ4920,1
CZ4920,2
CZ4920,3
CZ4920,4
CZ4920,5
CZ4920,6
CZ4920,7
CZ9478,2
CZ9478,4
CZ9478,6
CZ6202,1
CZ6202,2
CZ6202,3
CZ6202,4
CZ6202,5
CZ6202,6
CZ6202,7
CZ3583,1
CZ3583,2
CZ3583,4
CZ3583,6
CZ6380,2
CZ6380,4
CZ6380,6
CZ3353,1
CZ3353,2
CZ3353,3
CZ3353,4
CZ3353,5
CZ3353,6
CZ3353,7
CZ6093,1
CZ6093,3
CZ6093,5
CZ6550,2
CZ6550,4
CZ6550,7
CZ3347,1
CZ3347,2
CZ3347,3
CZ3347,4
CZ3347,5
CZ3347,6
CZ3347,7
CZ8240,1
CZ8240,3
CZ8240,5
CZ8240,7
CZ7661,1
CZ7661,2
CZ7661,3
CZ7661,4
CZ7661,5
CZ7661,6
CZ7661,7
CZ9991,1
CZ9991,2
CZ9991,3
CZ9991,4
CZ9991,5
CZ9991,6
CZ9991,7
CZ6891,1
CZ6891,2
CZ6891,3
CZ6891,4
CZ6891,5
CZ6891,6
CZ6891,7
CZ1403,1
CZ1403,2
CZ1403,3
CZ1403,4
CZ1403,5
CZ1403,6
CZ1403,7
CZ8998,1
CZ8998,3
CZ8998,5
CZ8998,7
CZ6536,1
CZ6536,3
CZ6536,5
CZ2485,1
CZ2485,3
CZ2485,5
CZ2485,7
CZ8114,1
CZ8114,4
CZ8114,6
CZ1389,2
CZ1389,4
CZ1389,6
CZ1762,1
CZ1762,3
CZ1762,5
CZ1762,7
CZ9432,2
CZ9432,4
CZ9432,6
CZ2212,1
CZ2212,3
CZ2212,5
CZ2212,7
CZ3061,1
CZ3061,3
CZ3061,5
CZ3061,7
CZ9435,1
CZ9435,4
CZ9435,6
CZ2727,1
CZ2727,3
CZ2727,5
CZ2727,7
CZ8335,2
CZ8335,4
CZ8335,7
CZ9054,1
CZ9054,2
CZ9054,3
CZ9054,4
CZ9054,5
CZ9054,6
CZ9054,7
CZ9186,2
CZ9186,4
CZ9186,6
CZ4198,1
CZ4198,2
CZ4198,3
CZ4198,4
CZ4198,5
CZ4198,6
CZ4198,7
CZ3975,1
CZ3975,2
CZ3975,4
CZ3975,6
CZ2121,1
CZ2121,2
CZ2121,3
CZ2121,4
CZ2121,5
CZ2121,6
CZ2121,7
CZ4125,1
CZ4125,2
CZ4125,3
CZ4125,4
CZ4125,5
CZ4125,6
CZ4125,7
CZ2785,1
CZ2785,4
CZ2785,6
CZ9206,1
CZ9206,3
CZ9206,5
CZ9206,7
CZ4768,1
CZ4768,2
CZ4768,3
CZ4768,4
CZ4768,5
CZ4768,6
CZ4768,7
CZ5105,1
CZ5105,2
CZ5105,3
CZ5105,4
CZ5105,5
CZ5105,6
CZ5105,7
CZ1065,2
CZ1065,4
CZ1065,6
CZ5766,1
CZ5766,2
CZ5766,4
CZ5766,6
CZ7881,1
CZ7881,2
CZ7881,3
CZ7881,4
CZ7881,5
CZ7881,6
CZ7881,7
CZ1275,2
CZ1275,4
CZ1275,6
CZ4916,1
CZ4916,2
CZ4916,3
CZ4916,4
CZ4916,5
CZ4916,6
CZ4916,7
CZ4492,2
CZ4492,4
CZ4492,7
CZ1919,1
CZ1919,2
CZ1919,3
CZ1919,4
CZ1919,5
CZ1919,6
CZ1919,7
CZ1395,2
CZ1395,4
CZ1395,6
CZ6557,2
CZ6557,4
CZ6557,6
CZ3239,1
CZ3239,2
CZ3239,4
CZ3239,6
CZ4572,1
CZ4572,2
CZ4572,3
CZ4572,4
CZ4572,5
CZ4572,6
CZ4572,7
CZ2014,1
CZ2014,2
CZ2014,3
CZ2014,4
CZ2014,5
CZ2014,6
CZ2014,7
CZ2765,1
CZ2765,2
CZ2765,3
CZ2765,4
CZ2765,5
CZ2765,6
CZ2765,7
CZ6053,1
CZ6053,2
CZ6053,3
CZ6053,4
CZ6053,5
CZ6053,6
CZ6053,7
CZ4601,1
CZ4601,2
CZ4601,3
CZ4601,4
CZ4601,5
CZ4601,6
CZ4601,7
CZ2497,1
CZ2497,3
CZ2497,5
CZ3714,1
CZ3714,3
CZ3714,5
CZ3714,7
CZ4439,2
CZ4439,4
CZ4439,6
CZ3676,1
CZ3676,2
CZ3676,3
CZ3676,4
CZ3676,5
CZ3676,6
CZ3676,7
CZ7516,1
CZ7516,4
CZ7516,6
CZ5372,1
CZ5372,3
CZ5372,5
CZ5372,7
CZ2778,1
CZ2778,2
CZ2778,3
CZ2778,4
CZ2778,5
CZ2778,6
CZ2778,7
CZ3662,1
CZ3662,3
CZ3662,5
CZ5774,1
CZ5774,3
CZ5774,5
CZ5774,7
CZ1399,1
CZ1399,2
CZ1399,3
CZ1399,4
CZ1399,5
CZ1399,6
CZ1399,7
CZ6880,1
CZ6880,2
CZ6880,3
CZ6880,4
CZ6880,5
CZ6880,6
CZ6880,7
CZ3100,1
CZ3100,2
CZ3100,3
CZ3100,4
CZ3100,5
CZ3100,6
CZ3100,7
CZ8344,1
CZ8344,3
CZ8344,5
CZ8344,7
CZ8873,1
CZ8873,2
CZ8873,4
CZ8873,6
CZ3288,1
CZ3288,2
CZ3288,3
CZ3288,4
CZ3288,5
CZ3288,6
CZ3288,7
CZ4267,1
CZ4267,3
CZ4267,5
CZ4267,7
CZ8222,1
CZ8222,2
CZ8222,3
CZ8222,4
CZ8222,5
CZ8222,6
CZ8222,7
CZ9968,1
CZ9968,3
CZ9968,5
CZ9968,7
CZ6614,2
CZ6614,4
CZ6614,6
CZ8138,1
CZ8138,3
CZ8138,5
CZ8138,7
CZ4020,2
CZ4020,4
CZ4020,6
CZ2733,1
CZ2733,2
CZ2733,3
CZ2733,4
CZ2733,5
CZ2733,6
CZ2733,7
CZ1803,1
CZ1803,3
CZ1803,5
CZ1803,7
CZ3219,1
CZ3219,2
CZ3219,4
CZ3219,6
CZ4586,1
CZ4586,2
CZ4586,3
CZ4586,4
CZ4586,5
CZ4586,6
CZ4586,7
CZ6525,1
CZ6525,2
CZ6525,3
CZ6525,4
CZ6525,5
CZ6525,6
CZ6525,7
CZ7883,1
CZ7883,3
CZ7883,5
CZ7883,7
CZ8990,1
CZ8990,3
CZ8990,5
CZ4848,2
CZ4848,4
CZ4848,6
CZ6730,1
CZ6730,4
CZ6730,6
CZ3844,1
CZ3844,3
CZ3844,5
CZ3844,7
CZ1659,2
CZ1659,4
CZ1659,6
CZ3416,1
CZ3416,2
CZ3416,3
CZ3416,4
CZ3416,5
CZ3416,6
CZ3416,7
CZ8029,1
CZ8029,2
CZ8029,4
CZ8029,6
CZ4781,1
CZ4781,2
CZ4781,4
CZ4781,6
CZ2366,1
CZ2366,2
CZ2366,3
CZ2366,4
CZ2366,5
CZ2366,6
CZ2366,7
CZ3912,1
CZ3912,2
CZ3912,3
CZ3912,4
CZ3912,5
CZ3912,6
CZ3912,7
CZ2654,2
CZ2654,4
CZ2654,6
CZ1927,1
CZ1927,2
CZ1927,3
CZ1927,4
CZ1927,5
CZ1927,6
CZ1927,7
CZ3165,1
CZ3165,3
CZ3165,5
CZ3165,7
CZ7615,1
CZ7615,3
CZ7615,5
CZ7139,1
CZ7139,2
CZ7139,3
CZ7139,4
CZ7139,5
CZ7139,6
CZ7139,7
CZ1962,1
CZ1962,3
CZ1962,5
CZ2000,2
CZ2000,4
CZ2000,6
CZ9210,1
CZ9210,2
CZ9210,3
CZ9210,4
CZ9210,5
CZ9210,6
CZ9210,7
CZ3130,1
CZ3130,3
CZ3130,5
CZ8819,1
CZ8819,2
CZ8819,3
CZ8819,4
CZ8819,5
CZ8819,6
CZ8819,7
CZ2597,1
CZ2597,3
CZ2597,5
CZ2597,7
CZ4886,1
CZ4886,2
CZ4886,3
CZ4886,4
CZ4886,5
CZ4886,6
CZ4886,7
CZ1906,1
CZ1906,2
CZ1906,3
CZ1906,4
CZ1906,5
CZ1906,6
CZ1906,7
CZ7148,1
CZ7148,2
CZ7148,3
CZ7148,4
CZ7148,5
CZ7148,6
CZ7148,7
CZ7341,1
CZ7341,3
CZ7341,5
CZ7341,7
CZ6339,1
CZ6339,2
CZ6339,3
CZ6339,4
CZ6339,5
CZ6339,6
CZ6339,7
CZ8617,1
CZ8617,2
CZ8617,3
CZ8617,4
CZ8617,5
CZ8617,6
CZ8617,7
CZ3892,1
CZ3892,2
CZ3892,3
CZ3892,4
CZ3892,5
CZ3892,6
CZ3892,7
CZ5167,1
CZ5167,2
CZ5167,3
CZ5167,4
CZ5167,5
CZ5167,6
CZ5167,7
CZ3015,1
CZ3015,3
CZ3015,5
CZ1741,1
CZ1741,2
CZ1741,3
CZ1741,4
CZ1741,5
CZ1741,6
CZ1741,7
CZ3449,1
CZ3449,2
CZ3449,4
CZ3449,6
CZ3102,1
CZ3102,3
CZ3102,5
CZ1497,1
CZ1497,3
CZ1497,5
CZ1497,7
CZ9922,1
CZ9922,3
CZ9922,5
CZ9922,7
CZ2143,1
CZ2143,3
CZ2143,5
CZ2143,7
CZ1559,1
CZ1559,3
CZ1559,5
CZ6727,2
CZ6727,4
CZ6727,7
CZ7565,1
CZ7565,2
CZ7565,3
CZ7565,4
CZ7565,5
CZ7565,6
CZ7565,7
CZ8657,1
CZ8657,2
CZ8657,3
CZ8657,4
CZ8657,5
CZ8657,6
CZ8657,7
CZ2609,2
CZ2609,4
CZ2609,6
CZ5503,1
CZ5503,2
CZ5503,3
CZ5503,4
CZ5503,5
CZ5503,6
CZ5503,7
CZ3299,1
CZ3299,3
CZ3299,5
CZ3299,7
CZ6599,2
CZ6599,4
CZ6599,6
CZ1434,2
CZ1434,4
CZ1434,7
CZ6745,2
CZ6745,4
CZ6745,6
CZ4587,1
CZ4587,2
CZ4587,3
CZ4587,4
CZ4587,5
CZ4587,6
CZ4587,7
CZ1841,1
CZ1841,2
CZ1841,3
CZ1841,4
CZ1841,5
CZ1841,6
CZ1841,7
CZ6710,2
CZ6710,4
CZ6710,6
CZ7029,1
CZ7029,2
CZ7029,3
CZ7029,4
CZ7029,5
CZ7029,6
CZ7029,7
CZ4195,1
CZ4195,2
CZ4195,3
CZ4195,4
CZ4195,5
CZ4195,6
CZ4195,7
CZ5880,1
CZ5880,3
CZ5880,5
CZ5880,7
CZ9617,1
CZ9617,3
CZ9617,5
CZ9617,7
CZ4697,1
CZ4697,2
CZ4697,3
CZ4697,4
CZ4697,5
CZ4697,6
CZ4697,7
CZ5573,1
CZ5573,2
CZ5573,3
CZ5573,4
CZ5573,5
CZ5573,6
CZ5573,7
CZ9756,1
CZ9756,2
CZ9756,3
CZ9756,4
CZ9756,5
CZ9756,6
CZ9756,7
CZ4462,1
CZ4462,2
CZ4462,3
CZ4462,4
CZ4462,5
CZ4462,6
CZ4462,7
CZ1440,1
CZ1440,2
CZ1440,3
CZ1440,4
CZ1440,5
CZ1440,6
CZ1440,7
CZ5540,1
CZ5540,2
CZ5540,3
CZ5540,4
CZ5540,5
CZ5540,6
CZ5540,7
CZ6193,1
CZ6193,3
CZ6193,5
CZ6193,7
CZ3561,1
CZ3561,2
CZ3561,3
CZ3561,4
CZ3561,5
CZ3561,6
CZ3561,7
CZ4505,1
CZ4505,2
CZ4505,3
CZ4505,4
CZ4505,5
CZ4505,6
CZ4505,7
CZ8746,1
CZ8746,2
CZ8746,4
CZ8746,6
CZ8936,2
CZ8936,4
CZ8936,7
CZ8699,1
CZ8699,3
CZ8699,5
CZ8699,7
CZ8358,1
CZ8358,2
CZ8358,3
CZ8358,4
CZ8358,5
CZ8358,6
CZ8358,7
CZ6345,1
CZ6345,2
CZ6345,3
CZ6345,4
CZ6345,5
CZ6345,6
CZ6345,7
CZ9715,1
CZ9715,2
CZ9715,3
CZ9715,4
CZ9715,5
CZ9715,6
CZ9715,7
CZ4517,1
CZ4517,3
CZ4517,5
CZ4517,7
CZ5519,1
CZ5519,2
CZ5519,4
CZ5519,6
CZ7011,1
CZ7011,2
CZ7011,3
CZ7011,4
CZ7011,5
CZ7011,6
CZ7011,7
CZ2706,2
CZ2706,4
CZ2706,7
CZ7223,1
CZ7223,2
CZ7223,3
CZ7223,4
CZ7223,5
CZ7223,6
CZ7223,7
CZ7023,1
CZ7023,3
CZ7023,5
CZ7023,7
CZ5809,1
CZ5809,2
CZ5809,4
CZ5809,6
CZ7803,1
CZ7803,3
CZ7803,5
CZ7803,7
CZ9397,2
CZ9397,4
CZ9397,6
CZ9382,1
CZ9382,4
CZ9382,6
CZ8009,1
CZ8009,3
CZ8009,5
CZ9353,1
CZ9353,2
CZ9353,4
CZ9353,6
CZ8999,1
CZ8999,2
CZ8999,3
CZ8999,4
CZ8999,5
CZ8999,6
CZ8999,7
CZ5348,1
CZ5348,2
CZ5348,3
CZ5348,4
CZ5348,5
CZ5348,6
CZ5348,7
CZ4040,1
CZ4040,2
CZ4040,4
CZ4040,6
CZ7202,1
CZ7202,2
CZ7202,3
CZ7202,4
CZ7202,5
CZ7202,6
CZ7202,7
CZ9887,1
CZ9887,4
CZ9887,6
CZ4737,1
CZ4737,3
CZ4737,5
CZ4737,7
CZ4555,1
CZ4555,2
CZ4555,3
CZ4555,4
CZ4555,5
CZ4555,6
CZ4555,7
CZ4033,1
CZ4033,2
CZ4033,3
CZ4033,4
CZ4033,5
CZ4033,6
CZ4033,7
CZ6968,1
CZ6968,2
CZ6968,3
CZ6968,4
CZ6968,5
CZ6968,6
CZ6968,7
CZ1409,1
CZ1409,2
CZ1409,3
CZ1409,4
CZ1409,5
CZ1409,6
CZ1409,7
CZ5785,1
CZ5785,3
CZ5785,5
CZ5785,7
CZ5124,1
CZ5124,2
CZ5124,3
CZ5124,4
CZ5124,5
CZ5124,6
CZ5124,7
CZ8869,1
CZ8869,2
CZ8869,4
CZ8869,6
CZ8473,1
CZ8473,2
CZ8473,3
CZ8473,4
CZ8473,5
CZ8473,6
CZ8473,7
CZ5451,1
CZ5451,2
CZ5451,3
CZ5451,4
CZ5451,5
CZ5451,6
CZ5451,7
CZ8151,2
CZ8151,4
CZ8151,6
CZ9526,1
CZ9526,2
CZ9526,3
CZ9526,4
CZ9526,5
CZ9526,6
CZ9526,7
CZ4080,1
CZ4080,4
CZ4080,6
CZ6693,1
CZ6693,2
CZ6693,4
CZ6693,6
CZ9919,1
CZ9919,3
CZ9919,5
CZ9123,1
CZ9123,2
CZ9123,4
CZ9123,6
CZ2804,1
CZ2804,3
CZ2804,5
CZ2804,7
CZ9942,1
CZ9942,2
CZ9942,3
CZ9942,4
CZ9942,5
CZ9942,6
CZ9942,7
CZ2002,1
CZ2002,4
CZ2002,6
CZ7196,1
CZ7196,2
CZ7196,3
CZ7196,4
CZ7196,5
CZ7196,6
CZ7196,7
CZ2361,2
CZ2361,4
CZ2361,6
CZ9060,1
CZ9060,3
CZ9060,5
CZ9060,7
CZ8490,1
CZ8490,2
CZ8490,3
CZ8490,4
CZ8490,5
CZ8490,6
CZ8490,7
CZ1979,1
CZ1979,3
CZ1979,5
CZ1979,7
CZ1159,1
CZ1159,3
CZ1159,5
CZ1159,7
CZ3954,1
CZ3954,2
CZ3954,3
CZ3954,4
CZ3954,5
CZ3954,6
CZ3954,7
CZ5715,2
CZ5715,4
CZ5715,6
CZ7801,2
CZ7801,4
CZ7801,7
CZ2718,2
CZ2718,4
CZ2718,6
CZ3348,1
CZ3348,3
CZ3348,5
CZ3348,7
CZ1386,1
CZ1386,3
CZ1386,5
CZ1386,7
CZ6578,1
CZ6578,3
CZ6578,5
CZ6578,7
CZ8523,2
CZ8523,4
CZ8523,7
CZ7387,1
CZ7387,2
CZ7387,3
CZ7387,4
CZ7387,5
CZ7387,6
CZ7387,7
CZ8813,2
CZ8813,4
CZ8813,7
CZ5981,1
CZ5981,2
CZ5981,3
CZ5981,4
CZ5981,5
CZ5981,6
CZ5981,7
CZ1074,1
CZ1074,2
CZ1074,4
CZ1074,6
CZ4220,2
CZ4220,4
CZ4220,6
CZ3716,1
CZ3716,2
CZ3716,3
CZ3716,4
CZ3716,5
CZ3716,6
CZ3716,7
CZ4017,1
CZ4017,3
CZ4017,5
CZ4017,7
CZ7869,1
CZ7869,3
CZ7869,5
CZ7869,7
CZ6392,2
CZ6392,4
CZ6392,6
CZ9373,1
CZ9373,3
CZ9373,5
CZ9373,7
CZ2830,1
CZ2830,2
CZ2830,3
CZ2830,4
CZ2830,5
CZ2830,6
CZ2830,7
CZ9571,2
CZ9571,4
CZ9571,7
CZ3784,1
CZ3784,2
CZ3784,3
CZ3784,4
CZ3784,5
CZ3784,6
CZ3784,7
CZ6491,1
CZ6491,3
CZ6491,5
CZ7005,1
CZ7005,2
CZ7005,4
CZ7005,6
CZ2762,1
CZ2762,2
CZ2762,3
CZ2762,4
CZ2762,5
CZ2762,6
CZ2762,7
CZ1980,1
CZ1980,2
CZ1980,4
CZ1980,6
CZ9276,2
CZ9276,4
CZ9276,6
CZ3732,2
CZ3732,4
CZ3732,6
CZ8511,1
CZ8511,3
CZ8511,5
CZ5301,1
CZ5301,2
CZ5301,3
CZ5301,4
CZ5301,5
CZ5301,6
CZ5301,7
CZ5406,1
CZ5406,3
CZ5406,5
CZ9102,1
CZ9102,3
CZ9102,5
CZ9102,7
CZ8389,2
CZ8389,4
CZ8389,6
CZ8421,1
CZ8421,3
CZ8421,5
CZ8421,7
CZ8023,1
CZ8023,2
CZ8023,3
CZ8023,4
CZ8023,5
CZ8023,6
CZ8023,7
CZ3128,2
CZ3128,4
CZ3128,7
CZ2626,1
CZ2626,3
CZ2626,5
CZ2626,7
CZ2776,1
CZ2776,4
CZ2776,6
CZ3171,1
CZ3171,3
CZ3171,5
CZ3171,7
CZ2652,2
CZ2652,4
CZ2652,7
CZ3730,1
CZ3730,2
CZ3730,3
CZ3730,4
CZ3730,5
CZ3730,6
CZ3730,7
CZ3208,1
CZ3208,2
CZ3208,4
CZ3208,6
CZ5874,1
CZ5874,2
CZ5874,3
CZ5874,4
CZ5874,5
CZ5874,6
CZ5874,7
CZ8175,1
CZ8175,2
CZ8175,3
CZ8175,4
CZ8175,5
CZ8175,6
CZ8175,7
CZ9550,2
CZ9550,4
CZ9550,6
CZ9078,1
CZ9078,2
CZ9078,4
CZ9078,6
CZ6501,1
CZ6501,2
CZ6501,4
CZ6501,6
CZ5623,1
CZ5623,3
CZ5623,5
CZ5623,7
CZ4140,1
CZ4140,3
CZ4140,5
CZ4140,7
CZ4836,2
CZ4836,4
CZ4836,7
CZ4684,1
CZ4684,2
CZ4684,3
CZ4684,4
CZ4684,5
CZ4684,6
CZ4684,7
CZ5838,2
CZ5838,4
CZ5838,6
CZ3256,1
CZ3256,2
CZ3256,3
CZ3256,4
CZ3256,5
CZ3256,6
CZ3256,7
CZ5856,1
CZ5856,2
CZ5856,3
CZ5856,4
CZ5856,5
CZ5856,6
CZ5856,7
CZ9320,2
CZ9320,4
CZ9320,6
CZ7912,2
CZ7912,4
CZ7912,6
CZ1508,2
CZ1508,4
CZ1508,6
CZ8992,2
CZ8992,4
CZ8992,6
CZ3178,1
CZ3178,2
CZ3178,3
CZ3178,4
CZ3178,5
CZ3178,6
CZ3178,7
CZ5452,1
CZ5452,2
CZ5452,3
CZ5452,4
CZ5452,5
CZ5452,6
CZ5452,7
CZ7828,1
CZ7828,2
CZ7828,3
CZ7828,4
CZ7828,5
CZ7828,6
CZ7828,7
CZ2613,2
CZ2613,4
CZ2613,7
CZ1182,2
CZ1182,4
CZ1182,7
CZ5404,1
CZ5404,2
CZ5404,3
CZ5404,4
CZ5404,5
CZ5404,6
CZ5404,7
CZ9906,1
CZ9906,3
CZ9906,5
CZ9906,7
CZ1231,1
CZ1231,3
CZ1231,5
CZ1231,7
CZ8524,1
CZ8524,3
CZ8524,5
CZ8586,2
CZ8586,4
CZ8586,6
CZ8383,1
CZ8383,3
CZ8383,5
CZ8383,7
CZ7186,1
CZ7186,2
CZ7186,4
CZ7186,6
CZ9512,1
CZ9512,3
CZ9512,5
CZ4732,1
CZ4732,2
CZ4732,3
CZ4732,4
CZ4732,5
CZ4732,6
CZ4732,7
CZ9974,1
CZ9974,2
CZ9974,4
CZ9974,6
CZ1606,1
CZ1606,3
CZ1606,5
CZ2903,1
CZ2903,2
CZ2903,3
CZ2903,4
CZ2903,5
CZ2903,6
CZ2903,7
CZ5059,1
CZ5059,3
CZ5059,5
CZ5059,7
CZ2346,1
CZ2346,3
CZ2346,5
CZ8669,1
CZ8669,2
CZ8669,3
CZ8669,4
CZ8669,5
CZ8669,6
CZ8669,7
CZ8049,1
CZ8049,2
CZ8049,3
CZ8049,4
CZ8049,5
CZ8049,6
CZ8049,7
CZ8272,2
CZ8272,4
CZ8272,7
CZ4908,1
CZ4908,3
CZ4908,5
CZ2887,1
CZ2887,4
CZ2887,6
CZ6903,1
CZ6903,3
CZ6903,5
CZ7427,1
CZ7427,3
CZ7427,5
CZ7427,7
CZ4225,1
CZ4225,2
CZ4225,4
CZ4225,6
CZ9426,1
CZ9426,4
CZ9426,6
CZ1592,1
CZ1592,2
CZ1592,3
CZ1592,4
CZ1592,5
CZ1592,6
CZ1592,7
CZ6417,1
CZ6417,2
CZ6417,4
CZ6417,6
CZ3812,2
CZ3812,4
CZ3812,6
CZ3150,2
CZ3150,4
CZ3150,6
CZ1056,1
CZ1056,3
CZ1056,5
CZ1056,7
CZ4204,1
CZ4204,2
CZ4204,3
CZ4204,4
CZ4204,5
CZ4204,6
CZ4204,7
CZ4252,1
CZ4252,2
CZ4252,4
CZ4252,6
CZ6796,1
CZ6796,2
CZ6796,3
CZ6796,4
CZ6796,5
CZ6796,6
CZ6796,7
CZ7207,2
CZ7207,4
CZ7207,7
CZ8624,1
CZ8624,3
CZ8624,5
CZ8624,7
CZ8201,1
CZ8201,2
CZ8201,3
CZ8201,4
CZ8201,5
CZ8201,6
CZ8201,7
CZ6947,1
CZ6947,2
CZ6947,3
CZ6947,4
CZ6947,5
CZ6947,6
CZ6947,7
CZ9164,1
CZ9164,4
CZ9164,6
CZ5045,1
CZ5045,3
CZ5045,5
CZ5045,7
CZ2697,1
CZ2697,3
CZ2697,5
CZ2697,7
CZ1830,1
CZ1830,3
CZ1830,5
CZ1830,7
CZ8132,1
CZ8132,2
CZ8132,3
CZ8132,4
CZ8132,5
CZ8132,6
CZ8132,7
CZ1245,1
CZ1245,3
CZ1245,5
CZ1245,7
CZ5711,1
CZ5711,2
CZ5711,3
CZ5711,4
CZ5711,5
CZ5711,6
CZ5711,7
CZ2608,1
CZ2608,2
CZ2608,4
CZ2608,6
CZ6918,1
CZ6918,2
CZ6918,3
CZ6918,4
CZ6918,5
CZ6918,6
CZ6918,7
CZ6403,1
CZ6403,2
CZ6403,4
CZ6403,6
CZ9666,1
CZ9666,2
CZ9666,4
CZ9666,6
CZ3945,1
CZ3945,3
CZ3945,5
CZ3945,7
CZ7879,1
CZ7879,2
CZ7879,3
CZ7879,4
CZ7879,5
CZ7879,6
CZ7879,7
CZ6276,1
CZ6276,2
CZ6276,3
CZ6276,4
CZ6276,5
CZ6276,6
CZ6276,7
CZ5754,1
CZ5754,3
CZ5754,5
CZ5754,7
CZ8006,2
CZ8006,4
CZ8006,6
CZ6656,1
CZ6656,2
CZ6656,3
CZ6656,4
CZ6656,5
CZ6656,6
CZ6656,7
CZ1855,2
CZ1855,4
CZ1855,6
CZ6813,1
CZ6813,3
CZ6813,5
CZ6813,7
CZ3780,2
CZ3780,4
CZ3780,6
CZ9366,1
CZ9366,3
CZ9366,5
CZ9366,7
CZ6973,1
CZ6973,3
CZ6973,5
CZ6973,7
CZ9633,1
CZ9633,2
CZ9633,3
CZ9633,4
CZ9633,5
CZ9633,6
CZ9633,7
CZ7054,1
CZ7054,2
CZ7054,3
CZ7054,4
CZ7054,5
CZ7054,6
CZ7054,7
CZ1675,1
CZ1675,4
CZ1675,6
CZ5933,1
CZ5933,2
CZ5933,3
CZ5933,4
CZ5933,5
CZ5933,6
CZ5933,7
CZ5111,1
CZ5111,2
CZ5111,4
CZ5111,6
CZ1265,1
CZ1265,2
CZ1265,3
CZ1265,4
CZ1265,5
CZ1265,6
CZ1265,7
CZ6502,1
CZ6502,2
CZ6502,4
CZ6502,6
CZ2925,1
CZ2925,3
CZ2925,5
CZ2925,7
CZ9595,1
CZ9595,3
CZ9595,5
CZ9595,7
CZ9536,1
CZ9536,2
CZ9536,3
CZ9536,4
CZ9536,5
CZ9536,6
CZ9536,7
CZ5671,1
CZ5671,2
CZ5671,3
CZ5671,4
CZ5671,5
CZ5671,6
CZ5671,7
CZ3413,1
CZ3413,3
CZ3413,5
CZ4758,2
CZ4758,4
CZ4758,7
CZ8298,1
CZ8298,2
CZ8298,3
CZ8298,4
CZ8298,5
CZ8298,6
CZ8298,7
CZ1977,2
CZ1977,4
CZ1977,7
CZ3368,1
CZ3368,3
CZ3368,5
CZ3368,7
CZ5421,1
CZ5421,3
CZ5421,5
CZ5864,2
CZ5864,4
CZ5864,6
CZ1590,1
CZ1590,2
CZ1590,4
CZ1590,6
CZ1766,1
CZ1766,4
CZ1766,6
CZ5944,2
CZ5944,4
CZ5944,6
CZ5382,1
CZ5382,2
CZ5382,4
CZ5382,6
CZ9540,1
CZ9540,2
CZ9540,3
CZ9540,4
CZ9540,5
CZ9540,6
CZ9540,7
CZ9889,1
CZ9889,2
CZ9889,4
CZ9889,6
CZ1286,1
CZ1286,2
CZ1286,3
CZ1286,4
CZ1286,5
CZ1286,6
CZ1286,7
CZ9291,1
CZ9291,3
CZ9291,5
CZ9291,7
CZ7600,1
CZ7600,3
CZ7600,5
CZ2156,1
CZ2156,2
CZ2156,3
CZ2156,4
CZ2156,5
CZ2156,6
CZ2156,7
CZ1148,1
CZ1148,2
CZ1148,4
CZ1148,6
CZ4013,1
CZ4013,2
CZ4013,3
CZ4013,4
CZ4013,5
CZ4013,6
CZ4013,7
CZ4194,2
CZ4194,4
CZ4194,6
CZ1306,1
CZ1306,2
CZ1306,3
CZ1306,4
CZ1306,5
CZ1306,6
CZ1306,7
CZ7396,1
CZ7396,3
CZ7396,5
CZ3799,1
CZ3799,4
CZ3799,6
CZ6369,1
CZ6369,2
CZ6369,3
CZ6369,4
CZ6369,5
CZ6369,6
CZ6369,7
CZ4055,1
CZ4055,3
CZ4055,5
CZ4055,7
CZ4464,1
CZ4464,2
CZ4464,3
CZ4464,4
CZ4464,5
CZ4464,6
CZ4464,7
CZ5400,2
CZ5400,4
CZ5400,6
CZ3999,1
CZ3999,3
CZ3999,5
CZ3999,7
CZ5826,1
CZ5826,3
CZ5826,5
CZ5826,7
CZ5732,1
CZ5732,2
CZ5732,3
CZ5732,4
CZ5732,5
CZ5732,6
CZ5732,7
CZ8925,1
CZ8925,2
CZ8925,3
CZ8925,4
CZ8925,5
CZ8925,6
CZ8925,7
CZ2789,1
CZ2789,2
CZ2789,3
CZ2789,4
CZ2789,5
CZ2789,6
CZ2789,7
CZ8484,1
CZ8484,3
CZ8484,5
CZ8484,7
CZ6362,1
CZ6362,3
CZ6362,5
CZ1152,1
CZ1152,2
CZ1152,3
CZ1152,4
CZ1152,5
CZ1152,6
CZ1152,7
CZ4625,1
CZ4625,4
CZ4625,6
CZ8392,1
CZ8392,2
CZ8392,4
CZ8392,6
CZ5475,2
CZ5475,4
CZ5475,6
CZ4921,2
CZ4921,4
CZ4921,7
CZ2625,1
CZ2625,2
CZ2625,3
CZ2625,4
CZ2625,5
CZ2625,6
CZ2625,7
CZ6490,1
CZ6490,2
CZ6490,3
CZ6490,4
CZ6490,5
CZ6490,6
CZ6490,7
CZ3087,1
CZ3087,2
CZ3087,3
CZ3087,4
CZ3087,5
CZ3087,6
CZ3087,7
CZ5303,1
CZ5303,3
CZ5303,5
CZ5495,2
CZ5495,4
CZ5495,6
CZ7147,1
CZ7147,3
CZ7147,5
CZ7147,7
CZ5409,2
CZ5409,4
CZ5409,7
CZ7756,1
CZ7756,3
CZ7756,5
CZ7756,7
CZ9308,1
CZ9308,2
CZ9308,3
CZ9308,4
CZ9308,5
CZ9308,6
CZ9308,7
CZ4752,1
CZ4752,3
CZ4752,5
CZ4752,7
CZ4726,1
CZ4726,2
CZ4726,3
CZ4726,4
CZ4726,5
CZ4726,6
CZ4726,7
CZ2075,1
CZ2075,2
CZ2075,3
CZ2075,4
CZ2075,5
CZ2075,6
CZ2075,7
CZ9148,1
CZ9148,3
CZ9148,5
CZ2803,1
CZ2803,2
CZ2803,3
CZ2803,4
CZ2803,5
CZ2803,6
CZ2803,7
CZ3509,1
CZ3509,4
CZ3509,6
CZ3192,1
CZ3192,3
CZ3192,5
CZ3192,7
CZ8966,1
CZ8966,3
CZ8966,5
CZ8966,7
CZ3088,2
CZ3088,4
CZ3088,6
CZ9752,1
CZ9752,2
CZ9752,3
CZ9752,4
CZ9752,5
CZ9752,6
CZ9752,7
CZ6587,1
CZ6587,3
CZ6587,5
CZ6587,7
CZ4753,1
CZ4753,3
CZ4753,5
CZ4753,7
CZ6200,1
CZ6200,2
CZ6200,3
CZ6200,4
CZ6200,5
CZ6200,6
CZ6200,7
CZ2888,1
CZ2888,2
CZ2888,3
CZ2888,4
CZ2888,5
CZ2888,6
CZ2888,7
CZ9861,1
CZ9861,2
CZ9861,3
CZ9861,4
CZ9861,5
CZ9861,6
CZ9861,7
CZ5023,1
CZ5023,2
CZ5023,3
CZ5023,4
CZ5023,5
CZ5023,6
CZ5023,7
CZ9192,1
CZ9192,3
CZ9192,5
CZ2035,1
CZ2035,4
CZ2035,6
CZ9556,1
CZ9556,3
CZ9556,5
CZ5305,1
CZ5305,3
CZ5305,5
CZ5305,7
CZ6555,1
CZ6555,2
CZ6555,3
CZ6555,4
CZ6555,5
CZ6555,6
CZ6555,7
CZ7261,1
CZ7261,2
CZ7261,3
CZ7261,4
CZ7261,5
CZ7261,6
CZ7261,7
CZ9688,1
CZ9688,2
CZ9688,3
CZ9688,4
CZ9688,5
CZ9688,6
CZ9688,7
CZ7919,1
CZ7919,3
CZ7919,5
CZ7919,7
CZ3669,1
CZ3669,4
CZ3669,6
CZ6229,1
CZ6229,3
CZ6229,5
CZ6229,7
CZ6815,1
CZ6815,2
CZ6815,3
CZ6815,4
CZ6815,5
CZ6815,6
CZ6815,7
CZ4412,1
CZ4412,3
CZ4412,5
CZ3069,1
CZ3069,2
CZ3069,3
CZ3069,4
CZ3069,5
CZ3069,6
CZ3069,7
CZ5643,1
CZ5643,3
CZ5643,5
CZ5643,7
CZ1055,1
CZ1055,4
CZ1055,6
CZ5589,1
CZ5589,2
CZ5589,3
CZ5589,4
CZ5589,5
CZ5589,6
CZ5589,7
CZ4987,1
CZ4987,3
CZ4987,5
CZ3842,1
CZ3842,2
CZ3842,3
CZ3842,4
CZ3842,5
CZ3842,6
CZ3842,7
CZ9099,1
CZ9099,3
CZ9099,5
CZ9099,7
CZ3453,1
CZ3453,3
CZ3453,5
CZ3453,7
CZ7877,2
CZ7877,4
CZ7877,6
CZ6554,1
CZ6554,2
CZ6554,3
CZ6554,4
CZ6554,5
CZ6554,6
CZ6554,7
CZ4192,1
CZ4192,2
CZ4192,3
CZ4192,4
CZ4192,5
CZ4192,6
CZ4192,7
CZ2222,1
CZ2222,2
CZ2222,4
CZ2222,6
CZ5436,1
CZ5436,2
CZ5436,3
CZ5436,4
CZ5436,5
CZ5436,6
CZ5436,7
CZ9727,2
CZ9727,4
CZ9727,6
CZ7195,2
CZ7195,4
CZ7195,7
CZ6029,1
CZ6029,2
CZ6029,3
CZ6029,4
CZ6029,5
CZ6029,6
CZ6029,7
CZ8631,1
CZ8631,4
CZ8631,6
CZ3536,1
CZ3536,2
CZ3536,3
CZ3536,4
CZ3536,5
CZ3536,6
CZ3536,7
CZ8359,1
CZ8359,2
CZ8359,3
CZ8359,4
CZ8359,5
CZ8359,6
CZ8359,7
CZ4533,1
CZ4533,3
CZ4533,5
CZ4533,7
CZ9935,1
CZ9935,2
CZ9935,3
CZ9935,4
CZ9935,5
CZ9935,6
CZ9935,7
CZ3889,1
CZ3889,3
CZ3889,5
CZ3889,7
CZ2740,1
CZ2740,2
CZ2740,4
CZ2740,6
CZ9568,1
CZ9568,2
CZ9568,3
CZ9568,4
CZ9568,5
CZ9568,6
CZ9568,7
CZ4931,2
CZ4931,4
CZ4931,7
CZ3801,1
CZ3801,2
CZ3801,3
CZ3801,4
CZ3801,5
CZ3801,6
CZ3801,7
CZ2455,2
CZ2455,4
CZ2455,6
CZ7287,1
CZ7287,3
CZ7287,5
CZ7287,7
CZ7184,1
CZ7184,3
CZ7184,5
CZ7184,7
CZ5747,1
CZ5747,2
CZ5747,3
CZ5747,4
CZ5747,5
CZ5747,6
CZ5747,7
CZ5243,1
CZ5243,2
CZ5243,4
CZ5243,6
CZ3377,1
CZ3377,2
CZ3377,3
CZ3377,4
CZ3377,5
CZ3377,6
CZ3377,7
CZ1862,2
CZ1862,4
CZ1862,7
CZ2635,2
CZ2635,4
CZ2635,6
CZ7972,1
CZ7972,2
CZ7972,3
CZ7972,4
CZ7972,5
CZ7972,6
CZ7972,7
CZ1534,1
CZ1534,2
CZ1534,3
CZ1534,4
CZ1534,5
CZ1534,6
CZ1534,7
CZ1357,1
CZ1357,3
CZ1357,5
CZ6454,1
CZ6454,2
CZ6454,3
CZ6454,4
CZ6454,5
CZ6454,6
CZ6454,7
CZ8010,1
CZ8010,3
CZ8010,5
CZ8010,7
CZ4018,1
CZ4018,2
CZ4018,3
CZ4018,4
CZ4018,5
CZ4018,6
CZ4018,7
CZ7312,1
CZ7312,2
CZ7312,3
CZ7312,4
CZ7312,5
CZ7312,6
CZ7312,7
CZ3378,1
CZ3378,2
CZ3378,4
CZ3378,6
CZ6410,1
CZ6410,2
CZ6410,3
CZ6410,4
CZ6410,5
CZ6410,6
CZ6410,7
CZ1330,1
CZ1330,2
CZ1330,3
CZ1330,4
CZ1330,5
CZ1330,6
CZ1330,7
CZ9891,1
CZ9891,2
CZ9891,3
CZ9891,4
CZ9891,5
CZ9891,6
CZ9891,7
CZ2270,1
CZ2270,2
CZ2270,3
CZ2270,4
CZ2270,5
CZ2270,6
CZ2270,7
CZ6526,2
CZ6526,4
CZ6526,6
CZ3782,1
CZ3782,3
CZ3782,5
CZ3782,7
CZ7654,1
CZ7654,2
CZ7654,3
CZ7654,4
CZ7654,5
CZ7654,6
CZ7654,7
CZ1591,1
CZ1591,2
CZ1591,4
CZ1591,6
CZ4913,2
CZ4913,4
CZ4913,6
CZ2039,1
CZ2039,2
CZ2039,3
CZ2039,4
CZ2039,5
CZ2039,6
CZ2039,7
CZ6974,1
CZ6974,2
CZ6974,3
CZ6974,4
CZ6974,5
CZ6974,6
CZ6974,7
CZ3693,1
CZ3693,2
CZ3693,3
CZ3693,4
CZ3693,5
CZ3693,6
CZ3693,7
CZ5477,2
CZ5477,4
CZ5477,6
CZ2234,1
CZ2234,2
CZ2234,3
CZ2234,4
CZ2234,5
CZ2234,6
CZ2234,7
CZ7296,1
CZ7296,3
CZ7296,5
CZ7296,7
CZ7352,1
CZ7352,2
CZ7352,3
CZ7352,4
CZ7352,5
CZ7352,6
CZ7352,7
CZ6775,1
CZ6775,3
CZ6775,5
CZ6775,7
CZ9707,1
CZ9707,2
CZ9707,3
CZ9707,4
CZ9707,5
CZ9707,6
CZ9707,7
CZ2443,2
CZ2443,4
CZ2443,6
CZ2600,1
CZ2600,3
CZ2600,5
CZ7271,1
CZ7271,2
CZ7271,3
CZ7271,4
CZ7271,5
CZ7271,6
CZ7271,7
CZ7252,1
CZ7252,2
CZ7252,3
CZ7252,4
CZ7252,5
CZ7252,6
CZ7252,7
CZ5087,1
CZ5087,2
CZ5087,3
CZ5087,4
CZ5087,5
CZ5087,6
CZ5087,7
CZ3957,1
CZ3957,2
CZ3957,4
CZ3957,6
CZ4308,1
CZ4308,2
CZ4308,3
CZ4308,4
CZ4308,5
CZ4308,6
CZ4308,7
CZ7075,1
CZ7075,2
CZ7075,4
CZ7075,6
CZ5920,1
CZ5920,3
CZ5920,5
CZ6744,1
CZ6744,2
CZ6744,3
CZ6744,4
CZ6744,5
CZ6744,6
CZ6744,7
CZ3336,1
CZ3336,3
CZ3336,5
CZ3336,7
CZ8177,1
CZ8177,2
CZ8177,4
CZ8177,6
CZ2303,1
CZ2303,3
CZ2303,5
CZ2303,7
CZ7962,1
CZ7962,2
CZ7962,3
CZ7962,4
CZ7962,5
CZ7962,6
CZ7962,7
CZ7898,1
CZ7898,2
CZ7898,3
CZ7898,4
CZ7898,5
CZ7898,6
CZ7898,7
CZ9852,2
CZ9852,4
CZ9852,6
CZ1435,1
CZ1435,2
CZ1435,4
CZ1435,6
CZ6878,1
CZ6878,2
CZ6878,3
CZ6878,4
CZ6878,5
CZ6878,6
CZ6878,7
CZ4874,1
CZ4874,3
CZ4874,5
CZ4874,7
CZ4950,1
CZ4950,3
CZ4950,5
CZ4950,7
CZ7671,1
CZ7671,2
CZ7671,3
CZ7671,4
CZ7671,5
CZ7671,6
CZ7671,7
CZ8513,1
CZ8513,2
CZ8513,3
CZ8513,4
CZ8513,5
CZ8513,6
CZ8513,7
CZ9583,1
CZ9583,2
CZ9583,3
CZ9583,4
CZ9583,5
CZ9583,6
CZ9583,7
CZ1743,1
CZ1743,2
CZ1743,3
CZ1743,4
CZ1743,5
CZ1743,6
CZ1743,7
CZ7373,1
CZ7373,2
CZ7373,3
CZ7373,4
CZ7373,5
CZ7373,6
CZ7373,7
CZ3918,2
CZ3918,4
CZ3918,6
CZ9611,1
CZ9611,3
CZ9611,5
CZ9611,7
CZ5948,2
CZ5948,4
CZ5948,6
CZ4461,1
CZ4461,2
CZ4461,3
CZ4461,4
CZ4461,5
CZ4461,6
CZ4461,7
CZ2310,1
CZ2310,2
CZ2310,3
CZ2310,4
CZ2310,5
CZ2310,6
CZ2310,7
CZ8243,1
CZ8243,3
CZ8243,5
CZ8243,7
CZ3615,1
CZ3615,3
CZ3615,5
CZ3615,7
CZ5758,1
CZ5758,2
CZ5758,3
CZ5758,4
CZ5758,5
CZ5758,6
CZ5758,7
CZ4107,1
CZ4107,3
CZ4107,5
CZ6726,2
CZ6726,4
CZ6726,6
CZ7234,1
CZ7234,3
CZ7234,5
CZ7234,7
CZ2640,1
CZ2640,2
CZ2640,3
CZ2640,4
CZ2640,5
CZ2640,6
CZ2640,7
CZ4797,1
CZ4797,2
CZ4797,3
CZ4797,4
CZ4797,5
CZ4797,6
CZ4797,7
CZ6505,2
CZ6505,4
CZ6505,7
CZ7820,1
CZ7820,3
CZ7820,5
CZ2939,1
CZ2939,2
CZ2939,3
CZ2939,4
CZ2939,5
CZ2939,6
CZ2939,7
CZ1596,1
CZ1596,2
CZ1596,3
CZ1596,4
CZ1596,5
CZ1596,6
CZ1596,7
CZ5568,2
CZ5568,4
CZ5568,7
CZ5152,1
CZ5152,2
CZ5152,3
CZ5152,4
CZ5152,5
CZ5152,6
CZ5152,7
CZ4331,1
CZ4331,3
CZ4331,5
CZ4331,7
CZ1903,1
CZ1903,2
CZ1903,3
CZ1903,4
CZ1903,5
CZ1903,6
CZ1903,7
CZ2325,1
CZ2325,3
CZ2325,5
CZ2427,1
CZ2427,2
CZ2427,3
CZ2427,4
CZ2427,5
CZ2427,6
CZ2427,7
CZ1825,2
CZ1825,4
CZ1825,6
CZ3574,1
CZ3574,2
CZ3574,3
CZ3574,4
CZ3574,5
CZ3574,6
CZ3574,7
CZ8542,1
CZ8542,2
CZ8542,3
CZ8542,4
CZ8542,5
CZ8542,6
CZ8542,7
CZ1281,1
CZ1281,3
CZ1281,5
CZ9008,1
CZ9008,2
CZ9008,3
CZ9008,4
CZ9008,5
CZ9008,6
CZ9008,7
CZ6216,1
CZ6216,2
CZ6216,4
CZ6216,6
CZ4345,1
CZ4345,2
CZ4345,3
CZ4345,4
CZ4345,5
CZ4345,6
CZ4345,7
CZ7872,1
CZ7872,3
CZ7872,5
CZ7872,7
CZ7432,1
CZ7432,3
CZ7432,5
CZ7432,7
CZ7467,1
CZ7467,3
CZ7467,5
CZ8705,1
CZ8705,2
CZ8705,3
CZ8705,4
CZ8705,5
CZ8705,6
CZ8705,7
CZ4932,1
CZ4932,3
CZ4932,5
CZ4932,7
CZ4493,1
CZ4493,2
CZ4493,3
CZ4493,4
CZ4493,5
CZ4493,6
CZ4493,7
CZ2519,2
CZ2519,4
CZ2519,6
CZ1949,1
CZ1949,2
CZ1949,3
CZ1949,4
CZ1949,5
CZ1949,6
CZ1949,7
CZ6368,1
CZ6368,2
CZ6368,3
CZ6368,4
CZ6368,5
CZ6368,6
CZ6368,7
CZ7683,1
CZ7683,2
CZ7683,3
CZ7683,4
CZ7683,5
CZ7683,6
CZ7683,7
CZ8133,1
CZ8133,2
CZ8133,3
CZ8133,4
CZ8133,5
CZ8133,6
CZ8133,7
CZ3193,1
CZ3193,3
CZ3193,5
CZ3193,7
CZ5584,1
CZ5584,3
CZ5584,5
CZ5584,7
CZ4962,1
CZ4962,2
CZ4962,3
CZ4962,4
CZ4962,5
CZ4962,6
CZ4962,7
CZ4923,1
CZ4923,2
CZ4923,3
CZ4923,4
CZ4923,5
CZ4923,6
CZ4923,7
CZ3792,1
CZ3792,2
CZ3792,3
CZ3792,4
CZ3792,5
CZ3792,6
CZ3792,7
CZ2407,1
CZ2407,2
CZ2407,4
CZ2407,6
CZ2730,1
CZ2730,3
CZ2730,5
CZ2730,7
CZ3991,1
CZ3991,2
CZ3991,4
CZ3991,6
CZ4944,1
CZ4944,2
CZ4944,3
CZ4944,4
CZ4944,5
CZ4944,6
CZ4944,7
CZ8546,1
CZ8546,2
CZ8546,3
CZ8546,4
CZ8546,5
CZ8546,6
CZ8546,7
CZ5713,1
CZ5713,2
CZ5713,3
CZ5713,4
CZ5713,5
CZ5713,6
CZ5713,7
CZ5450,1
CZ5450,4
CZ5450,6
CZ4186,1
CZ4186,2
CZ4186,4
CZ4186,6
CZ3359,1
CZ3359,2
CZ3359,4
CZ3359,6
CZ3140,1
CZ3140,3
CZ3140,5
CZ3140,7
CZ3238,1
CZ3238,2
CZ3238,3
CZ3238,4
CZ3238,5
CZ3238,6
CZ3238,7
CZ8397,1
CZ8397,2
CZ8397,3
CZ8397,4
CZ8397,5
CZ8397,6
CZ8397,7
CZ3053,2
CZ3053,4
CZ3053,7
CZ7417,1
CZ7417,2
CZ7417,3
CZ7417,4
CZ7417,5
CZ7417,6
CZ7417,7
CZ3860,1
CZ3860,2
CZ3860,3
CZ3860,4
CZ3860,5
CZ3860,6
CZ3860,7
CZ4438,1
CZ4438,2
CZ4438,3
CZ4438,4
CZ4438,5
CZ4438,6
CZ4438,7
CZ9127,1
CZ9127,2
CZ9127,3
CZ9127,4
CZ9127,5
CZ9127,6
CZ9127,7
CZ2041,1
CZ2041,2
CZ2041,3
CZ2041,4
CZ2041,5
CZ2041,6
CZ2041,7
CZ2566,1
CZ2566,2
CZ2566,3
CZ2566,4
CZ2566,5
CZ2566,6
CZ2566,7
CZ9859,1
CZ9859,3
CZ9859,5
CZ7937,1
CZ7937,3
CZ7937,5
CZ7937,7
CZ5212,1
CZ5212,4
CZ5212,6
CZ4482,2
CZ4482,4
CZ4482,6
CZ9982,2
CZ9982,4
CZ9982,7
CZ4550,1
CZ4550,3
CZ4550,5
CZ4550,7
CZ8356,1
CZ8356,2
CZ8356,3
CZ8356,4
CZ8356,5
CZ8356,6
CZ8356,7
CZ1778,1
CZ1778,2
CZ1778,3
CZ1778,4
CZ1778,5
CZ1778,6
CZ1778,7
CZ8711,2
CZ8711,4
CZ8711,6
CZ3649,1
CZ3649,4
CZ3649,6
CZ5058,1
CZ5058,3
CZ5058,5
CZ5058,7
CZ5728,2
CZ5728,4
CZ5728,6
CZ2520,1
CZ2520,3
CZ2520,5
CZ2520,7
CZ6032,1
CZ6032,2
CZ6032,3
CZ6032,4
CZ6032,5
CZ6032,6
CZ6032,7
CZ1300,1
CZ1300,2
CZ1300,3
CZ1300,4
CZ1300,5
CZ1300,6
CZ1300,7
CZ3922,1
CZ3922,2
CZ3922,3
CZ3922,4
CZ3922,5
CZ3922,6
CZ3922,7
CZ9675,1
CZ9675,3
CZ9675,5
CZ5430,1
CZ5430,2
CZ5430,3
CZ5430,4
CZ5430,5
CZ5430,6
CZ5430,7
CZ4736,1
CZ4736,3
CZ4736,5
CZ4736,7
CZ3289,2
CZ3289,4
CZ3289,6
CZ5329,1
CZ5329,4
CZ5329,6
CZ8898,2
CZ8898,4
CZ8898,6
CZ1400,1
CZ1400,2
CZ1400,3
CZ1400,4
CZ1400,5
CZ1400,6
CZ1400,7
CZ8190,1
CZ8190,2
CZ8190,3
CZ8190,4
CZ8190,5
CZ8190,6
CZ8190,7
CZ8498,1
CZ8498,4
CZ8498,6
CZ3410,1
CZ3410,2
CZ3410,3
CZ3410,4
CZ3410,5
CZ3410,6
CZ3410,7
CZ5759,1
CZ5759,2
CZ5759,3
CZ5759,4
CZ5759,5
CZ5759,6
CZ5759,7
CZ4463,2
CZ4463,4
CZ4463,6
CZ5339,1
CZ5339,2
CZ5339,3
CZ5339,4
CZ5339,5
CZ5339,6
CZ5339,7
CZ1984,1
CZ1984,3
CZ1984,5
CZ1984,7
CZ9471,1
CZ9471,2
CZ9471,4
CZ9471,6
CZ7920,1
CZ7920,2
CZ7920,3
CZ7920,4
CZ7920,5
CZ7920,6
CZ7920,7
CZ1031,1
CZ1031,3
CZ1031,5
CZ1031,7
CZ6533,1
CZ6533,2
CZ6533,4
CZ6533,6
CZ7430,2
CZ7430,4
CZ7430,6
CZ9766,1
CZ9766,2
CZ9766,3
CZ9766,4
CZ9766,5
CZ9766,6
CZ9766,7
CZ3153,1
CZ3153,2
CZ3153,3
CZ3153,4
CZ3153,5
CZ3153,6
CZ3153,7
CZ9289,1
CZ9289,2
CZ9289,3
CZ9289,4
CZ9289,5
CZ9289,6
CZ9289,7
CZ7098,1
CZ7098,3
CZ7098,5
CZ7098,7
CZ8526,1
CZ8526,2
CZ8526,3
CZ8526,4
CZ8526,5
CZ8526,6
CZ8526,7
CZ1106,1
CZ1106,3
CZ1106,5
CZ6834,2
CZ6834,4
CZ6834,6
CZ7790,2
CZ7790,4
CZ7790,7
CZ4989,1
CZ4989,3
CZ4989,5
CZ4989,7
CZ6541,1
CZ6541,2
CZ6541,3
CZ6541,4
CZ6541,5
CZ6541,6
CZ6541,7
CZ7477,1
CZ7477,2
CZ7477,3
CZ7477,4
CZ7477,5
CZ7477,6
CZ7477,7
CZ8242,1
CZ8242,2
CZ8242,3
CZ8242,4
CZ8242,5
CZ8242,6
CZ8242,7
CZ2645,1
CZ2645,3
CZ2645,5
CZ2645,7
CZ7807,1
CZ7807,3
CZ7807,5
CZ7860,1
CZ7860,2
CZ7860,4
CZ7860,6
CZ5178,2
CZ5178,4
CZ5178,6
CZ6622,1
CZ6622,2
CZ6622,3
CZ6622,4
CZ6622,5
CZ6622,6
CZ6622,7
CZ8818,1
CZ8818,2
CZ8818,3
CZ8818,4
CZ8818,5
CZ8818,6
CZ8818,7
CZ4217,1
CZ4217,2
CZ4217,3
CZ4217,4
CZ4217,5
CZ4217,6
CZ4217,7
CZ1670,1
CZ1670,2
CZ1670,3
CZ1670,4
CZ1670,5
CZ1670,6
CZ1670,7
CZ4400,1
CZ4400,2
CZ4400,3
CZ4400,4
CZ4400,5
CZ4400,6
CZ4400,7
CZ6081,1
CZ6081,2
CZ6081,4
CZ6081,6
CZ4598,1
CZ4598,2
CZ4598,3
CZ4598,4
CZ4598,5
CZ4598,6
CZ4598,7
CZ8922,1
CZ8922,3
CZ8922,5
CZ6161,1
CZ6161,2
CZ6161,3
CZ6161,4
CZ6161,5
CZ6161,6
CZ6161,7
CZ9374,1
CZ9374,2
CZ9374,3
CZ9374,4
CZ9374,5
CZ9374,6
CZ9374,7
CZ1247,2
CZ1247,4
CZ1247,7
CZ9354,1
CZ9354,2
CZ9354,3
CZ9354,4
CZ9354,5
CZ9354,6
CZ9354,7
CZ9261,1
CZ9261,3
CZ9261,5
CZ9261,7
CZ6681,1
CZ6681,2
CZ6681,3
CZ6681,4
CZ6681,5
CZ6681,6
CZ6681,7
CZ9601,1
CZ9601,2
CZ9601,3
CZ9601,4
CZ9601,5
CZ9601,6
CZ9601,7
CZ6885,1
CZ6885,3
CZ6885,5
CZ5862,1
CZ5862,3
CZ5862,5
CZ5862,7
CZ7763,1
CZ7763,2
CZ7763,3
CZ7763,4
CZ7763,5
CZ7763,6
CZ7763,7
CZ1426,2
CZ1426,4
CZ1426,6
CZ1043,1
CZ1043,2
CZ1043,3
CZ1043,4
CZ1043,5
CZ1043,6
CZ1043,7
CZ6266,2
CZ6266,4
CZ6266,7
CZ2826,1
CZ2826,3
CZ2826,5
CZ2826,7
CZ2277,1
CZ2277,2
CZ2277,4
CZ2277,6
CZ6290,1
CZ6290,2
CZ6290,3
CZ6290,4
CZ6290,5
CZ6290,6
CZ6290,7
CZ5035,1
CZ5035,2
CZ5035,4
CZ5035,6
CZ4067,1
CZ4067,3
CZ4067,5
CZ4545,1
CZ4545,3
CZ4545,5
CZ4545,7
CZ1462,1
CZ1462,3
CZ1462,5
CZ1462,7
CZ3631,1
CZ3631,3
CZ3631,5
CZ3271,1
CZ3271,2
CZ3271,3
CZ3271,4
CZ3271,5
CZ3271,6
CZ3271,7
CZ8084,1
CZ8084,3
CZ8084,5
CZ8084,7
CZ8394,1
CZ8394,2
CZ8394,3
CZ8394,4
CZ8394,5
CZ8394,6
CZ8394,7
CZ4494,1
CZ4494,3
CZ4494,5
CZ3246,1
CZ3246,2
CZ3246,3
CZ3246,4
CZ3246,5
CZ3246,6
CZ3246,7
CZ5027,1
CZ5027,3
CZ5027,5
CZ5027,7
CZ9590,1
CZ9590,3
CZ9590,5
CZ5462,1
CZ5462,3
CZ5462,5
CZ5462,7
CZ2897,1
CZ2897,4
CZ2897,6
CZ3047,1
CZ3047,2
CZ3047,4
CZ3047,6
CZ5483,1
CZ5483,2
CZ5483,3
CZ5483,4
CZ5483,5
CZ5483,6
CZ5483,7
CZ7305,1
CZ7305,2
CZ7305,3
CZ7305,4
CZ7305,5
CZ7305,6
CZ7305,7
CZ8378,1
CZ8378,2
CZ8378,3
CZ8378,4
CZ8378,5
CZ8378,6
CZ8378,7
CZ8345,2
CZ8345,4
CZ8345,6
CZ8618,1
CZ8618,2
CZ8618,3
CZ8618,4
CZ8618,5
CZ8618,6
CZ8618,7
CZ5555,1
CZ5555,2
CZ5555,4
CZ5555,6
CZ7884,1
CZ7884,3
CZ7884,5
CZ7884,7
CZ5092,2
CZ5092,4
CZ5092,7
CZ6835,2
CZ6835,4
CZ6835,6
CZ6224,1
CZ6224,3
CZ6224,5
CZ6224,7
CZ3648,1
CZ3648,3
CZ3648,5
CZ8900,1
CZ8900,3
CZ8900,5
CZ8900,7
CZ5824,1
CZ5824,2
CZ5824,3
CZ5824,4
CZ5824,5
CZ5824,6
CZ5824,7
CZ3587,1
CZ3587,2
CZ3587,3
CZ3587,4
CZ3587,5
CZ3587,6
CZ3587,7
CZ9736,1
CZ9736,2
CZ9736,4
CZ9736,6
CZ1785,2
CZ1785,4
CZ1785,7
CZ4708,1
CZ4708,3
CZ4708,5
CZ3548,1
CZ3548,2
CZ3548,4
CZ3548,6
CZ5354,1
CZ5354,3
CZ5354,5
CZ5354,7
CZ7418,2
CZ7418,4
CZ7418,6
CZ3293,1
CZ3293,2
CZ3293,3
CZ3293,4
CZ3293,5
CZ3293,6
CZ3293,7
CZ5131,1
CZ5131,2
CZ5131,3
CZ5131,4
CZ5131,5
CZ5131,6
CZ5131,7
CZ3436,1
CZ3436,3
CZ3436,5
CZ3436,7
CZ7534,1
CZ7534,3
CZ7534,5
CZ9892,1
CZ9892,2
CZ9892,4
CZ9892,6
CZ5030,1
CZ5030,3
CZ5030,5
CZ1747,1
CZ1747,2
CZ1747,3
CZ1747,4
CZ1747,5
CZ1747,6
CZ1747,7
CZ9014,2
CZ9014,4
CZ9014,7
CZ5271,1
CZ5271,2
CZ5271,3
CZ5271,4
CZ5271,5
CZ5271,6
CZ5271,7
CZ5168,1
CZ5168,2
CZ5168,3
CZ5168,4
CZ5168,5
CZ5168,6
CZ5168,7
CZ3625,1
CZ3625,3
CZ3625,5
CZ3625,7
CZ7297,1
CZ7297,2
CZ7297,3
CZ7297,4
CZ7297,5
CZ7297,6
CZ7297,7
CZ2339,1
CZ2339,2
CZ2339,3
CZ2339,4
CZ2339,5
CZ2339,6
CZ2339,7
CZ5662,1
CZ5662,2
CZ5662,3
CZ5662,4
CZ5662,5
CZ5662,6
CZ5662,7
CZ1133,1
CZ1133,2
CZ1133,3
CZ1133,4
CZ1133,5
CZ1133,6
CZ1133,7
CZ6724,1
CZ6724,3
CZ6724,5
CZ6724,7
CZ7468,2
CZ7468,4
CZ7468,7
CZ6444,1
CZ6444,2
CZ6444,3
CZ6444,4
CZ6444,5
CZ6444,6
CZ6444,7
CZ6651,1
CZ6651,3
CZ6651,5
CZ6651,7
CZ5980,1
CZ5980,2
CZ5980,3
CZ5980,4
CZ5980,5
CZ5980,6
CZ5980,7
CZ5001,1
CZ5001,2
CZ5001,3
CZ5001,4
CZ5001,5
CZ5001,6
CZ5001,7
CZ7197,1
CZ7197,2
CZ7197,3
CZ7197,4
CZ7197,5
CZ7197,6
CZ7197,7
CZ6664,1
CZ6664,2
CZ6664,3
CZ6664,4
CZ6664,5
CZ6664,6
CZ6664,7
CZ5333,1
CZ5333,2
CZ5333,3
CZ5333,4
CZ5333,5
CZ5333,6
CZ5333,7
CZ1203,1
CZ1203,2
CZ1203,3
CZ1203,4
CZ1203,5
CZ1203,6
CZ1203,7
CZ1461,1
CZ1461,2
CZ1461,3
CZ1461,4
CZ1461,5
CZ1461,6
CZ1461,7
CZ6672,2
CZ6672,4
CZ6672,6
CZ1123,1
CZ1123,3
CZ1123,5
CZ1123,7
CZ8610,1
CZ8610,2
CZ8610,3
CZ8610,4
CZ8610,5
CZ8610,6
CZ8610,7
CZ4111,1
CZ4111,2
CZ4111,3
CZ4111,4
CZ4111,5
CZ4111,6
CZ4111,7
CZ9259,2
CZ9259,4
CZ9259,7
CZ6907,1
CZ6907,3
CZ6907,5
CZ6907,7
CZ7233,1
CZ7233,3
CZ7233,5
CZ7233,7
CZ7696,2
CZ7696,4
CZ7696,6
CZ9233,1
CZ9233,2
CZ9233,3
CZ9233,4
CZ9233,5
CZ9233,6
CZ9233,7
CZ9482,1
CZ9482,4
CZ9482,6
CZ8864,2
CZ8864,4
CZ8864,6
CZ1008,2
CZ1008,4
CZ1008,6
CZ3247,1
CZ3247,3
CZ3247,5
CZ3247,7
CZ4600,1
CZ4600,3
CZ4600,5
CZ8820,1
CZ8820,3
CZ8820,5
CZ8820,7
CZ4512,2
CZ4512,4
CZ4512,7
CZ6078,1
CZ6078,4
CZ6078,6
CZ9719,1
CZ9719,2
CZ9719,3
CZ9719,4
CZ9719,5
CZ9719,6
CZ9719,7
CZ4384,1
CZ4384,2
CZ4384,3
CZ4384,4
CZ4384,5
CZ4384,6
CZ4384,7
CZ5751,1
CZ5751,4
CZ5751,6
CZ1966,1
CZ1966,2
CZ1966,4
CZ1966,6
CZ4150,1
CZ4150,3
CZ4150,5
CZ4150,7
CZ6868,1
CZ6868,3
CZ6868,5
CZ6868,7
CZ7788,1
CZ7788,3
CZ7788,5
CZ7788,7
CZ1918,1
CZ1918,2
CZ1918,3
CZ1918,4
CZ1918,5
CZ1918,6
CZ1918,7
CZ9346,1
CZ9346,2
CZ9346,3
CZ9346,4
CZ9346,5
CZ9346,6
CZ9346,7
CZ1946,1
CZ1946,2
CZ1946,3
CZ1946,4
CZ1946,5
CZ1946,6
CZ1946,7
CZ7732,1
CZ7732,2
CZ7732,4
CZ7732,6
CZ6039,2
CZ6039,4
CZ6039,7
CZ8599,2
CZ8599,4
CZ8599,7
CZ3804,1
CZ3804,2
CZ3804,3
CZ3804,4
CZ3804,5
CZ3804,6
CZ3804,7
CZ8202,1
CZ8202,3
CZ8202,5
CZ8202,7
CZ2855,1
CZ2855,3
CZ2855,5
CZ2855,7
CZ6474,1
CZ6474,2
CZ6474,4
CZ6474,6
CZ1121,1
CZ1121,2
CZ1121,3
CZ1121,4
CZ1121,5
CZ1121,6
CZ1121,7
CZ9586,1
CZ9586,3
CZ9586,5
CZ9586,7
CZ6718,1
CZ6718,2
CZ6718,3
CZ6718,4
CZ6718,5
CZ6718,6
CZ6718,7
CZ3471,2
CZ3471,4
CZ3471,6
CZ6111,1
CZ6111,2
CZ6111,3
CZ6111,4
CZ6111,5
CZ6111,6
CZ6111,7
CZ5351,2
CZ5351,4
CZ5351,6
CZ4084,1
CZ4084,3
CZ4084,5
CZ4379,1
CZ4379,2
CZ4379,3
CZ4379,4
CZ4379,5
CZ4379,6
CZ4379,7
CZ8402,2
CZ8402,4
CZ8402,7
CZ8399,1
CZ8399,2
CZ8399,4
CZ8399,6
CZ3575,1
CZ3575,3
CZ3575,5
CZ1603,1
CZ1603,4
CZ1603,6
CZ7288,1
CZ7288,2
CZ7288,3
CZ7288,4
CZ7288,5
CZ7288,6
CZ7288,7
CZ3905,1
CZ3905,4
CZ3905,6
CZ9434,2
CZ9434,4
CZ9434,7
CZ3279,1
CZ3279,2
CZ3279,3
CZ3279,4
CZ3279,5
CZ3279,6
CZ3279,7
CZ2723,1
CZ2723,3
CZ2723,5
CZ2723,7
CZ5122,1
CZ5122,2
CZ5122,4
CZ5122,6
CZ7539,1
CZ7539,3
CZ7539,5
CZ7539,7
CZ4645,1
CZ4645,2
CZ4645,3
CZ4645,4
CZ4645,5
CZ4645,6
CZ4645,7
CZ8108,2
CZ8108,4
CZ8108,6
CZ9334,1
CZ9334,2
CZ9334,4
CZ9334,6
CZ2929,1
CZ2929,2
CZ2929,3
CZ2929,4
CZ2929,5
CZ2929,6
CZ2929,7
CZ5341,1
CZ5341,2
CZ5341,4
CZ5341,6
CZ5222,2
CZ5222,4
CZ5222,7
CZ1514,1
CZ1514,2
CZ1514,3
CZ1514,4
CZ1514,5
CZ1514,6
CZ1514,7
CZ6610,1
CZ6610,2
CZ6610,3
CZ6610,4
CZ6610,5
CZ6610,6
CZ6610,7
CZ4842,1
CZ4842,2
CZ4842,3
CZ4842,4
CZ4842,5
CZ4842,6
CZ4842,7
CZ2637,1
CZ2637,3
CZ2637,5
CZ2637,7
CZ5886,1
CZ5886,4
CZ5886,6
CZ4675,1
CZ4675,2
CZ4675,4
CZ4675,6
CZ7270,1
CZ7270,4
CZ7270,6
CZ1682,1
CZ1682,2
CZ1682,3
CZ1682,4
CZ1682,5
CZ1682,6
CZ1682,7
CZ7852,2
CZ7852,4
CZ7852,6
CZ2923,1
CZ2923,2
CZ2923,3
CZ2923,4
CZ2923,5
CZ2923,6
CZ2923,7
CZ3500,1
CZ3500,4
CZ3500,6
CZ6902,1
CZ6902,2
CZ6902,4
CZ6902,6
CZ6561,1
CZ6561,2
CZ6561,3
CZ6561,4
CZ6561,5
CZ6561,6
CZ6561,7
CZ4559,1
CZ4559,3
CZ4559,5
CZ5640,2
CZ5640,4
CZ5640,6
CZ1216,2
CZ1216,4
CZ1216,7
CZ7933,1
CZ7933,3
CZ7933,5
CZ7933,7
CZ3886,1
CZ3886,2
CZ3886,3
CZ3886,4
CZ3886,5
CZ3886,6
CZ3886,7
CZ2321,1
CZ2321,2
CZ2321,3
CZ2321,4
CZ2321,5
CZ2321,6
CZ2321,7
CZ8565,1
CZ8565,3
CZ8565,5
CZ8565,7
CZ8848,1
CZ8848,2
CZ8848,3
CZ8848,4
CZ8848,5
CZ8848,6
CZ8848,7
CZ8726,1
CZ8726,2
CZ8726,3
CZ8726,4
CZ8726,5
CZ8726,6
CZ8726,7
CZ8569,1
CZ8569,3
CZ8569,5
CZ8569,7
CZ8360,1
CZ8360,2
CZ8360,3
CZ8360,4
CZ8360,5
CZ8360,6
CZ8360,7
CZ5078,1
CZ5078,2
CZ5078,3
CZ5078,4
CZ5078,5
CZ5078,6
CZ5078,7
CZ9685,1
CZ9685,2
CZ9685,4
CZ9685,6
CZ3746,1
CZ3746,2
CZ3746,3
CZ3746,4
CZ3746,5
CZ3746,6
CZ3746,7
CZ2995,1
CZ2995,2
CZ2995,3
CZ2995,4
CZ2995,5
CZ2995,6
CZ2995,7
CZ4594,2
CZ4594,4
CZ4594,6
CZ8754,1
CZ8754,2
CZ8754,3
CZ8754,4
CZ8754,5
CZ8754,6
CZ8754,7
CZ5034,1
CZ5034,3
CZ5034,5
CZ4200,1
CZ4200,2
CZ4200,3
CZ4200,4
CZ4200,5
CZ4200,6
CZ4200,7
CZ2754,1
CZ2754,2
CZ2754,3
CZ2754,4
CZ2754,5
CZ2754,6
CZ2754,7
CZ7880,1
CZ7880,2
CZ7880,3
CZ7880,4
CZ7880,5
CZ7880,6
CZ7880,7
CZ8798,1
CZ8798,3
CZ8798,5
CZ8798,7
CZ8488,1
CZ8488,3
CZ8488,5
CZ8488,7
CZ3584,1
CZ3584,2
CZ3584,3
CZ3584,4
CZ3584,5
CZ3584,6
CZ3584,7
CZ9880,1
CZ9880,2
CZ9880,3
CZ9880,4
CZ9880,5
CZ9880,6
CZ9880,7
CZ7620,1
CZ7620,2
CZ7620,3
CZ7620,4
CZ7620,5
CZ7620,6
CZ7620,7
CZ2622,2
CZ2622,4
CZ2622,6
CZ6061,2
CZ6061,4
CZ6061,6
CZ9244,1
CZ9244,3
CZ9244,5
CZ8468,1
CZ8468,2
CZ8468,3
CZ8468,4
CZ8468,5
CZ8468,6
CZ8468,7
CZ4420,1
CZ4420,2
CZ4420,3
CZ4420,4
CZ4420,5
CZ4420,6
CZ4420,7
CZ3833,1
CZ3833,2
CZ3833,3
CZ3833,4
CZ3833,5
CZ3833,6
CZ3833,7
CZ8941,1
CZ8941,2
CZ8941,3
CZ8941,4
CZ8941,5
CZ8941,6
CZ8941,7
CZ6985,1
CZ6985,2
CZ6985,3
CZ6985,4
CZ6985,5
CZ6985,6
CZ6985,7
CZ3510,2
CZ3510,4
CZ3510,6
CZ1882,1
CZ1882,4
CZ1882,6
CZ8538,1
CZ8538,2
CZ8538,3
CZ8538,4
CZ8538,5
CZ8538,6
CZ8538,7
CZ5653,1
CZ5653,2
CZ5653,4
CZ5653,6
CZ2396,1
CZ2396,4
CZ2396,6
CZ3479,1
CZ3479,3
CZ3479,5
CZ3479,7
CZ6507,2
CZ6507,4
CZ6507,6
CZ5489,1
CZ5489,2
CZ5489,3
CZ5489,4
CZ5489,5
CZ5489,6
CZ5489,7
CZ8502,1
CZ8502,3
CZ8502,5
CZ8502,7
CZ5994,1
CZ5994,2
CZ5994,3
CZ5994,4
CZ5994,5
CZ5994,6
CZ5994,7
CZ5602,1
CZ5602,2
CZ5602,3
CZ5602,4
CZ5602,5
CZ5602,6
CZ5602,7
CZ3272,1
CZ3272,2
CZ3272,3
CZ3272,4
CZ3272,5
CZ3272,6
CZ3272,7
CZ7778,2
CZ7778,4
CZ7778,6
CZ4050,1
CZ4050,2
CZ4050,3
CZ4050,4
CZ4050,5
CZ4050,6
CZ4050,7
CZ1023,1
CZ1023,3
CZ1023,5
CZ1023,7
CZ4265,1
CZ4265,2
CZ4265,3
CZ4265,4
CZ4265,5
CZ4265,6
CZ4265,7
CZ3944,2
CZ3944,4
CZ3944,7
CZ9243,1
CZ9243,3
CZ9243,5
CZ9243,7
CZ1189,1
CZ1189,2
CZ1189,3
CZ1189,4
CZ1189,5
CZ1189,6
CZ1189,7
CZ2869,1
CZ2869,2
CZ2869,3
CZ2869,4
CZ2869,5
CZ2869,6
CZ2869,7
CZ4408,1
CZ4408,2
CZ4408,3
CZ4408,4
CZ4408,5
CZ4408,6
CZ4408,7
CZ9873,1
CZ9873,3
CZ9873,5
CZ9873,7
CZ6082,1
CZ6082,2
CZ6082,4
CZ6082,6
CZ1704,1
CZ1704,2
CZ1704,3
CZ1704,4
CZ1704,5
CZ1704,6
CZ1704,7
CZ5293,2
CZ5293,4
CZ5293,7
CZ4210,1
CZ4210,4
CZ4210,6
CZ9464,1
CZ9464,3
CZ9464,5
CZ7772,1
CZ7772,3
CZ7772,5
CZ7772,7
CZ3986,1
CZ3986,3
CZ3986,5
CZ6596,1
CZ6596,2
CZ6596,3
CZ6596,4
CZ6596,5
CZ6596,6
CZ6596,7
CZ4138,2
CZ4138,4
CZ4138,6
CZ8595,1
CZ8595,2
CZ8595,3
CZ8595,4
CZ8595,5
CZ8595,6
CZ8595,7
CZ9868,1
CZ9868,2
CZ9868,3
CZ9868,4
CZ9868,5
CZ9868,6
CZ9868,7
CZ5506,2
CZ5506,4
CZ5506,6
CZ8413,1
CZ8413,2
CZ8413,4
CZ8413,6
CZ6771,1
CZ6771,2
CZ6771,3
CZ6771,4
CZ6771,5
CZ6771,6
CZ6771,7
CZ2117,1
CZ2117,3
CZ2117,5
CZ8471,2
CZ8471,4
CZ8471,6
CZ8499,2
CZ8499,4
CZ8499,6
CZ1631,1
CZ1631,2
CZ1631,3
CZ1631,4
CZ1631,5
CZ1631,6
CZ1631,7
CZ6189,2
CZ6189,4
CZ6189,7
CZ8217,1
CZ8217,2
CZ8217,3
CZ8217,4
CZ8217,5
CZ8217,6
CZ8217,7
CZ2320,1
CZ2320,3
CZ2320,5
CZ2320,7
CZ1921,1
CZ1921,2
CZ1921,4
CZ1921,6
CZ4440,1
CZ4440,3
CZ4440,5
CZ2423,1
CZ2423,3
CZ2423,5
CZ4022,1
CZ4022,2
CZ4022,3
CZ4022,4
CZ4022,5
CZ4022,6
CZ4022,7
CZ7771,1
CZ7771,2
CZ7771,3
CZ7771,4
CZ7771,5
CZ7771,6
CZ7771,7
CZ7440,1
CZ7440,2
CZ7440,4
CZ7440,6
CZ2045,1
CZ2045,2
CZ2045,3
CZ2045,4
CZ2045,5
CZ2045,6
CZ2045,7
CZ5536,1
CZ5536,2
CZ5536,4
CZ5536,6
CZ7110,1
CZ7110,2
CZ7110,4
CZ7110,6
CZ6922,2
CZ6922,4
CZ6922,6
CZ5261,1
CZ5261,2
CZ5261,4
CZ5261,6
CZ8135,1
CZ8135,3
CZ8135,5
CZ8135,7
CZ4092,2
CZ4092,4
CZ4092,6
CZ9691,2
CZ9691,4
CZ9691,6
CZ6055,1
CZ6055,4
CZ6055,6
CZ5106,1
CZ5106,2
CZ5106,3
CZ5106,4
CZ5106,5
CZ5106,6
CZ5106,7
CZ4170,1
CZ4170,2
CZ4170,4
CZ4170,6
CZ6287,1
CZ6287,2
CZ6287,3
CZ6287,4
CZ6287,5
CZ6287,6
CZ6287,7
CZ4491,1
CZ4491,3
CZ4491,5
CZ9928,1
CZ9928,2
CZ9928,3
CZ9928,4
CZ9928,5
CZ9928,6
CZ9928,7
CZ2546,2
CZ2546,4
CZ2546,7
CZ1622,1
CZ1622,2
CZ1622,3
CZ1622,4
CZ1622,5
CZ1622,6
CZ1622,7
CZ2607,1
CZ2607,2
CZ2607,3
CZ2607,4
CZ2607,5
CZ2607,6
CZ2607,7
CZ8717,1
CZ8717,4
CZ8717,6
CZ6097,1
CZ6097,2
CZ6097,4
CZ6097,6
CZ3485,1
CZ3485,2
CZ3485,3
CZ3485,4
CZ3485,5
CZ3485,6
CZ3485,7
CZ8483,1
CZ8483,4
CZ8483,6
CZ4532,1
CZ4532,2
CZ4532,3
CZ4532,4
CZ4532,5
CZ4532,6
CZ4532,7
CZ2856,1
CZ2856,2
CZ2856,3
CZ2856,4
CZ2856,5
CZ2856,6
CZ2856,7
CZ8142,1
CZ8142,2
CZ8142,3
CZ8142,4
CZ8142,5
CZ8142,6
CZ8142,7
CZ3908,1
CZ3908,2
CZ3908,3
CZ3908,4
CZ3908,5
CZ3908,6
CZ3908,7
CZ4079,1
CZ4079,2
CZ4079,3
CZ4079,4
CZ4079,5
CZ4079,6
CZ4079,7
CZ1890,1
CZ1890,3
CZ1890,5
CZ7679,1
CZ7679,2
CZ7679,4
CZ7679,6
CZ9846,2
CZ9846,4
CZ9846,6
CZ6838,1
CZ6838,2
CZ6838,3
CZ6838,4
CZ6838,5
CZ6838,6
CZ6838,7
CZ6153,1
CZ6153,2
CZ6153,3
CZ6153,4
CZ6153,5
CZ6153,6
CZ6153,7
CZ6336,1
CZ6336,4
CZ6336,6
CZ9645,2
CZ9645,4
CZ9645,6
CZ2275,1
CZ2275,3
CZ2275,5
CZ9899,1
CZ9899,3
CZ9899,5
CZ9899,7
CZ1062,1
CZ1062,3
CZ1062,5
CZ6723,1
CZ6723,2
CZ6723,4
CZ6723,6
CZ1535,1
CZ1535,2
CZ1535,3
CZ1535,4
CZ1535,5
CZ1535,6
CZ1535,7
CZ7061,2
CZ7061,4
CZ7061,6
CZ2892,1
CZ2892,2
CZ2892,3
CZ2892,4
CZ2892,5
CZ2892,6
CZ2892,7
CZ8387,1
CZ8387,2
CZ8387,3
CZ8387,4
CZ8387,5
CZ8387,6
CZ8387,7
CZ8606,1
CZ8606,3
CZ8606,5
CZ8606,7
CZ2317,1
CZ2317,2
CZ2317,3
CZ2317,4
CZ2317,5
CZ2317,6
CZ2317,7
CZ6301,1
CZ6301,3
CZ6301,5
CZ6301,7
CZ8603,1
CZ8603,4
CZ8603,6
CZ8596,1
CZ8596,2
CZ8596,3
CZ8596,4
CZ8596,5
CZ8596,6
CZ8596,7
CZ3227,1
CZ3227,2
CZ3227,3
CZ3227,4
CZ3227,5
CZ3227,6
CZ3227,7
CZ3068,1
CZ3068,3
CZ3068,5
CZ3068,7
CZ1442,1
CZ1442,2
CZ1442,4
CZ1442,6
CZ9671,1
CZ9671,3
CZ9671,5
CZ9671,7
CZ2577,1
CZ2577,3
CZ2577,5
CZ2577,7
CZ1316,2
CZ1316,4
CZ1316,6
CZ1385,1
CZ1385,2
CZ1385,3
CZ1385,4
CZ1385,5
CZ1385,6
CZ1385,7
CZ1368,1
CZ1368,3
CZ1368,5
CZ8418,1
CZ8418,2
CZ8418,4
CZ8418,6
CZ8658,1
CZ8658,3
CZ8658,5
CZ8658,7
CZ7667,2
CZ7667,4
CZ7667,7
CZ7325,2
CZ7325,4
CZ7325,6
CZ7548,1
CZ7548,2
CZ7548,3
CZ7548,4
CZ7548,5
CZ7548,6
CZ7548,7
CZ8046,1
CZ8046,2
CZ8046,3
CZ8046,4
CZ8046,5
CZ8046,6
CZ8046,7
CZ2586,1
CZ2586,3
CZ2586,5
CZ2586,7
CZ5834,1
CZ5834,2
CZ5834,3
CZ5834,4
CZ5834,5
CZ5834,6
CZ5834,7
CZ2570,2
CZ2570,4
CZ2570,6
CZ3457,1
CZ3457,3
CZ3457,5
CZ3457,7
CZ8543,1
CZ8543,3
CZ8543,5
CZ8543,7
CZ1048,1
CZ1048,2
CZ1048,4
CZ1048,6
CZ3525,1
CZ3525,2
CZ3525,3
CZ3525,4
CZ3525,5
CZ3525,6
CZ3525,7
CZ2042,1
CZ2042,3
CZ2042,5
CZ2042,7
CZ1695,1
CZ1695,2
CZ1695,3
CZ1695,4
CZ1695,5
CZ1695,6
CZ1695,7
CZ1583,1
CZ1583,2
CZ1583,3
CZ1583,4
CZ1583,5
CZ1583,6
CZ1583,7
CZ5945,1
CZ5945,3
CZ5945,5
CZ6913,1
CZ6913,3
CZ6913,5
CZ2716,2
CZ2716,4
CZ2716,6
CZ7960,2
CZ7960,4
CZ7960,6
CZ4377,1
CZ4377,2
CZ4377,4
CZ4377,6
CZ1167,1
CZ1167,3
CZ1167,5
CZ1167,7
CZ2280,2
CZ2280,4
CZ2280,6
CZ2738,1
CZ2738,3
CZ2738,5
CZ2738,7
CZ8020,1
CZ8020,2
CZ8020,4
CZ8020,6
CZ2282,1
CZ2282,3
CZ2282,5
CZ2282,7
CZ4561,1
CZ4561,3
CZ4561,5
CZ4561,7
CZ7048,2
CZ7048,4
CZ7048,7
CZ3409,1
CZ3409,3
CZ3409,5
CZ3409,7
CZ1051,1
CZ1051,2
CZ1051,3
CZ1051,4
CZ1051,5
CZ1051,6
CZ1051,7
CZ3326,1
CZ3326,2
CZ3326,4
CZ3326,6
CZ2215,1
CZ2215,3
CZ2215,5
CZ2215,7
CZ7618,1
CZ7618,3
CZ7618,5
CZ7748,2
CZ7748,4
CZ7748,6
CZ6931,1
CZ6931,2
CZ6931,4
CZ6931,6
CZ7527,1
CZ7527,3
CZ7527,5
CZ7527,7
CZ3553,1
CZ3553,2
CZ3553,3
CZ3553,4
CZ3553,5
CZ3553,6
CZ3553,7
CZ1217,1
CZ1217,2
CZ1217,3
CZ1217,4
CZ1217,5
CZ1217,6
CZ1217,7
CZ4095,2
CZ4095,4
CZ4095,6
CZ2688,2
CZ2688,4
CZ2688,7
CZ2089,2
CZ2089,4
CZ2089,7
CZ2492,1
CZ2492,2
CZ2492,4
CZ2492,6
CZ3993,1
CZ3993,3
CZ3993,5
CZ3993,7
CZ5882,2
CZ5882,4
CZ5882,6
CZ6562,2
CZ6562,4
CZ6562,6
CZ1219,1
CZ1219,2
CZ1219,3
CZ1219,4
CZ1219,5
CZ1219,6
CZ1219,7
CZ1881,1
CZ1881,2
CZ1881,3
CZ1881,4
CZ1881,5
CZ1881,6
CZ1881,7
CZ2630,1
CZ2630,2
CZ2630,3
CZ2630,4
CZ2630,5
CZ2630,6
CZ2630,7
CZ7362,2
CZ7362,4
CZ7362,6
CZ6697,1
CZ6697,2
CZ6697,3
CZ6697,4
CZ6697,5
CZ6697,6
CZ6697,7
CZ2766,1
CZ2766,3
CZ2766,5
CZ2766,7
CZ7085,1
CZ7085,3
CZ7085,5
CZ7085,7
CZ6480,1
CZ6480,3
CZ6480,5
CZ6480,7
CZ6127,1
CZ6127,3
CZ6127,5
CZ4733,2
CZ4733,4
CZ4733,7
CZ3725,1
CZ3725,2
CZ3725,4
CZ3725,6
CZ5520,2
CZ5520,4
CZ5520,6
CZ1261,1
CZ1261,2
CZ1261,3
CZ1261,4
CZ1261,5
CZ1261,6
CZ1261,7
CZ8883,1
CZ8883,2
CZ8883,3
CZ8883,4
CZ8883,5
CZ8883,6
CZ8883,7
CZ3145,1
CZ3145,2
CZ3145,3
CZ3145,4
CZ3145,5
CZ3145,6
CZ3145,7
CZ8112,1
CZ8112,2
CZ8112,4
CZ8112,6
CZ7955,1
CZ7955,3
CZ7955,5
CZ7955,7
CZ2043,1
CZ2043,3
CZ2043,5
CZ2043,7
CZ1414,1
CZ1414,3
CZ1414,5
CZ1414,7
CZ1326,2
CZ1326,4
CZ1326,6
CZ1273,1
CZ1273,3
CZ1273,5
CZ5189,1
CZ5189,2
CZ5189,4
CZ5189,6
CZ3183,2
CZ3183,4
CZ3183,6
CZ9242,1
CZ9242,2
CZ9242,3
CZ9242,4
CZ9242,5
CZ9242,6
CZ9242,7
CZ9031,2
CZ9031,4
CZ9031,7
CZ4701,1
CZ4701,2
CZ4701,3
CZ4701,4
CZ4701,5
CZ4701,6
CZ4701,7
CZ8875,1
CZ8875,2
CZ8875,4
CZ8875,6
CZ4843,1
CZ4843,2
CZ4843,3
CZ4843,4
CZ4843,5
CZ4843,6
CZ4843,7
CZ3135,1
CZ3135,3
CZ3135,5
CZ3135,7
CZ1358,1
CZ1358,2
CZ1358,3
CZ1358,4
CZ1358,5
CZ1358,6
CZ1358,7
CZ1557,1
CZ1557,2
CZ1557,3
CZ1557,4
CZ1557,5
CZ1557,6
CZ1557,7
CZ6602,1
CZ6602,2
CZ6602,3
CZ6602,4
CZ6602,5
CZ6602,6
CZ6602,7
CZ6285,1
CZ6285,2
CZ6285,3
CZ6285,4
CZ6285,5
CZ6285,6
CZ6285,7
CZ8913,1
CZ8913,2
CZ8913,3
CZ8913,4
CZ8913,5
CZ8913,6
CZ8913,7
CZ6427,1
CZ6427,2
CZ6427,3
CZ6427,4
CZ6427,5
CZ6427,6
CZ6427,7
CZ7361,1
CZ7361,2
CZ7361,3
CZ7361,4
CZ7361,5
CZ7361,6
CZ7361,7
CZ1518,1
CZ1518,3
CZ1518,5
CZ1518,7
CZ1226,1
CZ1226,3
CZ1226,5
CZ1226,7
CZ7739,1
CZ7739,3
CZ7739,5
CZ1796,1
CZ1796,4
CZ1796,6
CZ5975,1
CZ5975,4
CZ5975,6
CZ2967,2
CZ2967,4
CZ2967,6
CZ7768,1
CZ7768,3
CZ7768,5
CZ7768,7
CZ9995,1
CZ9995,2
CZ9995,3
CZ9995,4
CZ9995,5
CZ9995,6
CZ9995,7
CZ2994,2
CZ2994,4
CZ2994,6
CZ6593,1
CZ6593,2
CZ6593,3
CZ6593,4
CZ6593,5
CZ6593,6
CZ6593,7
CZ2025,1
CZ2025,2
CZ2025,3
CZ2025,4
CZ2025,5
CZ2025,6
CZ2025,7
CZ1699,1
CZ1699,2
CZ1699,3
CZ1699,4
CZ1699,5
CZ1699,6
CZ1699,7
CZ7557,1
CZ7557,2
CZ7557,3
CZ7557,4
CZ7557,5
CZ7557,6
CZ7557,7
CZ7717,2
CZ7717,4
CZ7717,7
CZ9713,1
CZ9713,2
CZ9713,3
CZ9713,4
CZ9713,5
CZ9713,6
CZ9713,7
CZ1138,1
CZ1138,3
CZ1138,5
CZ1138,7
CZ6087,1
CZ6087,2
CZ6087,3
CZ6087,4
CZ6087,5
CZ6087,6
CZ6087,7
CZ6314,1
CZ6314,2
CZ6314,4
CZ6314,6
CZ5140,1
CZ5140,3
CZ5140,5
CZ8351,2
CZ8351,4
CZ8351,6
CZ9770,1
CZ9770,2
CZ9770,3
CZ9770,4
CZ9770,5
CZ9770,6
CZ9770,7
CZ7319,1
CZ7319,3
CZ7319,5
CZ7319,7
CZ8641,1
CZ8641,2
CZ8641,4
CZ8641,6
CZ5650,1
CZ5650,3
CZ5650,5
CZ5650,7
CZ7669,2
CZ7669,4
CZ7669,7
CZ8630,1
CZ8630,3
CZ8630,5
CZ8630,7
CZ6579,1
CZ6579,3
CZ6579,5
CZ6579,7
CZ1860,2
CZ1860,4
CZ1860,6
CZ9698,1
CZ9698,2
CZ9698,3
CZ9698,4
CZ9698,5
CZ9698,6
CZ9698,7
CZ3611,1
CZ3611,2
CZ3611,3
CZ3611,4
CZ3611,5
CZ3611,6
CZ3611,7
CZ9924,1
CZ9924,2
CZ9924,3
CZ9924,4
CZ9924,5
CZ9924,6
CZ9924,7
CZ6754,1
CZ6754,4
CZ6754,6
CZ2790,1
CZ2790,4
CZ2790,6
CZ7838,1
CZ7838,2
CZ7838,3
CZ7838,4
CZ7838,5
CZ7838,6
CZ7838,7
CZ4928,1
CZ4928,2
CZ4928,3
CZ4928,4
CZ4928,5
CZ4928,6
CZ4928,7
CZ5335,1
CZ5335,2
CZ5335,4
CZ5335,6
CZ6886,1
CZ6886,2
CZ6886,3
CZ6886,4
CZ6886,5
CZ6886,6
CZ6886,7
CZ6135,1
CZ6135,3
CZ6135,5
CZ3164,2
CZ3164,4
CZ3164,7
CZ3854,1
CZ3854,2
CZ3854,4
CZ3854,6
CZ9823,1
CZ9823,3
CZ9823,5
CZ5877,1
CZ5877,2
CZ5877,3
CZ5877,4
CZ5877,5
CZ5877,6
CZ5877,7
CZ4943,2
CZ4943,4
CZ4943,6
CZ6668,1
CZ6668,2
CZ6668,3
CZ6668,4
CZ6668,5
CZ6668,6
CZ6668,7
CZ8525,1
CZ8525,2
CZ8525,4
CZ8525,6
CZ5694,1
CZ5694,2
CZ5694,3
CZ5694,4
CZ5694,5
CZ5694,6
CZ5694,7
CZ7181,1
CZ7181,2
CZ7181,3
CZ7181,4
CZ7181,5
CZ7181,6
CZ7181,7
CZ6493,2
CZ6493,4
CZ6493,7
CZ8979,1
CZ8979,3
CZ8979,5
CZ8979,7
CZ5360,1
CZ5360,3
CZ5360,5
CZ5360,7
CZ9239,1
CZ9239,2
CZ9239,3
CZ9239,4
CZ9239,5
CZ9239,6
CZ9239,7
CZ1618,1
CZ1618,2
CZ1618,3
CZ1618,4
CZ1618,5
CZ1618,6
CZ1618,7
CZ9250,1
CZ9250,4
CZ9250,6
CZ2797,1
CZ2797,2
CZ2797,3
CZ2797,4
CZ2797,5
CZ2797,6
CZ2797,7
CZ2074,1
CZ2074,2
CZ2074,3
CZ2074,4
CZ2074,5
CZ2074,6
CZ2074,7
CZ8763,1
CZ8763,2
CZ8763,3
CZ8763,4
CZ8763,5
CZ8763,6
CZ8763,7
CZ9649,1
CZ9649,3
CZ9649,5
CZ9649,7
CZ3819,1
CZ3819,2
CZ3819,4
CZ3819,6
CZ8721,1
CZ8721,2
CZ8721,3
CZ8721,4
CZ8721,5
CZ8721,6
CZ8721,7
CZ5196,1
CZ5196,2
CZ5196,3
CZ5196,4
CZ5196,5
CZ5196,6
CZ5196,7
CZ2562,1
CZ2562,2
CZ2562,3
CZ2562,4
CZ2562,5
CZ2562,6
CZ2562,7
CZ6104,2
CZ6104,4
CZ6104,7
CZ5020,1
CZ5020,3
CZ5020,5
CZ6326,1
CZ6326,2
CZ6326,3
CZ6326,4
CZ6326,5
CZ6326,6
CZ6326,7
CZ3248,1
CZ3248,3
CZ3248,5
CZ3248,7
CZ3873,1
CZ3873,2
CZ3873,3
CZ3873,4
CZ3873,5
CZ3873,6
CZ3873,7
CZ8283,1
CZ8283,3
CZ8283,5
CZ8283,7
CZ5898,1
CZ5898,2
CZ5898,3
CZ5898,4
CZ5898,5
CZ5898,6
CZ5898,7
CZ8030,1
CZ8030,3
CZ8030,5
CZ9710,1
CZ9710,2
CZ9710,3
CZ9710,4
CZ9710,5
CZ9710,6
CZ9710,7
CZ4878,1
CZ4878,2
CZ4878,3
CZ4878,4
CZ4878,5
CZ4878,6
CZ4878,7
CZ4680,2
CZ4680,4
CZ4680,6
CZ9686,1
CZ9686,3
CZ9686,5
CZ5158,2
CZ5158,4
CZ5158,6
CZ1753,1
CZ1753,2
CZ1753,3
CZ1753,4
CZ1753,5
CZ1753,6
CZ1753,7
CZ1185,2
CZ1185,4
CZ1185,6
CZ2491,1
CZ2491,3
CZ2491,5
CZ8042,1
CZ8042,2
CZ8042,3
CZ8042,4
CZ8042,5
CZ8042,6
CZ8042,7
CZ5733,1
CZ5733,2
CZ5733,3
CZ5733,4
CZ5733,5
CZ5733,6
CZ5733,7
CZ1996,1
CZ1996,2
CZ1996,4
CZ1996,6
CZ6930,1
CZ6930,3
CZ6930,5
CZ6930,7
CZ7217,1
CZ7217,2
CZ7217,3
CZ7217,4
CZ7217,5
CZ7217,6
CZ7217,7
CZ8400,1
CZ8400,2
CZ8400,3
CZ8400,4
CZ8400,5
CZ8400,6
CZ8400,7
CZ3793,1
CZ3793,2
CZ3793,3
CZ3793,4
CZ3793,5
CZ3793,6
CZ3793,7
CZ1610,1
CZ1610,3
CZ1610,5
CZ1610,7
CZ9401,1
CZ9401,2
CZ9401,4
CZ9401,6
CZ1967,2
CZ1967,4
CZ1967,7
CZ7824,1
CZ7824,3
CZ7824,5
CZ7824,7
CZ8464,1
CZ8464,3
CZ8464,5
CZ8464,7
CZ6079,1
CZ6079,3
CZ6079,5
CZ6079,7
CZ5523,2
CZ5523,4
CZ5523,6
CZ7782,2
CZ7782,4
CZ7782,6
CZ6047,1
CZ6047,3
CZ6047,5
CZ4964,1
CZ4964,2
CZ4964,3
CZ4964,4
CZ4964,5
CZ4964,6
CZ4964,7
CZ2796,1
CZ2796,2
CZ2796,3
CZ2796,4
CZ2796,5
CZ2796,6
CZ2796,7
CZ1746,1
CZ1746,2
CZ1746,4
CZ1746,6
CZ2133,2
CZ2133,4
CZ2133,6
CZ4304,1
CZ4304,3
CZ4304,5
CZ4304,7
CZ6407,1
CZ6407,3
CZ6407,5
CZ6407,7
CZ7904,1
CZ7904,2
CZ7904,3
CZ7904,4
CZ7904,5
CZ7904,6
CZ7904,7
CZ5530,2
CZ5530,4
CZ5530,6
CZ7222,1
CZ7222,2
CZ7222,4
CZ7222,6
CZ8884,1
CZ8884,2
CZ8884,3
CZ8884,4
CZ8884,5
CZ8884,6
CZ8884,7
CZ5328,1
CZ5328,2
CZ5328,3
CZ5328,4
CZ5328,5
CZ5328,6
CZ5328,7
CZ7504,1
CZ7504,2
CZ7504,3
CZ7504,4
CZ7504,5
CZ7504,6
CZ7504,7
CZ6753,1
CZ6753,3
CZ6753,5
CZ8985,2
CZ8985,4
CZ8985,6
CZ4135,2
CZ4135,4
CZ4135,7
CZ3633,1
CZ3633,2
CZ3633,4
CZ3633,6
CZ9523,1
CZ9523,2
CZ9523,3
CZ9523,4
CZ9523,5
CZ9523,6
CZ9523,7
CZ7986,2
CZ7986,4
CZ7986,6
CZ7517,1
CZ7517,3
CZ7517,5
CZ9029,1
CZ9029,2
CZ9029,3
CZ9029,4
CZ9029,5
CZ9029,6
CZ9029,7
CZ6629,1
CZ6629,2
CZ6629,4
CZ6629,6
CZ6109,2
CZ6109,4
CZ6109,7
CZ4188,1
CZ4188,3
CZ4188,5
CZ4188,7
CZ5151,1
CZ5151,2
CZ5151,3
CZ5151,4
CZ5151,5
CZ5151,6
CZ5151,7
CZ8505,1
CZ8505,3
CZ8505,5
CZ8505,7
CZ4998,1
CZ4998,3
CZ4998,5
CZ4998,7
CZ2115,1
CZ2115,3
CZ2115,5
CZ2115,7
CZ7554,1
CZ7554,3
CZ7554,5
CZ7554,7
CZ6261,1
CZ6261,2
CZ6261,3
CZ6261,4
CZ6261,5
CZ6261,6
CZ6261,7
CZ2202,1
CZ2202,2
CZ2202,4
CZ2202,6
CZ9125,1
CZ9125,2
CZ9125,3
CZ9125,4
CZ9125,5
CZ9125,6
CZ9125,7
CZ3405,1
CZ3405,3
CZ3405,5
CZ3405,7
CZ1737,1
CZ1737,3
CZ1737,5
CZ1737,7
CZ4590,2
CZ4590,4
CZ4590,6
CZ7924,1
CZ7924,2
CZ7924,3
CZ7924,4
CZ7924,5
CZ7924,6
CZ7924,7
CZ1301,1
CZ1301,3
CZ1301,5
CZ1301,7
CZ2879,1
CZ2879,3
CZ2879,5
CZ2879,7
CZ9972,1
CZ9972,2
CZ9972,3
CZ9972,4
CZ9972,5
CZ9972,6
CZ9972,7
CZ9620,2
CZ9620,4
CZ9620,7
CZ8118,1
CZ8118,2
CZ8118,3
CZ8118,4
CZ8118,5
CZ8118,6
CZ8118,7
CZ8350,2
CZ8350,4
CZ8350,7
CZ9089,1
CZ9089,2
CZ9089,3
CZ9089,4
CZ9089,5
CZ9089,6
CZ9089,7
CZ5117,2
CZ5117,4
CZ5117,6
CZ6384,1
CZ6384,3
CZ6384,5
CZ8005,2
CZ8005,4
CZ8005,6
CZ8938,1
CZ8938,3
CZ8938,5
CZ8938,7
CZ7953,1
CZ7953,2
CZ7953,3
CZ7953,4
CZ7953,5
CZ7953,6
CZ7953,7
CZ5529,2
CZ5529,4
CZ5529,6
CZ3374,1
CZ3374,2
CZ3374,3
CZ3374,4
CZ3374,5
CZ3374,6
CZ3374,7
CZ9748,1
CZ9748,2
CZ9748,3
CZ9748,4
CZ9748,5
CZ9748,6
CZ9748,7
CZ7927,1
CZ7927,3
CZ7927,5
CZ7927,7
CZ6156,1
CZ6156,2
CZ6156,3
CZ6156,4
CZ6156,5
CZ6156,6
CZ6156,7
CZ7463,1
CZ7463,2
CZ7463,3
CZ7463,4
CZ7463,5
CZ7463,6
CZ7463,7
CZ7647,2
CZ7647,4
CZ7647,6
CZ1836,1
CZ1836,3
CZ1836,5
CZ1836,7
CZ2016,1
CZ2016,3
CZ2016,5
CZ2016,7
CZ5869,1
CZ5869,3
CZ5869,5
CZ5869,7
CZ6904,2
CZ6904,4
CZ6904,6
CZ9184,1
CZ9184,4
CZ9184,6
CZ9776,1
CZ9776,2
CZ9776,3
CZ9776,4
CZ9776,5
CZ9776,6
CZ9776,7
CZ6565,1
CZ6565,2
CZ6565,3
CZ6565,4
CZ6565,5
CZ6565,6
CZ6565,7
CZ4446,1
CZ4446,3
CZ4446,5
CZ4446,7
CZ4593,1
CZ4593,2
CZ4593,4
CZ4593,6
CZ8872,1
CZ8872,4
CZ8872,6
CZ2721,2
CZ2721,4
CZ2721,6
CZ2767,2
CZ2767,4
CZ2767,7
CZ1308,1
CZ1308,2
CZ1308,3
CZ1308,4
CZ1308,5
CZ1308,6
CZ1308,7
CZ3900,1
CZ3900,3
CZ3900,5
CZ3900,7
CZ4337,1
CZ4337,2
CZ4337,3
CZ4337,4
CZ4337,5
CZ4337,6
CZ4337,7
CZ8991,1
CZ8991,2
CZ8991,3
CZ8991,4
CZ8991,5
CZ8991,6
CZ8991,7
CZ1233,1
CZ1233,2
CZ1233,3
CZ1233,4
CZ1233,5
CZ1233,6
CZ1233,7
CZ9103,1
CZ9103,2
CZ9103,4
CZ9103,6
CZ1655,1
CZ1655,2
CZ1655,3
CZ1655,4
CZ1655,5
CZ1655,6
CZ1655,7
CZ1036,2
CZ1036,4
CZ1036,6
CZ6515,1
CZ6515,3
CZ6515,5
CZ6515,7
CZ1646,1
CZ1646,3
CZ1646,5
CZ1646,7
CZ5327,2
CZ5327,4
CZ5327,7
CZ2682,1
CZ2682,3
CZ2682,5
CZ6019,1
CZ6019,3
CZ6019,5
CZ1789,1
CZ1789,2
CZ1789,3
CZ1789,4
CZ1789,5
CZ1789,6
CZ1789,7
CZ4324,1
CZ4324,2
CZ4324,3
CZ4324,4
CZ4324,5
CZ4324,6
CZ4324,7
CZ7835,1
CZ7835,3
CZ7835,5
CZ7835,7
CZ6154,1
CZ6154,2
CZ6154,3
CZ6154,4
CZ6154,5
CZ6154,6
CZ6154,7
CZ8352,1
CZ8352,2
CZ8352,4
CZ8352,6
CZ1274,1
CZ1274,2
CZ1274,3
CZ1274,4
CZ1274,5
CZ1274,6
CZ1274,7
CZ5458,1
CZ5458,2
CZ5458,3
CZ5458,4
CZ5458,5
CZ5458,6
CZ5458,7
CZ7128,1
CZ7128,2
CZ7128,3
CZ7128,4
CZ7128,5
CZ7128,6
CZ7128,7
CZ6740,2
CZ6740,4
CZ6740,6
CZ2402,1
CZ2402,3
CZ2402,5
CZ2402,7
CZ9041,1
CZ9041,2
CZ9041,3
CZ9041,4
CZ9041,5
CZ9041,6
CZ9041,7
CZ5863,1
CZ5863,2
CZ5863,4
CZ5863,6
CZ2555,1
CZ2555,2
CZ2555,3
CZ2555,4
CZ2555,5
CZ2555,6
CZ2555,7
CZ3806,1
CZ3806,2
CZ3806,3
CZ3806,4
CZ3806,5
CZ3806,6
CZ3806,7
CZ4584,1
CZ4584,2
CZ4584,3
CZ4584,4
CZ4584,5
CZ4584,6
CZ4584,7
CZ2066,1
CZ2066,3
CZ2066,5
CZ2066,7
CZ2351,1
CZ2351,3
CZ2351,5
CZ2351,7
CZ3085,2
CZ3085,4
CZ3085,6
CZ4026,2
CZ4026,4
CZ4026,6
CZ9085,1
CZ9085,2
CZ9085,3
CZ9085,4
CZ9085,5
CZ9085,6
CZ9085,7
CZ5286,1
CZ5286,3
CZ5286,5
CZ5286,7
CZ5062,1
CZ5062,2
CZ5062,4
CZ5062,6
CZ5314,1
CZ5314,3
CZ5314,5
CZ2534,1
CZ2534,2
CZ2534,3
CZ2534,4
CZ2534,5
CZ2534,6
CZ2534,7
CZ7662,1
CZ7662,3
CZ7662,5
CZ1623,1
CZ1623,2
CZ1623,3
CZ1623,4
CZ1623,5
CZ1623,6
CZ1623,7
CZ8391,1
CZ8391,3
CZ8391,5
CZ8391,7
CZ4335,1
CZ4335,3
CZ4335,5
CZ4335,7
CZ7503,1
CZ7503,2
CZ7503,3
CZ7503,4
CZ7503,5
CZ7503,6
CZ7503,7
CZ5254,2
CZ5254,4
CZ5254,6
CZ8237,1
CZ8237,2
CZ8237,3
CZ8237,4
CZ8237,5
CZ8237,6
CZ8237,7
CZ1156,1
CZ1156,2
CZ1156,4
CZ1156,6
CZ1584,1
CZ1584,2
CZ1584,4
CZ1584,6
CZ1681,1
CZ1681,2
CZ1681,4
CZ1681,6
CZ8839,1
CZ8839,2
CZ8839,3
CZ8839,4
CZ8839,5
CZ8839,6
CZ8839,7
CZ3245,1
CZ3245,2
CZ3245,3
CZ3245,4
CZ3245,5
CZ3245,6
CZ3245,7
CZ3687,2
CZ3687,4
CZ3687,7
CZ9559,1
CZ9559,2
CZ9559,3
CZ9559,4
CZ9559,5
CZ9559,6
CZ9559,7
CZ5347,1
CZ5347,3
CZ5347,5
CZ5347,7
CZ3322,1
CZ3322,3
CZ3322,5
CZ3322,7
CZ6828,1
CZ6828,2
CZ6828,3
CZ6828,4
CZ6828,5
CZ6828,6
CZ6828,7
CZ4477,2
CZ4477,4
CZ4477,6
CZ4388,1
CZ4388,3
CZ4388,5
CZ4388,7
CZ2832,2
CZ2832,4
CZ2832,6
CZ3023,1
CZ3023,2
CZ3023,3
CZ3023,4
CZ3023,5
CZ3023,6
CZ3023,7
CZ6607,2
CZ6607,4
CZ6607,6
CZ4249,1
CZ4249,3
CZ4249,5
CZ4249,7
CZ3067,2
CZ3067,4
CZ3067,6
CZ1360,1
CZ1360,2
CZ1360,4
CZ1360,6
CZ7815,1
CZ7815,3
CZ7815,5
CZ7815,7
CZ4613,1
CZ4613,4
CZ4613,6
CZ5003,1
CZ5003,2
CZ5003,3
CZ5003,4
CZ5003,5
CZ5003,6
CZ5003,7
CZ6899,1
CZ6899,3
CZ6899,5
CZ6899,7
CZ7711,1
CZ7711,3
CZ7711,5
CZ7711,7
CZ3008,1
CZ3008,2
CZ3008,3
CZ3008,4
CZ3008,5
CZ3008,6
CZ3008,7
CZ2643,2
CZ2643,4
CZ2643,7
CZ3107,1
CZ3107,3
CZ3107,5
CZ3107,7
CZ2535,1
CZ2535,3
CZ2535,5
CZ2535,7
CZ3658,1
CZ3658,2
CZ3658,3
CZ3658,4
CZ3658,5
CZ3658,6
CZ3658,7
CZ1437,1
CZ1437,2
CZ1437,3
CZ1437,4
CZ1437,5
CZ1437,6
CZ1437,7
CZ7348,1
CZ7348,4
CZ7348,6
CZ3063,1
CZ3063,2
CZ3063,3
CZ3063,4
CZ3063,5
CZ3063,6
CZ3063,7
CZ7583,1
CZ7583,2
CZ7583,3
CZ7583,4
CZ7583,5
CZ7583,6
CZ7583,7
CZ5965,1
CZ5965,3
CZ5965,5
CZ5965,7
CZ5185,1
CZ5185,2
CZ5185,3
CZ5185,4
CZ5185,5
CZ5185,6
CZ5185,7
CZ9785,1
CZ9785,2
CZ9785,3
CZ9785,4
CZ9785,5
CZ9785,6
CZ9785,7
CZ6372,1
CZ6372,4
CZ6372,6
CZ1155,2
CZ1155,4
CZ1155,7
CZ8014,1
CZ8014,3
CZ8014,5
CZ8014,7
CZ5950,1
CZ5950,2
CZ5950,3
CZ5950,4
CZ5950,5
CZ5950,6
CZ5950,7
CZ7947,1
CZ7947,2
CZ7947,3
CZ7947,4
CZ7947,5
CZ7947,6
CZ7947,7
CZ8786,1
CZ8786,2
CZ8786,3
CZ8786,4
CZ8786,5
CZ8786,6
CZ8786,7
CZ2530,1
CZ2530,2
CZ2530,3
CZ2530,4
CZ2530,5
CZ2530,6
CZ2530,7
CZ2518,1
CZ2518,2
CZ2518,3
CZ2518,4
CZ2518,5
CZ2518,6
CZ2518,7
CZ2937,1
CZ2937,2
CZ2937,3
CZ2937,4
CZ2937,5
CZ2937,6
CZ2937,7
CZ7218,1
CZ7218,2
CZ7218,3
CZ7218,4
CZ7218,5
CZ7218,6
CZ7218,7
CZ9447,2
CZ9447,4
CZ9447,6
CZ9253,1
CZ9253,2
CZ9253,4
CZ9253,6
CZ8649,1
CZ8649,2
CZ8649,3
CZ8649,4
CZ8649,5
CZ8649,6
CZ8649,7
CZ4615,2
CZ4615,4
CZ4615,6
CZ9607,1
CZ9607,2
CZ9607,3
CZ9607,4
CZ9607,5
CZ9607,6
CZ9607,7
CZ5498,2
CZ5498,4
CZ5498,7
CZ3733,1
CZ3733,2
CZ3733,3
CZ3733,4
CZ3733,5
CZ3733,6
CZ3733,7
CZ7383,2
CZ7383,4
CZ7383,7
CZ1116,1
CZ1116,2
CZ1116,3
CZ1116,4
CZ1116,5
CZ1116,6
CZ1116,7
CZ6020,2
CZ6020,4
CZ6020,7
CZ2924,2
CZ2924,4
CZ2924,6
CZ9174,1
CZ9174,2
CZ9174,3
CZ9174,4
CZ9174,5
CZ9174,6
CZ9174,7
CZ1272,2
CZ1272,4
CZ1272,7
CZ8943,2
CZ8943,4
CZ8943,6
CZ3706,1
CZ3706,2
CZ3706,3
CZ3706,4
CZ3706,5
CZ3706,6
CZ3706,7
CZ2560,2
CZ2560,4
CZ2560,7
CZ4971,1
CZ4971,3
CZ4971,5
CZ4971,7
CZ2063,1
CZ2063,2
CZ2063,4
CZ2063,6
CZ4657,1
CZ4657,3
CZ4657,5
CZ4657,7
CZ7294,1
CZ7294,3
CZ7294,5
CZ7294,7
CZ3371,1
CZ3371,3
CZ3371,5
CZ4402,1
CZ4402,2
CZ4402,3
CZ4402,4
CZ4402,5
CZ4402,6
CZ4402,7
CZ6155,1
CZ6155,2
CZ6155,4
CZ6155,6
CZ2174,1
CZ2174,2
CZ2174,3
CZ2174,4
CZ2174,5
CZ2174,6
CZ2174,7
CZ6400,1
CZ6400,2
CZ6400,3
CZ6400,4
CZ6400,5
CZ6400,6
CZ6400,7
CZ9384,1
CZ9384,2
CZ9384,3
CZ9384,4
CZ9384,5
CZ9384,6
CZ9384,7
CZ8123,1
CZ8123,2
CZ8123,3
CZ8123,4
CZ8123,5
CZ8123,6
CZ8123,7
CZ8079,1
CZ8079,2
CZ8079,3
CZ8079,4
CZ8079,5
CZ8079,6
CZ8079,7
CZ4845,1
CZ4845,2
CZ4845,3
CZ4845,4
CZ4845,5
CZ4845,6
CZ4845,7
CZ8244,2
CZ8244,4
CZ8244,7
CZ2969,1
CZ2969,2
CZ2969,3
CZ2969,4
CZ2969,5
CZ2969,6
CZ2969,7
CZ5682,2
CZ5682,4
CZ5682,6
CZ2930,1
CZ2930,3
CZ2930,5
CZ2930,7
CZ4860,1
CZ4860,3
CZ4860,5
CZ4860,7
CZ7479,2
CZ7479,4
CZ7479,7
CZ6492,1
CZ6492,2
CZ6492,4
CZ6492,6
CZ8187,2
CZ8187,4
CZ8187,6
CZ9855,1
CZ9855,2
CZ9855,3
CZ9855,4
CZ9855,5
CZ9855,6
CZ9855,7
CZ5748,2
CZ5748,4
CZ5748,6
CZ5760,1
CZ5760,2
CZ5760,4
CZ5760,6
CZ2815,1
CZ2815,2
CZ2815,3
CZ2815,4
CZ2815,5
CZ2815,6
CZ2815,7
CZ6252,2
CZ6252,4
CZ6252,6
CZ7735,2
CZ7735,4
CZ7735,6
CZ5281,1
CZ5281,2
CZ5281,4
CZ5281,6
CZ7780,1
CZ7780,3
CZ7780,5
CZ7780,7
CZ7606,1
CZ7606,2
CZ7606,3
CZ7606,4
CZ7606,5
CZ7606,6
CZ7606,7
CZ2436,2
CZ2436,4
CZ2436,6
CZ3132,2
CZ3132,4
CZ3132,6
CZ6120,1
CZ6120,2
CZ6120,4
CZ6120,6
CZ3006,1
CZ3006,2
CZ3006,3
CZ3006,4
CZ3006,5
CZ3006,6
CZ3006,7
CZ4862,2
CZ4862,4
CZ4862,6
CZ1763,2
CZ1763,4
CZ1763,6
CZ5585,1
CZ5585,2
CZ5585,3
CZ5585,4
CZ5585,5
CZ5585,6
CZ5585,7
CZ1595,1
CZ1595,2
CZ1595,3
CZ1595,4
CZ1595,5
CZ1595,6
CZ1595,7
CZ5437,2
CZ5437,4
CZ5437,6
CZ3849,1
CZ3849,3
CZ3849,5
CZ8940,2
CZ8940,4
CZ8940,6
CZ7576,1
CZ7576,3
CZ7576,5
CZ7576,7
CZ6150,1
CZ6150,2
CZ6150,3
CZ6150,4
CZ6150,5
CZ6150,6
CZ6150,7
CZ4025,1
CZ4025,3
CZ4025,5
CZ2950,1
CZ2950,3
CZ2950,5
CZ2950,7
CZ2250,1
CZ2250,2
CZ2250,3
CZ2250,4
CZ2250,5
CZ2250,6
CZ2250,7
CZ7857,1
CZ7857,2
CZ7857,3
CZ7857,4
CZ7857,5
CZ7857,6
CZ7857,7
CZ2965,1
CZ2965,2
CZ2965,3
CZ2965,4
CZ2965,5
CZ2965,6
CZ2965,7
CZ1638,2
CZ1638,4
CZ1638,6
CZ5176,1
CZ5176,2
CZ5176,4
CZ5176,6
CZ5954,1
CZ5954,2
CZ5954,4
CZ5954,6
CZ3216,1
CZ3216,2
CZ3216,3
CZ3216,4
CZ3216,5
CZ3216,6
CZ3216,7
CZ9037,2
CZ9037,4
CZ9037,6
CZ9260,1
CZ9260,3
CZ9260,5
CZ3979,1
CZ3979,2
CZ3979,3
CZ3979,4
CZ3979,5
CZ3979,6
CZ3979,7
CZ7566,1
CZ7566,3
CZ7566,5
CZ7566,7
CZ4243,1
CZ4243,4
CZ4243,6
CZ8315,1
CZ8315,2
CZ8315,3
CZ8315,4
CZ8315,5
CZ8315,6
CZ8315,7
CZ2663,2
CZ2663,4
CZ2663,6
CZ8374,1
CZ8374,2
CZ8374,4
CZ8374,6
CZ8119,1
CZ8119,2
CZ8119,3
CZ8119,4
CZ8119,5
CZ8119,6
CZ8119,7
CZ3932,1
CZ3932,2
CZ3932,3
CZ3932,4
CZ3932,5
CZ3932,6
CZ3932,7
CZ2961,1
CZ2961,3
CZ2961,5
CZ9222,1
CZ9222,4
CZ9222,6
CZ3173,1
CZ3173,3
CZ3173,5
CZ3173,7
CZ9409,1
CZ9409,2
CZ9409,3
CZ9409,4
CZ9409,5
CZ9409,6
CZ9409,7
CZ9514,1
CZ9514,2
CZ9514,3
CZ9514,4
CZ9514,5
CZ9514,6
CZ9514,7
CZ3495,1
CZ3495,2
CZ3495,3
CZ3495,4
CZ3495,5
CZ3495,6
CZ3495,7
CZ9562,2
CZ9562,4
CZ9562,6
CZ5866,1
CZ5866,2
CZ5866,4
CZ5866,6
CZ1346,2
CZ1346,4
CZ1346,6
CZ4864,1
CZ4864,2
CZ4864,4
CZ4864,6
CZ6096,1
CZ6096,2
CZ6096,3
CZ6096,4
CZ6096,5
CZ6096,6
CZ6096,7
CZ6391,1
CZ6391,2
CZ6391,3
CZ6391,4
CZ6391,5
CZ6391,6
CZ6391,7
CZ5407,1
CZ5407,2
CZ5407,3
CZ5407,4
CZ5407,5
CZ5407,6
CZ5407,7
CZ9167,1
CZ9167,2
CZ9167,3
CZ9167,4
CZ9167,5
CZ9167,6
CZ9167,7
CZ3133,1
CZ3133,2
CZ3133,3
CZ3133,4
CZ3133,5
CZ3133,6
CZ3133,7
CZ2454,1
CZ2454,3
CZ2454,5
CZ4635,1
CZ4635,3
CZ4635,5
CZ4635,7
CZ6508,1
CZ6508,2
CZ6508,3
CZ6508,4
CZ6508,5
CZ6508,6
CZ6508,7
CZ1829,1
CZ1829,2
CZ1829,3
CZ1829,4
CZ1829,5
CZ1829,6
CZ1829,7
CZ2299,1
CZ2299,3
CZ2299,5
CZ2299,7
CZ9866,1
CZ9866,2
CZ9866,3
CZ9866,4
CZ9866,5
CZ9866,6
CZ9866,7
CZ8915,1
CZ8915,2
CZ8915,4
CZ8915,6
CZ5091,1
CZ5091,2
CZ5091,4
CZ5091,6
CZ5783,1
CZ5783,2
CZ5783,3
CZ5783,4
CZ5783,5
CZ5783,6
CZ5783,7
CZ9985,1
CZ9985,2
CZ9985,4
CZ9985,6
CZ8015,1
CZ8015,2
CZ8015,3
CZ8015,4
CZ8015,5
CZ8015,6
CZ8015,7
CZ3212,1
CZ3212,2
CZ3212,3
CZ3212,4
CZ3212,5
CZ3212,6
CZ3212,7
CZ5969,2
CZ5969,4
CZ5969,6
CZ1985,1
CZ1985,2
CZ1985,4
CZ1985,6
CZ7603,1
CZ7603,3
CZ7603,5
CZ9066,2
CZ9066,4
CZ9066,7
CZ2572,1
CZ2572,3
CZ2572,5
CZ8907,1
CZ8907,4
CZ8907,6
CZ7400,1
CZ7400,3
CZ7400,5
CZ7400,7
CZ7358,2
CZ7358,4
CZ7358,6
CZ4113,1
CZ4113,2
CZ4113,3
CZ4113,4
CZ4113,5
CZ4113,6
CZ4113,7
CZ9443,2
CZ9443,4
CZ9443,7
CZ5681,2
CZ5681,4
CZ5681,7
CZ8261,1
CZ8261,2
CZ8261,3
CZ8261,4
CZ8261,5
CZ8261,6
CZ8261,7
CZ6589,1
CZ6589,2
CZ6589,3
CZ6589,4
CZ6589,5
CZ6589,6
CZ6589,7
CZ2266,1
CZ2266,2
CZ2266,3
CZ2266,4
CZ2266,5
CZ2266,6
CZ2266,7
CZ9051,1
CZ9051,3
CZ9051,5
CZ9051,7
CZ9916,1
CZ9916,3
CZ9916,5
CZ1688,2
CZ1688,4
CZ1688,7
CZ7590,1
CZ7590,2
CZ7590,3
CZ7590,4
CZ7590,5
CZ7590,6
CZ7590,7
CZ2452,1
CZ2452,2
CZ2452,3
CZ2452,4
CZ2452,5
CZ2452,6
CZ2452,7
CZ9288,1
CZ9288,2
CZ9288,4
CZ9288,6
CZ6887,1
CZ6887,2
CZ6887,3
CZ6887,4
CZ6887,5
CZ6887,6
CZ6887,7
CZ5125,1
CZ5125,2
CZ5125,3
CZ5125,4
CZ5125,5
CZ5125,6
CZ5125,7
CZ3618,1
CZ3618,2
CZ3618,3
CZ3618,4
CZ3618,5
CZ3618,6
CZ3618,7
CZ4773,1
CZ4773,2
CZ4773,3
CZ4773,4
CZ4773,5
CZ4773,6
CZ4773,7
CZ8644,1
CZ8644,2
CZ8644,3
CZ8644,4
CZ8644,5
CZ8644,6
CZ8644,7
CZ7035,1
CZ7035,2
CZ7035,3
CZ7035,4
CZ7035,5
CZ7035,6
CZ7035,7
CZ1147,2
CZ1147,4
CZ1147,7
CZ7245,2
CZ7245,4
CZ7245,7
CZ8697,1
CZ8697,2
CZ8697,3
CZ8697,4
CZ8697,5
CZ8697,6
CZ8697,7
CZ7608,1
CZ7608,2
CZ7608,3
CZ7608,4
CZ7608,5
CZ7608,6
CZ7608,7
CZ6843,1
CZ6843,3
CZ6843,5
CZ6843,7
CZ8255,2
CZ8255,4
CZ8255,6
CZ2764,2
CZ2764,4
CZ2764,6
CZ1835,1
CZ1835,2
CZ1835,3
CZ1835,4
CZ1835,5
CZ1835,6
CZ1835,7
CZ1142,1
CZ1142,2
CZ1142,3
CZ1142,4
CZ1142,5
CZ1142,6
CZ1142,7
CZ5076,1
CZ5076,2
CZ5076,3
CZ5076,4
CZ5076,5
CZ5076,6
CZ5076,7
CZ7238,1
CZ7238,2
CZ7238,3
CZ7238,4
CZ7238,5
CZ7238,6
CZ7238,7
CZ9110,1
CZ9110,3
CZ9110,5
CZ9110,7
CZ8297,1
CZ8297,2
CZ8297,4
CZ8297,6
CZ6049,1
CZ6049,3
CZ6049,5
CZ7568,2
CZ7568,4
CZ7568,6
CZ3524,1
CZ3524,2
CZ3524,3
CZ3524,4
CZ3524,5
CZ3524,6
CZ3524,7
CZ4980,2
CZ4980,4
CZ4980,7
CZ1028,1
CZ1028,2
CZ1028,3
CZ1028,4
CZ1028,5
CZ1028,6
CZ1028,7
CZ8367,1
CZ8367,2
CZ8367,3
CZ8367,4
CZ8367,5
CZ8367,6
CZ8367,7
CZ5605,1
CZ5605,3
CZ5605,5
CZ5605,7
CZ4954,1
CZ4954,2
CZ4954,3
CZ4954,4
CZ4954,5
CZ4954,6
CZ4954,7
CZ4565,1
CZ4565,2
CZ4565,3
CZ4565,4
CZ4565,5
CZ4565,6
CZ4565,7
CZ7124,2
CZ7124,4
CZ7124,7
CZ8213,1
CZ8213,3
CZ8213,5
CZ8213,7
CZ7494,1
CZ7494,4
CZ7494,6
CZ5302,1
CZ5302,2
CZ5302,3
CZ5302,4
CZ5302,5
CZ5302,6
CZ5302,7
CZ6218,1
CZ6218,3
CZ6218,5
CZ6218,7
CZ2481,1
CZ2481,3
CZ2481,5
CZ9042,1
CZ9042,2
CZ9042,3
CZ9042,4
CZ9042,5
CZ9042,6
CZ9042,7
CZ3609,1
CZ3609,3
CZ3609,5
CZ4156,1
CZ4156,3
CZ4156,5
CZ4156,7
CZ8183,2
CZ8183,4
CZ8183,6
CZ7089,1
CZ7089,3
CZ7089,5
CZ7089,7
CZ7988,1
CZ7988,3
CZ7988,5
CZ8265,2
CZ8265,4
CZ8265,6
CZ1523,1
CZ1523,2
CZ1523,4
CZ1523,6
CZ2294,1
CZ2294,2
CZ2294,3
CZ2294,4
CZ2294,5
CZ2294,6
CZ2294,7
CZ5461,1
CZ5461,2
CZ5461,3
CZ5461,4
CZ5461,5
CZ5461,6
CZ5461,7
CZ7747,1
CZ7747,2
CZ7747,3
CZ7747,4
CZ7747,5
CZ7747,6
CZ7747,7
CZ2770,1
CZ2770,3
CZ2770,5
CZ2770,7
CZ2893,2
CZ2893,4
CZ2893,6
CZ8171,1
CZ8171,3
CZ8171,5
CZ6770,1
CZ6770,2
CZ6770,3
CZ6770,4
CZ6770,5
CZ6770,6
CZ6770,7
CZ9248,2
CZ9248,4
CZ9248,6
CZ1454,1
CZ1454,3
CZ1454,5
CZ1454,7
CZ2051,1
CZ2051,2
CZ2051,3
CZ2051,4
CZ2051,5
CZ2051,6
CZ2051,7
CZ6247,1
CZ6247,3
CZ6247,5
CZ4834,2
CZ4834,4
CZ4834,6
CZ5624,1
CZ5624,2
CZ5624,3
CZ5624,4
CZ5624,5
CZ5624,6
CZ5624,7
CZ1090,1
CZ1090,2
CZ1090,4
CZ1090,6
CZ3113,1
CZ3113,3
CZ3113,5
CZ3304,1
CZ3304,3
CZ3304,5
CZ3304,7
CZ7406,1
CZ7406,3
CZ7406,5
CZ7406,7
CZ6277,2
CZ6277,4
CZ6277,6
CZ5704,1
CZ5704,3
CZ5704,5
CZ5704,7
CZ1504,1
CZ1504,2
CZ1504,3
CZ1504,4
CZ1504,5
CZ1504,6
CZ1504,7
CZ8802,2
CZ8802,4
CZ8802,6
CZ4770,1
CZ4770,2
CZ4770,3
CZ4770,4
CZ4770,5
CZ4770,6
CZ4770,7
CZ3654,1
CZ3654,2
CZ3654,3
CZ3654,4
CZ3654,5
CZ3654,6
CZ3654,7
CZ5086,1
CZ5086,2
CZ5086,4
CZ5086,6
CZ1550,1
CZ1550,2
CZ1550,3
CZ1550,4
CZ1550,5
CZ1550,6
CZ1550,7
CZ5388,1
CZ5388,2
CZ5388,3
CZ5388,4
CZ5388,5
CZ5388,6
CZ5388,7
CZ5761,1
CZ5761,2
CZ5761,3
CZ5761,4
CZ5761,5
CZ5761,6
CZ5761,7
CZ6518,1
CZ6518,2
CZ6518,4
CZ6518,6
CZ2713,1
CZ2713,4
CZ2713,6
CZ3639,1
CZ3639,2
CZ3639,3
CZ3639,4
CZ3639,5
CZ3639,6
CZ3639,7
CZ5211,2
CZ5211,4
CZ5211,7
CZ9977,1
CZ9977,3
CZ9977,5
CZ9977,7
CZ7001,1
CZ7001,3
CZ7001,5
CZ9245,1
CZ9245,3
CZ9245,5
CZ9245,7
CZ1912,2
CZ1912,4
CZ1912,6
CZ6867,1
CZ6867,2
CZ6867,4
CZ6867,6
CZ5521,2
CZ5521,4
CZ5521,6
CZ8552,1
CZ8552,3
CZ8552,5
CZ8552,7
CZ3813,1
CZ3813,3
CZ3813,5
CZ3813,7
CZ4030,1
CZ4030,3
CZ4030,5
CZ4030,7
CZ9610,2
CZ9610,4
CZ9610,6
CZ5951,1
CZ5951,3
CZ5951,5
CZ5951,7
CZ9905,1
CZ9905,2
CZ9905,4
CZ9905,6
CZ8195,1
CZ8195,2
CZ8195,3
CZ8195,4
CZ8195,5
CZ8195,6
CZ8195,7
CZ9348,1
CZ9348,3
CZ9348,5
CZ9348,7
CZ5471,1
CZ5471,2
CZ5471,3
CZ5471,4
CZ5471,5
CZ5471,6
CZ5471,7
CZ4481,1
CZ4481,3
CZ4481,5
CZ4481,7
CZ4664,1
CZ4664,2
CZ4664,3
CZ4664,4
CZ4664,5
CZ4664,6
CZ4664,7
CZ4648,1
CZ4648,3
CZ4648,5
CZ9073,1
CZ9073,2
CZ9073,3
CZ9073,4
CZ9073,5
CZ9073,6
CZ9073,7
CZ3489,1
CZ3489,3
CZ3489,5
CZ3489,7
CZ1950,1
CZ1950,2
CZ1950,3
CZ1950,4
CZ1950,5
CZ1950,6
CZ1950,7
CZ6619,1
CZ6619,2
CZ6619,4
CZ6619,6
CZ8452,1
CZ8452,3
CZ8452,5
CZ8452,7
CZ5755,1
CZ5755,3
CZ5755,5
CZ5755,7
CZ2349,1
CZ2349,3
CZ2349,5
CZ9802,1
CZ9802,2
CZ9802,3
CZ9802,4
CZ9802,5
CZ9802,6
CZ9802,7
CZ2378,1
CZ2378,3
CZ2378,5
CZ2378,7
CZ8425,1
CZ8425,2
CZ8425,3
CZ8425,4
CZ8425,5
CZ8425,6
CZ8425,7
CZ2057,1
CZ2057,3
CZ2057,5
CZ2057,7
CZ1161,1
CZ1161,3
CZ1161,5
CZ1161,7
CZ4750,1
CZ4750,2
CZ4750,3
CZ4750,4
CZ4750,5
CZ4750,6
CZ4750,7
CZ2472,1
CZ2472,4
CZ2472,6
CZ1269,1
CZ1269,4
CZ1269,6
CZ6064,2
CZ6064,4
CZ6064,6
CZ5515,2
CZ5515,4
CZ5515,7
CZ2199,1
CZ2199,2
CZ2199,3
CZ2199,4
CZ2199,5
CZ2199,6
CZ2199,7
CZ8457,1
CZ8457,3
CZ8457,5
CZ8457,7
CZ8018,2
CZ8018,4
CZ8018,6
CZ6601,1
CZ6601,2
CZ6601,3
CZ6601,4
CZ6601,5
CZ6601,6
CZ6601,7
CZ9436,1
CZ9436,4
CZ9436,6
CZ4044,1
CZ4044,3
CZ4044,5
CZ4044,7
CZ3722,1
CZ3722,3
CZ3722,5
CZ3722,7
CZ5420,2
CZ5420,4
CZ5420,6
CZ7804,1
CZ7804,2
CZ7804,3
CZ7804,4
CZ7804,5
CZ7804,6
CZ7804,7
CZ3137,2
CZ3137,4
CZ3137,7
CZ8033,1
CZ8033,2
CZ8033,3
CZ8033,4
CZ8033,5
CZ8033,6
CZ8033,7
CZ6729,1
CZ6729,3
CZ6729,5
CZ9095,1
CZ9095,2
CZ9095,3
CZ9095,4
CZ9095,5
CZ9095,6
CZ9095,7
CZ6876,1
CZ6876,3
CZ6876,5
CZ3447,1
CZ3447,3
CZ3447,5
CZ3447,7
CZ3392,1
CZ3392,2
CZ3392,3
CZ3392,4
CZ3392,5
CZ3392,6
CZ3392,7
CZ9647,1
CZ9647,3
CZ9647,5
CZ3815,1
CZ3815,4
CZ3815,6
CZ3634,1
CZ3634,3
CZ3634,5
CZ3634,7
CZ6365,1
CZ6365,3
CZ6365,5
CZ6365,7
CZ1291,1
CZ1291,2
CZ1291,3
CZ1291,4
CZ1291,5
CZ1291,6
CZ1291,7
CZ4743,1
CZ4743,3
CZ4743,5
CZ4743,7
CZ4900,1
CZ4900,2
CZ4900,3
CZ4900,4
CZ4900,5
CZ4900,6
CZ4900,7
CZ8973,1
CZ8973,2
CZ8973,3
CZ8973,4
CZ8973,5
CZ8973,6
CZ8973,7
CZ4410,2
CZ4410,4
CZ4410,6
CZ8111,1
CZ8111,3
CZ8111,5
CZ8111,7
CZ6644,1
CZ6644,2
CZ6644,3
CZ6644,4
CZ6644,5
CZ6644,6
CZ6644,7
CZ7698,1
CZ7698,2
CZ7698,3
CZ7698,4
CZ7698,5
CZ7698,6
CZ7698,7
CZ7014,1
CZ7014,3
CZ7014,5
CZ9597,2
CZ9597,4
CZ9597,7
CZ7310,1
CZ7310,2
CZ7310,3
CZ7310,4
CZ7310,5
CZ7310,6
CZ7310,7
CZ9525,1
CZ9525,3
CZ9525,5
CZ9525,7
CZ9462,1
CZ9462,2
CZ9462,3
CZ9462,4
CZ9462,5
CZ9462,6
CZ9462,7
CZ2852,1
CZ2852,2
CZ2852,3
CZ2852,4
CZ2852,5
CZ2852,6
CZ2852,7
CZ3039,1
CZ3039,3
CZ3039,5
CZ7446,1
CZ7446,2
CZ7446,3
CZ7446,4
CZ7446,5
CZ7446,6
CZ7446,7
CZ7902,1
CZ7902,2
CZ7902,3
CZ7902,4
CZ7902,5
CZ7902,6
CZ7902,7
CZ1209,1
CZ1209,2
CZ1209,3
CZ1209,4
CZ1209,5
CZ1209,6
CZ1209,7
CZ9708,1
CZ9708,2
CZ9708,3
CZ9708,4
CZ9708,5
CZ9708,6
CZ9708,7
CZ7306,1
CZ7306,2
CZ7306,3
CZ7306,4
CZ7306,5
CZ7306,6
CZ7306,7
CZ6658,1
CZ6658,2
CZ6658,3
CZ6658,4
CZ6658,5
CZ6658,6
CZ6658,7
CZ3666,1
CZ3666,2
CZ3666,3
CZ3666,4
CZ3666,5
CZ3666,6
CZ3666,7
CZ2013,1
CZ2013,2
CZ2013,3
CZ2013,4
CZ2013,5
CZ2013,6
CZ2013,7
CZ7263,1
CZ7263,2
CZ7263,3
CZ7263,4
CZ7263,5
CZ7263,6
CZ7263,7
CZ9554,1
CZ9554,2
CZ9554,3
CZ9554,4
CZ9554,5
CZ9554,6
CZ9554,7
CZ7017,2
CZ7017,4
CZ7017,6
CZ5928,1
CZ5928,2
CZ5928,3
CZ5928,4
CZ5928,5
CZ5928,6
CZ5928,7
CZ7959,1
CZ7959,2
CZ7959,3
CZ7959,4
CZ7959,5
CZ7959,6
CZ7959,7
CZ2007,1
CZ2007,2
CZ2007,4
CZ2007,6
CZ1070,1
CZ1070,2
CZ1070,3
CZ1070,4
CZ1070,5
CZ1070,6
CZ1070,7
CZ2793,1
CZ2793,2
CZ2793,3
CZ2793,4
CZ2793,5
CZ2793,6
CZ2793,7
CZ3545,2
CZ3545,4
CZ3545,7
CZ1387,2
CZ1387,4
CZ1387,7
CZ8827,2
CZ8827,4
CZ8827,6
CZ8404,1
CZ8404,2
CZ8404,3
CZ8404,4
CZ8404,5
CZ8404,6
CZ8404,7
CZ8678,2
CZ8678,4
CZ8678,6
CZ2237,2
CZ2237,4
CZ2237,6
CZ9062,1
CZ9062,2
CZ9062,3
CZ9062,4
CZ9062,5
CZ9062,6
CZ9062,7
CZ4710,1
CZ4710,2
CZ4710,3
CZ4710,4
CZ4710,5
CZ4710,6
CZ4710,7
CZ1834,1
CZ1834,2
CZ1834,3
CZ1834,4
CZ1834,5
CZ1834,6
CZ1834,7
CZ3189,1
CZ3189,3
CZ3189,5
CZ6962,1
CZ6962,2
CZ6962,3
CZ6962,4
CZ6962,5
CZ6962,6
CZ6962,7
CZ4899,2
CZ4899,4
CZ4899,7
CZ9379,1
CZ9379,2
CZ9379,3
CZ9379,4
CZ9379,5
CZ9379,6
CZ9379,7
CZ7867,1
CZ7867,2
CZ7867,3
CZ7867,4
CZ7867,5
CZ7867,6
CZ7867,7
CZ5716,1
CZ5716,3
CZ5716,5
CZ5883,2
CZ5883,4
CZ5883,6
CZ8724,1
CZ8724,2
CZ8724,3
CZ8724,4
CZ8724,5
CZ8724,6
CZ8724,7
CZ7123,1
CZ7123,2
CZ7123,4
CZ7123,6
CZ2631,1
CZ2631,2
CZ2631,3
CZ2631,4
CZ2631,5
CZ2631,6
CZ2631,7
CZ6214,1
CZ6214,3
CZ6214,5
CZ6214,7
CZ8125,1
CZ8125,2
CZ8125,3
CZ8125,4
CZ8125,5
CZ8125,6
CZ8125,7
CZ9764,1
CZ9764,2
CZ9764,3
CZ9764,4
CZ9764,5
CZ9764,6
CZ9764,7
CZ5578,1
CZ5578,3
CZ5578,5
CZ5578,7
CZ3786,1
CZ3786,2
CZ3786,3
CZ3786,4
CZ3786,5
CZ3786,6
CZ3786,7
CZ3532,1
CZ3532,3
CZ3532,5
CZ3532,7
CZ5280,1
CZ5280,2
CZ5280,3
CZ5280,4
CZ5280,5
CZ5280,6
CZ5280,7
CZ6990,1
CZ6990,3
CZ6990,5
CZ4411,1
CZ4411,2
CZ4411,3
CZ4411,4
CZ4411,5
CZ4411,6
CZ4411,7
CZ6194,1
CZ6194,3
CZ6194,5
CZ3258,1
CZ3258,2
CZ3258,3
CZ3258,4
CZ3258,5
CZ3258,6
CZ3258,7
CZ3868,2
CZ3868,4
CZ3868,7
CZ9439,2
CZ9439,4
CZ9439,6
CZ3218,1
CZ3218,4
CZ3218,6
CZ4229,2
CZ4229,4
CZ4229,6
CZ4669,2
CZ4669,4
CZ4669,6
CZ7363,1
CZ7363,3
CZ7363,5
CZ7363,7
CZ9594,2
CZ9594,4
CZ9594,6
CZ8077,1
CZ8077,2
CZ8077,3
CZ8077,4
CZ8077,5
CZ8077,6
CZ8077,7
CZ6388,1
CZ6388,2
CZ6388,3
CZ6388,4
CZ6388,5
CZ6388,6
CZ6388,7
CZ8061,1
CZ8061,2
CZ8061,3
CZ8061,4
CZ8061,5
CZ8061,6
CZ8061,7
CZ7731,1
CZ7731,3
CZ7731,5
CZ7731,7
CZ4214,1
CZ4214,4
CZ4214,6
CZ7149,2
CZ7149,4
CZ7149,7
CZ5269,1
CZ5269,2
CZ5269,3
CZ5269,4
CZ5269,5
CZ5269,6
CZ5269,7
CZ5428,1
CZ5428,3
CZ5428,5
CZ5428,7
CZ6052,1
CZ6052,3
CZ6052,5
CZ6052,7
CZ1586,1
CZ1586,2
CZ1586,3
CZ1586,4
CZ1586,5
CZ1586,6
CZ1586,7
CZ7854,1
CZ7854,2
CZ7854,3
CZ7854,4
CZ7854,5
CZ7854,6
CZ7854,7
CZ2480,1
CZ2480,2
CZ2480,3
CZ2480,4
CZ2480,5
CZ2480,6
CZ2480,7
CZ1619,1
CZ1619,4
CZ1619,6
CZ1180,1
CZ1180,3
CZ1180,5
CZ1180,7
CZ7931,2
CZ7931,4
CZ7931,6
CZ7398,1
CZ7398,3
CZ7398,5
CZ1718,1
CZ1718,3
CZ1718,5
CZ1718,7
CZ6436,2
CZ6436,4
CZ6436,6
CZ8250,1
CZ8250,3
CZ8250,5
CZ8250,7
CZ8427,1
CZ8427,2
CZ8427,3
CZ8427,4
CZ8427,5
CZ8427,6
CZ8427,7
CZ9542,2
CZ9542,4
CZ9542,6
CZ3787,1
CZ3787,2
CZ3787,4
CZ3787,6
CZ1225,1
CZ1225,2
CZ1225,3
CZ1225,4
CZ1225,5
CZ1225,6
CZ1225,7
9C5551,1
9C5551,4
9C5551,6
9C5738,1
9C5738,3
9C5738,5
9C5738,7
9C9031,1
9C9031,2
9C9031,4
9C9031,6
9C3575,1
9C3575,2
9C3575,4
9C3575,6
9C6996,1
9C6996,4
9C6996,6
9C2018,1
9C2018,3
9C2018,5
9C2018,7
9C1882,1
9C1882,4
9C1882,6
9C7450,1
9C7450,4
9C7450,6
9C8433,2
9C8433,4
9C8433,7
9C1204,1
9C1204,3
9C1204,5
9C1204,7
9C5101,1
9C5101,2
9C5101,3
9C5101,4
9C5101,5
9C5101,6
9C5101,7
9C2643,1
9C2643,2
9C2643,3
9C2643,4
9C2643,5
9C2643,6
9C2643,7
9C7279,2
9C7279,4
9C7279,6
9C6452,1
9C6452,2
9C6452,3
9C6452,4
9C6452,5
9C6452,6
9C6452,7
9C4160,1
9C4160,3
9C4160,5
9C4160,7
9C9164,2
9C9164,4
9C9164,6
9C8130,1
9C8130,3
9C8130,5
9C8130,7
9C8412,1
9C8412,2
9C8412,4
9C8412,6
9C7771,1
9C7771,3
9C7771,5
9C7771,7
9C6648,1
9C6648,3
9C6648,5
9C6648,7
9C3409,1
9C3409,2
9C3409,3
9C3409,4
9C3409,5
9C3409,6
9C3409,7
9C6396,1
9C6396,3
9C6396,5
9C6396,7
9C2860,1
9C2860,3
9C2860,5
9C2860,7
9C6724,1
9C6724,3
9C6724,5
9C6724,7
9C7626,1
9C7626,2
9C7626,3
9C7626,4
9C7626,5
9C7626,6
9C7626,7
9C4542,2
9C4542,4
9C4542,6
9C2542,1
9C2542,4
9C2542,6
9C6706,1
9C6706,2
9C6706,4
9C6706,6
9C7285,1
9C7285,3
9C7285,5
9C7285,7
9C8247,2
9C8247,4
9C8247,7
9C5685,1
9C5685,4
9C5685,6
9C5667,2
9C5667,4
9C5667,7
9C1283,2
9C1283,4
9C1283,6
9C1561,1
9C1561,2
9C1561,3
9C1561,4
9C1561,5
9C1561,6
9C1561,7
9C6052,1
9C6052,2
9C6052,4
9C6052,6
9C8140,1
9C8140,4
9C8140,6
9C7630,1
9C7630,2
9C7630,3
9C7630,4
9C7630,5
9C7630,6
9C7630,7
9C5693,1
9C5693,3
9C5693,5
9C5693,7
9C2627,1
9C2627,2
9C2627,3
9C2627,4
9C2627,5
9C2627,6
9C2627,7
9C6477,1
9C6477,2
9C6477,3
9C6477,4
9C6477,5
9C6477,6
9C6477,7
9C8807,1
9C8807,3
9C8807,5
9C8807,7
9C6986,1
9C6986,2
9C6986,4
9C6986,6
9C1588,1
9C1588,3
9C1588,5
9C1588,7
9C1949,2
9C1949,4
9C1949,7
9C5009,2
9C5009,4
9C5009,6
9C9718,1
9C9718,2
9C9718,3
9C9718,4
9C9718,5
9C9718,6
9C9718,7
9C4595,1
9C4595,3
9C4595,5
9C4595,7
9C9277,2
9C9277,4
9C9277,6
9C9952,1
9C9952,2
9C9952,4
9C9952,6
9C4271,1
9C4271,2
9C4271,3
9C4271,4
9C4271,5
9C4271,6
9C4271,7
9C4675,1
9C4675,3
9C4675,5
9C4675,7
9C2157,2
9C2157,4
9C2157,6
9C3280,2
9C3280,4
9C3280,6
9C6592,1
9C6592,2
9C6592,3
9C6592,4
9C6592,5
9C6592,6
9C6592,7
9C1087,1
9C1087,2
9C1087,3
9C1087,4
9C1087,5
9C1087,6
9C1087,7
9C5606,2
9C5606,4
9C5606,6
9C5861,2
9C5861,4
9C5861,6
9C1099,2
9C1099,4
9C1099,6
9C1432,1
9C1432,2
9C1432,3
9C1432,4
9C1432,5
9C1432,6
9C1432,7
9C5145,1
9C5145,2
9C5145,3
9C5145,4
9C5145,5
9C5145,6
9C5145,7
9C9676,2
9C9676,4
9C9676,7
9C6639,1
9C6639,3
9C6639,5
9C6639,7
9C5352,1
9C5352,2
9C5352,3
9C5352,4
9C5352,5
9C5352,6
9C5352,7
9C4669,2
9C4669,4
9C4669,6
9C4125,1
9C4125,2
9C4125,4
9C4125,6
9C1836,2
9C1836,4
9C1836,7
9C5301,2
9C5301,4
9C5301,6
9C1206,1
9C1206,2
9C1206,3
9C1206,4
9C1206,5
9C1206,6
9C1206,7
9C2322,1
9C2322,3
9C2322,5
9C2322,7
9C6524,2
9C6524,4
9C6524,7
9C5167,1
9C5167,3
9C5167,5
9C1226,1
9C1226,3
9C1226,5
9C1226,7
9C4702,1
9C4702,2
9C4702,3
9C4702,4
9C4702,5
9C4702,6
9C4702,7
9C6380,1
9C6380,2
9C6380,3
9C6380,4
9C6380,5
9C6380,6
9C6380,7
9C7922,1
9C7922,3
9C7922,5
9C7922,7
9C9230,1
9C9230,3
9C9230,5
9C9230,7
9C2125,2
9C2125,4
9C2125,6
9C3292,1
9C3292,2
9C3292,3
9C3292,4
9C3292,5
9C3292,6
9C3292,7
9C2033,1
9C2033,2
9C2033,3
9C2033,4
9C2033,5
9C2033,6
9C2033,7
9C4795,2
9C4795,4
9C4795,7
9C9238,1
9C9238,2
9C9238,3
9C9238,4
9C9238,5
9C9238,6
9C9238,7
9C9554,1
9C9554,2
9C9554,3
9C9554,4
9C9554,5
9C9554,6
9C9554,7
9C6151,2
9C6151,4
9C6151,7
9C9794,1
9C9794,2
9C9794,4
9C9794,6
9C8655,1
9C8655,3
9C8655,5
9C8655,7
9C6289,2
9C6289,4
9C6289,6
9C6440,1
9C6440,2
9C6440,3
9C6440,4
9C6440,5
9C6440,6
9C6440,7
9C2770,1
9C2770,2
9C2770,3
9C2770,4
9C2770,5
9C2770,6
9C2770,7
9C5177,1
9C5177,4
9C5177,6
9C9077,1
9C9077,2
9C9077,4
9C9077,6
9C5916,1
9C5916,3
9C5916,5
9C5916,7
9C9806,1
9C9806,3
9C9806,5
9C6548,1
9C6548,2
9C6548,4
9C6548,6
9C7654,1
9C7654,3
9C7654,5
9C2266,1
9C2266,2
9C2266,3
9C2266,4
9C2266,5
9C2266,6
9C2266,7
9C4725,1
9C4725,3
9C4725,5
9C4725,7
9C5295,1
9C5295,3
9C5295,5
9C2507,1
9C2507,3
9C2507,5
9C2507,7
9C1744,1
9C1744,3
9C1744,5
9C1744,7
9C3099,1
9C3099,2
9C3099,4
9C3099,6
9C1153,1
9C1153,2
9C1153,3
9C1153,4
9C1153,5
9C1153,6
9C1153,7
9C6283,1
9C6283,3
9C6283,5
9C7763,1
9C7763,2
9C7763,4
9C7763,6
9C4581,1
9C4581,2
9C4581,3
9C4581,4
9C4581,5
9C4581,6
9C4581,7
9C2240,1
9C2240,2
9C2240,3
9C2240,4
9C2240,5
9C2240,6
9C2240,7
9C2371,1
9C2371,3
9C2371,5
9C2371,7
9C8395,1
9C8395,2
9C8395,3
9C8395,4
9C8395,5
9C8395,6
9C8395,7
9C2241,1
9C2241,2
9C2241,4
9C2241,6
9C2459,1
9C2459,2
9C2459,3
9C2459,4
9C2459,5
9C2459,6
9C2459,7
9C1871,2
9C1871,4
9C1871,6
9C1979,1
9C1979,3
9C1979,5
9C1979,7
9C4080,1
9C4080,3
9C4080,5
9C4080,7
9C3851,1
9C3851,2
9C3851,3
9C3851,4
9C3851,5
9C3851,6
9C3851,7
9C9631,1
9C9631,2
9C9631,3
9C9631,4
9C9631,5
9C9631,6
9C9631,7
9C9833,1
9C9833,3
9C9833,5
9C7795,1
9C7795,3
9C7795,5
9C3654,2
9C3654,4
9C3654,6
9C6393,1
9C6393,4
9C6393,6
9C8183,1
9C8183,2
9C8183,3
9C8183,4
9C8183,5
9C8183,6
9C8183,7
9C4172,2
9C4172,4
9C4172,7
9C2012,1
9C2012,2
9C2012,3
9C2012,4
9C2012,5
9C2012,6
9C2012,7
9C7708,1
9C7708,3
9C7708,5
9C7708,7
9C5599,1
9C5599,3
9C5599,5
9C5599,7
9C1095,1
9C1095,3
9C1095,5
9C1095,7
9C3480,2
9C3480,4
9C3480,7
9C3184,2
9C3184,4
9C3184,7
9C2055,1
9C2055,3
9C2055,5
9C2055,7
9C5514,1
9C5514,2
9C5514,3
9C5514,4
9C5514,5
9C5514,6
9C5514,7
9C5476,2
9C5476,4
9C5476,6
9C3633,2
9C3633,4
9C3633,6
9C4237,1
9C4237,2
9C4237,3
9C4237,4
9C4237,5
9C4237,6
9C4237,7
9C3698,1
9C3698,3
9C3698,5
9C3698,7
9C1390,1
9C1390,2
9C1390,3
9C1390,4
9C1390,5
9C1390,6
9C1390,7
9C1345,1
9C1345,3
9C1345,5
9C1345,7
9C2042,1
9C2042,2
9C2042,3
9C2042,4
9C2042,5
9C2042,6
9C2042,7
9C9558,2
9C9558,4
9C9558,6
9C1220,1
9C1220,3
9C1220,5
9C1220,7
9C5408,1
9C5408,4
9C5408,6
9C7243,2
9C7243,4
9C7243,7
9C4588,1
9C4588,2
9C4588,4
9C4588,6
9C1165,1
9C1165,3
9C1165,5
9C1165,7
9C4091,2
9C4091,4
9C4091,6
9C5961,1
9C5961,4
9C5961,6
9C1017,1
9C1017,2
9C1017,3
9C1017,4
9C1017,5
9C1017,6
9C1017,7
9C1629,1
9C1629,2
9C1629,4
9C1629,6
9C9515,1
9C9515,3
9C9515,5
9C9515,7
9C5098,2
9C5098,4
9C5098,6
9C2477,1
9C2477,2
9C2477,4
9C2477,6
9C2151,2
9C2151,4
9C2151,6
9C5547,1
9C5547,4
9C5547,6
9C8186,1
9C8186,2
9C8186,4
9C8186,6
9C9524,2
9C9524,4
9C9524,6
9C4122,1
9C4122,3
9C4122,5
9C1597,1
9C1597,2
9C1597,3
9C1597,4
9C1597,5
9C1597,6
9C1597,7
9C4977,1
9C4977,3
9C4977,5
9C4977,7
9C7380,1
9C7380,2
9C7380,4
9C7380,6
9C8139,1
9C8139,2
9C8139,4
9C8139,6
9C5711,1
9C5711,3
9C5711,5
9C5711,7
9C1981,1
9C1981,2
9C1981,4
9C1981,6
9C3252,2
9C3252,4
9C3252,6
9C7605,1
9C7605,3
9C7605,5
9C7605,7
9C6347,1
9C6347,3
9C6347,5
9C6347,7
9C3701,1
9C3701,3
9C3701,5
9C3701,7
9C6428,1
9C6428,2
9C6428,3
9C6428,4
9C6428,5
9C6428,6
9C6428,7
9C7365,1
9C7365,3
9C7365,5
9C7365,7
9C6043,2
9C6043,4
9C6043,6
9C9957,1
9C9957,2
9C9957,4
9C9957,6
9C5895,2
9C5895,4
9C5895,7
9C5141,1
9C5141,2
9C5141,3
9C5141,4
9C5141,5
9C5141,6
9C5141,7
9C3218,2
9C3218,4
9C3218,6
9C2102,1
9C2102,2
9C2102,3
9C2102,4
9C2102,5
9C2102,6
9C2102,7
9C5790,1
9C5790,3
9C5790,5
9C5790,7
9C6871,1
9C6871,3
9C6871,5
9C6871,7
9C6352,1
9C6352,2
9C6352,3
9C6352,4
9C6352,5
9C6352,6
9C6352,7
9C3135,1
9C3135,3
9C3135,5
9C3135,7
9C7967,1
9C7967,2
9C7967,3
9C7967,4
9C7967,5
9C7967,6
9C7967,7
9C8493,1
9C8493,2
9C8493,4
9C8493,6
9C1189,1
9C1189,3
9C1189,5
9C1189,7
9C4158,1
9C4158,3
9C4158,5
9C4158,7
9C5785,1
9C5785,3
9C5785,5
9C5785,7
9C3765,1
9C3765,2
9C3765,3
9C3765,4
9C3765,5
9C3765,6
9C3765,7
9C6480,1
9C6480,3
9C6480,5
9C6480,7
9C1143,1
9C1143,3
9C1143,5
9C5578,1
9C5578,3
9C5578,5
9C5578,7
9C9298,2
9C9298,4
9C9298,7
9C2737,1
9C2737,3
9C2737,5
9C4381,1
9C4381,2
9C4381,3
9C4381,4
9C4381,5
9C4381,6
9C4381,7
9C3533,2
9C3533,4
9C3533,7
9C2345,2
9C2345,4
9C2345,6
9C5168,1
9C5168,3
9C5168,5
9C5168,7
9C2626,1
9C2626,3
9C2626,5
9C2626,7
9C6091,1
9C6091,2
9C6091,4
9C6091,6
9C5830,2
9C5830,4
9C5830,6
9C1850,2
9C1850,4
9C1850,6
9C5826,1
9C5826,3
9C5826,5
9C5826,7
9C4239,1
9C4239,2
9C4239,3
9C4239,4
9C4239,5
9C4239,6
9C4239,7
9C9243,1
9C9243,2
9C9243,4
9C9243,6
9C2590,1
9C2590,2
9C2590,3
9C2590,4
9C2590,5
9C2590,6
9C2590,7
9C5403,1
9C5403,2
9C5403,3
9C5403,4
9C5403,5
9C5403,6
9C5403,7
9C1033,1
9C1033,2
9C1033,4
9C1033,6
9C2681,1
9C2681,3
9C2681,5
9C2681,7
9C7759,1
9C7759,2
9C7759,3
9C7759,4
9C7759,5
9C7759,6
9C7759,7
9C1319,1
9C1319,2
9C1319,3
9C1319,4
9C1319,5
9C1319,6
9C1319,7
9C3049,1
9C3049,2
9C3049,4
9C3049,6
9C8512,1
9C8512,3
9C8512,5
9C8512,7
9C2140,1
9C2140,3
9C2140,5
9C7198,1
9C7198,3
9C7198,5
9C9612,1
9C9612,2
9C9612,3
9C9612,4
9C9612,5
9C9612,6
9C9612,7
9C8573,1
9C8573,2
9C8573,3
9C8573,4
9C8573,5
9C8573,6
9C8573,7
9C4225,1
9C4225,2
9C4225,3
9C4225,4
9C4225,5
9C4225,6
9C4225,7
9C2215,1
9C2215,3
9C2215,5
9C2215,7
9C3632,1
9C3632,3
9C3632,5
9C3632,7
9C1628,1
9C1628,3
9C1628,5
9C1628,7
9C2844,1
9C2844,2
9C2844,3
9C2844,4
9C2844,5
9C2844,6
9C2844,7
9C4397,1
9C4397,3
9C4397,5
9C4397,7
9C2297,1
9C2297,2
9C2297,3
9C2297,4
9C2297,5
9C2297,6
9C2297,7
9C5302,2
9C5302,4
9C5302,6
9C1479,1
9C1479,2
9C1479,3
9C1479,4
9C1479,5
9C1479,6
9C1479,7
9C2232,2
9C2232,4
9C2232,7
9C9963,2
9C9963,4
9C9963,6
9C6214,1
9C6214,2
9C6214,3
9C6214,4
9C6214,5
9C6214,6
9C6214,7
9C4707,1
9C4707,2
9C4707,4
9C4707,6
9C8685,1
9C8685,2
9C8685,4
9C8685,6
9C3318,1
9C3318,3
9C3318,5
9C3318,7
9C9007,2
9C9007,4
9C9007,6
9C3917,1
9C3917,2
9C3917,3
9C3917,4
9C3917,5
9C3917,6
9C3917,7
9C7412,1
9C7412,3
9C7412,5
9C9002,1
9C9002,2
9C9002,4
9C9002,6
9C9713,2
9C9713,4
9C9713,7
9C2355,1
9C2355,2
9C2355,4
9C2355,6
9C5264,2
9C5264,4
9C5264,7
9C3939,1
9C3939,2
9C3939,3
9C3939,4
9C3939,5
9C3939,6
9C3939,7
9C3756,1
9C3756,2
9C3756,3
9C3756,4
9C3756,5
9C3756,6
9C3756,7
9C9055,2
9C9055,4
9C9055,6
9C6213,1
9C6213,2
9C6213,3
9C6213,4
9C6213,5
9C6213,6
9C6213,7
9C9904,2
9C9904,4
9C9904,7
9C6803,1
9C6803,2
9C6803,3
9C6803,4
9C6803,5
9C6803,6
9C6803,7
9C1498,2
9C1498,4
9C1498,7
9C2223,1
9C2223,3
9C2223,5
9C2223,7
9C6987,2
9C6987,4
9C6987,7
9C1210,2
9C1210,4
9C1210,6
9C9345,1
9C9345,2
9C9345,3
9C9345,4
9C9345,5
9C9345,6
9C9345,7
9C2884,1
9C2884,2
9C2884,3
9C2884,4
9C2884,5
9C2884,6
9C2884,7
9C2180,1
9C2180,2
9C2180,3
9C2180,4
9C2180,5
9C2180,6
9C2180,7
9C8330,1
9C8330,2
9C8330,4
9C8330,6
9C9426,2
9C9426,4
9C9426,6
9C2416,1
9C2416,4
9C2416,6
9C4901,1
9C4901,3
9C4901,5
9C3055,2
9C3055,4
9C3055,6
9C9475,1
9C9475,2
9C9475,3
9C9475,4
9C9475,5
9C9475,6
9C9475,7
9C1662,1
9C1662,3
9C1662,5
9C1662,7
9C1947,1
9C1947,3
9C1947,5
9C3075,1
9C3075,4
9C3075,6
9C1350,1
9C1350,3
9C1350,5
9C1350,7
9C5195,2
9C5195,4
9C5195,6
9C3201,2
9C3201,4
9C3201,7
9C3041,1
9C3041,2
9C3041,4
9C3041,6
9C1935,2
9C1935,4
9C1935,6
9C9325,2
9C9325,4
9C9325,7
9C3103,1
9C3103,2
9C3103,3
9C3103,4
9C3103,5
9C3103,6
9C3103,7
9C7819,1
9C7819,3
9C7819,5
9C7819,7
9C1721,1
9C1721,2
9C1721,3
9C1721,4
9C1721,5
9C1721,6
9C1721,7
9C8665,1
9C8665,2
9C8665,3
9C8665,4
9C8665,5
9C8665,6
9C8665,7
9C3667,1
9C3667,2
9C3667,4
9C3667,6
9C9056,1
9C9056,2
9C9056,3
9C9056,4
9C9056,5
9C9056,6
9C9056,7
9C9814,1
9C9814,2
9C9814,3
9C9814,4
9C9814,5
9C9814,6
9C9814,7
9C1951,1
9C1951,2
9C1951,4
9C1951,6
9C1019,1
9C1019,3
9C1019,5
9C6031,1
9C6031,3
9C6031,5
9C4473,1
9C4473,3
9C4473,5
9C8544,1
9C8544,2
9C8544,4
9C8544,6
9C6908,1
9C6908,3
9C6908,5
9C6908,7
9C6701,1
9C6701,2
9C6701,3
9C6701,4
9C6701,5
9C6701,6
9C6701,7
9C7362,2
9C7362,4
9C7362,7
9C5135,1
9C5135,2
9C5135,3
9C5135,4
9C5135,5
9C5135,6
9C5135,7
9C8286,2
9C8286,4
9C8286,7
9C8773,2
9C8773,4
9C8773,6
9C8376,1
9C8376,4
9C8376,6
9C9327,1
9C9327,2
9C9327,3
9C9327,4
9C9327,5
9C9327,6
9C9327,7
9C7910,1
9C7910,3
9C7910,5
9C9726,2
9C9726,4
9C9726,6
9C4615,1
9C4615,2
9C4615,3
9C4615,4
9C4615,5
9C4615,6
9C4615,7
9C8957,1
9C8957,4
9C8957,6
9C5064,1
9C5064,3
9C5064,5
9C8422,1
9C8422,2
9C8422,3
9C8422,4
9C8422,5
9C8422,6
9C8422,7
9C9689,1
9C9689,3
9C9689,5
9C9689,7
9C8492,2
9C8492,4
9C8492,6
9C2941,1
9C2941,3
9C2941,5
9C2941,7
9C6784,1
9C6784,2
9C6784,3
9C6784,4
9C6784,5
9C6784,6
9C6784,7
9C3411,1
9C3411,3
9C3411,5
9C3411,7
9C3967,1
9C3967,2
9C3967,3
9C3967,4
9C3967,5
9C3967,6
9C3967,7
9C2105,1
9C2105,2
9C2105,3
9C2105,4
9C2105,5
9C2105,6
9C2105,7
9C2452,1
9C2452,2
9C2452,3
9C2452,4
9C2452,5
9C2452,6
9C2452,7
9C4546,1
9C4546,2
9C4546,3
9C4546,4
9C4546,5
9C4546,6
9C4546,7
9C1242,1
9C1242,3
9C1242,5
9C1242,7
9C5533,1
9C5533,2
9C5533,3
9C5533,4
9C5533,5
9C5533,6
9C5533,7
9C1262,1
9C1262,2
9C1262,3
9C1262,4
9C1262,5
9C1262,6
9C1262,7
9C6010,1
9C6010,2
9C6010,3
9C6010,4
9C6010,5
9C6010,6
9C6010,7
9C3206,1
9C3206,2
9C3206,3
9C3206,4
9C3206,5
9C3206,6
9C3206,7
9C5253,1
9C5253,3
9C5253,5
9C1778,1
9C1778,2
9C1778,3
9C1778,4
9C1778,5
9C1778,6
9C1778,7
9C1173,1
9C1173,2
9C1173,4
9C1173,6
9C7591,2
9C7591,4
9C7591,6
9C3619,1
9C3619,2
9C3619,4
9C3619,6
9C5860,1
9C5860,3
9C5860,5
9C9752,1
9C9752,2
9C9752,3
9C9752,4
9C9752,5
9C9752,6
9C9752,7
9C5915,1
9C5915,3
9C5915,5
9C3288,1
9C3288,4
9C3288,6
9C2264,1
9C2264,2
9C2264,3
9C2264,4
9C2264,5
9C2264,6
9C2264,7
9C6123,1
9C6123,2
9C6123,4
9C6123,6
9C6238,2
9C6238,4
9C6238,6
9C7644,1
9C7644,4
9C7644,6
9C8044,1
9C8044,3
9C8044,5
9C8044,7
9C2049,2
9C2049,4
9C2049,7
9C9321,2
9C9321,4
9C9321,7
9C8175,1
9C8175,2
9C8175,3
9C8175,4
9C8175,5
9C8175,6
9C8175,7
9C5360,1
9C5360,2
9C5360,3
9C5360,4
9C5360,5
9C5360,6
9C5360,7
9C3690,1
9C3690,2
9C3690,3
9C3690,4
9C3690,5
9C3690,6
9C3690,7
9C9522,1
9C9522,2
9C9522,4
9C9522,6
9C7638,2
9C7638,4
9C7638,7
9C4014,1
9C4014,2
9C4014,3
9C4014,4
9C4014,5
9C4014,6
9C4014,7
9C1100,1
9C1100,2
9C1100,3
9C1100,4
9C1100,5
9C1100,6
9C1100,7
9C3526,2
9C3526,4
9C3526,6
9C1526,2
9C1526,4
9C1526,6
9C2170,1
9C2170,4
9C2170,6
9C8520,2
9C8520,4
9C8520,6
9C9130,1
9C9130,3
9C9130,5
9C9130,7
9C2838,2
9C2838,4
9C2838,7
9C5140,1
9C5140,2
9C5140,3
9C5140,4
9C5140,5
9C5140,6
9C5140,7
9C5964,2
9C5964,4
9C5964,6
9C8238,1
9C8238,3
9C8238,5
9C8238,7
9C3401,1
9C3401,2
9C3401,4
9C3401,6
9C5750,1
9C5750,2
9C5750,3
9C5750,4
9C5750,5
9C5750,6
9C5750,7
9C2286,1
9C2286,3
9C2286,5
9C2286,7
9C2196,1
9C2196,2
9C2196,3
9C2196,4
9C2196,5
9C2196,6
9C2196,7
9C2354,2
9C2354,4
9C2354,6
9C3784,1
9C3784,3
9C3784,5
9C3784,7
9C2665,2
9C2665,4
9C2665,6
9C5272,1
9C5272,2
9C5272,3
9C5272,4
9C5272,5
9C5272,6
9C5272,7
9C2978,1
9C2978,3
9C2978,5
9C2978,7
9C4007,1
9C4007,2
9C4007,3
9C4007,4
9C4007,5
9C4007,6
9C4007,7
9C3778,1
9C3778,3
9C3778,5
9C8536,2
9C8536,4
9C8536,6
9C4185,1
9C4185,2
9C4185,3
9C4185,4
9C4185,5
9C4185,6
9C4185,7
9C6365,1
9C6365,2
9C6365,3
9C6365,4
9C6365,5
9C6365,6
9C6365,7
9C6185,1
9C6185,2
9C6185,3
9C6185,4
9C6185,5
9C6185,6
9C6185,7
9C5867,2
9C5867,4
9C5867,6
9C5659,1
9C5659,2
9C5659,4
9C5659,6
9C9574,2
9C9574,4
9C9574,7
9C1737,2
9C1737,4
9C1737,6
9C1686,1
9C1686,3
9C1686,5
9C1686,7
9C5269,1
9C5269,2
9C5269,3
9C5269,4
9C5269,5
9C5269,6
9C5269,7
9C9074,1
9C9074,2
9C9074,3
9C9074,4
9C9074,5
9C9074,6
9C9074,7
9C4252,1
9C4252,2
9C4252,4
9C4252,6
9C3759,1
9C3759,2
9C3759,4
9C3759,6
9C8073,1
9C8073,2
9C8073,3
9C8073,4
9C8073,5
9C8073,6
9C8073,7
9C7199,1
9C7199,4
9C7199,6
9C1838,2
9C1838,4
9C1838,6
9C1041,1
9C1041,2
9C1041,4
9C1041,6
9C5956,1
9C5956,3
9C5956,5
9C1161,2
9C1161,4
9C1161,6
9C8436,1
9C8436,2
9C8436,3
9C8436,4
9C8436,5
9C8436,6
9C8436,7
9C4938,1
9C4938,3
9C4938,5
9C4938,7
9C4226,1
9C4226,2
9C4226,3
9C4226,4
9C4226,5
9C4226,6
9C4226,7
9C9940,1
9C9940,2
9C9940,3
9C9940,4
9C9940,5
9C9940,6
9C9940,7
9C6522,1
9C6522,2
9C6522,3
9C6522,4
9C6522,5
9C6522,6
9C6522,7
9C8198,1
9C8198,2
9C8198,3
9C8198,4
9C8198,5
9C8198,6
9C8198,7
9C2051,1
9C2051,3
9C2051,5
9C4827,1
9C4827,2
9C4827,3
9C4827,4
9C4827,5
9C4827,6
9C4827,7
9C9918,1
9C9918,3
9C9918,5
9C9918,7
9C3956,1
9C3956,3
9C3956,5
9C3956,7
9C9127,1
9C9127,3
9C9127,5
9C3703,1
9C3703,3
9C3703,5
9C9308,2
9C9308,4
9C9308,6
9C9173,2
9C9173,4
9C9173,7
9C3859,1
9C3859,4
9C3859,6
9C1703,1
9C1703,3
9C1703,5
9C1703,7
9C6581,2
9C6581,4
9C6581,6
9C3204,1
9C3204,3
9C3204,5
9C3204,7
9C6775,1
9C6775,3
9C6775,5
9C6775,7
9C5669,1
9C5669,3
9C5669,5
9C4861,2
9C4861,4
9C4861,6
9C3540,1
9C3540,2
9C3540,3
9C3540,4
9C3540,5
9C3540,6
9C3540,7
9C7827,1
9C7827,2
9C7827,3
9C7827,4
9C7827,5
9C7827,6
9C7827,7
9C1234,2
9C1234,4
9C1234,6
9C3864,1
9C3864,2
9C3864,3
9C3864,4
9C3864,5
9C3864,6
9C3864,7
9C6932,1
9C6932,3
9C6932,5
9C6932,7
9C6013,2
9C6013,4
9C6013,6
9C8214,1
9C8214,3
9C8214,5
9C8214,7
9C7658,1
9C7658,3
9C7658,5
9C5130,1
9C5130,3
9C5130,5
9C4193,1
9C4193,2
9C4193,3
9C4193,4
9C4193,5
9C4193,6
9C4193,7
9C3378,1
9C3378,2
9C3378,3
9C3378,4
9C3378,5
9C3378,6
9C3378,7
9C3222,1
9C3222,2
9C3222,4
9C3222,6
9C9531,1
9C9531,3
9C9531,5
9C9531,7
9C8055,2
9C8055,4
9C8055,6
9C6877,2
9C6877,4
9C6877,6
9C9906,1
9C9906,2
9C9906,4
9C9906,6
9C2767,1
9C2767,4
9C2767,6
9C6558,1
9C6558,2
9C6558,3
9C6558,4
9C6558,5
9C6558,6
9C6558,7
9C3855,1
9C3855,2
9C3855,3
9C3855,4
9C3855,5
9C3855,6
9C3855,7
9C6316,1
9C6316,2
9C6316,3
9C6316,4
9C6316,5
9C6316,6
9C6316,7
9C5417,1
9C5417,4
9C5417,6
9C9873,1
9C9873,3
9C9873,5
9C3572,1
9C3572,3
9C3572,5
9C3572,7
9C7853,1
9C7853,2
9C7853,3
9C7853,4
9C7853,5
9C7853,6
9C7853,7
9C1335,1
9C1335,4
9C1335,6
9C3149,2
9C3149,4
9C3149,7
9C1444,1
9C1444,2
9C1444,3
9C1444,4
9C1444,5
9C1444,6
9C1444,7
9C1888,2
9C1888,4
9C1888,6
9C4168,2
9C4168,4
9C4168,7
9C7689,1
9C7689,2
9C7689,4
9C7689,6
9C5234,1
9C5234,3
9C5234,5
9C5234,7
9C5409,2
9C5409,4
9C5409,7
9C9552,1
9C9552,2
9C9552,3
9C9552,4
9C9552,5
9C9552,6
9C9552,7
9C5931,1
9C5931,3
9C5931,5
9C2700,1
9C2700,3
9C2700,5
9C2700,7
9C6544,2
9C6544,4
9C6544,7
9C6383,1
9C6383,3
9C6383,5
9C2183,1
9C2183,2
9C2183,3
9C2183,4
9C2183,5
9C2183,6
9C2183,7
9C8398,1
9C8398,2
9C8398,4
9C8398,6
9C1848,1
9C1848,3
9C1848,5
9C1848,7
9C6632,1
9C6632,3
9C6632,5
9C4499,1
9C4499,2
9C4499,3
9C4499,4
9C4499,5
9C4499,6
9C4499,7
9C3610,1
9C3610,3
9C3610,5
9C3610,7
9C8095,1
9C8095,2
9C8095,3
9C8095,4
9C8095,5
9C8095,6
9C8095,7
9C2292,1
9C2292,3
9C2292,5
9C2292,7
9C1948,1
9C1948,3
9C1948,5
9C1948,7
9C5699,2
9C5699,4
9C5699,6
9C4471,1
9C4471,2
9C4471,3
9C4471,4
9C4471,5
9C4471,6
9C4471,7
9C5271,1
9C5271,2
9C5271,3
9C5271,4
9C5271,5
9C5271,6
9C5271,7
9C7448,1
9C7448,2
9C7448,3
9C7448,4
9C7448,5
9C7448,6
9C7448,7
9C1464,1
9C1464,3
9C1464,5
9C1464,7
9C2553,2
9C2553,4
9C2553,6
9C4808,1
9C4808,2
9C4808,3
9C4808,4
9C4808,5
9C4808,6
9C4808,7
9C6492,1
9C6492,2
9C6492,3
9C6492,4
9C6492,5
9C6492,6
9C6492,7
9C6989,1
9C6989,2
9C6989,3
9C6989,4
9C6989,5
9C6989,6
9C6989,7
9C1256,1
9C1256,2
9C1256,3
9C1256,4
9C1256,5
9C1256,6
9C1256,7
9C7106,1
9C7106,3
9C7106,5
9C7106,7
9C5291,1
9C5291,2
9C5291,3
9C5291,4
9C5291,5
9C5291,6
9C5291,7
9C9006,1
9C9006,2
9C9006,3
9C9006,4
9C9006,5
9C9006,6
9C9006,7
9C4194,2
9C4194,4
9C4194,7
9C8620,1
9C8620,3
9C8620,5
9C8620,7
9C1576,1
9C1576,3
9C1576,5
9C1576,7
9C8528,1
9C8528,2
9C8528,3
9C8528,4
9C8528,5
9C8528,6
9C8528,7
9C6332,1
9C6332,3
9C6332,5
9C8168,1
9C8168,3
9C8168,5
9C8353,2
9C8353,4
9C8353,7
9C5199,1
9C5199,3
9C5199,5
9C5199,7
9C2666,1
9C2666,3
9C2666,5
9C1492,2
9C1492,4
9C1492,7
9C4117,1
9C4117,3
9C4117,5
9C7212,1
9C7212,3
9C7212,5
9C7212,7
9C7750,1
9C7750,3
9C7750,5
9C7750,7
9C5466,1
9C5466,2
9C5466,4
9C5466,6
9C1004,1
9C1004,2
9C1004,3
9C1004,4
9C1004,5
9C1004,6
9C1004,7
9C3974,2
9C3974,4
9C3974,6
9C4497,1
9C4497,3
9C4497,5
9C4497,7
9C6884,1
9C6884,2
9C6884,3
9C6884,4
9C6884,5
9C6884,6
9C6884,7
9C1470,1
9C1470,2
9C1470,4
9C1470,6
9C3997,2
9C3997,4
9C3997,6
9C4504,1
9C4504,4
9C4504,6
9C2464,1
9C2464,2
9C2464,3
9C2464,4
9C2464,5
9C2464,6
9C2464,7
9C8326,1
9C8326,2
9C8326,3
9C8326,4
9C8326,5
9C8326,6
9C8326,7
9C3525,1
9C3525,3
9C3525,5
9C3525,7
9C5279,1
9C5279,2
9C5279,3
9C5279,4
9C5279,5
9C5279,6
9C5279,7
9C8020,1
9C8020,2
9C8020,3
9C8020,4
9C8020,5
9C8020,6
9C8020,7
9C6528,1
9C6528,2
9C6528,4
9C6528,6
9C5060,1
9C5060,2
9C5060,3
9C5060,4
9C5060,5
9C5060,6
9C5060,7
9C7297,1
9C7297,3
9C7297,5
9C7297,7
9C4222,1
9C4222,2
9C4222,3
9C4222,4
9C4222,5
9C4222,6
9C4222,7
9C1245,1
9C1245,3
9C1245,5
9C8532,1
9C8532,3
9C8532,5
9C8532,7
9C2056,2
9C2056,4
9C2056,6
9C7181,1
9C7181,3
9C7181,5
9C7181,7
9C8913,1
9C8913,2
9C8913,3
9C8913,4
9C8913,5
9C8913,6
9C8913,7
9C2328,2
9C2328,4
9C2328,6
9C4207,1
9C4207,2
9C4207,3
9C4207,4
9C4207,5
9C4207,6
9C4207,7
9C7932,1
9C7932,2
9C7932,3
9C7932,4
9C7932,5
9C7932,6
9C7932,7
9C5052,1
9C5052,4
9C5052,6
9C7064,1
9C7064,2
9C7064,4
9C7064,6
9C3108,1
9C3108,3
9C3108,5
9C8736,1
9C8736,2
9C8736,3
9C8736,4
9C8736,5
9C8736,6
9C8736,7
9C1725,2
9C1725,4
9C1725,7
9C8772,1
9C8772,2
9C8772,3
9C8772,4
9C8772,5
9C8772,6
9C8772,7
9C7710,1
9C7710,3
9C7710,5
9C2427,1
9C2427,2
9C2427,4
9C2427,6
9C2966,1
9C2966,3
9C2966,5
9C2966,7
9C1980,1
9C1980,2
9C1980,4
9C1980,6
9C1270,2
9C1270,4
9C1270,6
9C6106,1
9C6106,2
9C6106,3
9C6106,4
9C6106,5
9C6106,6
9C6106,7
9C8147,2
9C8147,4
9C8147,6
9C1690,1
9C1690,2
9C1690,3
9C1690,4
9C1690,5
9C1690,6
9C1690,7
9C3852,1
9C3852,2
9C3852,4
9C3852,6
9C1861,1
9C1861,4
9C1861,6
9C7573,1
9C7573,3
9C7573,5
9C7573,7
9C1484,1
9C1484,3
9C1484,5
9C1484,7
9C4870,1
9C4870,3
9C4870,5
9C4870,7
9C4240,2
9C4240,4
9C4240,6
9C5313,1
9C5313,2
9C5313,3
9C5313,4
9C5313,5
9C5313,6
9C5313,7
9C5734,2
9C5734,4
9C5734,6
9C1338,1
9C1338,3
9C1338,5
9C1338,7
9C9447,2
9C9447,4
9C9447,6
9C6237,1
9C6237,2
9C6237,3
9C6237,4
9C6237,5
9C6237,6
9C6237,7
9C3299,1
9C3299,4
9C3299,6
9C3949,2
9C3949,4
9C3949,6
9C6680,1
9C6680,3
9C6680,5
9C9721,1
9C9721,2
9C9721,4
9C9721,6
9C3975,1
9C3975,2
9C3975,4
9C3975,6
9C7258,1
9C7258,2
9C7258,3
9C7258,4
9C7258,5
9C7258,6
9C7258,7
9C6137,1
9C6137,3
9C6137,5
9C6137,7
9C5856,1
9C5856,3
9C5856,5
9C5856,7
9C3829,1
9C3829,3
9C3829,5
9C3829,7
9C2425,1
9C2425,3
9C2425,5
9C7642,1
9C7642,2
9C7642,3
9C7642,4
9C7642,5
9C7642,6
9C7642,7
9C2070,1
9C2070,2
9C2070,3
9C2070,4
9C2070,5
9C2070,6
9C2070,7
9C3602,1
9C3602,3
9C3602,5
9C3602,7
9C7564,1
9C7564,3
9C7564,5
9C7564,7
9C2685,1
9C2685,2
9C2685,4
9C2685,6
9C4903,1
9C4903,3
9C4903,5
9C2399,1
9C2399,2
9C2399,4
9C2399,6
9C4047,1
9C4047,2
9C4047,3
9C4047,4
9C4047,5
9C4047,6
9C4047,7
9C1544,1
9C1544,2
9C1544,4
9C1544,6
9C6265,2
9C6265,4
9C6265,7
9C3724,1
9C3724,2
9C3724,3
9C3724,4
9C3724,5
9C3724,6
9C3724,7
9C9948,1
9C9948,2
9C9948,3
9C9948,4
9C9948,5
9C9948,6
9C9948,7
9C9860,1
9C9860,2
9C9860,4
9C9860,6
9C4876,2
9C4876,4
9C4876,6
9C1708,2
9C1708,4
9C1708,6
9C1565,2
9C1565,4
9C1565,6
9C8106,1
9C8106,2
9C8106,3
9C8106,4
9C8106,5
9C8106,6
9C8106,7
9C3715,1
9C3715,2
9C3715,4
9C3715,6
9C7348,1
9C7348,2
9C7348,3
9C7348,4
9C7348,5
9C7348,6
9C7348,7
9C6158,1
9C6158,2
9C6158,4
9C6158,6
9C7022,1
9C7022,2
9C7022,3
9C7022,4
9C7022,5
9C7022,6
9C7022,7
9C7248,1
9C7248,3
9C7248,5
9C7248,7
9C6331,2
9C6331,4
9C6331,6
9C7732,1
9C7732,2
9C7732,3
9C7732,4
9C7732,5
9C7732,6
9C7732,7
9C4188,1
9C4188,2
9C4188,3
9C4188,4
9C4188,5
9C4188,6
9C4188,7
9C8603,1
9C8603,3
9C8603,5
9C8603,7
9C6656,1
9C6656,2
9C6656,4
9C6656,6
9C4908,1
9C4908,3
9C4908,5
9C4908,7
9C1846,1
9C1846,2
9C1846,4
9C1846,6
9C9417,1
9C9417,3
9C9417,5
9C9417,7
9C4603,1
9C4603,3
9C4603,5
9C8700,1
9C8700,2
9C8700,4
9C8700,6
9C4764,1
9C4764,4
9C4764,6
9C4505,1
9C4505,3
9C4505,5
9C4505,7
9C1184,1
9C1184,4
9C1184,6
9C2730,1
9C2730,2
9C2730,3
9C2730,4
9C2730,5
9C2730,6
9C2730,7
9C2745,1
9C2745,3
9C2745,5
9C7741,2
9C7741,4
9C7741,6
9C9121,2
9C9121,4
9C9121,6
9C5716,1
9C5716,3
9C5716,5
9C5716,7
9C3627,1
9C3627,4
9C3627,6
9C7323,2
9C7323,4
9C7323,6
9C3894,1
9C3894,2
9C3894,3
9C3894,4
9C3894,5
9C3894,6
9C3894,7
9C9984,1
9C9984,3
9C9984,5
9C9984,7
9C2536,1
9C2536,3
9C2536,5
9C2536,7
9C3026,1
9C3026,4
9C3026,6
9C8711,1
9C8711,2
9C8711,4
9C8711,6
9C1048,2
9C1048,4
9C1048,6
9C1266,2
9C1266,4
9C1266,6
9C3157,1
9C3157,2
9C3157,3
9C3157,4
9C3157,5
9C3157,6
9C3157,7
9C2329,1
9C2329,3
9C2329,5
9C2329,7
9C4945,2
9C4945,4
9C4945,6
9C5629,1
9C5629,2
9C5629,3
9C5629,4
9C5629,5
9C5629,6
9C5629,7
9C9510,1
9C9510,3
9C9510,5
9C6876,1
9C6876,4
9C6876,6
9C4085,1
9C4085,2
9C4085,4
9C4085,6
9C4286,1
9C4286,2
9C4286,4
9C4286,6
9C5763,1
9C5763,2
9C5763,3
9C5763,4
9C5763,5
9C5763,6
9C5763,7
9C1563,1
9C1563,2
9C1563,3
9C1563,4
9C1563,5
9C1563,6
9C1563,7
9C7292,1
9C7292,2
9C7292,3
9C7292,4
9C7292,5
9C7292,6
9C7292,7
9C8593,1
9C8593,2
9C8593,3
9C8593,4
9C8593,5
9C8593,6
9C8593,7
9C1278,1
9C1278,2
9C1278,3
9C1278,4
9C1278,5
9C1278,6
9C1278,7
9C2090,1
9C2090,2
9C2090,4
9C2090,6
9C8515,1
9C8515,4
9C8515,6
9C1239,1
9C1239,3
9C1239,5
9C5732,2
9C5732,4
9C5732,6
9C7939,2
9C7939,4
9C7939,7
9C5491,1
9C5491,2
9C5491,3
9C5491,4
9C5491,5
9C5491,6
9C5491,7
9C5648,2
9C5648,4
9C5648,6
9C2857,1
9C2857,2
9C2857,3
9C2857,4
9C2857,5
9C2857,6
9C2857,7
9C9023,1
9C9023,3
9C9023,5
9C9023,7
9C1198,1
9C1198,2
9C1198,4
9C1198,6
9C5097,2
9C5097,4
9C5097,6
9C3501,1
9C3501,4
9C3501,6
9C5921,2
9C5921,4
9C5921,7
9C8120,1
9C8120,4
9C8120,6
9C2500,1
9C2500,3
9C2500,5
9C7716,1
9C7716,3
9C7716,5
9C4927,1
9C4927,3
9C4927,5
9C4927,7
9C5371,1
9C5371,2
9C5371,4
9C5371,6
9C9647,1
9C9647,2
9C9647,3
9C9647,4
9C9647,5
9C9647,6
9C9647,7
9C1874,1
9C1874,3
9C1874,5
9C1874,7
9C2503,1
9C2503,2
9C2503,3
9C2503,4
9C2503,5
9C2503,6
9C2503,7
9C1742,1
9C1742,3
9C1742,5
9C2646,1
9C2646,3
9C2646,5
9C2646,7
9C3258,2
9C3258,4
9C3258,6
9C9199,1
9C9199,4
9C9199,6
9C6097,1
9C6097,2
9C6097,3
9C6097,4
9C6097,5
9C6097,6
9C6097,7
9C7979,1
9C7979,2
9C7979,3
9C7979,4
9C7979,5
9C7979,6
9C7979,7
9C7306,1
9C7306,2
9C7306,3
9C7306,4
9C7306,5
9C7306,6
9C7306,7
9C9384,1
9C9384,2
9C9384,3
9C9384,4
9C9384,5
9C9384,6
9C9384,7
9C6796,1
9C6796,2
9C6796,3
9C6796,4
9C6796,5
9C6796,6
9C6796,7
9C1136,1
9C1136,2
9C1136,3
9C1136,4
9C1136,5
9C1136,6
9C1136,7
9C8196,1
9C8196,2
9C8196,3
9C8196,4
9C8196,5
9C8196,6
9C8196,7
9C9635,1
9C9635,3
9C9635,5
9C9863,1
9C9863,2
9C9863,4
9C9863,6
9C4722,1
9C4722,2
9C4722,3
9C4722,4
9C4722,5
9C4722,6
9C4722,7
9C9247,1
9C9247,3
9C9247,5
9C9247,7
9C4869,1
9C4869,3
9C4869,5
9C4869,7
9C8529,1
9C8529,2
9C8529,3
9C8529,4
9C8529,5
9C8529,6
9C8529,7
9C6746,1
9C6746,2
9C6746,3
9C6746,4
9C6746,5
9C6746,6
9C6746,7
9C6641,1
9C6641,3
9C6641,5
9C6641,7
9C3451,1
9C3451,2
9C3451,3
9C3451,4
9C3451,5
9C3451,6
9C3451,7
9C1421,2
9C1421,4
9C1421,6
9C5569,1
9C5569,2
9C5569,3
9C5569,4
9C5569,5
9C5569,6
9C5569,7
9C4401,1
9C4401,3
9C4401,5
9C4401,7
9C2081,1
9C2081,2
9C2081,4
9C2081,6
9C5125,1
9C5125,3
9C5125,5
9C5125,7
9C6104,1
9C6104,3
9C6104,5
9C6104,7
9C2829,2
9C2829,4
9C2829,7
9C3881,1
9C3881,2
9C3881,3
9C3881,4
9C3881,5
9C3881,6
9C3881,7
9C2729,1
9C2729,4
9C2729,6
9C5231,1
9C5231,2
9C5231,3
9C5231,4
9C5231,5
9C5231,6
9C5231,7
9C7840,2
9C7840,4
9C7840,6
9C6176,1
9C6176,2
9C6176,3
9C6176,4
9C6176,5
9C6176,6
9C6176,7
9C6769,1
9C6769,2
9C6769,4
9C6769,6
9C9766,1
9C9766,3
9C9766,5
9C9766,7
9C5878,1
9C5878,2
9C5878,4
9C5878,6
9C5952,1
9C5952,2
9C5952,3
9C5952,4
9C5952,5
9C5952,6
9C5952,7
9C8346,1
9C8346,3
9C8346,5
9C8346,7
9C7335,2
9C7335,4
9C7335,6
9C2997,1
9C2997,3
9C2997,5
9C2997,7
9C1575,1
9C1575,2
9C1575,3
9C1575,4
9C1575,5
9C1575,6
9C1575,7
9C9366,1
9C9366,2
9C9366,3
9C9366,4
9C9366,5
9C9366,6
9C9366,7
9C2912,1
9C2912,2
9C2912,3
9C2912,4
9C2912,5
9C2912,6
9C2912,7
9C9065,1
9C9065,2
9C9065,3
9C9065,4
9C9065,5
9C9065,6
9C9065,7
9C2604,1
9C2604,3
9C2604,5
9C1152,1
9C1152,3
9C1152,5
9C1152,7
9C2007,1
9C2007,3
9C2007,5
9C2007,7
9C5815,1
9C5815,2
9C5815,3
9C5815,4
9C5815,5
9C5815,6
9C5815,7
9C3805,1
9C3805,3
9C3805,5
9C3805,7
9C8477,2
9C8477,4
9C8477,7
9C8762,1
9C8762,2
9C8762,3
9C8762,4
9C8762,5
9C8762,6
9C8762,7
9C4556,2
9C4556,4
9C4556,7
9C3588,1
9C3588,3
9C3588,5
9C3588,7
9C4408,1
9C4408,3
9C4408,5
9C4408,7
9C3047,1
9C3047,3
9C3047,5
9C3047,7
9C5760,1
9C5760,2
9C5760,3
9C5760,4
9C5760,5
9C5760,6
9C5760,7
9C1179,1
9C1179,2
9C1179,3
9C1179,4
9C1179,5
9C1179,6
9C1179,7
9C5115,2
9C5115,4
9C5115,7
9C8080,1
9C8080,3
9C8080,5
9C8080,7
9C6879,2
9C6879,4
9C6879,6
9C7705,1
9C7705,4
9C7705,6
9C7499,1
9C7499,2
9C7499,4
9C7499,6
9C2515,1
9C2515,2
9C2515,3
9C2515,4
9C2515,5
9C2515,6
9C2515,7
9C5630,1
9C5630,3
9C5630,5
9C8008,1
9C8008,3
9C8008,5
9C3313,1
9C3313,3
9C3313,5
9C3313,7
9C8259,2
9C8259,4
9C8259,6
9C5391,1
9C5391,2
9C5391,4
9C5391,6
9C5799,2
9C5799,4
9C5799,6
9C4874,1
9C4874,3
9C4874,5
9C7647,2
9C7647,4
9C7647,6
9C9089,1
9C9089,3
9C9089,5
9C9089,7
9C3326,1
9C3326,3
9C3326,5
9C3326,7
9C7943,1
9C7943,2
9C7943,3
9C7943,4
9C7943,5
9C7943,6
9C7943,7
9C5201,1
9C5201,2
9C5201,3
9C5201,4
9C5201,5
9C5201,6
9C5201,7
9C6001,2
9C6001,4
9C6001,7
9C1020,1
9C1020,3
9C1020,5
9C2474,1
9C2474,3
9C2474,5
9C2474,7
9C7441,2
9C7441,4
9C7441,6
9C3427,1
9C3427,3
9C3427,5
9C3427,7
9C7973,1
9C7973,2
9C7973,3
9C7973,4
9C7973,5
9C7973,6
9C7973,7
9C5770,2
9C5770,4
9C5770,6
9C8482,2
9C8482,4
9C8482,6
9C5286,1
9C5286,3
9C5286,5
9C8889,1
9C8889,4
9C8889,6
9C2197,1
9C2197,2
9C2197,3
9C2197,4
9C2197,5
9C2197,6
9C2197,7
9C5948,1
9C5948,2
9C5948,3
9C5948,4
9C5948,5
9C5948,6
9C5948,7
9C2855,1
9C2855,3
9C2855,5
9C2855,7
9C1893,2
9C1893,4
9C1893,6
9C6124,2
9C6124,4
9C6124,6
9C7071,1
9C7071,3
9C7071,5
9C7071,7
9C3124,2
9C3124,4
9C3124,7
9C7548,1
9C7548,3
9C7548,5
9C7548,7
9C6815,2
9C6815,4
9C6815,6
9C9356,1
9C9356,2
9C9356,3
9C9356,4
9C9356,5
9C9356,6
9C9356,7
9C3034,2
9C3034,4
9C3034,6
9C3070,1
9C3070,2
9C3070,3
9C3070,4
9C3070,5
9C3070,6
9C3070,7
9C1358,2
9C1358,4
9C1358,7
9C3954,1
9C3954,2
9C3954,4
9C3954,6
9C7195,1
9C7195,3
9C7195,5
9C7195,7
9C1570,2
9C1570,4
9C1570,7
9C4178,2
9C4178,4
9C4178,6
9C9106,1
9C9106,3
9C9106,5
9C9106,7
9C2103,2
9C2103,4
9C2103,6
9C8783,1
9C8783,3
9C8783,5
9C8783,7
9C8687,2
9C8687,4
9C8687,7
9C9279,1
9C9279,3
9C9279,5
9C9279,7
9C4630,1
9C4630,2
9C4630,3
9C4630,4
9C4630,5
9C4630,6
9C4630,7
9C6637,1
9C6637,3
9C6637,5
9C7466,1
9C7466,3
9C7466,5
9C7466,7
9C2214,1
9C2214,2
9C2214,3
9C2214,4
9C2214,5
9C2214,6
9C2214,7
9C9517,1
9C9517,3
9C9517,5
9C9517,7
9C1373,1
9C1373,2
9C1373,3
9C1373,4
9C1373,5
9C1373,6
9C1373,7
9C9500,1
9C9500,2
9C9500,3
9C9500,4
9C9500,5
9C9500,6
9C9500,7
9C4348,1
9C4348,2
9C4348,4
9C4348,6
9C9236,1
9C9236,3
9C9236,5
9C9236,7
9C8470,2
9C8470,4
9C8470,7
9C3018,1
9C3018,2
9C3018,3
9C3018,4
9C3018,5
9C3018,6
9C3018,7
9C7889,1
9C7889,2
9C7889,4
9C7889,6
9C2927,1
9C2927,2
9C2927,3
9C2927,4
9C2927,5
9C2927,6
9C2927,7
9C5922,2
9C5922,4
9C5922,7
9C4880,2
9C4880,4
9C4880,7
9C5872,1
9C5872,4
9C5872,6
9C8597,2
9C8597,4
9C8597,6
9C9484,1
9C9484,3
9C9484,5
9C9484,7
9C9698,1
9C9698,2
9C9698,3
9C9698,4
9C9698,5
9C9698,6
9C9698,7
9C4771,1
9C4771,2
9C4771,4
9C4771,6
9C7895,1
9C7895,2
9C7895,3
9C7895,4
9C7895,5
9C7895,6
9C7895,7
9C8338,1
9C8338,3
9C8338,5
9C5128,1
9C5128,3
9C5128,5
9C3190,1
9C3190,4
9C3190,6
9C1994,1
9C1994,2
9C1994,3
9C1994,4
9C1994,5
9C1994,6
9C1994,7
9C6913,2
9C6913,4
9C6913,6
9C9913,2
9C9913,4
9C9913,6
9C5649,2
9C5649,4
9C5649,6
9C1695,1
9C1695,4
9C1695,6
9C4653,1
9C4653,2
9C4653,3
9C4653,4
9C4653,5
9C4653,6
9C4653,7
9C5691,1
9C5691,2
9C5691,3
9C5691,4
9C5691,5
9C5691,6
9C5691,7
9C1000,1
9C1000,3
9C1000,5
9C1000,7
9C9662,1
9C9662,3
9C9662,5
9C5737,1
9C5737,4
9C5737,6
9C5033,1
9C5033,4
9C5033,6
9C9303,2
9C9303,4
9C9303,6
9C8649,1
9C8649,3
9C8649,5
9C6068,1
9C6068,4
9C6068,6
9C4701,1
9C4701,2
9C4701,3
9C4701,4
9C4701,5
9C4701,6
9C4701,7
9C5726,1
9C5726,3
9C5726,5
9C5002,1
9C5002,4
9C5002,6
9C2854,1
9C2854,2
9C2854,3
9C2854,4
9C2854,5
9C2854,6
9C2854,7
9C5662,1
9C5662,3
9C5662,5
9C5662,7
9C4757,1
9C4757,3
9C4757,5
9C4757,7
9C4124,1
9C4124,2
9C4124,3
9C4124,4
9C4124,5
9C4124,6
9C4124,7
9C9081,1
9C9081,4
9C9081,6
9C9301,1
9C9301,3
9C9301,5
9C9301,7
9C9482,1
9C9482,2
9C9482,4
9C9482,6
9C6062,1
9C6062,3
9C6062,5
9C6062,7
9C8348,1
9C8348,2
9C8348,3
9C8348,4
9C8348,5
9C8348,6
9C8348,7
9C1962,1
9C1962,3
9C1962,5
9C1962,7
9C9743,1
9C9743,2
9C9743,3
9C9743,4
9C9743,5
9C9743,6
9C9743,7
9C2898,1
9C2898,2
9C2898,3
9C2898,4
9C2898,5
9C2898,6
9C2898,7
9C9836,1
9C9836,2
9C9836,4
9C9836,6
9C9735,1
9C9735,3
9C9735,5
9C9735,7
9C5174,1
9C5174,2
9C5174,3
9C5174,4
9C5174,5
9C5174,6
9C5174,7
9C1442,1
9C1442,4
9C1442,6
9C7177,1
9C7177,3
9C7177,5
9C7177,7
9C1333,2
9C1333,4
9C1333,6
9C3430,1
9C3430,2
9C3430,3
9C3430,4
9C3430,5
9C3430,6
9C3430,7
9C2787,1
9C2787,2
9C2787,3
9C2787,4
9C2787,5
9C2787,6
9C2787,7
9C5335,1
9C5335,2
9C5335,4
9C5335,6
9C3503,1
9C3503,2
9C3503,3
9C3503,4
9C3503,5
9C3503,6
9C3503,7
9C5418,1
9C5418,3
9C5418,5
9C5418,7
9C3561,1
9C3561,3
9C3561,5
9C9646,1
9C9646,2
9C9646,3
9C9646,4
9C9646,5
9C9646,6
9C9646,7
9C7811,1
9C7811,3
9C7811,5
9C7811,7
9C9629,1
9C9629,4
9C9629,6
9C8157,1
9C8157,3
9C8157,5
9C8157,7
9C8987,1
9C8987,2
9C8987,3
9C8987,4
9C8987,5
9C8987,6
9C8987,7
9C8219,2
9C8219,4
9C8219,6
9C9798,1
9C9798,3
9C9798,5
9C9798,7
9C1818,1
9C1818,2
9C1818,3
9C1818,4
9C1818,5
9C1818,6
9C1818,7
9C7737,2
9C7737,4
9C7737,7
9C8207,1
9C8207,3
9C8207,5
9C5548,1
9C5548,3
9C5548,5
9C5548,7
9C9150,1
9C9150,3
9C9150,5
9C9150,7
9C1054,1
9C1054,3
9C1054,5
9C1054,7
9C4866,1
9C4866,2
9C4866,3
9C4866,4
9C4866,5
9C4866,6
9C4866,7
9C6183,1
9C6183,2
9C6183,3
9C6183,4
9C6183,5
9C6183,6
9C6183,7
9C3179,1
9C3179,4
9C3179,6
9C7660,1
9C7660,3
9C7660,5
9C6508,2
9C6508,4
9C6508,7
9C1944,2
9C1944,4
9C1944,6
9C6934,2
9C6934,4
9C6934,6
9C6354,2
9C6354,4
9C6354,6
9C1960,1
9C1960,2
9C1960,4
9C1960,6
9C9452,1
9C9452,2
9C9452,4
9C9452,6
9C5035,1
9C5035,2
9C5035,3
9C5035,4
9C5035,5
9C5035,6
9C5035,7
9C2894,1
9C2894,3
9C2894,5
9C2894,7
9C8900,1
9C8900,3
9C8900,5
9C4746,1
9C4746,3
9C4746,5
9C4746,7
9C9171,1
9C9171,3
9C9171,5
9C9171,7
9C4967,1
9C4967,2
9C4967,3
9C4967,4
9C4967,5
9C4967,6
9C4967,7
9C7963,1
9C7963,3
9C7963,5
9C7963,7
9C5894,1
9C5894,3
9C5894,5
9C5985,1
9C5985,3
9C5985,5
9C5985,7
9C6975,1
9C6975,3
9C6975,5
9C6975,7
9C9142,1
9C9142,2
9C9142,3
9C9142,4
9C9142,5
9C9142,6
9C9142,7
9C1445,1
9C1445,3
9C1445,5
9C1445,7
9C5605,1
9C5605,2
9C5605,4
9C5605,6
9C2996,1
9C2996,2
9C2996,4
9C2996,6
9C6263,1
9C6263,3
9C6263,5
9C4955,2
9C4955,4
9C4955,6
9C1551,1
9C1551,2
9C1551,3
9C1551,4
9C1551,5
9C1551,6
9C1551,7
9C3941,2
9C3941,4
9C3941,6
9C2346,1
9C2346,4
9C2346,6
9C8327,1
9C8327,2
9C8327,4
9C8327,6
9C5626,1
9C5626,3
9C5626,5
9C5626,7
9C4338,1
9C4338,2
9C4338,3
9C4338,4
9C4338,5
9C4338,6
9C4338,7
9C9382,1
9C9382,3
9C9382,5
9C9382,7
9C7896,2
9C7896,4
9C7896,6
9C6603,2
9C6603,4
9C6603,6
9C6941,1
9C6941,2
9C6941,4
9C6941,6
9C4349,2
9C4349,4
9C4349,6
9C2126,2
9C2126,4
9C2126,7
9C4214,1
9C4214,3
9C4214,5
9C4214,7
9C2644,2
9C2644,4
9C2644,7
9C7953,2
9C7953,4
9C7953,6
9C5933,2
9C5933,4
9C5933,6
9C6140,1
9C6140,2
9C6140,3
9C6140,4
9C6140,5
9C6140,6
9C6140,7
9C5207,1
9C5207,2
9C5207,3
9C5207,4
9C5207,5
9C5207,6
9C5207,7
9C3485,2
9C3485,4
9C3485,6
9C5390,1
9C5390,2
9C5390,3
9C5390,4
9C5390,5
9C5390,6
9C5390,7
9C2032,1
9C2032,2
9C2032,3
9C2032,4
9C2032,5
9C2032,6
9C2032,7
9C3587,1
9C3587,2
9C3587,3
9C3587,4
9C3587,5
9C3587,6
9C3587,7
9C3672,2
9C3672,4
9C3672,6
9C8960,1
9C8960,2
9C8960,3
9C8960,4
9C8960,5
9C8960,6
9C8960,7
9C3051,1
9C3051,2
9C3051,3
9C3051,4
9C3051,5
9C3051,6
9C3051,7
9C9280,1
9C9280,2
9C9280,3
9C9280,4
9C9280,5
9C9280,6
9C9280,7
9C1549,1
9C1549,2
9C1549,3
9C1549,4
9C1549,5
9C1549,6
9C1549,7
9C7274,1
9C7274,3
9C7274,5
9C7274,7
9C4037,1
9C4037,3
9C4037,5
9C4037,7
9C9987,1
9C9987,2
9C9987,4
9C9987,6
9C8367,1
9C8367,3
9C8367,5
9C8367,7
9C6598,2
9C6598,4
9C6598,6
9C4739,1
9C4739,3
9C4739,5
9C4739,7
9C7704,1
9C7704,2
9C7704,3
9C7704,4
9C7704,5
9C7704,6
9C7704,7
9C7718,1
9C7718,2
9C7718,4
9C7718,6
9C2239,2
9C2239,4
9C2239,6
9C2510,2
9C2510,4
9C2510,6
9C8113,1
9C8113,2
9C8113,3
9C8113,4
9C8113,5
9C8113,6
9C8113,7
9C7721,1
9C7721,2
9C7721,4
9C7721,6
9C1548,1
9C1548,2
9C1548,4
9C1548,6
9C9672,1
9C9672,2
9C9672,3
9C9672,4
9C9672,5
9C9672,6
9C9672,7
9C5102,1
9C5102,3
9C5102,5
9C5263,2
9C5263,4
9C5263,7
9C3475,1
9C3475,4
9C3475,6
9C6511,1
9C6511,3
9C6511,5
9C6511,7
9C7921,1
9C7921,3
9C7921,5
9C9681,1
9C9681,3
9C9681,5
9C5281,2
9C5281,4
9C5281,6
9C7209,1
9C7209,3
9C7209,5
9C8242,2
9C8242,4
9C8242,6
9C4111,1
9C4111,2
9C4111,3
9C4111,4
9C4111,5
9C4111,6
9C4111,7
9C3590,1
9C3590,3
9C3590,5
9C3590,7
9C7442,1
9C7442,2
9C7442,3
9C7442,4
9C7442,5
9C7442,6
9C7442,7
9C2431,2
9C2431,4
9C2431,6
9C2255,2
9C2255,4
9C2255,6
9C6468,1
9C6468,3
9C6468,5
9C6468,7
9C3180,2
9C3180,4
9C3180,6
9C5713,1
9C5713,3
9C5713,5
9C2852,1
9C2852,2
9C2852,4
9C2852,6
9C4086,1
9C4086,3
9C4086,5
9C4086,7
9C2655,1
9C2655,2
9C2655,3
9C2655,4
9C2655,5
9C2655,6
9C2655,7
9C1304,1
9C1304,3
9C1304,5
9C8972,1
9C8972,2
9C8972,3
9C8972,4
9C8972,5
9C8972,6
9C8972,7
9C6537,1
9C6537,2
9C6537,4
9C6537,6
9C3339,1
9C3339,2
9C3339,3
9C3339,4
9C3339,5
9C3339,6
9C3339,7
9C8144,1
9C8144,2
9C8144,3
9C8144,4
9C8144,5
9C8144,6
9C8144,7
9C9477,1
9C9477,2
9C9477,3
9C9477,4
9C9477,5
9C9477,6
9C9477,7
9C1815,1
9C1815,2
9C1815,3
9C1815,4
9C1815,5
9C1815,6
9C1815,7
9C8543,1
9C8543,2
9C8543,3
9C8543,4
9C8543,5
9C8543,6
9C8543,7
9C2651,1
9C2651,3
9C2651,5
9C5755,1
9C5755,2
9C5755,3
9C5755,4
9C5755,5
9C5755,6
9C5755,7
9C6886,2
9C6886,4
9C6886,6
9C8891,1
9C8891,2
9C8891,3
9C8891,4
9C8891,5
9C8891,6
9C8891,7
9C7960,1
9C7960,3
9C7960,5
9C7960,7
9C9161,1
9C9161,2
9C9161,3
9C9161,4
9C9161,5
9C9161,6
9C9161,7
9C8873,1
9C8873,2
9C8873,3
9C8873,4
9C8873,5
9C8873,6
9C8873,7
9C9385,1
9C9385,2
9C9385,3
9C9385,4
9C9385,5
9C9385,6
9C9385,7
9C5623,1
9C5623,2
9C5623,3
9C5623,4
9C5623,5
9C5623,6
9C5623,7
9C4601,2
9C4601,4
9C4601,6
9C6929,1
9C6929,4
9C6929,6
9C1550,1
9C1550,3
9C1550,5
9C7956,2
9C7956,4
9C7956,6
9C2446,1
9C2446,2
9C2446,3
9C2446,4
9C2446,5
9C2446,6
9C2446,7
9C3754,2
9C3754,4
9C3754,6
9C2632,1
9C2632,3
9C2632,5
9C2632,7
9C2579,1
9C2579,3
9C2579,5
9C7160,1
9C7160,3
9C7160,5
9C7160,7
9C3836,2
9C3836,4
9C3836,6
9C3779,1
9C3779,3
9C3779,5
9C1895,1
9C1895,3
9C1895,5
9C1895,7
9C4350,1
9C4350,3
9C4350,5
9C4350,7
9C1494,1
9C1494,3
9C1494,5
9C1494,7
9C7791,2
9C7791,4
9C7791,6
9C3901,1
9C3901,2
9C3901,3
9C3901,4
9C3901,5
9C3901,6
9C3901,7
9C7937,1
9C7937,3
9C7937,5
9C7218,1
9C7218,3
9C7218,5
9C9943,2
9C9943,4
9C9943,7
9C4394,1
9C4394,2
9C4394,3
9C4394,4
9C4394,5
9C4394,6
9C4394,7
9C5798,1
9C5798,3
9C5798,5
9C8392,2
9C8392,4
9C8392,6
9C9842,1
9C9842,2
9C9842,4
9C9842,6
9C5658,1
9C5658,3
9C5658,5
9C6182,1
9C6182,2
9C6182,3
9C6182,4
9C6182,5
9C6182,6
9C6182,7
9C2393,2
9C2393,4
9C2393,6
9C8307,1
9C8307,3
9C8307,5
9C2384,1
9C2384,3
9C2384,5
9C2384,7
9C6797,1
9C6797,3
9C6797,5
9C6797,7
9C2563,1
9C2563,2
9C2563,3
9C2563,4
9C2563,5
9C2563,6
9C2563,7
9C6683,2
9C6683,4
9C6683,7
9C4679,1
9C4679,2
9C4679,3
9C4679,4
9C4679,5
9C4679,6
9C4679,7
9C3924,2
9C3924,4
9C3924,7
9C1904,2
9C1904,4
9C1904,6
9C2525,1
9C2525,3
9C2525,5
9C2525,7
9C3640,1
9C3640,2
9C3640,3
9C3640,4
9C3640,5
9C3640,6
9C3640,7
9C8527,1
9C8527,2
9C8527,3
9C8527,4
9C8527,5
9C8527,6
9C8527,7
9C2211,1
9C2211,3
9C2211,5
9C2450,1
9C2450,2
9C2450,3
9C2450,4
9C2450,5
9C2450,6
9C2450,7
9C9406,1
9C9406,3
9C9406,5
9C9406,7
9C9383,2
9C9383,4
9C9383,6
9C3955,1
9C3955,4
9C3955,6
9C6589,1
9C6589,2
9C6589,4
9C6589,6
9C6098,1
9C6098,2
9C6098,3
9C6098,4
9C6098,5
9C6098,6
9C6098,7
9C1212,1
9C1212,3
9C1212,5
9C1212,7
9C2779,1
9C2779,2
9C2779,3
9C2779,4
9C2779,5
9C2779,6
9C2779,7
9C6304,2
9C6304,4
9C6304,7
9C2783,1
9C2783,2
9C2783,4
9C2783,6
9C5655,2
9C5655,4
9C5655,6
9C1148,1
9C1148,2
9C1148,4
9C1148,6
9C1482,1
9C1482,3
9C1482,5
9C1482,7
9C6458,2
9C6458,4
9C6458,6
9C8426,1
9C8426,2
9C8426,3
9C8426,4
9C8426,5
9C8426,6
9C8426,7
9C7231,2
9C7231,4
9C7231,7
9C1097,1
9C1097,2
9C1097,4
9C1097,6
9C7185,2
9C7185,4
9C7185,6
9C4448,1
9C4448,3
9C4448,5
9C4448,7
9C6306,1
9C6306,2
9C6306,4
9C6306,6
9C5591,1
9C5591,2
9C5591,3
9C5591,4
9C5591,5
9C5591,6
9C5591,7
9C2284,1
9C2284,2
9C2284,3
9C2284,4
9C2284,5
9C2284,6
9C2284,7
9C8660,1
9C8660,3
9C8660,5
9C8150,1
9C8150,3
9C8150,5
9C8150,7
9C9708,1
9C9708,3
9C9708,5
9C9708,7
9C3440,1
9C3440,3
9C3440,5
9C1025,2
9C1025,4
9C1025,6
9C1956,1
9C1956,2
9C1956,3
9C1956,4
9C1956,5
9C1956,6
9C1956,7
9C3086,1
9C3086,3
9C3086,5
9C3086,7
9C3793,1
9C3793,2
9C3793,3
9C3793,4
9C3793,5
9C3793,6
9C3793,7
9C8509,1
9C8509,3
9C8509,5
9C8509,7
9C7908,2
9C7908,4
9C7908,6
9C3120,1
9C3120,2
9C3120,3
9C3120,4
9C3120,5
9C3120,6
9C3120,7
9C4056,1
9C4056,3
9C4056,5
9C8084,1
9C8084,3
9C8084,5
9C5399,1
9C5399,2
9C5399,3
9C5399,4
9C5399,5
9C5399,6
9C5399,7
9C9404,2
9C9404,4
9C9404,6
9C9637,2
9C9637,4
9C9637,6
9C7659,1
9C7659,3
9C7659,5
9C7659,7
9C6960,2
9C6960,4
9C6960,7
9C6758,1
9C6758,4
9C6758,6
9C2570,1
9C2570,3
9C2570,5
9C2570,7
9C2094,2
9C2094,4
9C2094,7
9C6399,1
9C6399,3
9C6399,5
9C6399,7
9C3806,1
9C3806,3
9C3806,5
9C3806,7
9C2100,1
9C2100,3
9C2100,5
9C2100,7
9C8720,2
9C8720,4
9C8720,7
9C5326,1
9C5326,3
9C5326,5
9C5326,7
9C8475,1
9C8475,3
9C8475,5
9C1118,1
9C1118,2
9C1118,4
9C1118,6
9C5196,1
9C5196,2
9C5196,3
9C5196,4
9C5196,5
9C5196,6
9C5196,7
9C2050,1
9C2050,2
9C2050,3
9C2050,4
9C2050,5
9C2050,6
9C2050,7
9C9953,1
9C9953,2
9C9953,3
9C9953,4
9C9953,5
9C9953,6
9C9953,7
9C4644,2
9C4644,4
9C4644,6
9C2458,1
9C2458,2
9C2458,3
9C2458,4
9C2458,5
9C2458,6
9C2458,7
9C9927,1
9C9927,3
9C9927,5
9C7134,1
9C7134,2
9C7134,3
9C7134,4
9C7134,5
9C7134,6
9C7134,7
9C3486,2
9C3486,4
9C3486,6
9C1125,1
9C1125,2
9C1125,4
9C1125,6
9C8941,1
9C8941,4
9C8941,6
9C2148,1
9C2148,2
9C2148,3
9C2148,4
9C2148,5
9C2148,6
9C2148,7
9C4774,1
9C4774,3
9C4774,5
9C4774,7
9C9225,1
9C9225,2
9C9225,4
9C9225,6
9C5796,2
9C5796,4
9C5796,7
9C2868,1
9C2868,2
9C2868,3
9C2868,4
9C2868,5
9C2868,6
9C2868,7
9C9123,1
9C9123,3
9C9123,5
9C9123,7
9C1512,1
9C1512,3
9C1512,5
9C1512,7
9C4316,1
9C4316,3
9C4316,5
9C5556,2
9C5556,4
9C5556,7
9C7633,2
9C7633,4
9C7633,6
9C2121,1
9C2121,2
9C2121,4
9C2121,6
9C6994,1
9C6994,2
9C6994,3
9C6994,4
9C6994,5
9C6994,6
9C6994,7
9C9459,2
9C9459,4
9C9459,6
9C1416,1
9C1416,3
9C1416,5
9C5672,1
9C5672,2
9C5672,3
9C5672,4
9C5672,5
9C5672,6
9C5672,7
9C6024,1
9C6024,2
9C6024,3
9C6024,4
9C6024,5
9C6024,6
9C6024,7
9C2250,2
9C2250,4
9C2250,7
HU1191,1
HU1191,2
HU1191,3
HU1191,4
HU1191,5
HU1191,6
HU1191,7
HU9147,1
HU9147,2
HU9147,3
HU9147,4
HU9147,5
HU9147,6
HU9147,7
HU1413,1
HU1413,2
HU1413,3
HU1413,4
HU1413,5
HU1413,6
HU1413,7
HU5466,1
HU5466,3
HU5466,5
HU5466,7
HU1761,1
HU1761,4
HU1761,6
HU6859,1
HU6859,2
HU6859,4
HU6859,6
HU6700,1
HU6700,2
HU6700,3
HU6700,4
HU6700,5
HU6700,6
HU6700,7
HU4584,2
HU4584,4
HU4584,6
HU9078,1
HU9078,2
HU9078,3
HU9078,4
HU9078,5
HU9078,6
HU9078,7
HU9340,1
HU9340,2
HU9340,3
HU9340,4
HU9340,5
HU9340,6
HU9340,7
HU1909,1
HU1909,3
HU1909,5
HU1909,7
HU7053,1
HU7053,3
HU7053,5
HU7586,1
HU7586,2
HU7586,3
HU7586,4
HU7586,5
HU7586,6
HU7586,7
HU2228,1
HU2228,3
HU2228,5
HU2228,7
HU5690,1
HU5690,2
HU5690,3
HU5690,4
HU5690,5
HU5690,6
HU5690,7
HU8863,2
HU8863,4
HU8863,6
HU1713,2
HU1713,4
HU1713,6
HU1061,1
HU1061,2
HU1061,3
HU1061,4
HU1061,5
HU1061,6
HU1061,7
HU9371,1
HU9371,2
HU9371,3
HU9371,4
HU9371,5
HU9371,6
HU9371,7
HU8926,1
HU8926,2
HU8926,3
HU8926,4
HU8926,5
HU8926,6
HU8926,7
HU2589,1
HU2589,2
HU2589,3
HU2589,4
HU2589,5
HU2589,6
HU2589,7
HU3311,2
HU3311,4
HU3311,6
HU4834,1
HU4834,3
HU4834,5
HU4834,7
HU7851,1
HU7851,2
HU7851,3
HU7851,4
HU7851,5
HU7851,6
HU7851,7
HU5223,1
HU5223,2
HU5223,3
HU5223,4
HU5223,5
HU5223,6
HU5223,7
HU6143,1
HU6143,3
HU6143,5
HU6143,7
HU7904,1
HU7904,2
HU7904,4
HU7904,6
HU7269,2
HU7269,4
HU7269,6
HU4280,1
HU4280,2
HU4280,3
HU4280,4
HU4280,5
HU4280,6
HU4280,7
HU8907,1
HU8907,2
HU8907,3
HU8907,4
HU8907,5
HU8907,6
HU8907,7
HU3005,1
HU3005,2
HU3005,3
HU3005,4
HU3005,5
HU3005,6
HU3005,7
HU6388,2
HU6388,4
HU6388,7
HU7341,1
HU7341,2
HU7341,3
HU7341,4
HU7341,5
HU7341,6
HU7341,7
HU8321,1
HU8321,2
HU8321,3
HU8321,4
HU8321,5
HU8321,6
HU8321,7
HU3250,1
HU3250,2
HU3250,3
HU3250,4
HU3250,5
HU3250,6
HU3250,7
HU9402,1
HU9402,2
HU9402,3
HU9402,4
HU9402,5
HU9402,6
HU9402,7
HU3947,1
HU3947,2
HU3947,3
HU3947,4
HU3947,5
HU3947,6
HU3947,7
HU8356,1
HU8356,2
HU8356,3
HU8356,4
HU8356,5
HU8356,6
HU8356,7
HU2610,1
HU2610,2
HU2610,4
HU2610,6
HU1706,1
HU1706,2
HU1706,4
HU1706,6
HU6480,1
HU6480,2
HU6480,4
HU6480,6
HU7270,2
HU7270,4
HU7270,6
HU9546,1
HU9546,3
HU9546,5
HU9546,7
HU6858,2
HU6858,4
HU6858,7
HU1252,1
HU1252,2
HU1252,3
HU1252,4
HU1252,5
HU1252,6
HU1252,7
HU4484,2
HU4484,4
HU4484,6
HU9646,1
HU9646,3
HU9646,5
HU9646,7
HU5627,1
HU5627,2
HU5627,4
HU5627,6
HU9369,1
HU9369,2
HU9369,3
HU9369,4
HU9369,5
HU9369,6
HU9369,7
HU7445,1
HU7445,3
HU7445,5
HU2406,1
HU2406,2
HU2406,4
HU2406,6
HU8157,1
HU8157,2
HU8157,3
HU8157,4
HU8157,5
HU8157,6
HU8157,7
HU1027,1
HU1027,4
HU1027,6
HU2681,1
HU2681,2
HU2681,3
HU2681,4
HU2681,5
HU2681,6
HU2681,7
HU5630,1
HU5630,3
HU5630,5
HU5630,7
HU2253,2
HU2253,4
HU2253,6
HU3095,1
HU3095,2
HU3095,3
HU3095,4
HU3095,5
HU3095,6
HU3095,7
HU8625,2
HU8625,4
HU8625,6
HU4203,1
HU4203,3
HU4203,5
HU4203,7
HU8141,1
HU8141,2
HU8141,3
HU8141,4
HU8141,5
HU8141,6
HU8141,7
HU9895,1
HU9895,2
HU9895,3
HU9895,4
HU9895,5
HU9895,6
HU9895,7
HU3635,2
HU3635,4
HU3635,6
HU4359,1
HU4359,2
HU4359,3
HU4359,4
HU4359,5
HU4359,6
HU4359,7
HU4659,1
HU4659,2
HU4659,4
HU4659,6
HU7232,1
HU7232,2
HU7232,3
HU7232,4
HU7232,5
HU7232,6
HU7232,7
HU8230,1
HU8230,2
HU8230,3
HU8230,4
HU8230,5
HU8230,6
HU8230,7
HU5842,1
HU5842,3
HU5842,5
HU1961,2
HU1961,4
HU1961,7
HU4526,1
HU4526,3
HU4526,5
HU4526,7
HU1368,1
HU1368,2
HU1368,3
HU1368,4
HU1368,5
HU1368,6
HU1368,7
HU5409,1
HU5409,2
HU5409,3
HU5409,4
HU5409,5
HU5409,6
HU5409,7
HU7267,1
HU7267,3
HU7267,5
HU7267,7
HU7707,1
HU7707,2
HU7707,3
HU7707,4
HU7707,5
HU7707,6
HU7707,7
HU6274,1
HU6274,3
HU6274,5
HU6274,7
HU3516,1
HU3516,3
HU3516,5
HU3516,7
HU1737,1
HU1737,3
HU1737,5
HU1737,7
HU3216,1
HU3216,3
HU3216,5
HU3216,7
HU1517,1
HU1517,2
HU1517,3
HU1517,4
HU1517,5
HU1517,6
HU1517,7
HU5084,2
HU5084,4
HU5084,6
HU3850,1
HU3850,2
HU3850,3
HU3850,4
HU3850,5
HU3850,6
HU3850,7
HU6205,2
HU6205,4
HU6205,7
HU8105,1
HU8105,2
HU8105,3
HU8105,4
HU8105,5
HU8105,6
HU8105,7
HU7535,1
HU7535,2
HU7535,3
HU7535,4
HU7535,5
HU7535,6
HU7535,7
HU4213,1
HU4213,3
HU4213,5
HU4213,7
HU1504,1
HU1504,2
HU1504,3
HU1504,4
HU1504,5
HU1504,6
HU1504,7
HU9210,1
HU9210,3
HU9210,5
HU9210,7
HU6983,1
HU6983,2
HU6983,3
HU6983,4
HU6983,5
HU6983,6
HU6983,7
HU6981,1
HU6981,4
HU6981,6
HU6654,1
HU6654,3
HU6654,5
HU6654,7
HU6442,1
HU6442,3
HU6442,5
HU4833,1
HU4833,2
HU4833,3
HU4833,4
HU4833,5
HU4833,6
HU4833,7
HU4614,1
HU4614,2
HU4614,3
HU4614,4
HU4614,5
HU4614,6
HU4614,7
HU1035,1
HU1035,2
HU1035,3
HU1035,4
HU1035,5
HU1035,6
HU1035,7
HU2679,1
HU2679,2
HU2679,3
HU2679,4
HU2679,5
HU2679,6
HU2679,7
HU4804,1
HU4804,2
HU4804,3
HU4804,4
HU4804,5
HU4804,6
HU4804,7
HU5342,1
HU5342,3
HU5342,5
HU5342,7
HU7771,1
HU7771,3
HU7771,5
HU9624,1
HU9624,3
HU9624,5
HU9624,7
HU8903,1
HU8903,2
HU8903,3
HU8903,4
HU8903,5
HU8903,6
HU8903,7
HU3589,1
HU3589,2
HU3589,3
HU3589,4
HU3589,5
HU3589,6
HU3589,7
HU1691,1
HU1691,2
HU1691,3
HU1691,4
HU1691,5
HU1691,6
HU1691,7
HU3976,1
HU3976,3
HU3976,5
HU2292,1
HU2292,2
HU2292,3
HU2292,4
HU2292,5
HU2292,6
HU2292,7
HU6649,1
HU6649,2
HU6649,3
HU6649,4
HU6649,5
HU6649,6
HU6649,7
HU3222,1
HU3222,2
HU3222,3
HU3222,4
HU3222,5
HU3222,6
HU3222,7
HU4607,1
HU4607,2
HU4607,3
HU4607,4
HU4607,5
HU4607,6
HU4607,7
HU1227,1
HU1227,3
HU1227,5
HU1227,7
HU7678,1
HU7678,2
HU7678,3
HU7678,4
HU7678,5
HU7678,6
HU7678,7
HU7499,1
HU7499,4
HU7499,6
HU5168,1
HU5168,3
HU5168,5
HU5168,7
HU7263,1
HU7263,3
HU7263,5
HU7263,7
HU7378,1
HU7378,3
HU7378,5
HU7378,7
HU7326,1
HU7326,3
HU7326,5
HU7326,7
HU8988,1
HU8988,2
HU8988,3
HU8988,4
HU8988,5
HU8988,6
HU8988,7
HU1266,1
HU1266,3
HU1266,5
HU1266,7
HU1526,1
HU1526,3
HU1526,5
HU1526,7
HU3447,2
HU3447,4
HU3447,7
HU1428,1
HU1428,2
HU1428,3
HU1428,4
HU1428,5
HU1428,6
HU1428,7
HU7881,1
HU7881,2
HU7881,3
HU7881,4
HU7881,5
HU7881,6
HU7881,7
HU2358,2
HU2358,4
HU2358,7
HU7931,1
HU7931,3
HU7931,5
HU4707,2
HU4707,4
HU4707,6
HU9053,1
HU9053,2
HU9053,4
HU9053,6
HU4178,1
HU4178,2
HU4178,3
HU4178,4
HU4178,5
HU4178,6
HU4178,7
HU6621,1
HU6621,2
HU6621,3
HU6621,4
HU6621,5
HU6621,6
HU6621,7
HU7251,1
HU7251,2
HU7251,4
HU7251,6
HU3308,2
HU3308,4
HU3308,6
HU4644,1
HU4644,2
HU4644,3
HU4644,4
HU4644,5
HU4644,6
HU4644,7
HU6602,1
HU6602,3
HU6602,5
HU6602,7
HU9256,1
HU9256,2
HU9256,3
HU9256,4
HU9256,5
HU9256,6
HU9256,7
HU6487,1
HU6487,2
HU6487,4
HU6487,6
HU5733,1
HU5733,2
HU5733,3
HU5733,4
HU5733,5
HU5733,6
HU5733,7
HU4832,1
HU4832,3
HU4832,5
HU8973,2
HU8973,4
HU8973,6
HU3134,1
HU3134,2
HU3134,3
HU3134,4
HU3134,5
HU3134,6
HU3134,7
HU4488,1
HU4488,3
HU4488,5
HU4488,7
HU7474,1
HU7474,2
HU7474,4
HU7474,6
HU5446,1
HU5446,2
HU5446,3
HU5446,4
HU5446,5
HU5446,6
HU5446,7
HU1305,1
HU1305,2
HU1305,3
HU1305,4
HU1305,5
HU1305,6
HU1305,7
HU3265,1
HU3265,2
HU3265,3
HU3265,4
HU3265,5
HU3265,6
HU3265,7
HU9190,1
HU9190,2
HU9190,3
HU9190,4
HU9190,5
HU9190,6
HU9190,7
HU9335,1
HU9335,2
HU9335,3
HU9335,4
HU9335,5
HU9335,6
HU9335,7
HU8318,1
HU8318,3
HU8318,5
HU8318,7
HU4703,1
HU4703,2
HU4703,3
HU4703,4
HU4703,5
HU4703,6
HU4703,7
HU8854,1
HU8854,3
HU8854,5
HU8854,7
HU1216,1
HU1216,3
HU1216,5
HU1216,7
HU3618,1
HU3618,4
HU3618,6
HU5720,1
HU5720,2
HU5720,3
HU5720,4
HU5720,5
HU5720,6
HU5720,7
HU8918,2
HU8918,4
HU8918,6
HU8401,1
HU8401,3
HU8401,5
HU8401,7
3U3000,1
3U3000,3
3U3000,5
3U3000,7
3U8990,1
3U8990,3
3U8990,5
3U8990,7
3U1820,1
3U1820,2
3U1820,4
3U1820,6
3U9063,2
3U9063,4
3U9063,6
3U8216,2
3U8216,4
3U8216,6
3U5678,1
3U5678,2
3U5678,3
3U5678,4
3U5678,5
3U5678,6
3U5678,7
3U2080,1
3U2080,2
3U2080,3
3U2080,4
3U2080,5
3U2080,6
3U2080,7
3U8839,1
3U8839,2
3U8839,3
3U8839,4
3U8839,5
3U8839,6
3U8839,7
3U2411,1
3U2411,3
3U2411,5
3U2411,7
3U6600,1
3U6600,3
3U6600,5
3U6125,1
3U6125,3
3U6125,5
3U6125,7
3U6762,1
3U6762,3
3U6762,5
3U6762,7
3U5138,1
3U5138,2
3U5138,3
3U5138,4
3U5138,5
3U5138,6
3U5138,7
3U6383,1
3U6383,3
3U6383,5
3U6383,7
3U6648,1
3U6648,3
3U6648,5
3U6648,7
3U3771,1
3U3771,2
3U3771,3
3U3771,4
3U3771,5
3U3771,6
3U3771,7
3U2031,1
3U2031,2
3U2031,4
3U2031,6
3U8901,1
3U8901,3
3U8901,5
3U8901,7
3U7603,1
3U7603,2
3U7603,3
3U7603,4
3U7603,5
3U7603,6
3U7603,7
3U9681,1
3U9681,2
3U9681,3
3U9681,4
3U9681,5
3U9681,6
3U9681,7
3U2058,1
3U2058,2
3U2058,3
3U2058,4
3U2058,5
3U2058,6
3U2058,7
3U7832,1
3U7832,3
3U7832,5
3U7832,7
3U3301,2
3U3301,4
3U3301,7
3U7696,1
3U7696,2
3U7696,4
3U7696,6
3U2343,1
3U2343,3
3U2343,5
3U9786,1
3U9786,2
3U9786,3
3U9786,4
3U9786,5
3U9786,6
3U9786,7
3U4434,1
3U4434,2
3U4434,3
3U4434,4
3U4434,5
3U4434,6
3U4434,7
3U8633,2
3U8633,4
3U8633,6
3U8572,2
3U8572,4
3U8572,7
3U4502,2
3U4502,4
3U4502,7
3U5276,1
3U5276,3
3U5276,5
3U5276,7
3U1334,1
3U1334,3
3U1334,5
3U1334,7
3U6913,2
3U6913,4
3U6913,6
3U9128,2
3U9128,4
3U9128,6
3U6957,2
3U6957,4
3U6957,6
3U1909,1
3U1909,2
3U1909,3
3U1909,4
3U1909,5
3U1909,6
3U1909,7
3U6328,2
3U6328,4
3U6328,6
3U2245,1
3U2245,2
3U2245,3
3U2245,4
3U2245,5
3U2245,6
3U2245,7
3U9213,2
3U9213,4
3U9213,7
3U4156,1
3U4156,2
3U4156,4
3U4156,6
3U1864,1
3U1864,3
3U1864,5
3U1864,7
3U8729,1
3U8729,2
3U8729,3
3U8729,4
3U8729,5
3U8729,6
3U8729,7
3U1265,1
3U1265,3
3U1265,5
3U1265,7
3U4287,1
3U4287,3
3U4287,5
3U4287,7
3U4749,1
3U4749,2
3U4749,3
3U4749,4
3U4749,5
3U4749,6
3U4749,7
3U9319,2
3U9319,4
3U9319,7
3U8819,1
3U8819,3
3U8819,5
3U9684,1
3U9684,2
3U9684,3
3U9684,4
3U9684,5
3U9684,6
3U9684,7
3U6817,1
3U6817,3
3U6817,5
3U6817,7
3U4925,1
3U4925,3
3U4925,5
3U4925,7
3U3149,1
3U3149,3
3U3149,5
3U3149,7
3U5623,1
3U5623,2
3U5623,4
3U5623,6
3U8569,1
3U8569,2
3U8569,3
3U8569,4
3U8569,5
3U8569,6
3U8569,7
3U8325,1
3U8325,2
3U8325,3
3U8325,4
3U8325,5
3U8325,6
3U8325,7
3U8162,1
3U8162,4
3U8162,6
3U4752,1
3U4752,2
3U4752,3
3U4752,4
3U4752,5
3U4752,6
3U4752,7
3U7790,1
3U7790,3
3U7790,5
3U7790,7
3U9976,1
3U9976,3
3U9976,5
3U9976,7
3U5269,2
3U5269,4
3U5269,6
3U7659,1
3U7659,2
3U7659,4
3U7659,6
3U9750,1
3U9750,2
3U9750,4
3U9750,6
3U5146,1
3U5146,2
3U5146,3
3U5146,4
3U5146,5
3U5146,6
3U5146,7
3U2276,2
3U2276,4
3U2276,6
3U4389,1
3U4389,3
3U4389,5
3U4389,7
3U9707,1
3U9707,3
3U9707,5
3U9707,7
3U6620,1
3U6620,2
3U6620,3
3U6620,4
3U6620,5
3U6620,6
3U6620,7
3U3484,1
3U3484,4
3U3484,6
3U5136,1
3U5136,3
3U5136,5
3U4234,2
3U4234,4
3U4234,6
3U6653,1
3U6653,2
3U6653,3
3U6653,4
3U6653,5
3U6653,6
3U6653,7
3U9215,1
3U9215,3
3U9215,5
3U9215,7
3U4469,1
3U4469,2
3U4469,3
3U4469,4
3U4469,5
3U4469,6
3U4469,7
3U9498,1
3U9498,2
3U9498,3
3U9498,4
3U9498,5
3U9498,6
3U9498,7
3U2048,1
3U2048,3
3U2048,5
3U2048,7
3U8974,1
3U8974,2
3U8974,3
3U8974,4
3U8974,5
3U8974,6
3U8974,7
3U2918,1
3U2918,3
3U2918,5
3U8716,1
3U8716,2
3U8716,3
3U8716,4
3U8716,5
3U8716,6
3U8716,7
3U6572,1
3U6572,2
3U6572,3
3U6572,4
3U6572,5
3U6572,6
3U6572,7
3U6750,1
3U6750,2
3U6750,4
3U6750,6
3U5695,1
3U5695,2
3U5695,3
3U5695,4
3U5695,5
3U5695,6
3U5695,7
3U2861,1
3U2861,2
3U2861,3
3U2861,4
3U2861,5
3U2861,6
3U2861,7
3U1636,2
3U1636,4
3U1636,7
3U2198,1
3U2198,2
3U2198,3
3U2198,4
3U2198,5
3U2198,6
3U2198,7
3U6729,1
3U6729,2
3U6729,4
3U6729,6
3U2722,1
3U2722,3
3U2722,5
3U2722,7
3U8738,1
3U8738,3
3U8738,5
3U2877,1
3U2877,3
3U2877,5
3U9767,1
3U9767,3
3U9767,5
3U1753,1
3U1753,4
3U1753,6
3U2980,1
3U2980,3
3U2980,5
3U6690,1
3U6690,2
3U6690,3
3U6690,4
3U6690,5
3U6690,6
3U6690,7
3U3031,1
3U3031,3
3U3031,5
3U3031,7
3U9453,1
3U9453,2
3U9453,3
3U9453,4
3U9453,5
3U9453,6
3U9453,7
3U7454,2
3U7454,4
3U7454,6
3U7805,2
3U7805,4
3U7805,6
3U6351,1
3U6351,3
3U6351,5
3U8361,1
3U8361,3
3U8361,5
3U7731,1
3U7731,3
3U7731,5
3U7731,7
3U5704,1
3U5704,2
3U5704,3
3U5704,4
3U5704,5
3U5704,6
3U5704,7
3U3895,1
3U3895,2
3U3895,3
3U3895,4
3U3895,5
3U3895,6
3U3895,7
3U7397,1
3U7397,3
3U7397,5
3U7397,7
3U1462,1
3U1462,2
3U1462,3
3U1462,4
3U1462,5
3U1462,6
3U1462,7
3U9065,1
3U9065,3
3U9065,5
3U9065,7
3U8672,1
3U8672,2
3U8672,3
3U8672,4
3U8672,5
3U8672,6
3U8672,7
3U6866,1
3U6866,3
3U6866,5
3U6866,7
3U1736,2
3U1736,4
3U1736,7
3U2355,1
3U2355,3
3U2355,5
3U2355,7
3U7098,1
3U7098,3
3U7098,5
3U7098,7
3U9692,1
3U9692,2
3U9692,3
3U9692,4
3U9692,5
3U9692,6
3U9692,7
3U4425,1
3U4425,2
3U4425,3
3U4425,4
3U4425,5
3U4425,6
3U4425,7
3U8254,1
3U8254,2
3U8254,3
3U8254,4
3U8254,5
3U8254,6
3U8254,7
3U2256,1
3U2256,2
3U2256,3
3U2256,4
3U2256,5
3U2256,6
3U2256,7
3U4959,1
3U4959,4
3U4959,6
3U8789,1
3U8789,2
3U8789,3
3U8789,4
3U8789,5
3U8789,6
3U8789,7
3U4526,1
3U4526,2
3U4526,3
3U4526,4
3U4526,5
3U4526,6
3U4526,7
3U7177,1
3U7177,2
3U7177,3
3U7177,4
3U7177,5
3U7177,6
3U7177,7
3U2626,2
3U2626,4
3U2626,6
3U7639,2
3U7639,4
3U7639,6
3U9606,2
3U9606,4
3U9606,6
3U4817,1
3U4817,4
3U4817,6
3U3601,1
3U3601,2
3U3601,3
3U3601,4
3U3601,5
3U3601,6
3U3601,7
3U1696,1
3U1696,4
3U1696,6
3U5471,2
3U5471,4
3U5471,7
3U7071,1
3U7071,3
3U7071,5
3U3236,1
3U3236,3
3U3236,5
3U3541,2
3U3541,4
3U3541,6
3U7298,1
3U7298,2
3U7298,3
3U7298,4
3U7298,5
3U7298,6
3U7298,7
3U9405,1
3U9405,4
3U9405,6
3U5370,1
3U5370,2
3U5370,3
3U5370,4
3U5370,5
3U5370,6
3U5370,7
3U8467,1
3U8467,2
3U8467,3
3U8467,4
3U8467,5
3U8467,6
3U8467,7
3U6259,1
3U6259,2
3U6259,3
3U6259,4
3U6259,5
3U6259,6
3U6259,7
3U7782,1
3U7782,2
3U7782,3
3U7782,4
3U7782,5
3U7782,6
3U7782,7
3U6697,2
3U6697,4
3U6697,6
3U8108,1
3U8108,3
3U8108,5
3U8412,1
3U8412,3
3U8412,5
3U1214,2
3U1214,4
3U1214,6
3U2724,1
3U2724,2
3U2724,3
3U2724,4
3U2724,5
3U2724,6
3U2724,7
3U1031,1
3U1031,2
3U1031,3
3U1031,4
3U1031,5
3U1031,6
3U1031,7
3U9491,1
3U9491,2
3U9491,3
3U9491,4
3U9491,5
3U9491,6
3U9491,7
3U7773,1
3U7773,3
3U7773,5
3U7773,7
3U4760,2
3U4760,4
3U4760,6
3U1628,2
3U1628,4
3U1628,6
3U6642,1
3U6642,2
3U6642,3
3U6642,4
3U6642,5
3U6642,6
3U6642,7
3U4395,1
3U4395,2
3U4395,4
3U4395,6
3U5540,1
3U5540,3
3U5540,5
3U5540,7
3U1570,1
3U1570,2
3U1570,3
3U1570,4
3U1570,5
3U1570,6
3U1570,7
3U1748,1
3U1748,3
3U1748,5
3U1748,7
3U8383,1
3U8383,2
3U8383,3
3U8383,4
3U8383,5
3U8383,6
3U8383,7
3U1585,1
3U1585,3
3U1585,5
3U1585,7
3U4673,1
3U4673,3
3U4673,5
3U4673,7
MF8863,1
MF8863,4
MF8863,6
MF8666,1
MF8666,2
MF8666,3
MF8666,4
MF8666,5
MF8666,6
MF8666,7
MF4743,1
MF4743,2
MF4743,3
MF4743,4
MF4743,5
MF4743,6
MF4743,7
MF7202,2
MF7202,4
MF7202,7
MF3227,1
MF3227,2
MF3227,3
MF3227,4
MF3227,5
MF3227,6
MF3227,7
MF3614,1
MF3614,2
MF3614,3
MF3614,4
MF3614,5
MF3614,6
MF3614,7
MF4283,1
MF4283,3
MF4283,5
MF4283,7
MF8302,1
MF8302,3
MF8302,5
MF8302,7
MF1952,1
MF1952,4
MF1952,6
MF4567,1
MF4567,3
MF4567,5
MF9120,1
MF9120,2
MF9120,3
MF9120,4
MF9120,5
MF9120,6
MF9120,7
MF7526,1
MF7526,3
MF7526,5
MF2912,2
MF2912,4
MF2912,6
MF9876,1
MF9876,2
MF9876,3
MF9876,4
MF9876,5
MF9876,6
MF9876,7
MF3744,2
MF3744,4
MF3744,6
MF7335,1
MF7335,3
MF7335,5
MF5367,2
MF5367,4
MF5367,7
MF6260,1
MF6260,2
MF6260,4
MF6260,6
MF5586,1
MF5586,3
MF5586,5
MF5586,7
MF3011,1
MF3011,3
MF3011,5
MF3011,7
MF4853,1
MF4853,2
MF4853,4
MF4853,6
MF8834,1
MF8834,3
MF8834,5
MF8834,7
MF6470,1
MF6470,2
MF6470,3
MF6470,4
MF6470,5
MF6470,6
MF6470,7
MF8255,1
MF8255,2
MF8255,3
MF8255,4
MF8255,5
MF8255,6
MF8255,7
MF8327,1
MF8327,2
MF8327,3
MF8327,4
MF8327,5
MF8327,6
MF8327,7
MF5543,1
MF5543,3
MF5543,5
MF3352,1
MF3352,3
MF3352,5
MF6196,2
MF6196,4
MF6196,6
MF5720,1
MF5720,2
MF5720,3
MF5720,4
MF5720,5
MF5720,6
MF5720,7
MF6091,2
MF6091,4
MF6091,6
MF1268,1
MF1268,2
MF1268,4
MF1268,6
MF8646,1
MF8646,2
MF8646,4
MF8646,6
MF8332,1
MF8332,3
MF8332,5
MF8332,7
MF4471,1
MF4471,2
MF4471,3
MF4471,4
MF4471,5
MF4471,6
MF4471,7
MF9638,1
MF9638,3
MF9638,5
MF9638,7
MF1913,1
MF1913,3
MF1913,5
MF1913,7
MF4347,1
MF4347,2
MF4347,4
MF4347,6
MF2853,1
MF2853,2
MF2853,3
MF2853,4
MF2853,5
MF2853,6
MF2853,7
MF6163,1
MF6163,2
MF6163,3
MF6163,4
MF6163,5
MF6163,6
MF6163,7
MF5009,1
MF5009,2
MF5009,3
MF5009,4
MF5009,5
MF5009,6
MF5009,7
MF1277,1
MF1277,2
MF1277,4
MF1277,6
MF5518,2
MF5518,4
MF5518,7
MF2197,1
MF2197,2
MF2197,3
MF2197,4
MF2197,5
MF2197,6
MF2197,7
MF8012,2
MF8012,4
MF8012,7
MF3046,1
MF3046,2
MF3046,3
MF3046,4
MF3046,5
MF3046,6
MF3046,7
MF5249,1
MF5249,2
MF5249,4
MF5249,6
MF6270,1
MF6270,3
MF6270,5
MF6270,7
MF3044,1
MF3044,3
MF3044,5
MF1017,1
MF1017,3
MF1017,5
MF1017,7
MF2068,1
MF2068,2
MF2068,3
MF2068,4
MF2068,5
MF2068,6
MF2068,7
MF2541,1
MF2541,3
MF2541,5
MF2541,7
MF3480,2
MF3480,4
MF3480,6
MF7312,1
MF7312,3
MF7312,5
MF7312,7
MF1675,1
MF1675,2
MF1675,3
MF1675,4
MF1675,5
MF1675,6
MF1675,7
MF6530,1
MF6530,2
MF6530,3
MF6530,4
MF6530,5
MF6530,6
MF6530,7
MF2130,1
MF2130,3
MF2130,5
MF5304,1
MF5304,2
MF5304,3
MF5304,4
MF5304,5
MF5304,6
MF5304,7
MF6646,1
MF6646,2
MF6646,3
MF6646,4
MF6646,5
MF6646,6
MF6646,7
MF1274,1
MF1274,3
MF1274,5
MF1274,7
MF2114,1
MF2114,2
MF2114,3
MF2114,4
MF2114,5
MF2114,6
MF2114,7
MF5550,1
MF5550,3
MF5550,5
MF5498,1
MF5498,3
MF5498,5
MF5498,7
MF8505,1
MF8505,3
MF8505,5
MF8505,7
MF6437,1
MF6437,2
MF6437,4
MF6437,6
MF7169,1
MF7169,2
MF7169,3
MF7169,4
MF7169,5
MF7169,6
MF7169,7
MF4537,1
MF4537,2
MF4537,3
MF4537,4
MF4537,5
MF4537,6
MF4537,7
MF3901,1
MF3901,2
MF3901,3
MF3901,4
MF3901,5
MF3901,6
MF3901,7
MF3832,1
MF3832,2
MF3832,3
MF3832,4
MF3832,5
MF3832,6
MF3832,7
MF5791,2
MF5791,4
MF5791,6
MF9286,1
MF9286,2
MF9286,4
MF9286,6
MF1239,2
MF1239,4
MF1239,7
MF2821,2
MF2821,4
MF2821,6
MF7453,1
MF7453,3
MF7453,5
MF7453,7
MF6902,1
MF6902,3
MF6902,5
MF6902,7
MF7833,2
MF7833,4
MF7833,6
MF8511,1
MF8511,3
MF8511,5
MF3722,2
MF3722,4
MF3722,6
MF9084,1
MF9084,3
MF9084,5
MF9084,7
MF9904,2
MF9904,4
MF9904,6
MF8123,1
MF8123,3
MF8123,5
MF8123,7
MF9423,1
MF9423,4
MF9423,6
MF5833,1
MF5833,3
MF5833,5
MF5833,7
MF3077,1
MF3077,2
MF3077,4
MF3077,6
MF6032,1
MF6032,2
MF6032,3
MF6032,4
MF6032,5
MF6032,6
MF6032,7
MF6738,1
MF6738,4
MF6738,6
MF8312,1
MF8312,3
MF8312,5
MF8312,7
MF1539,2
MF1539,4
MF1539,6
MF6834,1
MF6834,2
MF6834,3
MF6834,4
MF6834,5
MF6834,6
MF6834,7
MF9103,1
MF9103,2
MF9103,3
MF9103,4
MF9103,5
MF9103,6
MF9103,7
MF9691,1
MF9691,2
MF9691,3
MF9691,4
MF9691,5
MF9691,6
MF9691,7
MF9555,1
MF9555,3
MF9555,5
MF9555,7
MF8557,1
MF8557,3
MF8557,5
MF8557,7
MF7904,1
MF7904,3
MF7904,5
MF7916,1
MF7916,2
MF7916,3
MF7916,4
MF7916,5
MF7916,6
MF7916,7
MF4865,1
MF4865,2
MF4865,3
MF4865,4
MF4865,5
MF4865,6
MF4865,7
MF3775,2
MF3775,4
MF3775,6
MF6627,2
MF6627,4
MF6627,6
MF6328,1
MF6328,3
MF6328,5
MF6328,7
MF1772,2
MF1772,4
MF1772,6
MF8725,1
MF8725,2
MF8725,4
MF8725,6
MF7862,1
MF7862,2
MF7862,3
MF7862,4
MF7862,5
MF7862,6
MF7862,7
MF7902,1
MF7902,2
MF7902,3
MF7902,4
MF7902,5
MF7902,6
MF7902,7
MF8572,1
MF8572,3
MF8572,5
MF8572,7
MF7699,2
MF7699,4
MF7699,6
MF8760,1
MF8760,2
MF8760,3
MF8760,4
MF8760,5
MF8760,6
MF8760,7
MF8887,1
MF8887,2
MF8887,3
MF8887,4
MF8887,5
MF8887,6
MF8887,7
MF2951,1
MF2951,2
MF2951,3
MF2951,4
MF2951,5
MF2951,6
MF2951,7
MF6111,1
MF6111,3
MF6111,5
MF6111,7
MF9452,1
MF9452,3
MF9452,5
MF9452,7
MF4105,1
MF4105,2
MF4105,4
MF4105,6
MF2331,1
MF2331,2
MF2331,3
MF2331,4
MF2331,5
MF2331,6
MF2331,7
MF7970,1
MF7970,3
MF7970,5
MF7970,7
MF9400,1
MF9400,2
MF9400,3
MF9400,4
MF9400,5
MF9400,6
MF9400,7
MF4277,1
MF4277,2
MF4277,3
MF4277,4
MF4277,5
MF4277,6
MF4277,7
MF6629,2
MF6629,4
MF6629,7
MF8030,1
MF8030,2
MF8030,3
MF8030,4
MF8030,5
MF8030,6
MF8030,7
MF5646,2
MF5646,4
MF5646,7
MF9425,1
MF9425,3
MF9425,5
MF9425,7
MF6387,2
MF6387,4
MF6387,6
MF8174,1
MF8174,3
MF8174,5
MF4832,1
MF4832,2
MF4832,3
MF4832,4
MF4832,5
MF4832,6
MF4832,7
MF1354,1
MF1354,2
MF1354,3
MF1354,4
MF1354,5
MF1354,6
MF1354,7
MF4884,1
MF4884,2
MF4884,3
MF4884,4
MF4884,5
MF4884,6
MF4884,7
MF6638,1
MF6638,2
MF6638,4
MF6638,6
MF5803,1
MF5803,2
MF5803,3
MF5803,4
MF5803,5
MF5803,6
MF5803,7
MF2994,1
MF2994,2
MF2994,4
MF2994,6
MF6836,1
MF6836,2
MF6836,4
MF6836,6
MF7470,1
MF7470,3
MF7470,5
MF7470,7
MF8855,1
MF8855,2
MF8855,3
MF8855,4
MF8855,5
MF8855,6
MF8855,7
MF8292,1
MF8292,3
MF8292,5
MF8292,7
MF7130,1
MF7130,2
MF7130,3
MF7130,4
MF7130,5
MF7130,6
MF7130,7
MF4062,1
MF4062,2
MF4062,3
MF4062,4
MF4062,5
MF4062,6
MF4062,7
MF5474,1
MF5474,3
MF5474,5
MF5474,7
MF5044,2
MF5044,4
MF5044,6
MF9983,1
MF9983,2
MF9983,3
MF9983,4
MF9983,5
MF9983,6
MF9983,7
MF5722,1
MF5722,3
MF5722,5
MF5722,7
MF7990,1
MF7990,4
MF7990,6
MF6730,2
MF6730,4
MF6730,6
MF5201,1
MF5201,2
MF5201,3
MF5201,4
MF5201,5
MF5201,6
MF5201,7
MF8129,1
MF8129,2
MF8129,4
MF8129,6
MF8614,1
MF8614,3
MF8614,5
MF8614,7
MF2521,2
MF2521,4
MF2521,7
MF4960,1
MF4960,2
MF4960,3
MF4960,4
MF4960,5
MF4960,6
MF4960,7
MF8414,1
MF8414,2
MF8414,3
MF8414,4
MF8414,5
MF8414,6
MF8414,7
MF3819,2
MF3819,4
MF3819,6
MF2045,1
MF2045,2
MF2045,4
MF2045,6
MF9542,1
MF9542,3
MF9542,5
MF9542,7
MF3394,1
MF3394,2
MF3394,3
MF3394,4
MF3394,5
MF3394,6
MF3394,7
MF6248,1
MF6248,2
MF6248,3
MF6248,4
MF6248,5
MF6248,6
MF6248,7
MF3659,1
MF3659,3
MF3659,5
MF3659,7
ZH1785,1
ZH1785,2
ZH1785,4
ZH1785,6
ZH4015,1
ZH4015,2
ZH4015,3
ZH4015,4
ZH4015,5
ZH4015,6
ZH4015,7
ZH8621,1
ZH8621,2
ZH8621,3
ZH8621,4
ZH8621,5
ZH8621,6
ZH8621,7
ZH3412,1
ZH3412,3
ZH3412,5
ZH3412,7
ZH3210,1
ZH3210,3
ZH3210,5
ZH3210,7
ZH1427,1
ZH1427,2
ZH1427,4
ZH1427,6
ZH4809,2
ZH4809,4
ZH4809,7
ZH9062,2
ZH9062,4
ZH9062,6
ZH7612,1
ZH7612,3
ZH7612,5
ZH8541,2
ZH8541,4
ZH8541,6
ZH9243,1
ZH9243,3
ZH9243,5
ZH9243,7
ZH1050,2
ZH1050,4
ZH1050,6
ZH1971,2
ZH1971,4
ZH1971,7
ZH9919,1
ZH9919,2
ZH9919,3
ZH9919,4
ZH9919,5
ZH9919,6
ZH9919,7
ZH7372,2
ZH7372,4
ZH7372,6
ZH7564,1
ZH7564,2
ZH7564,3
ZH7564,4
ZH7564,5
ZH7564,6
ZH7564,7
ZH3027,1
ZH3027,3
ZH3027,5
ZH3027,7
ZH4517,1
ZH4517,2
ZH4517,3
ZH4517,4
ZH4517,5
ZH4517,6
ZH4517,7
ZH9706,1
ZH9706,2
ZH9706,4
ZH9706,6
ZH4532,1
ZH4532,2
ZH4532,4
ZH4532,6
ZH6904,1
ZH6904,2
ZH6904,4
ZH6904,6
ZH1068,1
ZH1068,2
ZH1068,3
ZH1068,4
ZH1068,5
ZH1068,6
ZH1068,7
ZH7643,1
ZH7643,2
ZH7643,3
ZH7643,4
ZH7643,5
ZH7643,6
ZH7643,7
ZH3933,1
ZH3933,2
ZH3933,3
ZH3933,4
ZH3933,5
ZH3933,6
ZH3933,7
ZH3284,2
ZH3284,4
ZH3284,7
ZH2461,1
ZH2461,2
ZH2461,3
ZH2461,4
ZH2461,5
ZH2461,6
ZH2461,7
ZH7736,2
ZH7736,4
ZH7736,6
ZH6750,1
ZH6750,3
ZH6750,5
ZH5598,1
ZH5598,3
ZH5598,5
ZH4605,1
ZH4605,2
ZH4605,4
ZH4605,6
ZH5797,2
ZH5797,4
ZH5797,7
ZH7707,1
ZH7707,2
ZH7707,4
ZH7707,6
ZH4424,1
ZH4424,3
ZH4424,5
ZH4424,7
ZH4406,1
ZH4406,2
ZH4406,3
ZH4406,4
ZH4406,5
ZH4406,6
ZH4406,7
ZH2930,2
ZH2930,4
ZH2930,6
ZH3573,1
ZH3573,3
ZH3573,5
ZH3573,7
ZH2716,1
ZH2716,3
ZH2716,5
ZH2716,7
ZH7502,1
ZH7502,2
ZH7502,3
ZH7502,4
ZH7502,5
ZH7502,6
ZH7502,7
ZH9935,2
ZH9935,4
ZH9935,7
ZH8040,1
ZH8040,2
ZH8040,3
ZH8040,4
ZH8040,5
ZH8040,6
ZH8040,7
ZH6169,2
ZH6169,4
ZH6169,6
ZH2104,1
ZH2104,3
ZH2104,5
ZH2104,7
ZH5099,1
ZH5099,3
ZH5099,5
ZH5099,7
ZH4580,1
ZH4580,2
ZH4580,4
ZH4580,6
ZH5519,2
ZH5519,4
ZH5519,6
ZH5298,2
ZH5298,4
ZH5298,7
ZH5613,2
ZH5613,4
ZH5613,7
ZH2348,2
ZH2348,4
ZH2348,7
ZH7259,2
ZH7259,4
ZH7259,6
ZH2299,1
ZH2299,2
ZH2299,3
ZH2299,4
ZH2299,5
ZH2299,6
ZH2299,7
ZH8960,1
ZH8960,2
ZH8960,3
ZH8960,4
ZH8960,5
ZH8960,6
ZH8960,7
ZH9253,2
ZH9253,4
ZH9253,7
ZH1856,1
ZH1856,2
ZH1856,3
ZH1856,4
ZH1856,5
ZH1856,6
ZH1856,7
ZH2277,1
ZH2277,2
ZH2277,4
ZH2277,6
ZH2143,1
ZH2143,3
ZH2143,5
ZH2143,7
ZH6735,1
ZH6735,3
ZH6735,5
ZH6735,7
ZH8882,1
ZH8882,2
ZH8882,4
ZH8882,6
ZH8222,1
ZH8222,2
ZH8222,3
ZH8222,4
ZH8222,5
ZH8222,6
ZH8222,7
ZH9359,1
ZH9359,3
ZH9359,5
ZH9359,7
ZH3790,1
ZH3790,2
ZH3790,4
ZH3790,6
ZH6195,1
ZH6195,3
ZH6195,5
ZH6195,7
ZH2472,1
ZH2472,2
ZH2472,3
ZH2472,4
ZH2472,5
ZH2472,6
ZH2472,7
ZH4894,1
ZH4894,2
ZH4894,4
ZH4894,6
ZH1145,1
ZH1145,2
ZH1145,4
ZH1145,6
ZH2924,1
ZH2924,3
ZH2924,5
ZH6107,1
ZH6107,2
ZH6107,3
ZH6107,4
ZH6107,5
ZH6107,6
ZH6107,7
ZH4829,1
ZH4829,2
ZH4829,4
ZH4829,6
ZH5049,1
ZH5049,3
ZH5049,5
ZH1580,1
ZH1580,3
ZH1580,5
ZH1580,7
ZH5400,1
ZH5400,3
ZH5400,5
ZH5400,7
ZH1509,1
ZH1509,3
ZH1509,5
ZH1509,7
ZH9167,1
ZH9167,2
ZH9167,3
ZH9167,4
ZH9167,5
ZH9167,6
ZH9167,7
ZH1249,1
ZH1249,2
ZH1249,3
ZH1249,4
ZH1249,5
ZH1249,6
ZH1249,7
ZH1845,2
ZH1845,4
ZH1845,7
ZH4789,1
ZH4789,3
ZH4789,5
ZH5215,1
ZH5215,4
ZH5215,6
ZH2351,1
ZH2351,3
ZH2351,5
ZH1014,1
ZH1014,3
ZH1014,5
ZH1014,7
ZH7160,1
ZH7160,4
ZH7160,6
ZH6244,1
ZH6244,2
ZH6244,3
ZH6244,4
ZH6244,5
ZH6244,6
ZH6244,7
ZH8097,1
ZH8097,2
ZH8097,3
ZH8097,4
ZH8097,5
ZH8097,6
ZH8097,7
ZH1477,1
ZH1477,2
ZH1477,3
ZH1477,4
ZH1477,5
ZH1477,6
ZH1477,7
ZH9962,1
ZH9962,3
ZH9962,5
ZH9962,7
ZH7481,1
ZH7481,2
ZH7481,4
ZH7481,6
ZH6313,1
ZH6313,2
ZH6313,4
ZH6313,6
ZH1106,2
ZH1106,4
ZH1106,6
ZH8433,1
ZH8433,2
ZH8433,3
ZH8433,4
ZH8433,5
ZH8433,6
ZH8433,7
ZH3916,1
ZH3916,2
ZH3916,3
ZH3916,4
ZH3916,5
ZH3916,6
ZH3916,7
ZH2246,1
ZH2246,3
ZH2246,5
ZH2246,7
ZH5332,1
ZH5332,4
ZH5332,6
ZH4197,2
ZH4197,4
ZH4197,6
ZH6660,1
ZH6660,3
ZH6660,5
ZH6660,7
ZH1243,1
ZH1243,3
ZH1243,5
ZH6434,1
ZH6434,2
ZH6434,3
ZH6434,4
ZH6434,5
ZH6434,6
ZH6434,7
ZH4196,1
ZH4196,3
ZH4196,5
ZH4196,7
ZH8390,1
ZH8390,2
ZH8390,3
ZH8390,4
ZH8390,5
ZH8390,6
ZH8390,7
ZH4370,1
ZH4370,2
ZH4370,4
ZH4370,6
ZH4199,1
ZH4199,2
ZH4199,3
ZH4199,4
ZH4199,5
ZH4199,6
ZH4199,7
ZH3161,1
ZH3161,3
ZH3161,5
ZH3161,7
ZH5693,1
ZH5693,4
ZH5693,6
ZH5012,1
ZH5012,2
ZH5012,3
ZH5012,4
ZH5012,5
ZH5012,6
ZH5012,7
ZH6483,2
ZH6483,4
ZH6483,7
ZH7436,1
ZH7436,3
ZH7436,5
ZH7436,7
ZH7118,1
ZH7118,2
ZH7118,4
ZH7118,6
ZH4863,1
ZH4863,4
ZH4863,6
ZH3424,2
ZH3424,4
ZH3424,6
ZH3432,2
ZH3432,4
ZH3432,6
ZH3825,2
ZH3825,4
ZH3825,7
ZH6918,2
ZH6918,4
ZH6918,6
ZH8603,1
ZH8603,2
ZH8603,3
ZH8603,4
ZH8603,5
ZH8603,6
ZH8603,7
ZH3486,1
ZH3486,3
ZH3486,5
ZH4361,1
ZH4361,2
ZH4361,3
ZH4361,4
ZH4361,5
ZH4361,6
ZH4361,7
ZH2281,2
ZH2281,4
ZH2281,6
ZH1753,2
ZH1753,4
ZH1753,6
ZH8057,1
ZH8057,3
ZH8057,5
ZH8057,7
ZH1913,1
ZH1913,4
ZH1913,6
ZH6729,1
ZH6729,2
ZH6729,4
ZH6729,6
ZH7003,1
ZH7003,3
ZH7003,5
ZH7003,7
ZH5967,2
ZH5967,4
ZH5967,6
ZH6298,1
ZH6298,2
ZH6298,3
ZH6298,4
ZH6298,5
ZH6298,6
ZH6298,7
ZH5931,1
ZH5931,2
ZH5931,3
ZH5931,4
ZH5931,5
ZH5931,6
ZH5931,7
ZH7069,2
ZH7069,4
ZH7069,6
ZH2589,1
ZH2589,2
ZH2589,3
ZH2589,4
ZH2589,5
ZH2589,6
ZH2589,7
ZH2923,1
ZH2923,2
ZH2923,4
ZH2923,6
ZH3302,1
ZH3302,2
ZH3302,3
ZH3302,4
ZH3302,5
ZH3302,6
ZH3302,7
ZH1924,1
ZH1924,2
ZH1924,3
ZH1924,4
ZH1924,5
ZH1924,6
ZH1924,7
ZH9308,2
ZH9308,4
ZH9308,6
ZH8625,1
ZH8625,2
ZH8625,3
ZH8625,4
ZH8625,5
ZH8625,6
ZH8625,7
ZH4030,2
ZH4030,4
ZH4030,7
ZH7156,1
ZH7156,3
ZH7156,5
ZH7156,7
ZH2200,1
ZH2200,2
ZH2200,3
ZH2200,4
ZH2200,5
ZH2200,6
ZH2200,7
ZH3059,2
ZH3059,4
ZH3059,6
ZH4381,1
ZH4381,4
ZH4381,6
ZH8172,2
ZH8172,4
ZH8172,6
ZH4847,1
ZH4847,3
ZH4847,5
ZH4847,7
ZH5366,1
ZH5366,3
ZH5366,5
ZH5366,7
ZH3828,2
ZH3828,4
ZH3828,6
ZH9611,1
ZH9611,2
ZH9611,3
ZH9611,4
ZH9611,5
ZH9611,6
ZH9611,7
ZH3030,1
ZH3030,3
ZH3030,5
ZH3030,7
ZH3779,2
ZH3779,4
ZH3779,6
ZH8975,1
ZH8975,3
ZH8975,5
ZH3498,2
ZH3498,4
ZH3498,7
ZH5052,1
ZH5052,2
ZH5052,4
ZH5052,6
ZH8027,1
ZH8027,3
ZH8027,5
ZH2797,1
ZH2797,3
ZH2797,5
ZH2797,7
ZH9116,2
ZH9116,4
ZH9116,6
ZH8842,1
ZH8842,2
ZH8842,4
ZH8842,6
ZH2384,1
ZH2384,2
ZH2384,4
ZH2384,6
ZH8384,2
ZH8384,4
ZH8384,6
ZH4934,1
ZH4934,2
ZH4934,3
ZH4934,4
ZH4934,5
ZH4934,6
ZH4934,7
HO2423,1
HO2423,2
HO2423,3
HO2423,4
HO2423,5
HO2423,6
HO2423,7
HO9199,2
HO9199,4
HO9199,7
HO5786,1
HO5786,3
HO5786,5
HO9149,1
HO9149,2
HO9149,3
HO9149,4
HO9149,5
HO9149,6
HO9149,7
HO6602,2
HO6602,4
HO6602,6
HO9410,1
HO9410,2
HO9410,3
HO9410,4
HO9410,5
HO9410,6
HO9410,7
HO1250,2
HO1250,4
HO1250,6
HO1436,1
HO1436,2
HO1436,3
HO1436,4
HO1436,5
HO1436,6
HO1436,7
HO8858,1
HO8858,2
HO8858,4
HO8858,6
HO9607,1
HO9607,2
HO9607,3
HO9607,4
HO9607,5
HO9607,6
HO9607,7
HO4868,1
HO4868,2
HO4868,3
HO4868,4
HO4868,5
HO4868,6
HO4868,7
HO6415,2
HO6415,4
HO6415,7
HO1973,1
HO1973,2
HO1973,3
HO1973,4
HO1973,5
HO1973,6
HO1973,7
HO5914,1
HO5914,2
HO5914,3
HO5914,4
HO5914,5
HO5914,6
HO5914,7
HO1098,1
HO1098,3
HO1098,5
HO1098,7
HO2149,1
HO2149,2
HO2149,3
HO2149,4
HO2149,5
HO2149,6
HO2149,7
HO4192,1
HO4192,2
HO4192,3
HO4192,4
HO4192,5
HO4192,6
HO4192,7
HO8602,1
HO8602,2
HO8602,3
HO8602,4
HO8602,5
HO8602,6
HO8602,7
HO5041,2
HO5041,4
HO5041,7
HO8570,2
HO8570,4
HO8570,6
HO2332,1
HO2332,3
HO2332,5
HO5946,2
HO5946,4
HO5946,6
HO3607,2
HO3607,4
HO3607,7
HO4508,1
HO4508,3
HO4508,5
HO2324,1
HO2324,2
HO2324,3
HO2324,4
HO2324,5
HO2324,6
HO2324,7
HO3047,1
HO3047,2
HO3047,3
HO3047,4
HO3047,5
HO3047,6
HO3047,7
HO3988,2
HO3988,4
HO3988,7
HO5262,1
HO5262,2
HO5262,3
HO5262,4
HO5262,5
HO5262,6
HO5262,7
HO4539,1
HO4539,2
HO4539,3
HO4539,4
HO4539,5
HO4539,6
HO4539,7
HO9940,1
HO9940,2
HO9940,3
HO9940,4
HO9940,5
HO9940,6
HO9940,7
HO9247,1
HO9247,3
HO9247,5
HO9247,7
HO8355,1
HO8355,2
HO8355,3
HO8355,4
HO8355,5
HO8355,6
HO8355,7
HO8352,1
HO8352,2
HO8352,3
HO8352,4
HO8352,5
HO8352,6
HO8352,7
HO9165,1
HO9165,3
HO9165,5
HO9165,7
HO8843,1
HO8843,2
HO8843,3
HO8843,4
HO8843,5
HO8843,6
HO8843,7
HO8587,1
HO8587,3
HO8587,5
HO8587,7
HO6500,1
HO6500,2
HO6500,3
HO6500,4
HO6500,5
HO6500,6
HO6500,7
HO8244,1
HO8244,3
HO8244,5
HO8244,7
HO9883,1
HO9883,2
HO9883,3
HO9883,4
HO9883,5
HO9883,6
HO9883,7
HO7445,1
HO7445,2
HO7445,4
HO7445,6
HO7106,2
HO7106,4
HO7106,6
HO5153,2
HO5153,4
HO5153,7
HO8806,1
HO8806,2
HO8806,4
HO8806,6
HO7065,1
HO7065,3
HO7065,5
HO7065,7
HO8930,1
HO8930,2
HO8930,3
HO8930,4
HO8930,5
HO8930,6
HO8930,7
HO1976,1
HO1976,3
HO1976,5
HO1976,7
HO4646,1
HO4646,3
HO4646,5
HO4813,1
HO4813,2
HO4813,4
HO4813,6
HO8380,1
HO8380,3
HO8380,5
HO8380,7
HO4287,1
HO4287,3
HO4287,5
HO4287,7
HO4826,1
HO4826,3
HO4826,5
HO4826,7
HO3963,1
HO3963,3
HO3963,5
HO3963,7
HO6659,1
HO6659,3
HO6659,5
HO6659,7
HO5795,1
HO5795,2
HO5795,4
HO5795,6
HO1828,1
HO1828,2
HO1828,3
HO1828,4
HO1828,5
HO1828,6
HO1828,7
HO2114,1
HO2114,2
HO2114,3
HO2114,4
HO2114,5
HO2114,6
HO2114,7
HO5841,1
HO5841,2
HO5841,3
HO5841,4
HO5841,5
HO5841,6
HO5841,7
HO9999,1
HO9999,2
HO9999,3
HO9999,4
HO9999,5
HO9999,6
HO9999,7
HO4315,1
HO4315,2
HO4315,4
HO4315,6
HO2819,2
HO2819,4
HO2819,7
HO2074,1
HO2074,3
HO2074,5
HO2074,7
HO6693,1
HO6693,3
HO6693,5
HO6693,7
HO6222,1
HO6222,3
HO6222,5
HO6222,7
HO8400,1
HO8400,2
HO8400,4
HO8400,6
HO5288,1
HO5288,3
HO5288,5
HO5288,7
HO5321,1
HO5321,2
HO5321,4
HO5321,6
HO1154,1
HO1154,2
HO1154,4
HO1154,6
HO6275,2
HO6275,4
HO6275,6
HO3604,1
HO3604,2
HO3604,3
HO3604,4
HO3604,5
HO3604,6
HO3604,7
HO6451,1
HO6451,4
HO6451,6
HO9675,2
HO9675,4
HO9675,7
HO7365,1
HO7365,2
HO7365,3
HO7365,4
HO7365,5
HO7365,6
HO7365,7
HO1646,1
HO1646,2
HO1646,3
HO1646,4
HO1646,5
HO1646,6
HO1646,7
HO2579,1
HO2579,3
HO2579,5
HO2579,7
HO6397,1
HO6397,3
HO6397,5
HO2911,1
HO2911,2
HO2911,3
HO2911,4
HO2911,5
HO2911,6
HO2911,7
HO7636,1
HO7636,3
HO7636,5
HO7636,7
HO5311,1
HO5311,3
HO5311,5
HO8138,1
HO8138,3
HO8138,5
HO3553,1
HO3553,4
HO3553,6
HO5285,1
HO5285,4
HO5285,6
HO7422,1
HO7422,3
HO7422,5
HO7422,7
HO4424,1
HO4424,3
HO4424,5
HO4420,1
HO4420,3
HO4420,5
HO4420,7
HO2820,2
HO2820,4
HO2820,7
HO3911,1
HO3911,2
HO3911,3
HO3911,4
HO3911,5
HO3911,6
HO3911,7
HO1767,1
HO1767,2
HO1767,3
HO1767,4
HO1767,5
HO1767,6
HO1767,7
HO3835,1
HO3835,2
HO3835,3
HO3835,4
HO3835,5
HO3835,6
HO3835,7
HO1082,1
HO1082,2
HO1082,3
HO1082,4
HO1082,5
HO1082,6
HO1082,7
HO1325,1
HO1325,3
HO1325,5
HO1325,7
HO3843,1
HO3843,3
HO3843,5
HO3843,7
HO2417,1
HO2417,2
HO2417,3
HO2417,4
HO2417,5
HO2417,6
HO2417,7
HO4091,1
HO4091,3
HO4091,5
HO4091,7
HO8733,1
HO8733,2
HO8733,3
HO8733,4
HO8733,5
HO8733,6
HO8733,7
HO1956,1
HO1956,3
HO1956,5
HO8006,1
HO8006,2
HO8006,3
HO8006,4
HO8006,5
HO8006,6
HO8006,7
HO2986,2
HO2986,4
HO2986,7
HO1800,1
HO1800,3
HO1800,5
HO1800,7
HO6723,1
HO6723,2
HO6723,3
HO6723,4
HO6723,5
HO6723,6
HO6723,7
HO1708,1
HO1708,3
HO1708,5
HO5483,2
HO5483,4
HO5483,6
HO7546,2
HO7546,4
HO7546,6
HO3922,2
HO3922,4
HO3922,6
HO4313,1
HO4313,2
HO4313,3
HO4313,4
HO4313,5
HO4313,6
HO4313,7
HO8284,1
HO8284,2
HO8284,3
HO8284,4
HO8284,5
HO8284,6
HO8284,7
HO7631,1
HO7631,3
HO7631,5
HO7631,7
HO5872,1
HO5872,3
HO5872,5
HO5872,7
HO7212,1
HO7212,2
HO7212,3
HO7212,4
HO7212,5
HO7212,6
HO7212,7
HO9702,1
HO9702,4
HO9702,6
HO2370,2
HO2370,4
HO2370,7
HO5797,1
HO5797,3
HO5797,5
HO5820,2
HO5820,4
HO5820,6
HO9520,1
HO9520,2
HO9520,4
HO9520,6
HO3128,2
HO3128,4
HO3128,6
HO2716,1
HO2716,3
HO2716,5
HO7648,1
HO7648,2
HO7648,3
HO7648,4
HO7648,5
HO7648,6
HO7648,7
HO3336,1
HO3336,3
HO3336,5
HO3336,7
HO2524,1
HO2524,3
HO2524,5
HO2524,7
HO5097,1
HO5097,2
HO5097,3
HO5097,4
HO5097,5
HO5097,6
HO5097,7
HO5177,1
HO5177,3
HO5177,5
HO5177,7
HO4664,1
HO4664,3
HO4664,5
HO4664,7
HO4591,1
HO4591,3
HO4591,5
HO4591,7
HO2733,1
HO2733,2
HO2733,3
HO2733,4
HO2733,5
HO2733,6
HO2733,7
HO6728,1
HO6728,3
HO6728,5
HO9995,1
HO9995,3
HO9995,5
HO9995,7
HO2898,1
HO2898,2
HO2898,3
HO2898,4
HO2898,5
HO2898,6
HO2898,7
HO4752,1
HO4752,3
HO4752,5
HO4752,7
HO7129,1
HO7129,2
HO7129,3
HO7129,4
HO7129,5
HO7129,6
HO7129,7
HO9992,1
HO9992,3
HO9992,5
HO9992,7
HO9295,1
HO9295,3
HO9295,5
HO9295,7
HO2601,1
HO2601,3
HO2601,5
HO2601,7
HO1898,1
HO1898,3
HO1898,5
HO1898,7
HO8179,1
HO8179,4
HO8179,6
HO9505,2
HO9505,4
HO9505,6
HO7007,1
HO7007,2
HO7007,3
HO7007,4
HO7007,5
HO7007,6
HO7007,7
HO6370,1
HO6370,2
HO6370,3
HO6370,4
HO6370,5
HO6370,6
HO6370,7
HO6525,1
HO6525,2
HO6525,3
HO6525,4
HO6525,5
HO6525,6
HO6525,7
HO4695,2
HO4695,4
HO4695,6
HO9369,1
HO9369,2
HO9369,3
HO9369,4
HO9369,5
HO9369,6
HO9369,7
HO3013,1
HO3013,2
HO3013,3
HO3013,4
HO3013,5
HO3013,6
HO3013,7
HO1251,1
HO1251,2
HO1251,3
HO1251,4
HO1251,5
HO1251,6
HO1251,7
HO6784,2
HO6784,4
HO6784,7
HO9543,1
HO9543,2
HO9543,3
HO9543,4
HO9543,5
HO9543,6
HO9543,7
HO8249,1
HO8249,2
HO8249,3
HO8249,4
HO8249,5
HO8249,6
HO8249,7
HO6680,1
HO6680,2
HO6680,4
HO6680,6
HO7108,2
HO7108,4
HO7108,6
HO2628,1
HO2628,2
HO2628,4
HO2628,6
HO7598,1
HO7598,2
HO7598,3
HO7598,4
HO7598,5
HO7598,6
HO7598,7
HO5762,1
HO5762,2
HO5762,3
HO5762,4
HO5762,5
HO5762,6
HO5762,7
HO1087,1
HO1087,3
HO1087,5
HO1087,7
KN9027,1
KN9027,3
KN9027,5
KN5507,1
KN5507,2
KN5507,3
KN5507,4
KN5507,5
KN5507,6
KN5507,7
KN8681,1
KN8681,3
KN8681,5
KN8681,7
KN7920,1
KN7920,3
KN7920,5
KN7920,7
KN4638,1
KN4638,2
KN4638,3
KN4638,4
KN4638,5
KN4638,6
KN4638,7
KN8149,2
KN8149,4
KN8149,7
KN7575,1
KN7575,2
KN7575,3
KN7575,4
KN7575,5
KN7575,6
KN7575,7
KN8891,2
KN8891,4
KN8891,6
KN3032,1
KN3032,3
KN3032,5
KN3032,7
KN7947,1
KN7947,3
KN7947,5
KN7947,7
KN6576,2
KN6576,4
KN6576,6
KN6700,1
KN6700,2
KN6700,4
KN6700,6
KN2173,2
KN2173,4
KN2173,6
KN8235,1
KN8235,2
KN8235,3
KN8235,4
KN8235,5
KN8235,6
KN8235,7
KN8524,2
KN8524,4
KN8524,6
KN1205,1
KN1205,3
KN1205,5
KN1205,7
KN5802,1
KN5802,4
KN5802,6
KN8139,1
KN8139,3
KN8139,5
KN1965,1
KN1965,2
KN1965,4
KN1965,6
KN7299,1
KN7299,3
KN7299,5
KN7299,7
KN8848,1
KN8848,3
KN8848,5
KN8848,7
KN4978,1
KN4978,2
KN4978,3
KN4978,4
KN4978,5
KN4978,6
KN4978,7
KN3003,2
KN3003,4
KN3003,6
KN4448,2
KN4448,4
KN4448,7
KN3820,2
KN3820,4
KN3820,6
KN1280,1
KN1280,3
KN1280,5
KN1280,7
KN9728,1
KN9728,4
KN9728,6
KN6190,1
KN6190,3
KN6190,5
KN6190,7
KN3998,1
KN3998,3
KN3998,5
KN3998,7
KN6254,2
KN6254,4
KN6254,7
KN7630,1
KN7630,3
KN7630,5
KN7630,7
KN2816,1
KN2816,2
KN2816,3
KN2816,4
KN2816,5
KN2816,6
KN2816,7
KN3141,1
KN3141,2
KN3141,4
KN3141,6
KN9441,2
KN9441,4
KN9441,6
KN8252,1
KN8252,2
KN8252,3
KN8252,4
KN8252,5
KN8252,6
KN8252,7
KN7106,2
KN7106,4
KN7106,6
KN4524,1
KN4524,3
KN4524,5
KN4524,7
KN9914,1
KN9914,3
KN9914,5
KN9914,7
KN5085,1
KN5085,3
KN5085,5
KN5085,7
KN8723,1
KN8723,2
KN8723,3
KN8723,4
KN8723,5
KN8723,6
KN8723,7
KN8804,1
KN8804,3
KN8804,5
KN8804,7
KN2016,1
KN2016,3
KN2016,5
KN2016,7
KN5829,2
KN5829,4
KN5829,7
KN3485,1
KN3485,2
KN3485,4
KN3485,6
KN2514,2
KN2514,4
KN2514,6
KN4970,1
KN4970,2
KN4970,3
KN4970,4
KN4970,5
KN4970,6
KN4970,7
KN3425,1
KN3425,3
KN3425,5
KN5129,1
KN5129,2
KN5129,4
KN5129,6
KN2364,1
KN2364,2
KN2364,3
KN2364,4
KN2364,5
KN2364,6
KN2364,7
KN8004,1
KN8004,3
KN8004,5
KN2494,1
KN2494,2
KN2494,3
KN2494,4
KN2494,5
KN2494,6
KN2494,7
KN5735,2
KN5735,4
KN5735,6
KN9616,2
KN9616,4
KN9616,6
KN6590,1
KN6590,2
KN6590,3
KN6590,4
KN6590,5
KN6590,6
KN6590,7
KN3850,2
KN3850,4
KN3850,6
KN2338,1
KN2338,3
KN2338,5
KN2338,7
KN6154,2
KN6154,4
KN6154,7
KN4119,1
KN4119,3
KN4119,5
KN4119,7
KN5953,1
KN5953,3
KN5953,5
KN5953,7
KN4983,2
KN4983,4
KN4983,6
KN2773,2
KN2773,4
KN2773,7
KN7056,2
KN7056,4
KN7056,6
KN3501,1
KN3501,3
KN3501,5
KN3501,7
KN7130,2
KN7130,4
KN7130,6
KN3678,1
KN3678,3
KN3678,5
KN5357,2
KN5357,4
KN5357,7
KN1420,1
KN1420,2
KN1420,3
KN1420,4
KN1420,5
KN1420,6
KN1420,7
KN5375,1
KN5375,4
KN5375,6
KN3903,2
KN3903,4
KN3903,6
KN2095,1
KN2095,2
KN2095,3
KN2095,4
KN2095,5
KN2095,6
KN2095,7
KN2682,1
KN2682,2
KN2682,3
KN2682,4
KN2682,5
KN2682,6
KN2682,7
KN9336,2
KN9336,4
KN9336,6
KN8382,1
KN8382,2
KN8382,4
KN8382,6
KN8745,1
KN8745,2
KN8745,4
KN8745,6
KN1072,1
KN1072,3
KN1072,5
KN1072,7
KN8779,2
KN8779,4
KN8779,7
KN2842,2
KN2842,4
KN2842,6
KN6317,1
KN6317,2
KN6317,4
KN6317,6
KN4851,1
KN4851,3
KN4851,5
KN4851,7
KN2609,1
KN2609,3
KN2609,5
KN9085,1
KN9085,3
KN9085,5
KN9085,7
KN6785,2
KN6785,4
KN6785,6
KN7933,1
KN7933,2
KN7933,3
KN7933,4
KN7933,5
KN7933,6
KN7933,7
KN3523,1
KN3523,3
KN3523,5
KN3523,7
KN7708,1
KN7708,3
KN7708,5
KN7708,7
KN8349,2
KN8349,4
KN8349,6
KN5812,1
KN5812,2
KN5812,3
KN5812,4
KN5812,5
KN5812,6
KN5812,7
KN5418,1
KN5418,2
KN5418,3
KN5418,4
KN5418,5
KN5418,6
KN5418,7
KN9715,1
KN9715,2
KN9715,3
KN9715,4
KN9715,5
KN9715,6
KN9715,7
KN1252,1
KN1252,2
KN1252,3
KN1252,4
KN1252,5
KN1252,6
KN1252,7
KN4893,1
KN4893,3
KN4893,5
KN4893,7
KN7070,2
KN7070,4
KN7070,6
KN4715,1
KN4715,3
KN4715,5
KN4715,7
KN4884,2
KN4884,4
KN4884,7
KN5838,2
KN5838,4
KN5838,6
KN3975,1
KN3975,3
KN3975,5
KN3975,7
KN3271,1
KN3271,2
KN3271,4
KN3271,6
KN8880,1
KN8880,2
KN8880,4
KN8880,6
KN2132,1
KN2132,2
KN2132,3
KN2132,4
KN2132,5
KN2132,6
KN2132,7
KN8828,2
KN8828,4
KN8828,7
KN2326,1
KN2326,3
KN2326,5
KN4064,1
KN4064,2
KN4064,4
KN4064,6
KN2519,1
KN2519,3
KN2519,5
KN2519,7
KN8927,1
KN8927,2
KN8927,3
KN8927,4
KN8927,5
KN8927,6
KN8927,7
KN8459,1
KN8459,2
KN8459,4
KN8459,6
KN4718,1
KN4718,2
KN4718,4
KN4718,6
KN6784,1
KN6784,3
KN6784,5
KN6784,7
KN6799,1
KN6799,2
KN6799,4
KN6799,6
KN8565,1
KN8565,2
KN8565,3
KN8565,4
KN8565,5
KN8565,6
KN8565,7
KN8813,2
KN8813,4
KN8813,6
KN8451,1
KN8451,3
KN8451,5
KN8451,7
KN1342,2
KN1342,4
KN1342,7
KN5589,2
KN5589,4
KN5589,6
KN4714,1
KN4714,3
KN4714,5
KN4714,7
KN8537,2
KN8537,4
KN8537,6
KN5235,1
KN5235,2
KN5235,3
KN5235,4
KN5235,5
KN5235,6
KN5235,7
KN6729,1
KN6729,2
KN6729,3
KN6729,4
KN6729,5
KN6729,6
KN6729,7
KN2278,1
KN2278,2
KN2278,3
KN2278,4
KN2278,5
KN2278,6
KN2278,7
KN1108,1
KN1108,2
KN1108,4
KN1108,6
KN5886,1
KN5886,3
KN5886,5
KN5886,7
KN8668,2
KN8668,4
KN8668,6
KN9401,1
KN9401,2
KN9401,3
KN9401,4
KN9401,5
KN9401,6
KN9401,7
KN8672,1
KN8672,3
KN8672,5
KN8672,7
KN7558,1
KN7558,3
KN7558,5
KN7558,7
KN8145,1
KN8145,3
KN8145,5
KN7973,1
KN7973,2
KN7973,4
KN7973,6
KN7388,1
KN7388,2
KN7388,3
KN7388,4
KN7388,5
KN7388,6
KN7388,7
KN3929,2
KN3929,4
KN3929,6
KN2692,1
KN2692,2
KN2692,4
KN2692,6
KN1305,1
KN1305,3
KN1305,5
KN1305,7
KN5136,2
KN5136,4
KN5136,6
KN2476,1
KN2476,2
KN2476,3
KN2476,4
KN2476,5
KN2476,6
KN2476,7
KN9607,1
KN9607,2
KN9607,3
KN9607,4
KN9607,5
KN9607,6
KN9607,7
KN8258,1
KN8258,2
KN8258,3
KN8258,4
KN8258,5
KN8258,6
KN8258,7
KN5527,1
KN5527,3
KN5527,5
KN5527,7
KN1491,1
KN1491,3
KN1491,5
KN1491,7
KN6242,1
KN6242,2
KN6242,3
KN6242,4
KN6242,5
KN6242,6
KN6242,7
KN2129,1
KN2129,2
KN2129,3
KN2129,4
KN2129,5
KN2129,6
KN2129,7
KN3511,1
KN3511,2
KN3511,3
KN3511,4
KN3511,5
KN3511,6
KN3511,7
KN7213,1
KN7213,2
KN7213,3
KN7213,4
KN7213,5
KN7213,6
KN7213,7
KN7171,1
KN7171,2
KN7171,3
KN7171,4
KN7171,5
KN7171,6
KN7171,7
KN4363,1
KN4363,3
KN4363,5
KN7120,1
KN7120,2
KN7120,4
KN7120,6
KN3115,1
KN3115,2
KN3115,3
KN3115,4
KN3115,5
KN3115,6
KN3115,7
KN8811,1
KN8811,2
KN8811,3
KN8811,4
KN8811,5
KN8811,6
KN8811,7
KN2823,2
KN2823,4
KN2823,7
KN6735,1
KN6735,2
KN6735,4
KN6735,6
KN1180,2
KN1180,4
KN1180,7
KN5573,1
KN5573,2
KN5573,4
KN5573,6
KN1050,1
KN1050,2
KN1050,3
KN1050,4
KN1050,5
KN1050,6
KN1050,7
JD2486,2
JD2486,4
JD2486,6
JD4934,1
JD4934,2
JD4934,3
JD4934,4
JD4934,5
JD4934,6
JD4934,7
JD7020,1
JD7020,2
JD7020,3
JD7020,4
JD7020,5
JD7020,6
JD7020,7
JD2436,1
JD2436,2
JD2436,4
JD2436,6
JD8633,1
JD8633,2
JD8633,3
JD8633,4
JD8633,5
JD8633,6
JD8633,7
JD1709,1
JD1709,2
JD1709,4
JD1709,6
JD6614,1
JD6614,2
JD6614,3
JD6614,4
JD6614,5
JD6614,6
JD6614,7
JD8522,1
JD8522,2
JD8522,3
JD8522,4
JD8522,5
JD8522,6
JD8522,7
JD5496,1
JD5496,2
JD5496,3
JD5496,4
JD5496,5
JD5496,6
JD5496,7
JD2402,1
JD2402,3
JD2402,5
JD2402,7
JD4341,1
JD4341,2
JD4341,3
JD4341,4
JD4341,5
JD4341,6
JD4341,7
JD3182,2
JD3182,4
JD3182,6
JD2387,1
JD2387,2
JD2387,3
JD2387,4
JD2387,5
JD2387,6
JD2387,7
JD2840,2
JD2840,4
JD2840,7
JD1072,1
JD1072,3
JD1072,5
JD4468,1
JD4468,2
JD4468,3
JD4468,4
JD4468,5
JD4468,6
JD4468,7
JD3971,2
JD3971,4
JD3971,6
JD8933,1
JD8933,2
JD8933,3
JD8933,4
JD8933,5
JD8933,6
JD8933,7
JD1499,2
JD1499,4
JD1499,7
JD3077,1
JD3077,3
JD3077,5
JD3077,7
JD7837,1
JD7837,3
JD7837,5
JD7837,7
JD4500,2
JD4500,4
JD4500,6
JD9203,1
JD9203,2
JD9203,3
JD9203,4
JD9203,5
JD9203,6
JD9203,7
JD4562,1
JD4562,2
JD4562,3
JD4562,4
JD4562,5
JD4562,6
JD4562,7
JD2067,1
JD2067,3
JD2067,5
JD2067,7
JD9964,2
JD9964,4
JD9964,7
JD3633,1
JD3633,2
JD3633,3
JD3633,4
JD3633,5
JD3633,6
JD3633,7
JD6811,1
JD6811,2
JD6811,3
JD6811,4
JD6811,5
JD6811,6
JD6811,7
JD4867,2
JD4867,4
JD4867,6
JD8985,2
JD8985,4
JD8985,6
JD3395,1
JD3395,3
JD3395,5
JD3589,1
JD3589,2
JD3589,3
JD3589,4
JD3589,5
JD3589,6
JD3589,7
JD2723,1
JD2723,3
JD2723,5
JD2723,7
JD2566,2
JD2566,4
JD2566,6
JD4213,2
JD4213,4
JD4213,6
JD4298,2
JD4298,4
JD4298,6
JD6928,1
JD6928,2
JD6928,3
JD6928,4
JD6928,5
JD6928,6
JD6928,7
JD9307,2
JD9307,4
JD9307,6
JD1429,2
JD1429,4
JD1429,6
JD9235,1
JD9235,3
JD9235,5
JD9235,7
JD2017,1
JD2017,3
JD2017,5
JD2610,1
JD2610,3
JD2610,5
JD4634,1
JD4634,3
JD4634,5
JD3778,1
JD3778,2
JD3778,3
JD3778,4
JD3778,5
JD3778,6
JD3778,7
JD1135,1
JD1135,2
JD1135,3
JD1135,4
JD1135,5
JD1135,6
JD1135,7
JD6785,1
JD6785,3
JD6785,5
JD6785,7
JD4664,1
JD4664,2
JD4664,3
JD4664,4
JD4664,5
JD4664,6
JD4664,7
JD5325,1
JD5325,2
JD5325,3
JD5325,4
JD5325,5
JD5325,6
JD5325,7
JD1787,1
JD1787,3
JD1787,5
JD1787,7
JD4858,1
JD4858,3
JD4858,5
JD4858,7
JD3420,1
JD3420,2
JD3420,4
JD3420,6
JD5585,1
JD5585,2
JD5585,3
JD5585,4
JD5585,5
JD5585,6
JD5585,7
JD3613,1
JD3613,3
JD3613,5
JD3613,7
JD2934,2
JD2934,4
JD2934,6
JD3121,1
JD3121,3
JD3121,5
JD4689,1
JD4689,2
JD4689,3
JD4689,4
JD4689,5
JD4689,6
JD4689,7
JD9062,1
JD9062,3
JD9062,5
JD5437,1
JD5437,2
JD5437,3
JD5437,4
JD5437,5
JD5437,6
JD5437,7
JD6954,2
JD6954,4
JD6954,6
JD8725,1
JD8725,2
JD8725,4
JD8725,6
JD3617,1
JD3617,2
JD3617,3
JD3617,4
JD3617,5
JD3617,6
JD3617,7
JD3011,1
JD3011,2
JD3011,3
JD3011,4
JD3011,5
JD3011,6
JD3011,7
JD5150,1
JD5150,2
JD5150,3
JD5150,4
JD5150,5
JD5150,6
JD5150,7
JD1254,1
JD1254,3
JD1254,5
JD1254,7
JD7304,1
JD7304,3
JD7304,5
JD2786,1
JD2786,2
JD2786,3
JD2786,4
JD2786,5
JD2786,6
JD2786,7
JD1628,1
JD1628,2
JD1628,3
JD1628,4
JD1628,5
JD1628,6
JD1628,7
JD3757,1
JD3757,2
JD3757,3
JD3757,4
JD3757,5
JD3757,6
JD3757,7
JD4927,1
JD4927,4
JD4927,6
JD5993,1
JD5993,2
JD5993,3
JD5993,4
JD5993,5
JD5993,6
JD5993,7
JD1761,1
JD1761,3
JD1761,5
JD1761,7
JD9603,2
JD9603,4
JD9603,6
JD8475,1
JD8475,2
JD8475,3
JD8475,4
JD8475,5
JD8475,6
JD8475,7
JD4146,1
JD4146,2
JD4146,3
JD4146,4
JD4146,5
JD4146,6
JD4146,7
JD6717,1
JD6717,4
JD6717,6
JD8780,1
JD8780,2
JD8780,3
JD8780,4
JD8780,5
JD8780,6
JD8780,7
JD3160,1
JD3160,2
JD3160,4
JD3160,6
JD9316,1
JD9316,2
JD9316,3
JD9316,4
JD9316,5
JD9316,6
JD9316,7
JD8134,1
JD8134,2
JD8134,4
JD8134,6
JD3742,2
JD3742,4
JD3742,6
JD1320,1
JD1320,2
JD1320,3
JD1320,4
JD1320,5
JD1320,6
JD1320,7
JD1172,1
JD1172,2
JD1172,3
JD1172,4
JD1172,5
JD1172,6
JD1172,7
JD6711,2
JD6711,4
JD6711,6
JD4599,1
JD4599,2
JD4599,3
JD4599,4
JD4599,5
JD4599,6
JD4599,7
JD3528,1
JD3528,2
JD3528,4
JD3528,6
JD2520,1
JD2520,3
JD2520,5
JD2520,7
JD5381,2
JD5381,4
JD5381,6
JD1484,1
JD1484,4
JD1484,6
JD8989,1
JD8989,2
JD8989,4
JD8989,6
JD2881,1
JD2881,2
JD2881,4
JD2881,6
JD6347,1
JD6347,2
JD6347,4
JD6347,6
JD6142,2
JD6142,4
JD6142,6
JD1295,1
JD1295,2
JD1295,3
JD1295,4
JD1295,5
JD1295,6
JD1295,7
JD3054,1
JD3054,2
JD3054,3
JD3054,4
JD3054,5
JD3054,6
JD3054,7
JD3602,1
JD3602,2
JD3602,3
JD3602,4
JD3602,5
JD3602,6
JD3602,7
JD4839,1
JD4839,3
JD4839,5
JD4839,7
JD3280,1
JD3280,4
JD3280,6
JD2743,1
JD2743,3
JD2743,5
JD2743,7
JD3968,1
JD3968,3
JD3968,5
JD3777,1
JD3777,3
JD3777,5
JD3777,7
JD1230,1
JD1230,2
JD1230,3
JD1230,4
JD1230,5
JD1230,6
JD1230,7
JD7272,1
JD7272,2
JD7272,3
JD7272,4
JD7272,5
JD7272,6
JD7272,7
JD9520,1
JD9520,4
JD9520,6
JD9721,1
JD9721,3
JD9721,5
JD9721,7
JD9792,1
JD9792,2
JD9792,4
JD9792,6
JD2091,2
JD2091,4
JD2091,7
JD7265,1
JD7265,3
JD7265,5
JD7265,7
JD7421,1
JD7421,2
JD7421,3
JD7421,4
JD7421,5
JD7421,6
JD7421,7
JD5700,2
JD5700,4
JD5700,7
JD4029,1
JD4029,3
JD4029,5
JD4029,7
JD6590,1
JD6590,2
JD6590,4
JD6590,6
JD9117,2
JD9117,4
JD9117,7
JD5583,1
JD5583,2
JD5583,3
JD5583,4
JD5583,5
JD5583,6
JD5583,7
JD8554,1
JD8554,2
JD8554,3
JD8554,4
JD8554,5
JD8554,6
JD8554,7
JD8198,1
JD8198,3
JD8198,5
JD4814,1
JD4814,2
JD4814,4
JD4814,6
JD6144,1
JD6144,3
JD6144,5
JD8553,1
JD8553,2
JD8553,3
JD8553,4
JD8553,5
JD8553,6
JD8553,7
JD3283,1
JD3283,2
JD3283,3
JD3283,4
JD3283,5
JD3283,6
JD3283,7
JD9831,1
JD9831,2
JD9831,3
JD9831,4
JD9831,5
JD9831,6
JD9831,7
JD7175,1
JD7175,2
JD7175,3
JD7175,4
JD7175,5
JD7175,6
JD7175,7
JD1355,1
JD1355,2
JD1355,3
JD1355,4
JD1355,5
JD1355,6
JD1355,7
JD3366,1
JD3366,3
JD3366,5
JD5260,1
JD5260,2
JD5260,3
JD5260,4
JD5260,5
JD5260,6
JD5260,7
JD1400,1
JD1400,2
JD1400,3
JD1400,4
JD1400,5
JD1400,6
JD1400,7
JD1600,1
JD1600,2
JD1600,3
JD1600,4
JD1600,5
JD1600,6
JD1600,7
JD4805,1
JD4805,2
JD4805,3
JD4805,4
JD4805,5
JD4805,6
JD4805,7
JD8366,1
JD8366,2
JD8366,3
JD8366,4
JD8366,5
JD8366,6
JD8366,7
JD8151,1
JD8151,2
JD8151,3
JD8151,4
JD8151,5
JD8151,6
JD8151,7
JD5428,1
JD5428,2
JD5428,3
JD5428,4
JD5428,5
JD5428,6
JD5428,7
JD8082,1
JD8082,3
JD8082,5
JD8082,7
JD2096,1
JD2096,2
JD2096,3
JD2096,4
JD2096,5
JD2096,6
JD2096,7
JD7005,1
JD7005,2
JD7005,3
JD7005,4
JD7005,5
JD7005,6
JD7005,7
JD7127,1
JD7127,3
JD7127,5
JD7127,7
JD4489,1
JD4489,2
JD4489,3
JD4489,4
JD4489,5
JD4489,6
JD4489,7
JD4324,1
JD4324,2
JD4324,3
JD4324,4
JD4324,5
JD4324,6
JD4324,7
JD9299,1
JD9299,2
JD9299,3
JD9299,4
JD9299,5
JD9299,6
JD9299,7
JD4678,1
JD4678,2
JD4678,4
JD4678,6
JD4031,2
JD4031,4
JD4031,6
JD5711,1
JD5711,2
JD5711,3
JD5711,4
JD5711,5
JD5711,6
JD5711,7
JD2784,1
JD2784,4
JD2784,6
JD5884,1
JD5884,2
JD5884,3
JD5884,4
JD5884,5
JD5884,6
JD5884,7
JD8691,1
JD8691,3
JD8691,5
JD8691,7
JD5331,1
JD5331,2
JD5331,4
JD5331,6
JD1188,1
JD1188,2
JD1188,3
JD1188,4
JD1188,5
JD1188,6
JD1188,7
JD7026,1
JD7026,2
JD7026,3
JD7026,4
JD7026,5
JD7026,6
JD7026,7
JD5786,2
JD5786,4
JD5786,6
JD9677,1
JD9677,2
JD9677,3
JD9677,4
JD9677,5
JD9677,6
JD9677,7
JD1633,1
JD1633,2
JD1633,3
JD1633,4
JD1633,5
JD1633,6
JD1633,7
JD2316,2
JD2316,4
JD2316,7
SC3107,1
SC3107,2
SC3107,4
SC3107,6
SC7719,1
SC7719,2
SC7719,3
SC7719,4
SC7719,5
SC7719,6
SC7719,7
SC1966,1
SC1966,3
SC1966,5
SC1966,7
SC2561,1
SC2561,2
SC2561,3
SC2561,4
SC2561,5
SC2561,6
SC2561,7
SC2840,1
SC2840,3
SC2840,5
SC2840,7
SC7390,1
SC7390,2
SC7390,3
SC7390,4
SC7390,5
SC7390,6
SC7390,7
SC1533,1
SC1533,4
SC1533,6
SC1141,1
SC1141,2
SC1141,3
SC1141,4
SC1141,5
SC1141,6
SC1141,7
SC7624,1
SC7624,2
SC7624,3
SC7624,4
SC7624,5
SC7624,6
SC7624,7
SC9521,1
SC9521,2
SC9521,3
SC9521,4
SC9521,5
SC9521,6
SC9521,7
SC6251,2
SC6251,4
SC6251,6
SC4521,1
SC4521,3
SC4521,5
SC4521,7
SC6330,2
SC6330,4
SC6330,6
SC6986,1
SC6986,2
SC6986,3
SC6986,4
SC6986,5
SC6986,6
SC6986,7
SC5366,1
SC5366,3
SC5366,5
SC2996,1
SC2996,4
SC2996,6
SC5886,1
SC5886,2
SC5886,3
SC5886,4
SC5886,5
SC5886,6
SC5886,7
SC9938,1
SC9938,3
SC9938,5
SC2419,1
SC2419,3
SC2419,5
SC4997,2
SC4997,4
SC4997,6
SC8945,2
SC8945,4
SC8945,6
SC4385,1
SC4385,2
SC4385,3
SC4385,4
SC4385,5
SC4385,6
SC4385,7
SC2444,2
SC2444,4
SC2444,7
SC1280,1
SC1280,2
SC1280,3
SC1280,4
SC1280,5
SC1280,6
SC1280,7
SC3234,1
SC3234,2
SC3234,3
SC3234,4
SC3234,5
SC3234,6
SC3234,7
SC4076,1
SC4076,2
SC4076,3
SC4076,4
SC4076,5
SC4076,6
SC4076,7
SC6833,1
SC6833,2
SC6833,3
SC6833,4
SC6833,5
SC6833,6
SC6833,7
SC8348,1
SC8348,4
SC8348,6
SC9320,1
SC9320,3
SC9320,5
SC9320,7
SC4485,1
SC4485,3
SC4485,5
SC1376,1
SC1376,2
SC1376,3
SC1376,4
SC1376,5
SC1376,6
SC1376,7
SC3921,1
SC3921,2
SC3921,3
SC3921,4
SC3921,5
SC3921,6
SC3921,7
SC4593,1
SC4593,2
SC4593,3
SC4593,4
SC4593,5
SC4593,6
SC4593,7
SC8434,1
SC8434,2
SC8434,3
SC8434,4
SC8434,5
SC8434,6
SC8434,7
SC3075,1
SC3075,3
SC3075,5
SC3075,7
SC2497,1
SC2497,2
SC2497,3
SC2497,4
SC2497,5
SC2497,6
SC2497,7
SC6792,1
SC6792,2
SC6792,3
SC6792,4
SC6792,5
SC6792,6
SC6792,7
SC9065,1
SC9065,2
SC9065,3
SC9065,4
SC9065,5
SC9065,6
SC9065,7
SC4535,1
SC4535,3
SC4535,5
SC4535,7
SC2323,2
SC2323,4
SC2323,7
SC6591,2
SC6591,4
SC6591,6
SC4525,2
SC4525,4
SC4525,6
SC8358,1
SC8358,4
SC8358,6
SC4860,1
SC4860,2
SC4860,3
SC4860,4
SC4860,5
SC4860,6
SC4860,7
SC4816,1
SC4816,2
SC4816,3
SC4816,4
SC4816,5
SC4816,6
SC4816,7
SC1128,1
SC1128,2
SC1128,3
SC1128,4
SC1128,5
SC1128,6
SC1128,7
SC3415,1
SC3415,2
SC3415,3
SC3415,4
SC3415,5
SC3415,6
SC3415,7
SC7758,1
SC7758,2
SC7758,4
SC7758,6
SC6836,1
SC6836,2
SC6836,3
SC6836,4
SC6836,5
SC6836,6
SC6836,7
SC9795,1
SC9795,3
SC9795,5
SC9795,7
SC5387,1
SC5387,2
SC5387,3
SC5387,4
SC5387,5
SC5387,6
SC5387,7
SC5632,1
SC5632,2
SC5632,3
SC5632,4
SC5632,5
SC5632,6
SC5632,7
SC7166,1
SC7166,4
SC7166,6
SC1819,1
SC1819,3
SC1819,5
SC1819,7
SC3462,1
SC3462,2
SC3462,3
SC3462,4
SC3462,5
SC3462,6
SC3462,7
SC9462,1
SC9462,2
SC9462,3
SC9462,4
SC9462,5
SC9462,6
SC9462,7
SC5327,1
SC5327,3
SC5327,5
SC5327,7
SC5799,1
SC5799,3
SC5799,5
SC5799,7
SC2754,1
SC2754,2
SC2754,3
SC2754,4
SC2754,5
SC2754,6
SC2754,7
SC6454,2
SC6454,4
SC6454,7
SC4018,1
SC4018,2
SC4018,3
SC4018,4
SC4018,5
SC4018,6
SC4018,7
SC4045,2
SC4045,4
SC4045,7
SC7056,1
SC7056,3
SC7056,5
SC7056,7
SC1423,1
SC1423,2
SC1423,3
SC1423,4
SC1423,5
SC1423,6
SC1423,7
SC9573,1
SC9573,3
SC9573,5
SC9573,7
SC6215,1
SC6215,3
SC6215,5
SC5684,1
SC5684,3
SC5684,5
SC5684,7
SC4619,1
SC4619,2
SC4619,3
SC4619,4
SC4619,5
SC4619,6
SC4619,7
SC1002,2
SC1002,4
SC1002,6
SC1582,1
SC1582,2
SC1582,4
SC1582,6
SC8174,1
SC8174,3
SC8174,5
SC8174,7
SC2468,1
SC2468,3
SC2468,5
SC6918,1
SC6918,2
SC6918,3
SC6918,4
SC6918,5
SC6918,6
SC6918,7
SC8634,2
SC8634,4
SC8634,7
SC7383,1
SC7383,2
SC7383,3
SC7383,4
SC7383,5
SC7383,6
SC7383,7
SC5443,1
SC5443,2
SC5443,3
SC5443,4
SC5443,5
SC5443,6
SC5443,7
SC8297,1
SC8297,3
SC8297,5
SC8297,7
SC2232,1
SC2232,2
SC2232,3
SC2232,4
SC2232,5
SC2232,6
SC2232,7
SC5899,1
SC5899,2
SC5899,4
SC5899,6
SC3837,1
SC3837,2
SC3837,4
SC3837,6
SC4259,1
SC4259,3
SC4259,5
SC3015,2
SC3015,4
SC3015,6
SC7536,2
SC7536,4
SC7536,6
SC7901,1
SC7901,2
SC7901,3
SC7901,4
SC7901,5
SC7901,6
SC7901,7
SC5004,1
SC5004,3
SC5004,5
SC5004,7
SC8878,1
SC8878,4
SC8878,6
SC9511,1
SC9511,2
SC9511,3
SC9511,4
SC9511,5
SC9511,6
SC9511,7
SC1760,1
SC1760,2
SC1760,3
SC1760,4
SC1760,5
SC1760,6
SC1760,7
SC1452,1
SC1452,2
SC1452,3
SC1452,4
SC1452,5
SC1452,6
SC1452,7
SC6320,1
SC6320,2
SC6320,3
SC6320,4
SC6320,5
SC6320,6
SC6320,7
SC2796,1
SC2796,2
SC2796,3
SC2796,4
SC2796,5
SC2796,6
SC2796,7
SC1236,1
SC1236,4
SC1236,6
SC2462,1
SC2462,3
SC2462,5
SC2462,7
SC7164,1
SC7164,2
SC7164,3
SC7164,4
SC7164,5
SC7164,6
SC7164,7
SC3307,1
SC3307,3
SC3307,5
SC9201,1
SC9201,3
SC9201,5
SC8043,1
SC8043,2
SC8043,4
SC8043,6
SC7644,1
SC7644,4
SC7644,6
SC4547,1
SC4547,3
SC4547,5
SC4547,7
SC4292,1
SC4292,2
SC4292,3
SC4292,4
SC4292,5
SC4292,6
SC4292,7
SC3244,2
SC3244,4
SC3244,6
SC1613,2
SC1613,4
SC1613,6
SC5067,1
SC5067,2
SC5067,4
SC5067,6
SC9389,1
SC9389,3
SC9389,5
SC9389,7
SC4924,1
SC4924,3
SC4924,5
SC7682,1
SC7682,2
SC7682,4
SC7682,6
SC6345,2
SC6345,4
SC6345,6
SC5761,1
SC5761,2
SC5761,4
SC5761,6
SC5017,1
SC5017,2
SC5017,4
SC5017,6
SC6491,1
SC6491,2
SC6491,3
SC6491,4
SC6491,5
SC6491,6
SC6491,7
SC9691,1
SC9691,3
SC9691,5
SC9691,7
SC8937,1
SC8937,4
SC8937,6
SC8901,1
SC8901,2
SC8901,3
SC8901,4
SC8901,5
SC8901,6
SC8901,7
SC3505,1
SC3505,2
SC3505,3
SC3505,4
SC3505,5
SC3505,6
SC3505,7
SC5957,1
SC5957,3
SC5957,5
SC5957,7
SC3708,2
SC3708,4
SC3708,7
SC7386,1
SC7386,2
SC7386,3
SC7386,4
SC7386,5
SC7386,6
SC7386,7
SC5539,1
SC5539,3
SC5539,5
SC5539,7
SC5798,1
SC5798,2
SC5798,3
SC5798,4
SC5798,5
SC5798,6
SC5798,7
SC5867,1
SC5867,3
SC5867,5
SC9274,1
SC9274,2
SC9274,4
SC9274,6
SC5780,1
SC5780,2
SC5780,3
SC5780,4
SC5780,5
SC5780,6
SC5780,7
SC6055,1
SC6055,2
SC6055,3
SC6055,4
SC6055,5
SC6055,6
SC6055,7
SC2337,1
SC2337,3
SC2337,5
SC2337,7
SC6448,1
SC6448,4
SC6448,6
SC3240,1
SC3240,2
SC3240,3
SC3240,4
SC3240,5
SC3240,6
SC3240,7
SC2747,1
SC2747,2
SC2747,3
SC2747,4
SC2747,5
SC2747,6
SC2747,7
SC7455,1
SC7455,3
SC7455,5
SC7455,7
SC5556,1
SC5556,3
SC5556,5
SC1910,1
SC1910,2
SC1910,3
SC1910,4
SC1910,5
SC1910,6
SC1910,7
SC1268,1
SC1268,2
SC1268,4
SC1268,6
SC2719,1
SC2719,2
SC2719,3
SC2719,4
SC2719,5
SC2719,6
SC2719,7
SC9626,2
SC9626,4
SC9626,7
SC2757,1
SC2757,2
SC2757,3
SC2757,4
SC2757,5
SC2757,6
SC2757,7
SC9111,1
SC9111,2
SC9111,3
SC9111,4
SC9111,5
SC9111,6
SC9111,7
SC2606,1
SC2606,3
SC2606,5
SC2606,7
SC3365,1
SC3365,2
SC3365,3
SC3365,4
SC3365,5
SC3365,6
SC3365,7
SC5963,1
SC5963,2
SC5963,3
SC5963,4
SC5963,5
SC5963,6
SC5963,7
SC2990,1
SC2990,2
SC2990,4
SC2990,6
SC2308,1
SC2308,2
SC2308,3
SC2308,4
SC2308,5
SC2308,6
SC2308,7
SC3422,1
SC3422,2
SC3422,3
SC3422,4
SC3422,5
SC3422,6
SC3422,7
SC8442,1
SC8442,2
SC8442,3
SC8442,4
SC8442,5
SC8442,6
SC8442,7
SC5664,1
SC5664,3
SC5664,5
SC5664,7
SC1927,1
SC1927,2
SC1927,3
SC1927,4
SC1927,5
SC1927,6
SC1927,7
SC9585,1
SC9585,3
SC9585,5
SC9585,7
SC9086,1
SC9086,2
SC9086,4
SC9086,6
SC7966,2
SC7966,4
SC7966,6
SC7298,1
SC7298,2
SC7298,3
SC7298,4
SC7298,5
SC7298,6
SC7298,7
SC8030,1
SC8030,2
SC8030,3
SC8030,4
SC8030,5
SC8030,6
SC8030,7
SC7241,1
SC7241,3
SC7241,5
SC7241,7
GJ8597,1
GJ8597,2
GJ8597,4
GJ8597,6
GJ7240,1
GJ7240,3
GJ7240,5
GJ7240,7
GJ6056,1
GJ6056,3
GJ6056,5
GJ6056,7
GJ6491,1
GJ6491,2
GJ6491,3
GJ6491,4
GJ6491,5
GJ6491,6
GJ6491,7
GJ6437,1
GJ6437,3
GJ6437,5
GJ6437,7
GJ1261,1
GJ1261,3
GJ1261,5
GJ1469,1
GJ1469,3
GJ1469,5
GJ1469,7
GJ5571,1
GJ5571,3
GJ5571,5
GJ5278,1
GJ5278,3
GJ5278,5
GJ5278,7
GJ5455,2
GJ5455,4
GJ5455,6
GJ9233,1
GJ9233,2
GJ9233,3
GJ9233,4
GJ9233,5
GJ9233,6
GJ9233,7
GJ5326,1
GJ5326,2
GJ5326,3
GJ5326,4
GJ5326,5
GJ5326,6
GJ5326,7
GJ6844,1
GJ6844,3
GJ6844,5
GJ6844,7
GJ2645,1
GJ2645,2
GJ2645,3
GJ2645,4
GJ2645,5
GJ2645,6
GJ2645,7
GJ2087,1
GJ2087,3
GJ2087,5
GJ3716,2
GJ3716,4
GJ3716,6
GJ1941,1
GJ1941,2
GJ1941,3
GJ1941,4
GJ1941,5
GJ1941,6
GJ1941,7
GJ5611,1
GJ5611,2
GJ5611,4
GJ5611,6
GJ6492,1
GJ6492,2
GJ6492,3
GJ6492,4
GJ6492,5
GJ6492,6
GJ6492,7
GJ7293,1
GJ7293,3
GJ7293,5
GJ7293,7
GJ7619,1
GJ7619,3
GJ7619,5
GJ7619,7
GJ4219,2
GJ4219,4
GJ4219,6
GJ8636,2
GJ8636,4
GJ8636,6
GJ6448,1
GJ6448,3
GJ6448,5
GJ4455,1
GJ4455,3
GJ4455,5
GJ5709,1
GJ5709,2
GJ5709,4
GJ5709,6
GJ4252,1
GJ4252,2
GJ4252,4
GJ4252,6
GJ6063,1
GJ6063,3
GJ6063,5
GJ6063,7
GJ3576,1
GJ3576,2
GJ3576,3
GJ3576,4
GJ3576,5
GJ3576,6
GJ3576,7
GJ4490,1
GJ4490,4
GJ4490,6
GJ5557,1
GJ5557,2
GJ5557,3
GJ5557,4
GJ5557,5
GJ5557,6
GJ5557,7
GJ3586,1
GJ3586,3
GJ3586,5
GJ4222,1
GJ4222,2
GJ4222,4
GJ4222,6
GJ5041,2
GJ5041,4
GJ5041,7
GJ8992,1
GJ8992,3
GJ8992,5
GJ8992,7
GJ9159,1
GJ9159,2
GJ9159,4
GJ9159,6
GJ8605,1
GJ8605,2
GJ8605,3
GJ8605,4
GJ8605,5
GJ8605,6
GJ8605,7
GJ3610,1
GJ3610,3
GJ3610,5
GJ3608,1
GJ3608,2
GJ3608,3
GJ3608,4
GJ3608,5
GJ3608,6
GJ3608,7
GJ6310,2
GJ6310,4
GJ6310,6
GJ8704,1
GJ8704,2
GJ8704,4
GJ8704,6
GJ1442,1
GJ1442,2
GJ1442,3
GJ1442,4
GJ1442,5
GJ1442,6
GJ1442,7
GJ5345,1
GJ5345,2
GJ5345,3
GJ5345,4
GJ5345,5
GJ5345,6
GJ5345,7
GJ5328,1
GJ5328,3
GJ5328,5
GJ6978,1
GJ6978,4
GJ6978,6
GJ9602,1
GJ9602,3
GJ9602,5
GJ9602,7
GJ9986,1
GJ9986,2
GJ9986,3
GJ9986,4
GJ9986,5
GJ9986,6
GJ9986,7
GJ2944,1
GJ2944,4
GJ2944,6
GJ6519,1
GJ6519,3
GJ6519,5
GJ6519,7
GJ3669,1
GJ3669,3
GJ3669,5
GJ3669,7
GJ4573,2
GJ4573,4
GJ4573,6
GJ5490,1
GJ5490,3
GJ5490,5
GJ5490,7
GJ4801,1
GJ4801,2
GJ4801,3
GJ4801,4
GJ4801,5
GJ4801,6
GJ4801,7
GJ1724,2
GJ1724,4
GJ1724,6
GJ6909,1
GJ6909,2
GJ6909,3
GJ6909,4
GJ6909,5
GJ6909,6
GJ6909,7
GJ6140,1
GJ6140,2
GJ6140,3
GJ6140,4
GJ6140,5
GJ6140,6
GJ6140,7
GJ2289,1
GJ2289,4
GJ2289,6
GJ7145,2
GJ7145,4
GJ7145,7
GJ6328,1
GJ6328,3
GJ6328,5
GJ6328,7
GJ3376,1
GJ3376,2
GJ3376,3
GJ3376,4
GJ3376,5
GJ3376,6
GJ3376,7
GJ1259,1
GJ1259,2
GJ1259,3
GJ1259,4
GJ1259,5
GJ1259,6
GJ1259,7
GJ5573,1
GJ5573,3
GJ5573,5
GJ5573,7
GJ6823,1
GJ6823,2
GJ6823,3
GJ6823,4
GJ6823,5
GJ6823,6
GJ6823,7
GJ4403,1
GJ4403,2
GJ4403,3
GJ4403,4
GJ4403,5
GJ4403,6
GJ4403,7
GJ9527,1
GJ9527,2
GJ9527,3
GJ9527,4
GJ9527,5
GJ9527,6
GJ9527,7
GJ4246,1
GJ4246,3
GJ4246,5
GJ4246,7
GJ4320,1
GJ4320,4
GJ4320,6
GJ7166,1
GJ7166,2
GJ7166,3
GJ7166,4
GJ7166,5
GJ7166,6
GJ7166,7
GJ6586,1
GJ6586,2
GJ6586,4
GJ6586,6
GJ3099,1
GJ3099,2
GJ3099,4
GJ3099,6
GJ6512,1
GJ6512,2
GJ6512,3
GJ6512,4
GJ6512,5
GJ6512,6
GJ6512,7
GJ2957,2
GJ2957,4
GJ2957,7
GJ7972,1
GJ7972,2
GJ7972,3
GJ7972,4
GJ7972,5
GJ7972,6
GJ7972,7
GJ7467,1
GJ7467,2
GJ7467,3
GJ7467,4
GJ7467,5
GJ7467,6
GJ7467,7
GJ5358,1
GJ5358,2
GJ5358,3
GJ5358,4
GJ5358,5
GJ5358,6
GJ5358,7
GJ2889,2
GJ2889,4
GJ2889,7
GJ6664,1
GJ6664,2
GJ6664,3
GJ6664,4
GJ6664,5
GJ6664,6
GJ6664,7
GJ7937,1
GJ7937,2
GJ7937,3
GJ7937,4
GJ7937,5
GJ7937,6
GJ7937,7
GJ4006,1
GJ4006,3
GJ4006,5
GJ4006,7
GJ4156,2
GJ4156,4
GJ4156,7
GJ2343,2
GJ2343,4
GJ2343,7
GJ5222,1
GJ5222,2
GJ5222,4
GJ5222,6
GJ3714,1
GJ3714,2
GJ3714,3
GJ3714,4
GJ3714,5
GJ3714,6
GJ3714,7
GJ2753,1
GJ2753,2
GJ2753,3
GJ2753,4
GJ2753,5
GJ2753,6
GJ2753,7
GJ4019,1
GJ4019,2
GJ4019,3
GJ4019,4
GJ4019,5
GJ4019,6
GJ4019,7
GJ3710,1
GJ3710,3
GJ3710,5
GJ9682,2
GJ9682,4
GJ9682,6
GJ8844,1
GJ8844,2
GJ8844,3
GJ8844,4
GJ8844,5
GJ8844,6
GJ8844,7
GJ9074,1
GJ9074,2
GJ9074,3
GJ9074,4
GJ9074,5
GJ9074,6
GJ9074,7
GJ3084,1
GJ3084,2
GJ3084,4
GJ3084,6
GJ7133,1
GJ7133,2
GJ7133,3
GJ7133,4
GJ7133,5
GJ7133,6
GJ7133,7
GJ3285,1
GJ3285,2
GJ3285,3
GJ3285,4
GJ3285,5
GJ3285,6
GJ3285,7
GJ9423,1
GJ9423,2
GJ9423,3
GJ9423,4
GJ9423,5
GJ9423,6
GJ9423,7
GJ6012,1
GJ6012,3
GJ6012,5
GJ7568,1
GJ7568,2
GJ7568,3
GJ7568,4
GJ7568,5
GJ7568,6
GJ7568,7
GJ8730,2
GJ8730,4
GJ8730,6
GJ3677,2
GJ3677,4
GJ3677,6
GJ3098,1
GJ3098,2
GJ3098,3
GJ3098,4
GJ3098,5
GJ3098,6
GJ3098,7
GJ2281,1
GJ2281,2
GJ2281,3
GJ2281,4
GJ2281,5
GJ2281,6
GJ2281,7
GJ8993,1
GJ8993,3
GJ8993,5
GJ8993,7
GJ5032,1
GJ5032,3
GJ5032,5
GJ1665,1
GJ1665,2
GJ1665,3
GJ1665,4
GJ1665,5
GJ1665,6
GJ1665,7
GJ8803,1
GJ8803,2
GJ8803,3
GJ8803,4
GJ8803,5
GJ8803,6
GJ8803,7
GJ2991,2
GJ2991,4
GJ2991,6
GJ9661,2
GJ9661,4
GJ9661,7
GJ5706,1
GJ5706,3
GJ5706,5
GJ5706,7
GJ6071,2
GJ6071,4
GJ6071,7
GJ8220,1
GJ8220,2
GJ8220,3
GJ8220,4
GJ8220,5
GJ8220,6
GJ8220,7
GJ5255,1
GJ5255,3
GJ5255,5
GJ5255,7
GJ1790,1
GJ1790,2
GJ1790,3
GJ1790,4
GJ1790,5
GJ1790,6
GJ1790,7
GJ7941,1
GJ7941,2
GJ7941,3
GJ7941,4
GJ7941,5
GJ7941,6
GJ7941,7
GJ1764,1
GJ1764,2
GJ1764,3
GJ1764,4
GJ1764,5
GJ1764,6
GJ1764,7
GJ3661,1
GJ3661,2
GJ3661,3
GJ3661,4
GJ3661,5
GJ3661,6
GJ3661,7
GJ7922,2
GJ7922,4
GJ7922,6
GJ3487,1
GJ3487,2
GJ3487,3
GJ3487,4
GJ3487,5
GJ3487,6
GJ3487,7
GJ5491,1
GJ5491,3
GJ5491,5
GJ5491,7
GJ8713,1
GJ8713,3
GJ8713,5
GJ8713,7
GJ3470,1
GJ3470,3
GJ3470,5
GJ3470,7
GJ5151,1
GJ5151,2
GJ5151,3
GJ5151,4
GJ5151,5
GJ5151,6
GJ5151,7
GJ9120,1
GJ9120,3
GJ9120,5
GJ9120,7
GJ3747,1
GJ3747,3
GJ3747,5
GJ3747,7
GJ2455,2
GJ2455,4
GJ2455,6
GJ7005,1
GJ7005,4
GJ7005,6
GJ9070,1
GJ9070,2
GJ9070,4
GJ9070,6
GJ3115,2
GJ3115,4
GJ3115,6
GJ8360,1
GJ8360,3
GJ8360,5
GJ3307,1
GJ3307,2
GJ3307,3
GJ3307,4
GJ3307,5
GJ3307,6
GJ3307,7
GJ4969,2
GJ4969,4
GJ4969,6
GJ9077,1
GJ9077,3
GJ9077,5
GJ9077,7
GJ8666,1
GJ8666,2
GJ8666,3
GJ8666,4
GJ8666,5
GJ8666,6
GJ8666,7
GJ3446,1
GJ3446,2
GJ3446,3
GJ3446,4
GJ3446,5
GJ3446,6
GJ3446,7
GJ7793,1
GJ7793,2
GJ7793,3
GJ7793,4
GJ7793,5
GJ7793,6
GJ7793,7
GJ7299,1
GJ7299,3
GJ7299,5
GJ7299,7
GJ9837,1
GJ9837,3
GJ9837,5
GJ9837,7
GJ1436,1
GJ1436,3
GJ1436,5
GJ2095,2
GJ2095,4
GJ2095,6
GJ8264,1
GJ8264,2
GJ8264,3
GJ8264,4
GJ8264,5
GJ8264,6
GJ8264,7
GJ5201,1
GJ5201,2
GJ5201,3
GJ5201,4
GJ5201,5
GJ5201,6
GJ5201,7
GJ5239,1
GJ5239,2
GJ5239,3
GJ5239,4
GJ5239,5
GJ5239,6
GJ5239,7
GJ8011,2
GJ8011,4
GJ8011,6
GJ6585,1
GJ6585,2
GJ6585,3
GJ6585,4
GJ6585,5
GJ6585,6
GJ6585,7
GJ1797,1
GJ1797,2
GJ1797,3
GJ1797,4
GJ1797,5
GJ1797,6
GJ1797,7
GJ1358,2
GJ1358,4
GJ1358,6
GJ6941,2
GJ6941,4
GJ6941,6
GJ9625,1
GJ9625,3
GJ9625,5
GJ9625,7
GJ1270,1
GJ1270,2
GJ1270,3
GJ1270,4
GJ1270,5
GJ1270,6
GJ1270,7
GJ6068,2
GJ6068,4
GJ6068,6
GJ4922,1
GJ4922,2
GJ4922,4
GJ4922,6
GJ5301,1
GJ5301,2
GJ5301,3
GJ5301,4
GJ5301,5
GJ5301,6
GJ5301,7
GJ8886,1
GJ8886,2
GJ8886,4
GJ8886,6
TV1253,1
TV1253,2
TV1253,3
TV1253,4
TV1253,5
TV1253,6
TV1253,7
TV6122,1
TV6122,2
TV6122,4
TV6122,6
TV7610,1
TV7610,2
TV7610,4
TV7610,6
TV6123,1
TV6123,2
TV6123,3
TV6123,4
TV6123,5
TV6123,6
TV6123,7
TV8998,2
TV8998,4
TV8998,6
TV7236,1
TV7236,2
TV7236,4
TV7236,6
TV7490,1
TV7490,3
TV7490,5
TV7490,7
TV3738,1
TV3738,2
TV3738,3
TV3738,4
TV3738,5
TV3738,6
TV3738,7
TV3623,1
TV3623,2
TV3623,4
TV3623,6
TV8864,1
TV8864,4
TV8864,6
TV1137,1
TV1137,3
TV1137,5
TV1137,7
TV4329,1
TV4329,2
TV4329,3
TV4329,4
TV4329,5
TV4329,6
TV4329,7
TV4734,1
TV4734,2
TV4734,3
TV4734,4
TV4734,5
TV4734,6
TV4734,7
TV9274,1
TV9274,2
TV9274,4
TV9274,6
TV9954,2
TV9954,4
TV9954,7
TV4848,2
TV4848,4
TV4848,6
TV8811,1
TV8811,2
TV8811,3
TV8811,4
TV8811,5
TV8811,6
TV8811,7
TV9569,1
TV9569,2
TV9569,4
TV9569,6
TV6404,1
TV6404,3
TV6404,5
TV6404,7
TV2764,1
TV2764,4
TV2764,6
TV8885,1
TV8885,2
TV8885,3
TV8885,4
TV8885,5
TV8885,6
TV8885,7
TV6915,1
TV6915,2
TV6915,3
TV6915,4
TV6915,5
TV6915,6
TV6915,7
TV1218,1
TV1218,3
TV1218,5
TV1867,1
TV1867,2
TV1867,3
TV1867,4
TV1867,5
TV1867,6
TV1867,7
TV1776,1
TV1776,2
TV1776,3
TV1776,4
TV1776,5
TV1776,6
TV1776,7
TV5099,1
TV5099,3
TV5099,5
TV5099,7
TV2091,1
TV2091,2
TV2091,4
TV2091,6
TV2124,1
TV2124,3
TV2124,5
TV2124,7
TV1516,1
TV1516,2
TV1516,3
TV1516,4
TV1516,5
TV1516,6
TV1516,7
TV4791,2
TV4791,4
TV4791,6
TV2712,1
TV2712,2
TV2712,3
TV2712,4
TV2712,5
TV2712,6
TV2712,7
TV3271,1
TV3271,2
TV3271,3
TV3271,4
TV3271,5
TV3271,6
TV3271,7
TV1034,2
TV1034,4
TV1034,7
TV5332,1
TV5332,2
TV5332,4
TV5332,6
TV4371,1
TV4371,3
TV4371,5
TV4371,7
TV9493,1
TV9493,2
TV9493,3
TV9493,4
TV9493,5
TV9493,6
TV9493,7
TV4186,1
TV4186,2
TV4186,3
TV4186,4
TV4186,5
TV4186,6
TV4186,7
TV6609,1
TV6609,2
TV6609,3
TV6609,4
TV6609,5
TV6609,6
TV6609,7
TV4353,1
TV4353,2
TV4353,3
TV4353,4
TV4353,5
TV4353,6
TV4353,7
TV7174,1
TV7174,3
TV7174,5
TV7174,7
TV8405,1
TV8405,2
TV8405,3
TV8405,4
TV8405,5
TV8405,6
TV8405,7
TV4523,1
TV4523,3
TV4523,5
TV4523,7
TV2563,1
TV2563,3
TV2563,5
TV2563,7
TV9429,1
TV9429,2
TV9429,3
TV9429,4
TV9429,5
TV9429,6
TV9429,7
TV1243,1
TV1243,2
TV1243,3
TV1243,4
TV1243,5
TV1243,6
TV1243,7
TV2198,2
TV2198,4
TV2198,6
TV3014,1
TV3014,3
TV3014,5
TV3014,7
TV1079,1
TV1079,2
TV1079,4
TV1079,6
TV8299,1
TV8299,3
TV8299,5
TV8299,7
TV7331,1
TV7331,3
TV7331,5
TV7331,7
TV7990,1
TV7990,3
TV7990,5
TV7990,7
TV2304,1
TV2304,2
TV2304,3
TV2304,4
TV2304,5
TV2304,6
TV2304,7
TV8846,1
TV8846,2
TV8846,3
TV8846,4
TV8846,5
TV8846,6
TV8846,7
TV3784,2
TV3784,4
TV3784,6
TV6849,2
TV6849,4
TV6849,6
TV4131,1
TV4131,2
TV4131,3
TV4131,4
TV4131,5
TV4131,6
TV4131,7
TV1417,1
TV1417,2
TV1417,3
TV1417,4
TV1417,5
TV1417,6
TV1417,7
TV1160,1
TV1160,2
TV1160,4
TV1160,6
TV2884,2
TV2884,4
TV2884,6
TV9408,1
TV9408,2
TV9408,3
TV9408,4
TV9408,5
TV9408,6
TV9408,7
TV2203,2
TV2203,4
TV2203,7
TV5958,1
TV5958,2
TV5958,4
TV5958,6
TV8744,2
TV8744,4
TV8744,6
TV7726,1
TV7726,2
TV7726,3
TV7726,4
TV7726,5
TV7726,6
TV7726,7
TV7243,1
TV7243,3
TV7243,5
TV7807,1
TV7807,3
TV7807,5
TV7807,7
TV6645,1
TV6645,3
TV6645,5
TV6645,7
TV7746,1
TV7746,2
TV7746,3
TV7746,4
TV7746,5
TV7746,6
TV7746,7
TV1934,1
TV1934,2
TV1934,3
TV1934,4
TV1934,5
TV1934,6
TV1934,7
TV7703,1
TV7703,2
TV7703,3
TV7703,4
TV7703,5
TV7703,6
TV7703,7
TV3641,1
TV3641,3
TV3641,5
TV3641,7
TV3049,1
TV3049,3
TV3049,5
TV3049,7
TV8106,1
TV8106,2
TV8106,3
TV8106,4
TV8106,5
TV8106,6
TV8106,7
TV5367,1
TV5367,2
TV5367,4
TV5367,6
TV8593,1
TV8593,2
TV8593,3
TV8593,4
TV8593,5
TV8593,6
TV8593,7
TV7256,1
TV7256,3
TV7256,5
TV7054,1
TV7054,2
TV7054,3
TV7054,4
TV7054,5
TV7054,6
TV7054,7
TV1233,1
TV1233,3
TV1233,5
TV1233,7
TV8279,1
TV8279,2
TV8279,3
TV8279,4
TV8279,5
TV8279,6
TV8279,7
TV8492,1
TV8492,2
TV8492,3
TV8492,4
TV8492,5
TV8492,6
TV8492,7
TV9245,1
TV9245,2
TV9245,3
TV9245,4
TV9245,5
TV9245,6
TV9245,7
TV9770,1
TV9770,2
TV9770,3
TV9770,4
TV9770,5
TV9770,6
TV9770,7
TV7011,1
TV7011,3
TV7011,5
TV4771,2
TV4771,4
TV4771,6
TV9354,2
TV9354,4
TV9354,6
TV2172,1
TV2172,3
TV2172,5
TV5067,1
TV5067,4
TV5067,6
TV7957,1
TV7957,2
TV7957,3
TV7957,4
TV7957,5
TV7957,6
TV7957,7
TV3373,1
TV3373,2
TV3373,3
TV3373,4
TV3373,5
TV3373,6
TV3373,7
TV8991,1
TV8991,2
TV8991,3
TV8991,4
TV8991,5
TV8991,6
TV8991,7
TV3964,1
TV3964,3
TV3964,5
TV8751,1
TV8751,2
TV8751,3
TV8751,4
TV8751,5
TV8751,6
TV8751,7
TV9780,1
TV9780,2
TV9780,3
TV9780,4
TV9780,5
TV9780,6
TV9780,7
TV3714,1
TV3714,2
TV3714,3
TV3714,4
TV3714,5
TV3714,6
TV3714,7
TV8949,2
TV8949,4
TV8949,6
TV2940,1
TV2940,3
TV2940,5
TV6827,1
TV6827,3
TV6827,5
TV6827,7
TV7577,1
TV7577,3
TV7577,5
TV7577,7
TV2933,1
TV2933,3
TV2933,5
TV2933,7
TV6957,2
TV6957,4
TV6957,7
TV6537,1
TV6537,2
TV6537,3
TV6537,4
TV6537,5
TV6537,6
TV6537,7
TV4375,1
TV4375,3
TV4375,5
TV4375,7
TV7882,1
TV7882,2
TV7882,3
TV7882,4
TV7882,5
TV7882,6
TV7882,7
TV8581,1
TV8581,2
TV8581,3
TV8581,4
TV8581,5
TV8581,6
TV8581,7
TV3542,2
TV3542,4
TV3542,6
TV5321,1
TV5321,3
TV5321,5
TV8911,1
TV8911,2
TV8911,3
TV8911,4
TV8911,5
TV8911,6
TV8911,7
TV6589,1
TV6589,2
TV6589,3
TV6589,4
TV6589,5
TV6589,6
TV6589,7
TV4335,1
TV4335,3
TV4335,5
TV4335,7
TV6091,2
TV6091,4
TV6091,6
TV5056,1
TV5056,4
TV5056,6
TV2305,2
TV2305,4
TV2305,6
TV4649,1
TV4649,2
TV4649,4
TV4649,6
TV3093,1
TV3093,3
TV3093,5
TV3093,7
TV8059,1
TV8059,2
TV8059,3
TV8059,4
TV8059,5
TV8059,6
TV8059,7
TV8976,1
TV8976,2
TV8976,3
TV8976,4
TV8976,5
TV8976,6
TV8976,7
TV9128,1
TV9128,2
TV9128,3
TV9128,4
TV9128,5
TV9128,6
TV9128,7
TV6880,1
TV6880,2
TV6880,4
TV6880,6
TV7977,2
TV7977,4
TV7977,6
TV9822,1
TV9822,2
TV9822,3
TV9822,4
TV9822,5
TV9822,6
TV9822,7
TV5066,1
TV5066,3
TV5066,5
TV6384,1
TV6384,3
TV6384,5
TV6384,7
TV6507,1
TV6507,3
TV6507,5
TV6507,7
TV6597,1
TV6597,3
TV6597,5
TV3279,1
TV3279,3
TV3279,5
TV3279,7
TV8179,1
TV8179,3
TV8179,5
TV8179,7
TV4362,2
TV4362,4
TV4362,6
TV7419,1
TV7419,2
TV7419,4
TV7419,6
TV1262,2
TV1262,4
TV1262,7
TV9513,1
TV9513,3
TV9513,5
TV9513,7
TV4073,2
TV4073,4
TV4073,7
TV8679,1
TV8679,3
TV8679,5
TV8679,7
TV4772,1
TV4772,2
TV4772,3
TV4772,4
TV4772,5
TV4772,6
TV4772,7
TV3045,1
TV3045,2
TV3045,3
TV3045,4
TV3045,5
TV3045,6
TV3045,7
TV3397,1
TV3397,3
TV3397,5
TV3397,7
TV5057,1
TV5057,3
TV5057,5
TV1804,1
TV1804,2
TV1804,3
TV1804,4
TV1804,5
TV1804,6
TV1804,7
TV4911,1
TV4911,2
TV4911,3
TV4911,4
TV4911,5
TV4911,6
TV4911,7
TV2139,1
TV2139,2
TV2139,3
TV2139,4
TV2139,5
TV2139,6
TV2139,7
TV5287,1
TV5287,2
TV5287,3
TV5287,4
TV5287,5
TV5287,6
TV5287,7
TV8362,1
TV8362,3
TV8362,5
TV9261,1
TV9261,2
TV9261,3
TV9261,4
TV9261,5
TV9261,6
TV9261,7
TV7153,1
TV7153,3
TV7153,5
TV7153,7
TV5120,1
TV5120,2
TV5120,3
TV5120,4
TV5120,5
TV5120,6
TV5120,7
TV5974,1
TV5974,2
TV5974,3
TV5974,4
TV5974,5
TV5974,6
TV5974,7
TV7412,1
TV7412,3
TV7412,5
TV7412,7
TV3265,1
TV3265,2
TV3265,3
TV3265,4
TV3265,5
TV3265,6
TV3265,7
TV7085,1
TV7085,3
TV7085,5
TV7085,7
TV6322,2
TV6322,4
TV6322,6
TV5756,1
TV5756,3
TV5756,5
TV5756,7
